language,strategy,threshold,threshold_sd,n_draws,f1,f1_sd,fpr,fnr,precision,recall,predicted_positive_rate,objective_value,is_degenerate,is_source,test_auroc,test_prevalence,dev_prevalence,n_dev,n_test,tau_source,source_language,objective,f1_ci_low,f1_ci_high,f1_target_full,f1_gap_to_full,prevalence_setting,task,encoder,exp_id
am,fixed_half,0.5,0.0,1,0.23382519863791149,0.0,0.07908163265306123,0.8561452513966481,0.6242424242424243,0.14385474860335196,0.11,0.14385474860335196,False,False,0.6126795690343176,0.47733333333333333,0.511,1000,1500,0.7048554380775378,ar,target_fpr,,,0.19138755980861244,-0.042437638829299046,native,toxicity,encoder_minilm,EXP-005-ar
am,source_global,0.7048554380775378,0.0,1,0.024725274725274728,0.0,0.003826530612244898,0.9874301675977654,0.75,0.012569832402234637,0.008,0.012569832402234637,True,False,0.6126795690343176,0.47733333333333333,0.511,1000,1500,0.7048554380775378,ar,target_fpr,0.010957485137813009,0.03973106805091657,0.19138755980861244,0.16666228508333772,native,toxicity,encoder_minilm,EXP-005-ar
am,quantile_match,0.4668932773635559,0.0,1,0.2869287991498406,0.0,0.11479591836734694,0.8114525139664804,0.6,0.18854748603351956,0.15,0.18854748603351956,False,False,0.6126795690343176,0.47733333333333333,0.511,1000,1500,0.7048554380775378,ar,target_fpr,,,0.19138755980861244,-0.09554123934122816,native,toxicity,encoder_minilm,EXP-005-ar
am,sld_em,0.9999996589424108,0.0,1,0.0,0.0,0.0,1.0,0.0,0.0,0.0,0.0,True,False,0.6126795690343176,0.47733333333333333,0.511,1000,1500,0.7048554380775378,ar,target_fpr,,,0.19138755980861244,0.19138755980861244,native,toxicity,encoder_minilm,EXP-005-ar
am,bbse,0.7048554380775378,0.0,1,0.024725274725274728,0.0,0.003826530612244898,0.9874301675977654,0.75,0.012569832402234637,0.008,0.012569832402234637,True,False,0.6126795690343176,0.47733333333333333,0.511,1000,1500,0.7048554380775378,ar,target_fpr,,,0.19138755980861244,0.16666228508333772,native,toxicity,encoder_minilm,EXP-005-ar
am,few_label_8_strat,0.4996120987731597,0.09151237371864847,25,0.2574027789619216,0.1379636434382095,0.11362244897959183,0.8171508379888267,0.6247653746380807,0.18284916201117318,0.14666666666666667,0.18284916201117318,False,False,0.6126795690343176,0.47733333333333333,0.511,1000,1500,0.7048554380775378,ar,target_fpr,,,0.19138755980861244,-0.06601521915330916,native,toxicity,encoder_minilm,EXP-005-ar
am,few_label_8_rand,0.48610138206154924,0.1068667277929906,25,0.2759629424970228,0.15904234482554966,0.14887755102040817,0.7796648044692738,0.6273805924656329,0.22033519553072622,0.18298666666666666,0.22033519553072622,False,False,0.6126795690343176,0.47733333333333333,0.511,1000,1500,0.7048554380775378,ar,target_fpr,,,0.19138755980861244,-0.08457538268841036,native,toxicity,encoder_minilm,EXP-005-ar
am,few_label_16_strat,0.5342184091212955,0.08735876707091422,25,0.20465923306152234,0.11660001396673417,0.07596938775510204,0.866536312849162,0.6492728456803111,0.133463687150838,0.10341333333333333,0.133463687150838,False,False,0.6126795690343176,0.47733333333333333,0.511,1000,1500,0.7048554380775378,ar,target_fpr,,,0.19138755980861244,-0.013271673252909899,native,toxicity,encoder_minilm,EXP-005-ar
am,few_label_16_rand,0.5371981760598235,0.11901681364218226,25,0.21800002176567326,0.15540606646011196,0.09622448979591837,0.8425698324022346,0.6633615403748808,0.15743016759776537,0.12544000000000002,0.15743016759776537,False,False,0.6126795690343176,0.47733333333333333,0.511,1000,1500,0.7048554380775378,ar,target_fpr,,,0.19138755980861244,-0.026612461957060823,native,toxicity,encoder_minilm,EXP-005-ar
am,few_label_32_strat,0.6116085231070347,0.10002955381629998,25,0.11819897769994564,0.08223352476604973,0.03137755102040816,0.9316201117318436,0.7282771108121905,0.06837988826815641,0.04904,0.06837988826815641,False,False,0.6126795690343176,0.47733333333333333,0.511,1000,1500,0.7048554380775378,ar,target_fpr,,,0.19138755980861244,0.0731885821086668,native,toxicity,encoder_minilm,EXP-005-ar
am,few_label_32_rand,0.5468809104976151,0.07893749743601731,25,0.18236333810427172,0.10657942772756343,0.06265306122448978,0.8845810055865921,0.655639332617805,0.11541899441340782,0.08784,0.11541899441340782,False,False,0.6126795690343176,0.47733333333333333,0.511,1000,1500,0.7048554380775378,ar,target_fpr,,,0.19138755980861244,0.009024221704340724,native,toxicity,encoder_minilm,EXP-005-ar
am,few_label_64_strat,0.5497745496105113,0.06944336727530252,25,0.17518959685647484,0.08776141596766725,0.05551020408163266,0.8931284916201118,0.6572080666634654,0.10687150837988824,0.08002666666666666,0.10687150837988824,False,False,0.6126795690343176,0.47733333333333333,0.511,1000,1500,0.7048554380775378,ar,target_fpr,,,0.19138755980861244,0.0161979629521376,native,toxicity,encoder_minilm,EXP-005-ar
am,few_label_64_rand,0.5377796706903143,0.034497233147862835,25,0.18093519531288127,0.0485025557944813,0.05285714285714285,0.893240223463687,0.6559841860149256,0.10675977653631284,0.07858666666666667,0.10675977653631284,False,False,0.6126795690343176,0.47733333333333333,0.511,1000,1500,0.7048554380775378,ar,target_fpr,,,0.19138755980861244,0.01045236449573117,native,toxicity,encoder_minilm,EXP-005-ar
am,few_label_128_strat,0.5392708163439521,0.04495063938079267,25,0.17971296896791789,0.058743133560140944,0.053979591836734696,0.893240223463687,0.6539558263597003,0.10675977653631284,0.07917333333333333,0.10675977653631284,False,False,0.6126795690343176,0.47733333333333333,0.511,1000,1500,0.7048554380775378,ar,target_fpr,,,0.19138755980861244,0.011674590840694554,native,toxicity,encoder_minilm,EXP-005-ar
am,few_label_128_rand,0.5279163628636447,0.033167245794146684,25,0.1951427567427552,0.04859626751750948,0.05801020408163264,0.8833519553072625,0.65540121955803,0.11664804469273742,0.086,0.11664804469273742,False,False,0.6126795690343176,0.47733333333333333,0.511,1000,1500,0.7048554380775378,ar,target_fpr,,,0.19138755980861244,-0.0037551969341427516,native,toxicity,encoder_minilm,EXP-005-ar
am,few_label_256_strat,0.5296203814270742,0.02358029452962716,25,0.18954004899026444,0.03582904823198238,0.05505102040816326,0.8881564245810055,0.6536336750085868,0.11184357541899442,0.08216000000000001,0.11184357541899442,False,False,0.6126795690343176,0.47733333333333333,0.511,1000,1500,0.7048554380775378,ar,target_fpr,,,0.19138755980861244,0.0018475108183479971,native,toxicity,encoder_minilm,EXP-005-ar
am,few_label_256_rand,0.5384135461059152,0.024517929989430958,25,0.177636153614023,0.036407232258559,0.048265306122448975,0.8965921787709498,0.664304787396768,0.10340782122905026,0.07458666666666666,0.10340782122905026,False,False,0.6126795690343176,0.47733333333333333,0.511,1000,1500,0.7048554380775378,ar,target_fpr,,,0.19138755980861244,0.01375140619458945,native,toxicity,encoder_minilm,EXP-005-ar
am,target_full,0.5295182055163884,0.0,1,0.19138755980861244,0.0,0.05102040816326531,0.888268156424581,0.6666666666666666,0.11173184357541899,0.08,0.11173184357541899,False,False,0.6126795690343176,0.47733333333333333,0.511,1000,1500,0.7048554380775378,ar,target_fpr,0.15820284541105264,0.2246213291037528,0.19138755980861244,0.0,native,toxicity,encoder_minilm,EXP-005-ar
am,test_oracle_unachievable,0.5316130534661341,0.0,1,0.18944844124700239,0.0,0.04974489795918367,0.8896648044692738,0.6694915254237288,0.11033519553072625,0.07866666666666666,0.11033519553072625,False,False,0.6126795690343176,0.47733333333333333,0.511,1000,1500,0.7048554380775378,ar,target_fpr,,,0.19138755980861244,0.0019391185616100537,native,toxicity,encoder_minilm,EXP-005-ar
ar,fixed_half,0.5,0.0,1,0.6761904761904762,0.0,0.29545454545454547,0.3390957446808511,0.692200557103064,0.660904255319149,0.4786666666666667,0.660904255319149,False,True,0.7652321083172147,0.5013333333333333,0.503,1000,1500,0.7048554380775378,ar,target_fpr,,,0.3872950819672131,-0.28889539422326316,native,toxicity,encoder_minilm,EXP-005-ar
ar,source_global,0.7048554380775378,0.0,1,0.3872950819672131,0.0,0.04679144385026738,0.7486702127659575,0.84375,0.25132978723404253,0.14933333333333335,0.25132978723404253,False,True,0.7652321083172147,0.5013333333333333,0.503,1000,1500,0.7048554380775378,ar,target_fpr,0.3451533381917694,0.42677470346429014,0.3872950819672131,0.0,native,toxicity,encoder_minilm,EXP-005-ar
ar,quantile_match,0.7040726241564748,0.0,1,0.38894575230296824,0.0,0.04679144385026738,0.7473404255319149,0.8444444444444444,0.2526595744680851,0.15,0.2526595744680851,False,True,0.7652321083172147,0.5013333333333333,0.503,1000,1500,0.7048554380775378,ar,target_fpr,,,0.3872950819672131,-0.0016506703357551666,native,toxicity,encoder_minilm,EXP-005-ar
ar,sld_em,0.7048554380775378,0.0,1,0.3872950819672131,0.0,0.04679144385026738,0.7486702127659575,0.84375,0.25132978723404253,0.14933333333333335,0.25132978723404253,False,True,0.7652321083172147,0.5013333333333333,0.503,1000,1500,0.7048554380775378,ar,target_fpr,,,0.3872950819672131,0.0,native,toxicity,encoder_minilm,EXP-005-ar
ar,bbse,0.7048554380775378,0.0,1,0.3872950819672131,0.0,0.04679144385026738,0.7486702127659575,0.84375,0.25132978723404253,0.14933333333333335,0.25132978723404253,False,True,0.7652321083172147,0.5013333333333333,0.503,1000,1500,0.7048554380775378,ar,target_fpr,,,0.3872950819672131,0.0,native,toxicity,encoder_minilm,EXP-005-ar
ar,few_label_8_strat,0.5938270971312931,0.08746039282537693,25,0.5555993343991472,0.12015490401076678,0.15871657754010696,0.5323936170212766,0.778219719159523,0.4676063829787233,0.31357333333333337,0.4676063829787233,False,True,0.7652321083172147,0.5013333333333333,0.503,1000,1500,0.7048554380775378,ar,target_fpr,,,0.3872950819672131,-0.16830425243193414,native,toxicity,encoder_minilm,EXP-005-ar
ar,few_label_8_rand,0.6245778359073919,0.10826414955021034,25,0.5042255862972009,0.16931111102875449,0.13502673796791445,0.5858510638297872,0.7936680422459824,0.4141489361702127,0.27496,0.4141489361702127,False,True,0.7652321083172147,0.5013333333333333,0.503,1000,1500,0.7048554380775378,ar,target_fpr,,,0.3872950819672131,-0.11693050432998786,native,toxicity,encoder_minilm,EXP-005-ar
ar,few_label_16_strat,0.6401345061807702,0.09639612787614174,25,0.4855738773328597,0.15013649364229292,0.1106951871657754,0.6203191489361702,0.8076593176506887,0.3796808510638298,0.24554666666666666,0.3796808510638298,False,True,0.7652321083172147,0.5013333333333333,0.503,1000,1500,0.7048554380775378,ar,target_fpr,,,0.3872950819672131,-0.09827879536564665,native,toxicity,encoder_minilm,EXP-005-ar
ar,few_label_16_rand,0.6491750161686533,0.09116809084029893,25,0.47265964503223445,0.138657109277468,0.10336898395721926,0.6367553191489361,0.8142485455215335,0.3632446808510638,0.23365333333333335,0.3632446808510638,False,True,0.7652321083172147,0.5013333333333333,0.503,1000,1500,0.7048554380775378,ar,target_fpr,,,0.3872950819672131,-0.08536456306502138,native,toxicity,encoder_minilm,EXP-005-ar
ar,few_label_32_strat,0.7027011611580427,0.07468556667603286,25,0.3932379947519193,0.12726344719667312,0.053903743315508026,0.7302127659574468,0.8526700453790853,0.26978723404255317,0.16213333333333335,0.26978723404255317,False,True,0.7652321083172147,0.5013333333333333,0.503,1000,1500,0.7048554380775378,ar,target_fpr,,,0.3872950819672131,-0.005942912784706211,native,toxicity,encoder_minilm,EXP-005-ar
ar,few_label_32_rand,0.7163050283664654,0.08268555135512001,25,0.36728785221950133,0.1419706708133523,0.051550802139037434,0.7488297872340425,0.8558226549728972,0.25117021276595747,0.15162666666666666,0.25117021276595747,False,True,0.7652321083172147,0.5013333333333333,0.503,1000,1500,0.7048554380775378,ar,target_fpr,,,0.3872950819672131,0.02000722974771174,native,toxicity,encoder_minilm,EXP-005-ar
ar,few_label_64_strat,0.7076829122106227,0.05341401399300788,25,0.390263483069583,0.08741932234800212,0.046470588235294125,0.7405319148936171,0.8595132049251829,0.259468085106383,0.15325333333333332,0.259468085106383,False,True,0.7652321083172147,0.5013333333333333,0.503,1000,1500,0.7048554380775378,ar,target_fpr,,,0.3872950819672131,-0.0029684011023698997,native,toxicity,encoder_minilm,EXP-005-ar
ar,few_label_64_rand,0.6818237870893665,0.06429855979290422,25,0.4302926170128224,0.10357617117044095,0.06481283422459894,0.6983510638297872,0.8410279568006334,0.30164893617021277,0.18354666666666666,0.30164893617021277,False,True,0.7652321083172147,0.5013333333333333,0.503,1000,1500,0.7048554380775378,ar,target_fpr,,,0.3872950819672131,-0.042997535045609325,native,toxicity,encoder_minilm,EXP-005-ar
ar,few_label_128_strat,0.6816708301906584,0.0362390069314573,25,0.43454164235505316,0.060155483907934675,0.05577540106951872,0.7041489361702128,0.8459685809863475,0.29585106382978726,0.17613333333333334,0.29585106382978726,False,True,0.7652321083172147,0.5013333333333333,0.503,1000,1500,0.7048554380775378,ar,target_fpr,,,0.3872950819672131,-0.047246560387840086,native,toxicity,encoder_minilm,EXP-005-ar
ar,few_label_128_rand,0.6798516643585709,0.04105389862138052,25,0.43632203008231796,0.06701911395427483,0.05791443850267379,0.7011170212765958,0.843830684460809,0.29888297872340425,0.17871999999999996,0.29888297872340425,False,True,0.7652321083172147,0.5013333333333333,0.503,1000,1500,0.7048554380775378,ar,target_fpr,,,0.3872950819672131,-0.049026948115104885,native,toxicity,encoder_minilm,EXP-005-ar
ar,few_label_256_strat,0.7001509208174559,0.02356949318826616,25,0.40066055930508937,0.04072071039842715,0.04780748663101605,0.7363829787234042,0.8487102013850361,0.26361702127659575,0.156,0.26361702127659575,False,True,0.7652321083172147,0.5013333333333333,0.503,1000,1500,0.7048554380775378,ar,target_fpr,,,0.3872950819672131,-0.013365477337876297,native,toxicity,encoder_minilm,EXP-005-ar
ar,few_label_256_rand,0.6993883932776075,0.02679789866952344,25,0.4031472937854329,0.046124869997513814,0.04716577540106952,0.7342021276595745,0.851817759405662,0.2657978723404255,0.15677333333333332,0.2657978723404255,False,True,0.7652321083172147,0.5013333333333333,0.503,1000,1500,0.7048554380775378,ar,target_fpr,,,0.3872950819672131,-0.01585221181821983,native,toxicity,encoder_minilm,EXP-005-ar
ar,target_full,0.7048554380775378,0.0,1,0.3872950819672131,0.0,0.04679144385026738,0.7486702127659575,0.84375,0.25132978723404253,0.14933333333333335,0.25132978723404253,False,True,0.7652321083172147,0.5013333333333333,0.503,1000,1500,0.7048554380775378,ar,target_fpr,0.35190460553320746,0.42264463862660256,0.3872950819672131,0.0,native,toxicity,encoder_minilm,EXP-005-ar
ar,test_oracle_unachievable,0.694218837892353,0.0,1,0.40766902119071646,0.0,0.04946524064171123,0.7313829787234043,0.8451882845188284,0.26861702127659576,0.15933333333333333,0.26861702127659576,False,True,0.7652321083172147,0.5013333333333333,0.503,1000,1500,0.7048554380775378,ar,target_fpr,,,0.3872950819672131,-0.02037393922350339,native,toxicity,encoder_minilm,EXP-005-ar
de,fixed_half,0.5,0.0,1,0.6316602316602317,0.0,0.18351063829787234,0.4532085561497326,0.7477148080438757,0.5467914438502673,0.36466666666666664,0.5467914438502673,False,False,0.7699183638639208,0.49866666666666665,0.508,1000,1500,0.7048554380775378,ar,target_fpr,,,0.4389275074478649,-0.19273272421236676,native,toxicity,encoder_minilm,EXP-005-ar
de,source_global,0.7048554380775378,0.0,1,0.3256830601092896,0.0,0.023936170212765957,0.8008021390374331,0.8922155688622755,0.19919786096256684,0.11133333333333334,0.19919786096256684,False,False,0.7699183638639208,0.49866666666666665,0.508,1000,1500,0.7048554380775378,ar,target_fpr,0.2851766716165911,0.36567150003165955,0.4389275074478649,0.1132444473385753,native,toxicity,encoder_minilm,EXP-005-ar
de,quantile_match,0.6606863818771412,0.0,1,0.41784989858012167,0.0,0.0425531914893617,0.7245989304812834,0.865546218487395,0.27540106951871657,0.15866666666666668,0.27540106951871657,False,False,0.7699183638639208,0.49866666666666665,0.508,1000,1500,0.7048554380775378,ar,target_fpr,,,0.4389275074478649,0.021077608867743236,native,toxicity,encoder_minilm,EXP-005-ar
de,sld_em,0.935888267478434,0.0,1,0.0026702269692923898,0.0,0.0,0.9986631016042781,1.0,0.001336898395721925,0.0006666666666666666,0.001336898395721925,True,False,0.7699183638639208,0.49866666666666665,0.508,1000,1500,0.7048554380775378,ar,target_fpr,,,0.4389275074478649,0.43625728047857254,native,toxicity,encoder_minilm,EXP-005-ar
de,bbse,0.8507812726620503,0.0,1,0.07692307692307691,0.0,0.0026595744680851063,0.9598930481283422,0.9375,0.040106951871657755,0.021333333333333333,0.040106951871657755,False,False,0.7699183638639208,0.49866666666666665,0.508,1000,1500,0.7048554380775378,ar,target_fpr,,,0.4389275074478649,0.362004430524788,native,toxicity,encoder_minilm,EXP-005-ar
de,few_label_8_strat,0.5430562891418419,0.11889389906891742,25,0.5487752636901864,0.1549126585627883,0.17361702127659573,0.5220855614973262,0.7726626829906913,0.4779144385026738,0.32536000000000004,0.4779144385026738,False,False,0.7699183638639208,0.49866666666666665,0.508,1000,1500,0.7048554380775378,ar,target_fpr,,,0.4389275074478649,-0.10984775624232146,native,toxicity,encoder_minilm,EXP-005-ar
de,few_label_8_rand,0.5561948368359733,0.1429830394646135,25,0.5210523651051434,0.16870168977340716,0.1726595744680851,0.5448128342245989,0.7829696015944898,0.455187165775401,0.31354666666666664,0.455187165775401,False,False,0.7699183638639208,0.49866666666666665,0.508,1000,1500,0.7048554380775378,ar,target_fpr,,,0.4389275074478649,-0.0821248576572785,native,toxicity,encoder_minilm,EXP-005-ar
de,few_label_16_strat,0.6182398932144688,0.10536005595182653,25,0.456825534086092,0.15405719628071277,0.09542553191489361,0.6508556149732619,0.8251337388778935,0.34914438502673795,0.2219466666666667,0.34914438502673795,False,False,0.7699183638639208,0.49866666666666665,0.508,1000,1500,0.7048554380775378,ar,target_fpr,,,0.4389275074478649,-0.017898026638227094,native,toxicity,encoder_minilm,EXP-005-ar
de,few_label_16_rand,0.6239336193303388,0.12524224394680486,25,0.4325763469041222,0.18114626514766596,0.10335106382978722,0.6597326203208556,0.8243563586937626,0.34026737967914433,0.22149333333333335,0.34026737967914433,False,False,0.7699183638639208,0.49866666666666665,0.508,1000,1500,0.7048554380775378,ar,target_fpr,,,0.4389275074478649,0.006351160543742684,native,toxicity,encoder_minilm,EXP-005-ar
de,few_label_32_strat,0.6577334898771475,0.08373909336191086,25,0.4003893059274427,0.13714215945355332,0.06127659574468085,0.7179144385026737,0.8506646625004173,0.2820855614973262,0.17138666666666666,0.2820855614973262,False,False,0.7699183638639208,0.49866666666666665,0.508,1000,1500,0.7048554380775378,ar,target_fpr,,,0.4389275074478649,0.0385382015204222,native,toxicity,encoder_minilm,EXP-005-ar
de,few_label_32_rand,0.6656685952975403,0.10415020847107354,25,0.3782598307304055,0.17641613580122728,0.06638297872340425,0.7259893048128343,0.846370641067555,0.27401069518716575,0.16992000000000002,0.27401069518716575,False,False,0.7699183638639208,0.49866666666666665,0.508,1000,1500,0.7048554380775378,ar,target_fpr,,,0.4389275074478649,0.06066767671745943,native,toxicity,encoder_minilm,EXP-005-ar
de,few_label_64_strat,0.6517564599823242,0.06676443821865621,25,0.41684517505250623,0.11898604324996157,0.05867021276595745,0.7096256684491977,0.8495076242579261,0.2903743315508021,0.17421333333333336,0.2903743315508021,False,False,0.7699183638639208,0.49866666666666665,0.508,1000,1500,0.7048554380775378,ar,target_fpr,,,0.4389275074478649,0.022082332395358673,native,toxicity,encoder_minilm,EXP-005-ar
de,few_label_64_rand,0.6410344057780045,0.06021915953919416,25,0.43858311795670196,0.10440236437021738,0.06319148936170213,0.6918716577540107,0.8443145404679185,0.30812834224598934,0.18533333333333332,0.30812834224598934,False,False,0.7699183638639208,0.49866666666666665,0.508,1000,1500,0.7048554380775378,ar,target_fpr,,,0.4389275074478649,0.00034438949116294415,native,toxicity,encoder_minilm,EXP-005-ar
de,few_label_128_strat,0.6425618154347806,0.0398439263836525,25,0.44518925880113913,0.0772219176356131,0.05675531914893616,0.6927807486631015,0.8496791410695599,0.3072192513368984,0.18165333333333336,0.3072192513368984,False,False,0.7699183638639208,0.49866666666666665,0.508,1000,1500,0.7048554380775378,ar,target_fpr,,,0.4389275074478649,-0.006261751353274225,native,toxicity,encoder_minilm,EXP-005-ar
de,few_label_128_rand,0.6485073282939261,0.03912717289339308,25,0.4342140900553694,0.07990164972300448,0.052606382978723415,0.7035294117647058,0.8537686480076904,0.2964705882352941,0.17421333333333333,0.2964705882352941,False,False,0.7699183638639208,0.49866666666666665,0.508,1000,1500,0.7048554380775378,ar,target_fpr,,,0.4389275074478649,0.004713417392495534,native,toxicity,encoder_minilm,EXP-005-ar
de,few_label_256_strat,0.6451076586773513,0.03647691836879588,25,0.4404400249214316,0.07045133032602667,0.05473404255319148,0.6981283422459893,0.8520387837529445,0.3018716577540107,0.17797333333333334,0.3018716577540107,False,False,0.7699183638639208,0.49866666666666665,0.508,1000,1500,0.7048554380775378,ar,target_fpr,,,0.4389275074478649,-0.0015125174735666769,native,toxicity,encoder_minilm,EXP-005-ar
de,few_label_256_rand,0.64528236398737,0.035005222075086315,25,0.44100440971988725,0.06641430494767231,0.05553191489361702,0.697807486631016,0.8500191671853345,0.30219251336898395,0.17853333333333335,0.30219251336898395,False,False,0.7699183638639208,0.49866666666666665,0.508,1000,1500,0.7048554380775378,ar,target_fpr,,,0.4389275074478649,-0.0020769022720223407,native,toxicity,encoder_minilm,EXP-005-ar
de,target_full,0.6494200226480036,0.0,1,0.4389275074478649,0.0,0.05053191489361702,0.7045454545454546,0.8532818532818532,0.29545454545454547,0.17266666666666666,0.29545454545454547,False,False,0.7699183638639208,0.49866666666666665,0.508,1000,1500,0.7048554380775378,ar,target_fpr,0.40176882348216664,0.4710656436487638,0.4389275074478649,0.0,native,toxicity,encoder_minilm,EXP-005-ar
de,test_oracle_unachievable,0.6528551672606496,0.0,1,0.42885771543086176,0.0,0.047872340425531915,0.713903743315508,0.856,0.28609625668449196,0.16666666666666666,0.28609625668449196,False,False,0.7699183638639208,0.49866666666666665,0.508,1000,1500,0.7048554380775378,ar,target_fpr,,,0.4389275074478649,0.010069792017003143,native,toxicity,encoder_minilm,EXP-005-ar
en,fixed_half,0.5,0.0,1,0.8477011494252874,0.0,0.08036890645586298,0.203778677462888,0.9062980030721967,0.796221322537112,0.434,0.796221322537112,False,False,0.9405905561511969,0.494,0.478,1000,1500,0.7048554380775378,ar,target_fpr,,,0.8079268292682927,-0.03977432015699467,native,toxicity,encoder_minilm,EXP-005-ar
en,source_global,0.7048554380775378,0.0,1,0.6225895316804407,0.0,0.011857707509881422,0.5425101214574899,0.9741379310344828,0.4574898785425101,0.232,0.4574898785425101,False,False,0.9405905561511969,0.494,0.478,1000,1500,0.7048554380775378,ar,target_fpr,0.5919227415038946,0.6552522401033332,0.8079268292682927,0.185337297587852,native,toxicity,encoder_minilm,EXP-005-ar
en,quantile_match,0.7598192559141745,0.0,1,0.5050301810865191,0.0,0.002635046113306983,0.6612685560053981,0.9920948616600791,0.33873144399460187,0.16866666666666666,0.33873144399460187,False,False,0.9405905561511969,0.494,0.478,1000,1500,0.7048554380775378,ar,target_fpr,,,0.8079268292682927,0.30289664818177364,native,toxicity,encoder_minilm,EXP-005-ar
en,sld_em,0.8652778078908647,0.0,1,0.22514970059880238,0.0,0.0,0.873144399460189,1.0,0.12685560053981107,0.06266666666666666,0.12685560053981107,False,False,0.9405905561511969,0.494,0.478,1000,1500,0.7048554380775378,ar,target_fpr,,,0.8079268292682927,0.5827771286694904,native,toxicity,encoder_minilm,EXP-005-ar
en,bbse,0.40580293213234236,0.0,1,0.8681967213114753,0.0,0.16073781291172595,0.10661268556005399,0.8443877551020408,0.893387314439946,0.5226666666666666,0.893387314439946,False,False,0.9405905561511969,0.494,0.478,1000,1500,0.7048554380775378,ar,target_fpr,,,0.8079268292682927,-0.06026989204318256,native,toxicity,encoder_minilm,EXP-005-ar
en,few_label_8_strat,0.4910544156652415,0.12897101531024013,25,0.8041886032988061,0.1123071151257138,0.11920948616600789,0.2252631578947368,0.8816772272970624,0.7747368421052632,0.44304000000000004,0.7747368421052632,False,False,0.9405905561511969,0.494,0.478,1000,1500,0.7048554380775378,ar,target_fpr,,,0.8079268292682927,0.003738225969486586,native,toxicity,encoder_minilm,EXP-005-ar
en,few_label_8_rand,0.520963610838857,0.16514464152697259,25,0.7583129407095294,0.14236029308830983,0.12516469038208167,0.2828609986504724,0.8862766254923958,0.7171390013495277,0.41759999999999997,0.7171390013495277,False,False,0.9405905561511969,0.494,0.478,1000,1500,0.7048554380775378,ar,target_fpr,,,0.8079268292682927,0.049613888558763364,native,toxicity,encoder_minilm,EXP-005-ar
en,few_label_16_strat,0.5378230116459072,0.12320761751061764,25,0.779738230370754,0.12987344940655046,0.08632411067193675,0.28253711201079623,0.9067468109009805,0.7174628879892038,0.3981066666666667,0.7174628879892038,False,False,0.9405905561511969,0.494,0.478,1000,1500,0.7048554380775378,ar,target_fpr,,,0.8079268292682927,0.028188598897538775,native,toxicity,encoder_minilm,EXP-005-ar
en,few_label_16_rand,0.5712020106177672,0.10731576023001173,25,0.7632530591164399,0.09440508124526918,0.06550724637681159,0.32653171390013497,0.9231490003266458,0.673468286099865,0.36583999999999994,0.673468286099865,False,False,0.9405905561511969,0.494,0.478,1000,1500,0.7048554380775378,ar,target_fpr,,,0.8079268292682927,0.04467377015185281,native,toxicity,encoder_minilm,EXP-005-ar
en,few_label_32_strat,0.5937463684152706,0.10940530921224235,25,0.7349150381665756,0.16103778284186923,0.052173913043478265,0.36064777327935216,0.9337071072044857,0.6393522267206477,0.34224000000000004,0.6393522267206477,False,False,0.9405905561511969,0.494,0.478,1000,1500,0.7048554380775378,ar,target_fpr,,,0.8079268292682927,0.07301179110171718,native,toxicity,encoder_minilm,EXP-005-ar
en,few_label_32_rand,0.631888032165748,0.13750173099601176,25,0.6677893624182919,0.21013462633438443,0.045849802371541515,0.43265856950067483,0.9431779726487894,0.5673414304993252,0.3034666666666667,0.5673414304993252,False,False,0.9405905561511969,0.494,0.478,1000,1500,0.7048554380775378,ar,target_fpr,,,0.8079268292682927,0.14013746685000084,native,toxicity,encoder_minilm,EXP-005-ar
en,few_label_64_strat,0.567680944587588,0.05126616661634738,25,0.793300293190762,0.051069095924559674,0.05312252964426877,0.30261808367071524,0.9297237721259877,0.6973819163292848,0.37138666666666664,0.6973819163292848,False,False,0.9405905561511969,0.494,0.478,1000,1500,0.7048554380775378,ar,target_fpr,,,0.8079268292682927,0.014626536077530727,native,toxicity,encoder_minilm,EXP-005-ar
en,few_label_64_rand,0.5793128390750808,0.09877648276456392,25,0.7569116482003629,0.13229682755078484,0.055862977602108045,0.33565452091767883,0.929623259921782,0.6643454790823212,0.35645333333333334,0.6643454790823212,False,False,0.9405905561511969,0.494,0.478,1000,1500,0.7048554380775378,ar,target_fpr,,,0.8079268292682927,0.05101518106792979,native,toxicity,encoder_minilm,EXP-005-ar
en,few_label_128_strat,0.5687854313576994,0.043874852067689374,25,0.7940205093678644,0.04398285128196383,0.05259552042160738,0.30294197031039133,0.9299191258721409,0.6970580296896087,0.37095999999999996,0.6970580296896087,False,False,0.9405905561511969,0.494,0.478,1000,1500,0.7048554380775378,ar,target_fpr,,,0.8079268292682927,0.013906319900428343,native,toxicity,encoder_minilm,EXP-005-ar
en,few_label_128_rand,0.5522702802185957,0.0398787818219281,25,0.8078933650455755,0.03450164392568079,0.05876152832674572,0.2792982456140351,0.9242922084896802,0.720701754385965,0.3857600000000001,0.720701754385965,False,False,0.9405905561511969,0.494,0.478,1000,1500,0.7048554380775378,ar,target_fpr,,,0.8079268292682927,3.346422271721661e-05,native,toxicity,encoder_minilm,EXP-005-ar
en,few_label_256_strat,0.5523254590018486,0.03372266624610091,25,0.8108259585886408,0.031683695169389584,0.05818181818181818,0.27573549257759783,0.9249346759008374,0.7242645074224022,0.38722666666666666,0.7242645074224022,False,False,0.9405905561511969,0.494,0.478,1000,1500,0.7048554380775378,ar,target_fpr,,,0.8079268292682927,-0.0028991293203480817,native,toxicity,encoder_minilm,EXP-005-ar
en,few_label_256_rand,0.5522936862900045,0.027371963268879022,25,0.8116344033335139,0.026417527930701783,0.05770750988142293,0.2754116059379217,0.9251948807702705,0.7245883940620782,0.38714666666666664,0.7245883940620782,False,False,0.9405905561511969,0.494,0.478,1000,1500,0.7048554380775378,ar,target_fpr,,,0.8079268292682927,-0.003707574065221153,native,toxicity,encoder_minilm,EXP-005-ar
en,target_full,0.5583626790979117,0.0,1,0.8079268292682927,0.0,0.05401844532279315,0.28475033738191635,0.9281961471103327,0.7152496626180836,0.38066666666666665,0.7152496626180836,False,False,0.9405905561511969,0.494,0.478,1000,1500,0.7048554380775378,ar,target_fpr,0.7847687266567446,0.8305721871280785,0.8079268292682927,0.0,native,toxicity,encoder_minilm,EXP-005-ar
en,test_oracle_unachievable,0.5743639213314005,0.0,1,0.7872174590802805,0.0,0.048748353096179184,0.3184885290148448,0.9317343173431735,0.6815114709851552,0.36133333333333334,0.6815114709851552,False,False,0.9405905561511969,0.494,0.478,1000,1500,0.7048554380775378,ar,target_fpr,,,0.8079268292682927,0.02070937018801222,native,toxicity,encoder_minilm,EXP-005-ar
es,fixed_half,0.5,0.0,1,0.5816593886462882,0.0,0.13240857503152584,0.5289957567185289,0.7602739726027398,0.471004243281471,0.292,0.471004243281471,False,False,0.7805337010011576,0.4713333333333333,0.512,1000,1500,0.7048554380775378,ar,target_fpr,,,0.4526748971193416,-0.12898449152694658,native,toxicity,encoder_minilm,EXP-005-ar
es,source_global,0.7048554380775378,0.0,1,0.30011723329425555,0.0,0.02269861286254729,0.8189533239038189,0.8767123287671232,0.18104667609618105,0.09733333333333333,0.18104667609618105,False,False,0.7805337010011576,0.4713333333333333,0.512,1000,1500,0.7048554380775378,ar,target_fpr,0.25826354368523047,0.3403562476639332,0.4526748971193416,0.15255766382508607,native,toxicity,encoder_minilm,EXP-005-ar
es,quantile_match,0.6196313486808664,0.0,1,0.446058091286307,0.0,0.05296343001261034,0.695898161244696,0.8365758754863813,0.3041018387553041,0.17133333333333334,0.3041018387553041,False,False,0.7805337010011576,0.4713333333333333,0.512,1000,1500,0.7048554380775378,ar,target_fpr,,,0.4526748971193416,0.006616805833034589,native,toxicity,encoder_minilm,EXP-005-ar
es,sld_em,0.9972424426349633,0.0,1,0.0,0.0,0.0,1.0,0.0,0.0,0.0,0.0,True,False,0.7805337010011576,0.4713333333333333,0.512,1000,1500,0.7048554380775378,ar,target_fpr,,,0.4526748971193416,0.4526748971193416,native,toxicity,encoder_minilm,EXP-005-ar
es,bbse,0.9065103642579323,0.0,1,0.027894002789400275,0.0,0.0,0.9858557284299858,1.0,0.014144271570014143,0.006666666666666667,0.014144271570014143,True,False,0.7805337010011576,0.4713333333333333,0.512,1000,1500,0.7048554380775378,ar,target_fpr,,,0.4526748971193416,0.4247808943299413,native,toxicity,encoder_minilm,EXP-005-ar
es,few_label_8_strat,0.45890931269863316,0.1570362548850129,25,0.5814460206270975,0.16333667710865465,0.21578814627994955,0.45171145685997166,0.7358021627908288,0.5482885431400283,0.37250666666666665,0.5482885431400283,False,False,0.7805337010011576,0.4713333333333333,0.512,1000,1500,0.7048554380775378,ar,target_fpr,,,0.4526748971193416,-0.12877112350775588,native,toxicity,encoder_minilm,EXP-005-ar
es,few_label_8_rand,0.4631406307529712,0.11081581694815631,25,0.598071980145736,0.09024826405854772,0.19051702395964693,0.4635926449787835,0.7433170340893963,0.5364073550212164,0.3535466666666667,0.5364073550212164,False,False,0.7805337010011576,0.4713333333333333,0.512,1000,1500,0.7048554380775378,ar,target_fpr,,,0.4526748971193416,-0.14539708302639442,native,toxicity,encoder_minilm,EXP-005-ar
es,few_label_16_strat,0.5818769954334554,0.13825863895358748,25,0.46477648008479816,0.16951278657265426,0.10219419924337955,0.632022630834512,0.8065534021935687,0.36797736916548796,0.22746666666666665,0.36797736916548796,False,False,0.7805337010011576,0.4713333333333333,0.512,1000,1500,0.7048554380775378,ar,target_fpr,,,0.4526748971193416,-0.012101582965456548,native,toxicity,encoder_minilm,EXP-005-ar
es,few_label_16_rand,0.5880862803173292,0.13540832354691926,25,0.45822842291175314,0.1630293949137512,0.09820933165195461,0.6416973125884017,0.8084943423909161,0.35830268741159826,0.22080000000000002,0.35830268741159826,False,False,0.7805337010011576,0.4713333333333333,0.512,1000,1500,0.7048554380775378,ar,target_fpr,,,0.4526748971193416,-0.005553525792411529,native,toxicity,encoder_minilm,EXP-005-ar
es,few_label_32_strat,0.6706573330127267,0.13401897752275577,25,0.3563976991614637,0.181489288791424,0.055687263556116015,0.745233380480905,0.8462834995410149,0.25476661951909474,0.14952,0.25476661951909474,False,False,0.7805337010011576,0.4713333333333333,0.512,1000,1500,0.7048554380775378,ar,target_fpr,,,0.4526748971193416,0.09627719795787792,native,toxicity,encoder_minilm,EXP-005-ar
es,few_label_32_rand,0.6510341499692299,0.14752549523292977,25,0.37464198030334744,0.18661046375670007,0.06991172761664566,0.7209052333804808,0.8352455839391358,0.2790947666195191,0.16850666666666667,0.2790947666195191,False,False,0.7805337010011576,0.4713333333333333,0.512,1000,1500,0.7048554380775378,ar,target_fpr,,,0.4526748971193416,0.07803291681599417,native,toxicity,encoder_minilm,EXP-005-ar
es,few_label_64_strat,0.6543097478679835,0.09859542648394347,25,0.38070357582732184,0.13615260187188213,0.05245901639344263,0.7364073550212162,0.8443573243306828,0.2635926449787836,0.15197333333333332,0.2635926449787836,False,False,0.7805337010011576,0.4713333333333333,0.512,1000,1500,0.7048554380775378,ar,target_fpr,,,0.4526748971193416,0.07197132129201977,native,toxicity,encoder_minilm,EXP-005-ar
es,few_label_64_rand,0.6233161918524508,0.08970160514112878,25,0.42646177562800475,0.12365810959179757,0.062446406052963435,0.6971994342291371,0.8318537203364853,0.3028005657708628,0.17573333333333335,0.3028005657708628,False,False,0.7805337010011576,0.4713333333333333,0.512,1000,1500,0.7048554380775378,ar,target_fpr,,,0.4526748971193416,0.026213121491336866,native,toxicity,encoder_minilm,EXP-005-ar
es,few_label_128_strat,0.5991838223188176,0.07335850888076456,25,0.46169221216569,0.09899169037246422,0.07046658259773014,0.666987270155587,0.8217279052364448,0.33301272984441305,0.19421333333333332,0.33301272984441305,False,False,0.7805337010011576,0.4713333333333333,0.512,1000,1500,0.7048554380775378,ar,target_fpr,,,0.4526748971193416,-0.009017315046348395,native,toxicity,encoder_minilm,EXP-005-ar
es,few_label_128_rand,0.591648865603569,0.07124435551156105,25,0.4719995506782948,0.09900375470161786,0.07379571248423708,0.6567468175388969,0.8170041197330753,0.34325318246110326,0.2008,0.34325318246110326,False,False,0.7805337010011576,0.4713333333333333,0.512,1000,1500,0.7048554380775378,ar,target_fpr,,,0.4526748971193416,-0.019324653558953186,native,toxicity,encoder_minilm,EXP-005-ar
es,few_label_256_strat,0.6025886841534538,0.03912453936295123,25,0.4630072205675371,0.05220499074058162,0.06365699873896595,0.6746251768033946,0.8235577999043209,0.3253748231966053,0.1870133333333333,0.3253748231966053,False,False,0.7805337010011576,0.4713333333333333,0.512,1000,1500,0.7048554380775378,ar,target_fpr,,,0.4526748971193416,-0.010332323448195513,native,toxicity,encoder_minilm,EXP-005-ar
es,few_label_256_rand,0.6166592091167545,0.04660071736056665,25,0.44355582603244204,0.06831221235732039,0.057049180327868855,0.6930693069306929,0.8323329040225559,0.30693069306930687,0.17482666666666666,0.30693069306930687,False,False,0.7805337010011576,0.4713333333333333,0.512,1000,1500,0.7048554380775378,ar,target_fpr,,,0.4526748971193416,0.009119071086899577,native,toxicity,encoder_minilm,EXP-005-ar
es,target_full,0.6140966963290009,0.0,1,0.4526748971193416,0.0,0.05674653215636822,0.6888260254596889,0.8301886792452831,0.31117397454031115,0.17666666666666667,0.31117397454031115,False,False,0.7805337010011576,0.4713333333333333,0.512,1000,1500,0.7048554380775378,ar,target_fpr,0.419144385026738,0.4835874919868555,0.4526748971193416,0.0,native,toxicity,encoder_minilm,EXP-005-ar
es,test_oracle_unachievable,0.6326148153990488,0.0,1,0.4261603375527426,0.0,0.04918032786885246,0.7142857142857143,0.8381742738589212,0.2857142857142857,0.16066666666666668,0.2857142857142857,False,False,0.7805337010011576,0.4713333333333333,0.512,1000,1500,0.7048554380775378,ar,target_fpr,,,0.4526748971193416,0.02651455956659904,native,toxicity,encoder_minilm,EXP-005-ar
fr,fixed_half,0.5,0.0,1,0.7818317200297841,0.0,0.1211340206185567,0.27486187845303867,0.8481421647819063,0.7251381215469613,0.4126666666666667,0.7251381215469613,False,False,0.8824044540639061,0.4826666666666667,0.517,1000,1500,0.7048554380775378,ar,target_fpr,,,0.6890611541774334,-0.09277056585235066,native,toxicity,encoder_minilm,EXP-005-ar
fr,source_global,0.7048554380775378,0.0,1,0.5111111111111112,0.0,0.01675257731958763,0.6505524861878453,0.9511278195488722,0.3494475138121547,0.17733333333333334,0.3494475138121547,False,False,0.8824044540639061,0.4826666666666667,0.517,1000,1500,0.7048554380775378,ar,target_fpr,0.47410001157541376,0.5488316029811736,0.6890611541774334,0.17795004306632223,native,toxicity,encoder_minilm,EXP-005-ar
fr,quantile_match,0.7324430724087336,0.0,1,0.4470338983050847,0.0,0.011597938144329897,0.7085635359116023,0.9590909090909091,0.2914364640883978,0.14666666666666667,0.2914364640883978,False,False,0.8824044540639061,0.4826666666666667,0.517,1000,1500,0.7048554380775378,ar,target_fpr,,,0.6890611541774334,0.2420272558723487,native,toxicity,encoder_minilm,EXP-005-ar
fr,sld_em,0.8659308197075859,0.0,1,0.11197916666666666,0.0,0.001288659793814433,0.9406077348066298,0.9772727272727273,0.05939226519337017,0.029333333333333333,0.05939226519337017,False,False,0.8824044540639061,0.4826666666666667,0.517,1000,1500,0.7048554380775378,ar,target_fpr,,,0.6890611541774334,0.5770819875107668,native,toxicity,encoder_minilm,EXP-005-ar
fr,bbse,0.6070115866346164,0.0,1,0.6857142857142858,0.0,0.045103092783505154,0.4530386740331492,0.9187935034802784,0.5469613259668509,0.28733333333333333,0.5469613259668509,False,False,0.8824044540639061,0.4826666666666667,0.517,1000,1500,0.7048554380775378,ar,target_fpr,,,0.6890611541774334,0.0033468684631475787,native,toxicity,encoder_minilm,EXP-005-ar
fr,few_label_8_strat,0.5808566903437264,0.1198949796446736,25,0.6587472659069828,0.14940458023582795,0.08917525773195875,0.43303867403314916,0.8844054447227834,0.5669613259668508,0.31978666666666666,0.5669613259668508,False,False,0.8824044540639061,0.4826666666666667,0.517,1000,1500,0.7048554380775378,ar,target_fpr,,,0.6890611541774334,0.030313888270450562,native,toxicity,encoder_minilm,EXP-005-ar
fr,few_label_8_rand,0.5337789388956881,0.1418145028221406,25,0.6867415620867833,0.1290966464218328,0.14438144329896907,0.3691712707182321,0.8484309610145023,0.6308287292817679,0.37917333333333325,0.6308287292817679,False,False,0.8824044540639061,0.4826666666666667,0.517,1000,1500,0.7048554380775378,ar,target_fpr,,,0.6890611541774334,0.0023195920906501355,native,toxicity,encoder_minilm,EXP-005-ar
fr,few_label_16_strat,0.5872749879327993,0.11203149319027172,25,0.6572264698020639,0.16717345530087427,0.07768041237113402,0.4391712707182321,0.8903928291241955,0.5608287292817679,0.31088,0.5608287292817679,False,False,0.8824044540639061,0.4826666666666667,0.517,1000,1500,0.7048554380775378,ar,target_fpr,,,0.6890611541774334,0.031834684375369515,native,toxicity,encoder_minilm,EXP-005-ar
fr,few_label_16_rand,0.6062634534695246,0.12052288859912473,25,0.6299763237863172,0.1696742228514454,0.07288659793814432,0.47348066298342545,0.8978856058073162,0.5265193370165746,0.29184,0.5265193370165746,False,False,0.8824044540639061,0.4826666666666667,0.517,1000,1500,0.7048554380775378,ar,target_fpr,,,0.6890611541774334,0.05908483039111623,native,toxicity,encoder_minilm,EXP-005-ar
fr,few_label_32_strat,0.6434631418822404,0.07843149831571611,25,0.6048961995325134,0.13873561180502775,0.04190721649484536,0.5304419889502762,0.9223574567978072,0.4695580110497238,0.24831999999999999,0.4695580110497238,False,False,0.8824044540639061,0.4826666666666667,0.517,1000,1500,0.7048554380775378,ar,target_fpr,,,0.6890611541774334,0.08416495464492002,native,toxicity,encoder_minilm,EXP-005-ar
fr,few_label_32_rand,0.6388931845106116,0.11497807450904138,25,0.5859406262389409,0.18920309897106788,0.05443298969072164,0.5293370165745857,0.9130393002403138,0.47066298342541435,0.25533333333333336,0.47066298342541435,False,False,0.8824044540639061,0.4826666666666667,0.517,1000,1500,0.7048554380775378,ar,target_fpr,,,0.6890611541774334,0.10312052793849247,native,toxicity,encoder_minilm,EXP-005-ar
fr,few_label_64_strat,0.5851685648899703,0.06645329772854909,25,0.6894054700185828,0.08005943331939158,0.06737113402061856,0.4267403314917127,0.8968841691281747,0.5732596685082872,0.3115466666666667,0.5732596685082872,False,False,0.8824044540639061,0.4826666666666667,0.517,1000,1500,0.7048554380775378,ar,target_fpr,,,0.6890611541774334,-0.0003443158411493563,native,toxicity,encoder_minilm,EXP-005-ar
fr,few_label_64_rand,0.5844194537774902,0.08235481273422299,25,0.6816995257577766,0.08883790824147092,0.07242268041237113,0.43,0.8948904023425304,0.57,0.3125866666666666,0.57,False,False,0.8824044540639061,0.4826666666666667,0.517,1000,1500,0.7048554380775378,ar,target_fpr,,,0.6890611541774334,0.007361628419656818,native,toxicity,encoder_minilm,EXP-005-ar
fr,few_label_128_strat,0.6108227685545764,0.04560510598093036,25,0.6651679042538035,0.061189717992635985,0.050412371134020625,0.4698342541436464,0.9123068321027401,0.5301657458563536,0.28197333333333335,0.5301657458563536,False,False,0.8824044540639061,0.4826666666666667,0.517,1000,1500,0.7048554380775378,ar,target_fpr,,,0.6890611541774334,0.023893249923629956,native,toxicity,encoder_minilm,EXP-005-ar
fr,few_label_128_rand,0.5949788056250849,0.049504106515416035,25,0.6859550635510989,0.061036807785988204,0.05891752577319588,0.4397237569060773,0.9036460139698573,0.5602762430939228,0.30090666666666666,0.5602762430939228,False,False,0.8824044540639061,0.4826666666666667,0.517,1000,1500,0.7048554380775378,ar,target_fpr,,,0.6890611541774334,0.00310609062633449,native,toxicity,encoder_minilm,EXP-005-ar
fr,few_label_256_strat,0.5944268848160058,0.03309845192806671,25,0.6909231454295839,0.04179136352844347,0.05680412371134021,0.43762430939226526,0.9045607088670294,0.5623756906077347,0.3008266666666667,0.5623756906077347,False,False,0.8824044540639061,0.4826666666666667,0.517,1000,1500,0.7048554380775378,ar,target_fpr,,,0.6890611541774334,-0.0018619912521504745,native,toxicity,encoder_minilm,EXP-005-ar
fr,few_label_256_rand,0.6158854402627595,0.04112932940849274,25,0.6605112432411105,0.05276821817414784,0.0470618556701031,0.4782320441988951,0.9158244164830529,0.5217679558011049,0.27618666666666664,0.5217679558011049,False,False,0.8824044540639061,0.4826666666666667,0.517,1000,1500,0.7048554380775378,ar,target_fpr,,,0.6890611541774334,0.028549910936322864,native,toxicity,encoder_minilm,EXP-005-ar
fr,target_full,0.602081707742089,0.0,1,0.6890611541774334,0.0,0.04768041237113402,0.44751381215469616,0.9153318077803204,0.5524861878453039,0.29133333333333333,0.5524861878453039,False,False,0.8824044540639061,0.4826666666666667,0.517,1000,1500,0.7048554380775378,ar,target_fpr,0.6569153351317701,0.7215072811382941,0.6890611541774334,0.0,native,toxicity,encoder_minilm,EXP-005-ar
fr,test_oracle_unachievable,0.6007191648405121,0.0,1,0.6907216494845361,0.0,0.04896907216494845,0.4447513812154696,0.9136363636363637,0.5552486187845304,0.29333333333333333,0.5552486187845304,False,False,0.8824044540639061,0.4826666666666667,0.517,1000,1500,0.7048554380775378,ar,target_fpr,,,0.6890611541774334,-0.0016604953071026607,native,toxicity,encoder_minilm,EXP-005-ar
he,fixed_half,0.5,0.0,1,0.6415094339622641,0.0,0.24594594594594596,0.34334763948497854,0.6270491803278688,0.6566523605150214,0.4046434494195688,0.6566523605150214,False,False,0.7740285349727409,0.3864013266998342,0.43283582089552236,402,603,0.7048554380775378,ar,target_fpr,,,0.37414965986394555,-0.26735977409831857,native,toxicity,encoder_minilm,EXP-005-ar
he,source_global,0.7048554380775378,0.0,1,0.4545454545454546,0.0,0.05945945945945946,0.6781115879828327,0.7731958762886598,0.3218884120171674,0.16086235489220563,0.3218884120171674,False,False,0.7740285349727409,0.3864013266998342,0.43283582089552236,402,603,0.7048554380775378,ar,target_fpr,0.3821921781437126,0.5106533060316334,0.37414965986394555,-0.08039579468150904,native,toxicity,encoder_minilm,EXP-005-ar
he,quantile_match,0.7297778311192271,0.0,1,0.41904761904761906,0.0,0.043243243243243246,0.7167381974248928,0.8048780487804879,0.2832618025751073,0.13598673300165837,0.2832618025751073,False,False,0.7740285349727409,0.3864013266998342,0.43283582089552236,402,603,0.7048554380775378,ar,target_fpr,,,0.37414965986394555,-0.04489795918367351,native,toxicity,encoder_minilm,EXP-005-ar
he,sld_em,0.7761982516430016,0.0,1,0.3586206896551724,0.0,0.013513513513513514,0.776824034334764,0.9122807017543859,0.22317596566523606,0.0945273631840796,0.22317596566523606,False,False,0.7740285349727409,0.3864013266998342,0.43283582089552236,402,603,0.7048554380775378,ar,target_fpr,,,0.37414965986394555,0.01552897020877314,native,toxicity,encoder_minilm,EXP-005-ar
he,bbse,0.6111153292394699,0.0,1,0.5858585858585859,0.0,0.12702702702702703,0.5021459227467812,0.7116564417177914,0.4978540772532189,0.2703150912106136,0.4978540772532189,False,False,0.7740285349727409,0.3864013266998342,0.43283582089552236,402,603,0.7048554380775378,ar,target_fpr,,,0.37414965986394555,-0.2117089259946403,native,toxicity,encoder_minilm,EXP-005-ar
he,few_label_8_strat,0.6875988315395688,0.14226772721210962,25,0.42748482421235634,0.2268617319347032,0.10194594594594594,0.6341630901287554,0.79311993302973,0.3658369098712446,0.20391376451077942,0.3658369098712446,False,False,0.7740285349727409,0.3864013266998342,0.43283582089552236,402,603,0.7048554380775378,ar,target_fpr,,,0.37414965986394555,-0.05333516434841079,native,toxicity,encoder_minilm,EXP-005-ar
he,few_label_8_rand,0.666067301161542,0.15023848146696878,25,0.44918047220413754,0.20982371491435228,0.12432432432432433,0.6041201716738197,0.7244194489631177,0.3958798283261803,0.22925373134328356,0.3958798283261803,False,False,0.7740285349727409,0.3864013266998342,0.43283582089552236,402,603,0.7048554380775378,ar,target_fpr,,,0.37414965986394555,-0.07503081234019199,native,toxicity,encoder_minilm,EXP-005-ar
he,few_label_16_strat,0.7281047309882325,0.1063688147697501,25,0.39037232754684636,0.17783203611753676,0.06000000000000001,0.7054077253218886,0.8346013394181406,0.29459227467811155,0.1506467661691542,0.29459227467811155,False,False,0.7740285349727409,0.3864013266998342,0.43283582089552236,402,603,0.7048554380775378,ar,target_fpr,,,0.37414965986394555,-0.016222667682900815,native,toxicity,encoder_minilm,EXP-005-ar
he,few_label_16_rand,0.7142262526097851,0.12472523271150307,25,0.4041238658830836,0.19584322284885552,0.07459459459459458,0.6793133047210301,0.8251624266703295,0.32068669527897,0.16968490878938638,0.32068669527897,False,False,0.7740285349727409,0.3864013266998342,0.43283582089552236,402,603,0.7048554380775378,ar,target_fpr,,,0.37414965986394555,-0.029974206019138028,native,toxicity,encoder_minilm,EXP-005-ar
he,few_label_32_strat,0.7814855796901711,0.09085392549466666,25,0.3023100986530823,0.16934731680461404,0.028756756756756756,0.7936480686695281,0.9014878393024668,0.2063519313304721,0.09737976782752902,0.2063519313304721,False,False,0.7740285349727409,0.3864013266998342,0.43283582089552236,402,603,0.7048554380775378,ar,target_fpr,,,0.37414965986394555,0.07183956121086327,native,toxicity,encoder_minilm,EXP-005-ar
he,few_label_32_rand,0.7532705015192367,0.08483279332774475,25,0.3607923882617351,0.14628594741690226,0.039135135135135134,0.7479828326180258,0.8675162362854941,0.25201716738197427,0.12139303482587066,0.25201716738197427,False,False,0.7740285349727409,0.3864013266998342,0.43283582089552236,402,603,0.7048554380775378,ar,target_fpr,,,0.37414965986394555,0.013357271602210452,native,toxicity,encoder_minilm,EXP-005-ar
he,few_label_64_strat,0.7782817833757462,0.06199258583316269,25,0.32341499227430587,0.121298263825715,0.021837837837837836,0.7900429184549356,0.9028576961778367,0.20995708154506437,0.09452736318407962,0.20995708154506437,False,False,0.7740285349727409,0.3864013266998342,0.43283582089552236,402,603,0.7048554380775378,ar,target_fpr,,,0.37414965986394555,0.05073466758963968,native,toxicity,encoder_minilm,EXP-005-ar
he,few_label_64_rand,0.7596900972425111,0.05359951499740417,25,0.3626593928060299,0.09521448826882746,0.02745945945945946,0.7610300429184549,0.8838522613518229,0.23896995708154506,0.10918739635157544,0.23896995708154506,False,False,0.7740285349727409,0.3864013266998342,0.43283582089552236,402,603,0.7048554380775378,ar,target_fpr,,,0.37414965986394555,0.01149026705791567,native,toxicity,encoder_minilm,EXP-005-ar
he,few_label_128_strat,0.7575657058564228,0.0474484450724233,25,0.3699464744364693,0.08580403592222248,0.028864864864864864,0.7565665236051502,0.8744693841515301,0.24343347639484977,0.11177446102819236,0.24343347639484977,False,False,0.7740285349727409,0.3864013266998342,0.43283582089552236,402,603,0.7048554380775378,ar,target_fpr,,,0.37414965986394555,0.004203185427476275,native,toxicity,encoder_minilm,EXP-005-ar
he,few_label_128_rand,0.752263818282795,0.04145675508261144,25,0.38244099455310027,0.07367727010460413,0.02962162162162162,0.7478111587982832,0.8675660908309243,0.25218884120171675,0.11562189054726367,0.25218884120171675,False,False,0.7740285349727409,0.3864013266998342,0.43283582089552236,402,603,0.7048554380775378,ar,target_fpr,,,0.37414965986394555,-0.008291334689154717,native,toxicity,encoder_minilm,EXP-005-ar
he,few_label_256_strat,0.7503601979397455,0.028067238223385006,25,0.39501600771907586,0.0396783492781486,0.028216216216216217,0.7411158798283263,0.8658777861228196,0.25888412017167384,0.11734660033167497,0.25888412017167384,False,False,0.7740285349727409,0.3864013266998342,0.43283582089552236,402,603,0.7048554380775378,ar,target_fpr,,,0.37414965986394555,-0.020866347855130307,native,toxicity,encoder_minilm,EXP-005-ar
he,few_label_256_rand,0.7484415775940072,0.027453801302376825,25,0.3932146732281533,0.04210586938520893,0.03048648648648649,0.7416309012875536,0.8554859934035687,0.25836909871244634,0.11854063018242122,0.25836909871244634,False,False,0.7740285349727409,0.3864013266998342,0.43283582089552236,402,603,0.7048554380775378,ar,target_fpr,,,0.37414965986394555,-0.01906501336420774,native,toxicity,encoder_minilm,EXP-005-ar
he,target_full,0.7663665391011801,0.0,1,0.37414965986394555,0.0,0.016216216216216217,0.7639484978540773,0.9016393442622951,0.23605150214592274,0.1011608623548922,0.23605150214592274,False,False,0.7740285349727409,0.3864013266998342,0.43283582089552236,402,603,0.7048554380775378,ar,target_fpr,0.3010010649627263,0.44369047619047614,0.37414965986394555,0.0,native,toxicity,encoder_minilm,EXP-005-ar
he,test_oracle_unachievable,0.7230266727807044,0.0,1,0.4263322884012539,0.0,0.04864864864864865,0.7081545064377682,0.7906976744186046,0.2918454935622318,0.14262023217247097,0.2918454935622318,False,False,0.7740285349727409,0.3864013266998342,0.43283582089552236,402,603,0.7048554380775378,ar,target_fpr,,,0.37414965986394555,-0.05218262853730837,native,toxicity,encoder_minilm,EXP-005-ar
hi,fixed_half,0.5,0.0,1,0.4652087475149106,0.0,0.028037383177570093,0.6884154460719041,0.9176470588235294,0.31158455392809586,0.17,0.31158455392809586,False,False,0.7846307282324058,0.5006666666666667,0.519,1000,1500,0.7048554380775378,ar,target_fpr,,,0.5062082139446037,0.0409994664296931,native,toxicity,encoder_minilm,EXP-005-ar
hi,source_global,0.7048554380775378,0.0,1,0.19687875150060025,0.0,0.0,0.8908122503328895,1.0,0.10918774966711052,0.05466666666666667,0.10918774966711052,False,False,0.7846307282324058,0.5006666666666667,0.519,1000,1500,0.7048554380775378,ar,target_fpr,0.16199079514296907,0.22786777958524823,0.5062082139446037,0.30932946244400344,native,toxicity,encoder_minilm,EXP-005-ar
hi,quantile_match,0.520208958128327,0.0,1,0.4378818737270876,0.0,0.021361815754339118,0.7137150466045273,0.9307359307359307,0.2862849533954727,0.154,0.2862849533954727,False,False,0.7846307282324058,0.5006666666666667,0.519,1000,1500,0.7048554380775378,ar,target_fpr,,,0.5062082139446037,0.0683263402175161,native,toxicity,encoder_minilm,EXP-005-ar
hi,sld_em,0.9999996589424108,0.0,1,0.0,0.0,0.0,1.0,0.0,0.0,0.0,0.0,True,False,0.7846307282324058,0.5006666666666667,0.519,1000,1500,0.7048554380775378,ar,target_fpr,,,0.5062082139446037,0.5062082139446037,native,toxicity,encoder_minilm,EXP-005-ar
hi,bbse,0.9737434137047046,0.0,1,0.0,0.0,0.0,1.0,0.0,0.0,0.0,0.0,True,False,0.7846307282324058,0.5006666666666667,0.519,1000,1500,0.7048554380775378,ar,target_fpr,,,0.5062082139446037,0.5062082139446037,native,toxicity,encoder_minilm,EXP-005-ar
hi,few_label_8_strat,0.41379891548958375,0.13892080802640883,25,0.5429210362125062,0.1531249046444715,0.13036048064085448,0.5487616511318243,0.831836329058664,0.45123834886817576,0.29101333333333335,0.45123834886817576,False,False,0.7846307282324058,0.5006666666666667,0.519,1000,1500,0.7048554380775378,ar,target_fpr,,,0.5062082139446037,-0.03671282226790251,native,toxicity,encoder_minilm,EXP-005-ar
hi,few_label_8_rand,0.37930434111322037,0.11850878023796489,25,0.5836960201199655,0.12874704287084843,0.15268357810413885,0.5000266311584554,0.8094637822883738,0.49997336884154464,0.3265600000000001,0.49997336884154464,False,False,0.7846307282324058,0.5006666666666667,0.519,1000,1500,0.7048554380775378,ar,target_fpr,,,0.5062082139446037,-0.07748780617536177,native,toxicity,encoder_minilm,EXP-005-ar
hi,few_label_16_strat,0.45459134769256837,0.11465808678413278,25,0.5049906790463321,0.13437243007143856,0.07941255006675568,0.6154460719041278,0.871627901816945,0.3845539280958722,0.23218666666666668,0.3845539280958722,False,False,0.7846307282324058,0.5006666666666667,0.519,1000,1500,0.7048554380775378,ar,target_fpr,,,0.5062082139446037,0.0012175348982715883,native,toxicity,encoder_minilm,EXP-005-ar
hi,few_label_16_rand,0.4339408381260931,0.126152523501061,25,0.5230112444095131,0.1395864360180899,0.10510013351134846,0.5840745672436751,0.8523109413012213,0.41592543275632493,0.26072,0.41592543275632493,False,False,0.7846307282324058,0.5006666666666667,0.519,1000,1500,0.7048554380775378,ar,target_fpr,,,0.5062082139446037,-0.016803030464909385,native,toxicity,encoder_minilm,EXP-005-ar
hi,few_label_32_strat,0.5305852044801298,0.1413454456508743,25,0.4194417515604257,0.16145601665055387,0.041548731642189585,0.7057256990679095,0.9139415602683174,0.2942743009320905,0.16808,0.2942743009320905,False,False,0.7846307282324058,0.5006666666666667,0.519,1000,1500,0.7048554380775378,ar,target_fpr,,,0.5062082139446037,0.08676646238417801,native,toxicity,encoder_minilm,EXP-005-ar
hi,few_label_32_rand,0.5296224821846188,0.13578979860725188,25,0.4186441909454289,0.15895864239036672,0.04379172229639519,0.7046604527296938,0.9145215986404763,0.29533954727030626,0.16973333333333332,0.29533954727030626,False,False,0.7846307282324058,0.5006666666666667,0.519,1000,1500,0.7048554380775378,ar,target_fpr,,,0.5062082139446037,0.08756402299917482,native,toxicity,encoder_minilm,EXP-005-ar
hi,few_label_64_strat,0.4804123969899515,0.06582997702992205,25,0.47979743133313435,0.08032799338139357,0.04256341789052069,0.6654061251664447,0.899844695073536,0.3345938748335553,0.18877333333333332,0.3345938748335553,False,False,0.7846307282324058,0.5006666666666667,0.519,1000,1500,0.7048554380775378,ar,target_fpr,,,0.5062082139446037,0.02641078261146934,native,toxicity,encoder_minilm,EXP-005-ar
hi,few_label_64_rand,0.4577713788979708,0.06985910702718437,25,0.5055650562261144,0.08060974670622484,0.0557543391188251,0.6363781624500665,0.882601117107948,0.36362183754993344,0.20989333333333335,0.36362183754993344,False,False,0.7846307282324058,0.5006666666666667,0.519,1000,1500,0.7048554380775378,ar,target_fpr,,,0.5062082139446037,0.0006431577184893289,native,toxicity,encoder_minilm,EXP-005-ar
hi,few_label_128_strat,0.46402245514756224,0.03854094962744285,25,0.5037044690686031,0.0418353772415695,0.044806408544726305,0.646444740346205,0.8929916659451692,0.353555259653795,0.1993866666666667,0.353555259653795,False,False,0.7846307282324058,0.5006666666666667,0.519,1000,1500,0.7048554380775378,ar,target_fpr,,,0.5062082139446037,0.00250374487600058,native,toxicity,encoder_minilm,EXP-005-ar
hi,few_label_128_rand,0.4721309314208691,0.04269025956144699,25,0.4941072045656145,0.050327263682436445,0.04181575433911883,0.6558189081225032,0.8976301484034899,0.34418109187749674,0.1932,0.34418109187749674,False,False,0.7846307282324058,0.5006666666666667,0.519,1000,1500,0.7048554380775378,ar,target_fpr,,,0.5062082139446037,0.01210100937898917,native,toxicity,encoder_minilm,EXP-005-ar
hi,few_label_256_strat,0.46908797857177553,0.025392832068783695,25,0.49899020662070614,0.029822633615193068,0.04128170894526034,0.6530492676431424,0.8960715990056507,0.3469507323568575,0.19432,0.3469507323568575,False,False,0.7846307282324058,0.5006666666666667,0.519,1000,1500,0.7048554380775378,ar,target_fpr,,,0.5062082139446037,0.007218007323897546,native,toxicity,encoder_minilm,EXP-005-ar
hi,few_label_256_rand,0.4847417493409477,0.03411186864875479,25,0.4809955766881342,0.0426918609999609,0.03460614152202937,0.6709454061251664,0.9082119042354949,0.32905459387483355,0.18202666666666667,0.32905459387483355,False,False,0.7846307282324058,0.5006666666666667,0.519,1000,1500,0.7048554380775378,ar,target_fpr,,,0.5062082139446037,0.025212637256469494,native,toxicity,encoder_minilm,EXP-005-ar
hi,target_full,0.46629111540375806,0.0,1,0.5062082139446037,0.0,0.04138851802403204,0.6471371504660453,0.8952702702702703,0.35286284953395475,0.19733333333333333,0.35286284953395475,False,False,0.7846307282324058,0.5006666666666667,0.519,1000,1500,0.7048554380775378,ar,target_fpr,0.472220407039442,0.5457962457970401,0.5062082139446037,0.0,native,toxicity,encoder_minilm,EXP-005-ar
hi,test_oracle_unachievable,0.45266242184542393,0.0,1,0.5146088595664466,0.0,0.049399198931909215,0.6364846870838882,0.8806451612903226,0.36351531291611183,0.20666666666666667,0.36351531291611183,False,False,0.7846307282324058,0.5006666666666667,0.519,1000,1500,0.7048554380775378,ar,target_fpr,,,0.5062082139446037,-0.00840064562184295,native,toxicity,encoder_minilm,EXP-005-ar
hin,fixed_half,0.5,0.0,1,0.30376940133037694,0.0,0.14756671899529042,0.7958271236959762,0.5930735930735931,0.20417287630402384,0.17660550458715596,0.20417287630402384,False,False,0.5971604507904273,0.5129969418960245,0.4868270332187858,873,1308,0.7048554380775378,ar,target_fpr,,,0.09366391184573003,-0.2101054894846469,native,toxicity,encoder_minilm,EXP-005-ar
hin,source_global,0.7048554380775378,0.0,1,0.06789250353606789,0.0,0.018838304552590265,0.9642324888226528,0.6666666666666666,0.03576751117734724,0.027522935779816515,0.03576751117734724,False,False,0.5971604507904273,0.5129969418960245,0.4868270332187858,873,1308,0.7048554380775378,ar,target_fpr,0.04365454375942908,0.09466179643784516,0.09366391184573003,0.02577140830966214,native,toxicity,encoder_minilm,EXP-005-ar
hin,quantile_match,0.5201202365728396,0.0,1,0.28013777267508616,0.0,0.12244897959183673,0.8181818181818182,0.61,0.18181818181818182,0.1529051987767584,0.18181818181818182,False,False,0.5971604507904273,0.5129969418960245,0.4868270332187858,873,1308,0.7048554380775378,ar,target_fpr,,,0.09366391184573003,-0.18647386082935613,native,toxicity,encoder_minilm,EXP-005-ar
hin,sld_em,0.9999996589424108,0.0,1,0.0,0.0,0.0,1.0,0.0,0.0,0.0,0.0,True,False,0.5971604507904273,0.5129969418960245,0.4868270332187858,873,1308,0.7048554380775378,ar,target_fpr,,,0.09366391184573003,0.09366391184573003,native,toxicity,encoder_minilm,EXP-005-ar
hin,bbse,0.7048554380775378,0.0,1,0.06789250353606789,0.0,0.018838304552590265,0.9642324888226528,0.6666666666666666,0.03576751117734724,0.027522935779816515,0.03576751117734724,False,False,0.5971604507904273,0.5129969418960245,0.4868270332187858,873,1308,0.7048554380775378,ar,target_fpr,,,0.09366391184573003,0.02577140830966214,native,toxicity,encoder_minilm,EXP-005-ar
hin,few_label_8_strat,0.5086046048808844,0.12884048584004407,25,0.3099060640165806,0.17927985691502926,0.18612244897959188,0.7482563338301044,0.608892160580918,0.2517436661698957,0.21978593272171254,0.2517436661698957,False,False,0.5971604507904273,0.5129969418960245,0.4868270332187858,873,1308,0.7048554380775378,ar,target_fpr,,,0.09366391184573003,-0.21624215217085058,native,toxicity,encoder_minilm,EXP-005-ar
hin,few_label_8_rand,0.513352305477922,0.13847718795332625,25,0.3007022922453715,0.18031689178944182,0.1878806907378336,0.7499254843517139,0.6121031560031756,0.25007451564828614,0.21978593272171257,0.25007451564828614,False,False,0.5971604507904273,0.5129969418960245,0.4868270332187858,873,1308,0.7048554380775378,ar,target_fpr,,,0.09366391184573003,-0.20703838039964145,native,toxicity,encoder_minilm,EXP-005-ar
hin,few_label_16_strat,0.6366782926376614,0.10781329703699054,25,0.14575757163717148,0.1219468745746607,0.06317111459968602,0.9056333830104322,0.6474052532029941,0.09436661698956782,0.07917431192660551,0.09436661698956782,False,False,0.5971604507904273,0.5129969418960245,0.4868270332187858,873,1308,0.7048554380775378,ar,target_fpr,,,0.09366391184573003,-0.052093659791441455,native,toxicity,encoder_minilm,EXP-005-ar
hin,few_label_16_rand,0.6275953859550293,0.11256502271276245,25,0.15916008703613424,0.1196604699568981,0.06869701726844583,0.8981222056631891,0.6325664775007688,0.10187779433681074,0.08571865443425075,0.10187779433681074,False,False,0.5971604507904273,0.5129969418960245,0.4868270332187858,873,1308,0.7048554380775378,ar,target_fpr,,,0.09366391184573003,-0.06549617519040421,native,toxicity,encoder_minilm,EXP-005-ar
hin,few_label_32_strat,0.6880937177493044,0.10500437147389301,25,0.10317568804938816,0.1116172685045511,0.04113029827315542,0.9350819672131148,0.666918956166244,0.06491803278688525,0.05333333333333332,0.06491803278688525,False,False,0.5971604507904273,0.5129969418960245,0.4868270332187858,873,1308,0.7048554380775378,ar,target_fpr,,,0.09366391184573003,-0.009511776203658132,native,toxicity,encoder_minilm,EXP-005-ar
hin,few_label_32_rand,0.6682992792945851,0.11862793651278858,25,0.1255441843952575,0.12251506464790107,0.05356357927786498,0.9188673621460507,0.6665970820612364,0.08113263785394934,0.06770642201834862,0.08113263785394934,False,False,0.5971604507904273,0.5129969418960245,0.4868270332187858,873,1308,0.7048554380775378,ar,target_fpr,,,0.09366391184573003,-0.031880272549527466,native,toxicity,encoder_minilm,EXP-005-ar
hin,few_label_64_strat,0.6629674773156082,0.07537096692989595,25,0.109989803680098,0.0788686971826144,0.041193092621664054,0.9355588673621462,0.6490086405862658,0.06444113263785395,0.05311926605504587,0.06444113263785395,False,False,0.5971604507904273,0.5129969418960245,0.4868270332187858,873,1308,0.7048554380775378,ar,target_fpr,,,0.09366391184573003,-0.016325891834367973,native,toxicity,encoder_minilm,EXP-005-ar
hin,few_label_64_rand,0.6829539431916443,0.08210384278103917,25,0.09671422808088077,0.07757486638622343,0.03384615384615384,0.9439046199701938,0.661407025145191,0.056095380029806255,0.045259938837920496,0.056095380029806255,False,False,0.5971604507904273,0.5129969418960245,0.4868270332187858,873,1308,0.7048554380775378,ar,target_fpr,,,0.09366391184573003,-0.0030503162351507435,native,toxicity,encoder_minilm,EXP-005-ar
hin,few_label_128_strat,0.6501504538970252,0.05393959297084807,25,0.11088799584365006,0.04061979922912918,0.03924646781789639,0.9381818181818181,0.6398777790260475,0.061818181818181814,0.0508256880733945,0.061818181818181814,False,False,0.5971604507904273,0.5129969418960245,0.4868270332187858,873,1308,0.7048554380775378,ar,target_fpr,,,0.09366391184573003,-0.017224083997920026,native,toxicity,encoder_minilm,EXP-005-ar
hin,few_label_128_rand,0.6560870567572522,0.049601526684248796,25,0.10753662684878026,0.0463655818590837,0.037488226059654635,0.9398509687034278,0.6426990593952284,0.06014903129657227,0.0491131498470948,0.06014903129657227,False,False,0.5971604507904273,0.5129969418960245,0.4868270332187858,873,1308,0.7048554380775378,ar,target_fpr,,,0.09366391184573003,-0.013872715003050234,native,toxicity,encoder_minilm,EXP-005-ar
hin,few_label_256_strat,0.651513299081947,0.028260064652851163,25,0.10588542250960539,0.019637995441671028,0.03635792778649922,0.9419374068554397,0.6336291437405037,0.05806259314456036,0.04749235474006116,0.05806259314456036,False,False,0.5971604507904273,0.5129969418960245,0.4868270332187858,873,1308,0.7048554380775378,ar,target_fpr,,,0.09366391184573003,-0.012221510663875362,native,toxicity,encoder_minilm,EXP-005-ar
hin,few_label_256_rand,0.6579453122297179,0.035638153050839456,25,0.10223357763702304,0.02649136122099253,0.03434850863422292,0.9439642324888226,0.6423422552134395,0.056035767511177344,0.04547400611620794,0.056035767511177344,False,False,0.5971604507904273,0.5129969418960245,0.4868270332187858,873,1308,0.7048554380775378,ar,target_fpr,,,0.09366391184573003,-0.008569665791293007,native,toxicity,encoder_minilm,EXP-005-ar
hin,target_full,0.6612989837925323,0.0,1,0.09366391184573003,0.0,0.03296703296703297,0.9493293591654247,0.6181818181818182,0.05067064083457526,0.04204892966360856,0.05067064083457526,False,False,0.5971604507904273,0.5129969418960245,0.4868270332187858,873,1308,0.7048554380775378,ar,target_fpr,0.0631469130704109,0.12416968194407216,0.09366391184573003,0.0,native,toxicity,encoder_minilm,EXP-005-ar
hin,test_oracle_unachievable,0.6207381196623597,0.0,1,0.128,0.0,0.04866562009419152,0.9284649776453056,0.6075949367088608,0.07153502235469449,0.06039755351681957,0.07153502235469449,False,False,0.5971604507904273,0.5129969418960245,0.4868270332187858,873,1308,0.7048554380775378,ar,target_fpr,,,0.09366391184573003,-0.03433608815426997,native,toxicity,encoder_minilm,EXP-005-ar
it,fixed_half,0.5,0.0,1,0.614343707713126,0.0,0.3802083333333333,0.3797814207650273,0.6085790884718498,0.6202185792349727,0.49733333333333335,0.6202185792349727,False,False,0.6725722905282332,0.488,0.497,1000,1500,0.7048554380775378,ar,target_fpr,,,0.30601092896174864,-0.3083327787513773,native,toxicity,encoder_minilm,EXP-005-ar
it,source_global,0.7048554380775378,0.0,1,0.39235412474849096,0.0,0.08723958333333333,0.7336065573770492,0.7442748091603053,0.26639344262295084,0.17466666666666666,0.26639344262295084,False,False,0.6725722905282332,0.488,0.497,1000,1500,0.7048554380775378,ar,target_fpr,0.35200799699201446,0.4287137435619409,0.30601092896174864,-0.08634319578674232,native,toxicity,encoder_minilm,EXP-005-ar
it,quantile_match,0.734665752597293,0.0,1,0.3329775880469583,0.0,0.06380208333333333,0.7868852459016393,0.7609756097560976,0.21311475409836064,0.13666666666666666,0.21311475409836064,False,False,0.6725722905282332,0.488,0.497,1000,1500,0.7048554380775378,ar,target_fpr,,,0.30601092896174864,-0.026966659085209677,native,toxicity,encoder_minilm,EXP-005-ar
it,sld_em,0.6496881048397027,0.0,1,0.4594348222424795,0.0,0.14713541666666666,0.6557377049180327,0.6904109589041096,0.3442622950819672,0.24333333333333335,0.3442622950819672,False,False,0.6725722905282332,0.488,0.497,1000,1500,0.7048554380775378,ar,target_fpr,,,0.30601092896174864,-0.15342389328073086,native,toxicity,encoder_minilm,EXP-005-ar
it,bbse,0.5252698536608953,0.0,1,0.5900709219858156,0.0,0.3411458333333333,0.43169398907103823,0.6135693215339233,0.5683060109289617,0.452,0.5683060109289617,False,False,0.6725722905282332,0.488,0.497,1000,1500,0.7048554380775378,ar,target_fpr,,,0.30601092896174864,-0.2840599930240669,native,toxicity,encoder_minilm,EXP-005-ar
it,few_label_8_strat,0.7046847235861287,0.08191836804240009,25,0.3720351889781726,0.11485208102129597,0.10625,0.7311475409836065,0.7463035831619248,0.2688524590163935,0.18560000000000001,0.2688524590163935,False,False,0.6725722905282332,0.488,0.497,1000,1500,0.7048554380775378,ar,target_fpr,,,0.30601092896174864,-0.06602426001642397,native,toxicity,encoder_minilm,EXP-005-ar
it,few_label_8_rand,0.6930100333544935,0.11144595130199367,25,0.3804745647608813,0.12585647680842996,0.12916666666666665,0.7078142076502733,0.7435529140245625,0.2921857923497268,0.20872,0.2921857923497268,False,False,0.6725722905282332,0.488,0.497,1000,1500,0.7048554380775378,ar,target_fpr,,,0.30601092896174864,-0.07446363579913268,native,toxicity,encoder_minilm,EXP-005-ar
it,few_label_16_strat,0.7358034942034329,0.07643815319993527,25,0.32553957982159715,0.12484959691664978,0.07671875,0.7774863387978143,0.7767067061543798,0.22251366120218577,0.14786666666666665,0.22251366120218577,False,False,0.6725722905282332,0.488,0.497,1000,1500,0.7048554380775378,ar,target_fpr,,,0.30601092896174864,-0.019528650859848506,native,toxicity,encoder_minilm,EXP-005-ar
it,few_label_16_rand,0.7354836221763776,0.07650251527639437,25,0.32923439473420624,0.1056593334501238,0.07703125,0.7745901639344263,0.7789711019629364,0.2254098360655738,0.14944000000000002,0.2254098360655738,False,False,0.6725722905282332,0.488,0.497,1000,1500,0.7048554380775378,ar,target_fpr,,,0.30601092896174864,-0.023223465772457597,native,toxicity,encoder_minilm,EXP-005-ar
it,few_label_32_strat,0.7759046636390555,0.06035494669106214,25,0.26102525252657965,0.10107283380635057,0.044895833333333336,0.8356830601092896,0.8126164675250804,0.1643169398907104,0.10317333333333333,0.1643169398907104,False,False,0.6725722905282332,0.488,0.497,1000,1500,0.7048554380775378,ar,target_fpr,,,0.30601092896174864,0.044985676435168986,native,toxicity,encoder_minilm,EXP-005-ar
it,few_label_32_rand,0.7617841614827832,0.07813985479273587,25,0.28385442169723685,0.12751902672557197,0.05984375,0.8118032786885245,0.7959941979789279,0.18819672131147538,0.12248,0.18819672131147538,False,False,0.6725722905282332,0.488,0.497,1000,1500,0.7048554380775378,ar,target_fpr,,,0.30601092896174864,0.022156507264511793,native,toxicity,encoder_minilm,EXP-005-ar
it,few_label_64_strat,0.7338652154158303,0.05635469223524079,25,0.3338542824558433,0.09084804065332301,0.07244791666666667,0.7778142076502733,0.7656306645232799,0.22218579234972677,0.14551999999999998,0.22218579234972677,False,False,0.6725722905282332,0.488,0.497,1000,1500,0.7048554380775378,ar,target_fpr,,,0.30601092896174864,-0.02784335349409467,native,toxicity,encoder_minilm,EXP-005-ar
it,few_label_64_rand,0.7409008959586174,0.05110351003413407,25,0.3263542197259277,0.08248538632019432,0.06473958333333334,0.786120218579235,0.7797169944648581,0.21387978142076505,0.13752,0.21387978142076505,False,False,0.6725722905282332,0.488,0.497,1000,1500,0.7048554380775378,ar,target_fpr,,,0.30601092896174864,-0.020343290764179067,native,toxicity,encoder_minilm,EXP-005-ar
it,few_label_128_strat,0.726096568927108,0.03721915507545895,25,0.3513607743233145,0.061322865035269195,0.07442708333333334,0.767049180327869,0.7568652973155975,0.2329508196721311,0.15178666666666665,0.2329508196721311,False,False,0.6725722905282332,0.488,0.497,1000,1500,0.7048554380775378,ar,target_fpr,,,0.30601092896174864,-0.04534984536156583,native,toxicity,encoder_minilm,EXP-005-ar
it,few_label_128_rand,0.7444833717991304,0.030733258956262294,25,0.3233680013029316,0.05362317703311477,0.06015625,0.7928961748633881,0.772606595171314,0.20710382513661205,0.1318666666666667,0.20710382513661205,False,False,0.6725722905282332,0.488,0.497,1000,1500,0.7048554380775378,ar,target_fpr,,,0.30601092896174864,-0.017357072341182944,native,toxicity,encoder_minilm,EXP-005-ar
it,few_label_256_strat,0.7499119122305211,0.02030734797969935,25,0.3109355608170489,0.033688744276085765,0.05546875,0.8043715846994536,0.7734357078107809,0.19562841530054645,0.12386666666666667,0.19562841530054645,False,False,0.6725722905282332,0.488,0.497,1000,1500,0.7048554380775378,ar,target_fpr,,,0.30601092896174864,-0.004924631855300232,native,toxicity,encoder_minilm,EXP-005-ar
it,few_label_256_rand,0.7447767534332563,0.029818580459065002,25,0.32240209449295276,0.0485655344058721,0.05947916666666666,0.7939344262295083,0.7735185516228356,0.2060655737704918,0.13101333333333331,0.2060655737704918,False,False,0.6725722905282332,0.488,0.497,1000,1500,0.7048554380775378,ar,target_fpr,,,0.30601092896174864,-0.01639116553120412,native,toxicity,encoder_minilm,EXP-005-ar
it,target_full,0.7486970718216932,0.0,1,0.30601092896174864,0.0,0.055989583333333336,0.8087431693989071,0.7650273224043715,0.1912568306010929,0.122,0.1912568306010929,False,False,0.6725722905282332,0.488,0.497,1000,1500,0.7048554380775378,ar,target_fpr,0.26680281770223035,0.3409552881985238,0.30601092896174864,0.0,native,toxicity,encoder_minilm,EXP-005-ar
it,test_oracle_unachievable,0.7644318865928996,0.0,1,0.29457364341085274,0.0,0.049479166666666664,0.8183060109289617,0.7777777777777778,0.18169398907103826,0.114,0.18169398907103826,False,False,0.6725722905282332,0.488,0.497,1000,1500,0.7048554380775378,ar,target_fpr,,,0.30601092896174864,0.011437285550895904,native,toxicity,encoder_minilm,EXP-005-ar
ja,fixed_half,0.5,0.0,1,0.3333333333333333,0.0,0.1392904073587385,0.7713125845737483,0.6145454545454545,0.22868741542625168,0.18333333333333332,0.22868741542625168,False,False,0.5850245119394571,0.49266666666666664,0.508,1000,1500,0.7048554380775378,ar,target_fpr,,,0.1549636803874092,-0.1783696529459241,native,toxicity,encoder_minilm,EXP-005-ar
ja,source_global,0.7048554380775378,0.0,1,0.09632446134347274,0.0,0.01576872536136662,0.9485791610284168,0.76,0.05142083897158322,0.03333333333333333,0.05142083897158322,False,False,0.5850245119394571,0.49266666666666664,0.508,1000,1500,0.7048554380775378,ar,target_fpr,0.06712995378798488,0.12296919296919298,0.1549636803874092,0.05863921904393647,native,toxicity,encoder_minilm,EXP-005-ar
ja,quantile_match,0.5220371368447174,0.0,1,0.29918032786885246,0.0,0.11957950065703023,0.8024357239512855,0.6160337552742616,0.1975642760487145,0.158,0.1975642760487145,False,False,0.5850245119394571,0.49266666666666664,0.508,1000,1500,0.7048554380775378,ar,target_fpr,,,0.1549636803874092,-0.14421664748144325,native,toxicity,encoder_minilm,EXP-005-ar
ja,sld_em,0.9999996589424108,0.0,1,0.0,0.0,0.0,1.0,0.0,0.0,0.0,0.0,True,False,0.5850245119394571,0.49266666666666664,0.508,1000,1500,0.7048554380775378,ar,target_fpr,,,0.1549636803874092,0.1549636803874092,native,toxicity,encoder_minilm,EXP-005-ar
ja,bbse,0.7048554380775378,0.0,1,0.09632446134347274,0.0,0.01576872536136662,0.9485791610284168,0.76,0.05142083897158322,0.03333333333333333,0.05142083897158322,False,False,0.5850245119394571,0.49266666666666664,0.508,1000,1500,0.7048554380775378,ar,target_fpr,,,0.1549636803874092,0.05863921904393647,native,toxicity,encoder_minilm,EXP-005-ar
ja,few_label_8_strat,0.5485119595905286,0.13785240657543588,25,0.284679758696438,0.15967927559056075,0.14128777923784497,0.7846820027063599,0.6420053202988527,0.21531799729364004,0.17776,0.21531799729364004,False,False,0.5850245119394571,0.49266666666666664,0.508,1000,1500,0.7048554380775378,ar,target_fpr,,,0.1549636803874092,-0.12971607830902881,native,toxicity,encoder_minilm,EXP-005-ar
ja,few_label_8_rand,0.4731557824654943,0.13190718014308914,25,0.36714514479793636,0.15697382875186844,0.22833114323258868,0.6862246278755073,0.6112202836243629,0.3137753721244926,0.27042666666666665,0.3137753721244926,False,False,0.5850245119394571,0.49266666666666664,0.508,1000,1500,0.7048554380775378,ar,target_fpr,,,0.1549636803874092,-0.21218146441052715,native,toxicity,encoder_minilm,EXP-005-ar
ja,few_label_16_strat,0.6224421062565595,0.10151421133629455,25,0.19147066852793138,0.11773954012079457,0.06649145860709593,0.8758863328822732,0.6912545693431303,0.12411366711772664,0.09488000000000002,0.12411366711772664,False,False,0.5850245119394571,0.49266666666666664,0.508,1000,1500,0.7048554380775378,ar,target_fpr,,,0.1549636803874092,-0.03650698814052217,native,toxicity,encoder_minilm,EXP-005-ar
ja,few_label_16_rand,0.552345485323918,0.11210066387137003,25,0.27635892770539505,0.13666197044335343,0.12168199737187912,0.802165087956698,0.6477541246453862,0.19783491204330178,0.1592,0.19783491204330178,False,False,0.5850245119394571,0.49266666666666664,0.508,1000,1500,0.7048554380775378,ar,target_fpr,,,0.1549636803874092,-0.12139524731798584,native,toxicity,encoder_minilm,EXP-005-ar
ja,few_label_32_strat,0.6488743394659718,0.08596942398366698,25,0.1581649210298424,0.09064074839660484,0.046570302233902766,0.9051150202976995,0.6853677452818756,0.09488497970230039,0.07037333333333334,0.09488497970230039,False,False,0.5850245119394571,0.49266666666666664,0.508,1000,1500,0.7048554380775378,ar,target_fpr,,,0.1549636803874092,-0.003201240642433184,native,toxicity,encoder_minilm,EXP-005-ar
ja,few_label_32_rand,0.6453619436965995,0.1012960344683163,25,0.1676438390445144,0.11014061418696713,0.05350854139290407,0.8952097428958052,0.692316575941758,0.10479025710419487,0.07877333333333332,0.10479025710419487,False,False,0.5850245119394571,0.49266666666666664,0.508,1000,1500,0.7048554380775378,ar,target_fpr,,,0.1549636803874092,-0.0126801586571052,native,toxicity,encoder_minilm,EXP-005-ar
ja,few_label_64_strat,0.6880984590036522,0.0778170872921467,25,0.11728965998070091,0.07927179747959992,0.02959264126149803,0.9324492557510148,0.7073192140420974,0.06755074424898512,0.048293333333333334,0.06755074424898512,False,False,0.5850245119394571,0.49266666666666664,0.508,1000,1500,0.7048554380775378,ar,target_fpr,,,0.1549636803874092,0.037674020406708295,native,toxicity,encoder_minilm,EXP-005-ar
ja,few_label_64_rand,0.6336795464802945,0.0947223376555549,25,0.1789275171710993,0.10830813697429863,0.0573981603153745,0.8878484438430312,0.6958814152995797,0.11215155615696887,0.08437333333333333,0.11215155615696887,False,False,0.5850245119394571,0.49266666666666664,0.508,1000,1500,0.7048554380775378,ar,target_fpr,,,0.1549636803874092,-0.0239638367836901,native,toxicity,encoder_minilm,EXP-005-ar
ja,few_label_128_strat,0.6184768902326094,0.06189815417925098,25,0.1879079046016599,0.06998396739023109,0.05272010512483574,0.8875778078484439,0.6942369439595864,0.11242219215155615,0.08213333333333334,0.11242219215155615,False,False,0.5850245119394571,0.49266666666666664,0.508,1000,1500,0.7048554380775378,ar,target_fpr,,,0.1549636803874092,-0.032944224214250695,native,toxicity,encoder_minilm,EXP-005-ar
ja,few_label_128_rand,0.6636011714104789,0.046235243439830556,25,0.1371482762988645,0.04708577415693206,0.030591327201051247,0.9228687415426251,0.7201292777357117,0.07713125845737484,0.05352000000000001,0.07713125845737484,False,False,0.5850245119394571,0.49266666666666664,0.508,1000,1500,0.7048554380775378,ar,target_fpr,,,0.1549636803874092,0.017815404088544706,native,toxicity,encoder_minilm,EXP-005-ar
ja,few_label_256_strat,0.639732517397457,0.03276744392969416,25,0.16152138622325268,0.03542707253093965,0.037529566360052564,0.9079837618403246,0.7136761815748364,0.09201623815967526,0.06437333333333334,0.09201623815967526,False,False,0.5850245119394571,0.49266666666666664,0.508,1000,1500,0.7048554380775378,ar,target_fpr,,,0.1549636803874092,-0.006557705835843475,native,toxicity,encoder_minilm,EXP-005-ar
ja,few_label_256_rand,0.6469939725575321,0.035129959115024874,25,0.15357381002335097,0.03747521324532539,0.035216819973718796,0.9129634641407307,0.7161695735904027,0.08703653585926929,0.060746666666666664,0.08703653585926929,False,False,0.5850245119394571,0.49266666666666664,0.508,1000,1500,0.7048554380775378,ar,target_fpr,,,0.1549636803874092,0.0013898703640582433,native,toxicity,encoder_minilm,EXP-005-ar
ja,target_full,0.6469646853157266,0.0,1,0.1549636803874092,0.0,0.030223390275952694,0.9133964817320703,0.735632183908046,0.08660351826792964,0.058,0.08660351826792964,False,False,0.5850245119394571,0.49266666666666664,0.508,1000,1500,0.7048554380775378,ar,target_fpr,0.1251430722891566,0.1853888171812202,0.1549636803874092,0.0,native,toxicity,encoder_minilm,EXP-005-ar
ja,test_oracle_unachievable,0.6135208758854205,0.0,1,0.1888111888111888,0.0,0.04993429697766097,0.8903924221921515,0.680672268907563,0.10960757780784844,0.07933333333333334,0.10960757780784844,False,False,0.5850245119394571,0.49266666666666664,0.508,1000,1500,0.7048554380775378,ar,target_fpr,,,0.1549636803874092,-0.03384750842377959,native,toxicity,encoder_minilm,EXP-005-ar
ru,fixed_half,0.5,0.0,1,0.7707736389684813,0.0,0.15637319316688567,0.2719891745602165,0.8188736681887366,0.7280108254397835,0.438,0.7280108254397835,False,False,0.866227223989516,0.49266666666666664,0.508,1000,1500,0.7048554380775378,ar,target_fpr,,,0.5671077504725898,-0.2036658884958915,native,toxicity,encoder_minilm,EXP-005-ar
ru,source_global,0.7048554380775378,0.0,1,0.5113974231912786,0.0,0.01576872536136662,0.6508795669824087,0.9555555555555556,0.3491204330175913,0.18,0.3491204330175913,False,False,0.866227223989516,0.49266666666666664,0.508,1000,1500,0.7048554380775378,ar,target_fpr,0.47410793933987505,0.5472747985203981,0.5671077504725898,0.0557103272813112,native,toxicity,encoder_minilm,EXP-005-ar
ru,quantile_match,0.7403146656241351,0.0,1,0.4341412012644889,0.0,0.005256241787122208,0.7212449255751014,0.9809523809523809,0.2787550744248985,0.14,0.2787550744248985,False,False,0.866227223989516,0.49266666666666664,0.508,1000,1500,0.7048554380775378,ar,target_fpr,,,0.5671077504725898,0.13296654920810086,native,toxicity,encoder_minilm,EXP-005-ar
ru,sld_em,0.8326974027897414,0.0,1,0.214975845410628,0.0,0.0,0.8795669824086604,1.0,0.12043301759133965,0.059333333333333335,0.12043301759133965,False,False,0.866227223989516,0.49266666666666664,0.508,1000,1500,0.7048554380775378,ar,target_fpr,,,0.5671077504725898,0.3521319050619618,native,toxicity,encoder_minilm,EXP-005-ar
ru,bbse,0.5042373925712378,0.0,1,0.7655571635311144,0.0,0.1498028909329829,0.28416779431664413,0.8227060653188181,0.7158322056833559,0.42866666666666664,0.7158322056833559,False,False,0.866227223989516,0.49266666666666664,0.508,1000,1500,0.7048554380775378,ar,target_fpr,,,0.5671077504725898,-0.1984494130585246,native,toxicity,encoder_minilm,EXP-005-ar
ru,few_label_8_strat,0.6043453060863972,0.1485061615505503,25,0.6009118298638362,0.20134328679401467,0.10580814717477004,0.48064952638700953,0.8796324910667299,0.5193504736129905,0.3095466666666667,0.5193504736129905,False,False,0.866227223989516,0.49266666666666664,0.508,1000,1500,0.7048554380775378,ar,target_fpr,,,0.5671077504725898,-0.03380407939124641,native,toxicity,encoder_minilm,EXP-005-ar
ru,few_label_8_rand,0.5665542290508343,0.1514259204160716,25,0.6415020138041182,0.14193277818902406,0.1401839684625493,0.42619756427604877,0.8573715842530001,0.5738024357239513,0.3538133333333333,0.5738024357239513,False,False,0.866227223989516,0.49266666666666664,0.508,1000,1500,0.7048554380775378,ar,target_fpr,,,0.5671077504725898,-0.07439426333152843,native,toxicity,encoder_minilm,EXP-005-ar
ru,few_label_16_strat,0.6692309027705143,0.11942491501951298,25,0.5277896619401274,0.19383404092825224,0.05350854139290408,0.5877131258457375,0.9231211932053488,0.4122868741542625,0.2302666666666667,0.4122868741542625,False,False,0.866227223989516,0.49266666666666664,0.508,1000,1500,0.7048554380775378,ar,target_fpr,,,0.5671077504725898,0.039318088532462325,native,toxicity,encoder_minilm,EXP-005-ar
ru,few_label_16_rand,0.6716261285791225,0.09828425857279707,25,0.5405493556095771,0.15588078970064692,0.043469119579500656,0.5903112313937754,0.9305484804323088,0.4096887686062246,0.22389333333333333,0.4096887686062246,False,False,0.866227223989516,0.49266666666666664,0.508,1000,1500,0.7048554380775378,ar,target_fpr,,,0.5671077504725898,0.026558394863012702,native,toxicity,encoder_minilm,EXP-005-ar
ru,few_label_32_strat,0.7086675555772731,0.10432355141579301,25,0.46918608236825343,0.20170463664893282,0.03064388961892247,0.6555345060893099,0.9466222557566089,0.34446549391069015,0.18525333333333335,0.34446549391069015,False,False,0.866227223989516,0.49266666666666664,0.508,1000,1500,0.7048554380775378,ar,target_fpr,,,0.5671077504725898,0.09792166810433633,native,toxicity,encoder_minilm,EXP-005-ar
ru,few_label_32_rand,0.6825528928613861,0.11081056356237672,25,0.5134656340877933,0.20476748111054774,0.042733245729303544,0.6076860622462787,0.9298944338958139,0.39231393775372125,0.21496,0.39231393775372125,False,False,0.866227223989516,0.49266666666666664,0.508,1000,1500,0.7048554380775378,ar,target_fpr,,,0.5671077504725898,0.053642116384796434,native,toxicity,encoder_minilm,EXP-005-ar
ru,few_label_64_strat,0.6634331695783512,0.07079160112486818,25,0.5699072655115812,0.11903554756328895,0.03915900131406044,0.57234100135318,0.928735763443043,0.42765899864682,0.23056000000000001,0.42765899864682,False,False,0.866227223989516,0.49266666666666664,0.508,1000,1500,0.7048554380775378,ar,target_fpr,,,0.5671077504725898,-0.0027995150389914514,native,toxicity,encoder_minilm,EXP-005-ar
ru,few_label_64_rand,0.691039483721418,0.0898926324712155,25,0.5099184062097806,0.16736702658414185,0.033272010512483574,0.6243031123139378,0.9402994874241531,0.37569688768606224,0.20197333333333334,0.37569688768606224,False,False,0.866227223989516,0.49266666666666664,0.508,1000,1500,0.7048554380775378,ar,target_fpr,,,0.5671077504725898,0.057189344262809194,native,toxicity,encoder_minilm,EXP-005-ar
ru,few_label_128_strat,0.6365845452992178,0.03852217450930871,25,0.6209741379037402,0.05647157388959562,0.04783180026281208,0.5236806495263869,0.9111720553286609,0.476319350473613,0.2589333333333333,0.476319350473613,False,False,0.866227223989516,0.49266666666666664,0.508,1000,1500,0.7048554380775378,ar,target_fpr,,,0.5671077504725898,-0.053866387431150464,native,toxicity,encoder_minilm,EXP-005-ar
ru,few_label_128_rand,0.6866022040900347,0.06283220087811055,25,0.532786548311972,0.13136077876806507,0.027122207621550595,0.6151556156968877,0.9417114180318156,0.3848443843031123,0.20336,0.3848443843031123,False,False,0.866227223989516,0.49266666666666664,0.508,1000,1500,0.7048554380775378,ar,target_fpr,,,0.5671077504725898,0.034321202160617736,native,toxicity,encoder_minilm,EXP-005-ar
ru,few_label_256_strat,0.6725068113731574,0.02331361425541783,25,0.568750737314043,0.03643731149170702,0.027595269382391593,0.5899864682002707,0.9374290158233152,0.4100135317997294,0.21600000000000005,0.4100135317997294,False,False,0.866227223989516,0.49266666666666664,0.508,1000,1500,0.7048554380775378,ar,target_fpr,,,0.5671077504725898,-0.0016429868414532534,native,toxicity,encoder_minilm,EXP-005-ar
ru,few_label_256_rand,0.6636939557326192,0.03930940324886196,25,0.580215583534046,0.05962445958831307,0.03290407358738502,0.5736400541271989,0.9322395899917842,0.426359945872801,0.22674666666666662,0.426359945872801,False,False,0.866227223989516,0.49266666666666664,0.508,1000,1500,0.7048554380775378,ar,target_fpr,,,0.5671077504725898,-0.013107833061456242,native,toxicity,encoder_minilm,EXP-005-ar
ru,target_full,0.6745691214885501,0.0,1,0.5671077504725898,0.0,0.024967148488830485,0.5940460081190798,0.9404388714733543,0.4059539918809202,0.21266666666666667,0.4059539918809202,False,False,0.866227223989516,0.49266666666666664,0.508,1000,1500,0.7048554380775378,ar,target_fpr,0.5329915416605722,0.5996601073345259,0.5671077504725898,0.0,native,toxicity,encoder_minilm,EXP-005-ar
ru,test_oracle_unachievable,0.6271108244618844,0.0,1,0.6404199475065616,0.0,0.04993429697766097,0.5047361299052774,0.905940594059406,0.4952638700947226,0.2693333333333333,0.4952638700947226,False,False,0.866227223989516,0.49266666666666664,0.508,1000,1500,0.7048554380775378,ar,target_fpr,,,0.5671077504725898,-0.07331219703397185,native,toxicity,encoder_minilm,EXP-005-ar
tt,fixed_half,0.5,0.0,1,0.5435453983940703,0.0,0.5737051792828686,0.4109772423025435,0.5045871559633027,0.5890227576974565,0.5813333333333334,0.5890227576974565,False,False,0.5253524056384902,0.498,0.454,1000,1500,0.7048554380775378,ar,target_fpr,,,0.11876484560570069,-0.4247805527883697,native,toxicity,encoder_minilm,EXP-005-ar
tt,source_global,0.7048554380775378,0.0,1,0.2857142857142857,0.0,0.1952191235059761,0.8005354752342704,0.5033783783783784,0.1994645247657296,0.19733333333333333,0.1994645247657296,False,False,0.5253524056384902,0.498,0.454,1000,1500,0.7048554380775378,ar,target_fpr,0.25434944926624975,0.32029874453593576,0.11876484560570069,-0.166949440108585,native,toxicity,encoder_minilm,EXP-005-ar
tt,quantile_match,0.728341829996242,0.0,1,0.2522889114954222,0.0,0.14873837981407703,0.8340026773761714,0.5254237288135594,0.16599732262382866,0.15733333333333333,0.16599732262382866,False,False,0.5253524056384902,0.498,0.454,1000,1500,0.7048554380775378,ar,target_fpr,,,0.11876484560570069,-0.13352406588972152,native,toxicity,encoder_minilm,EXP-005-ar
tt,sld_em,0.40904905425752597,0.0,1,0.6180257510729613,0.0,0.7184594953519257,0.2289156626506024,0.5156669650850493,0.7710843373493976,0.7446666666666667,0.7710843373493976,False,False,0.5253524056384902,0.498,0.454,1000,1500,0.7048554380775378,ar,target_fpr,,,0.11876484560570069,-0.49926090546726065,native,toxicity,encoder_minilm,EXP-005-ar
tt,bbse,0.5554731841913942,0.0,1,0.5037748798901853,0.0,0.4555112881806109,0.5087014725568942,0.5169014084507042,0.49129852744310576,0.47333333333333333,0.49129852744310576,False,False,0.5253524056384902,0.498,0.454,1000,1500,0.7048554380775378,ar,target_fpr,,,0.11876484560570069,-0.38501003428448466,native,toxicity,encoder_minilm,EXP-005-ar
tt,few_label_8_strat,0.7208172835595089,0.10466829362726456,25,0.25789421797651696,0.15559764522295183,0.18926958831341303,0.7945381526104417,0.5148633286936914,0.20546184738955828,0.1973333333333333,0.20546184738955828,False,False,0.5253524056384902,0.498,0.454,1000,1500,0.7048554380775378,ar,target_fpr,,,0.11876484560570069,-0.13912937237081627,native,toxicity,encoder_minilm,EXP-005-ar
tt,few_label_8_rand,0.7118677929362527,0.09322723792919177,25,0.27454067839223045,0.140632947780619,0.19750332005312082,0.7851137884872824,0.5201510753485952,0.21488621151271756,0.20615999999999995,0.21488621151271756,False,False,0.5253524056384902,0.498,0.454,1000,1500,0.7048554380775378,ar,target_fpr,,,0.11876484560570069,-0.15577583278652976,native,toxicity,encoder_minilm,EXP-005-ar
tt,few_label_16_strat,0.7811998942004004,0.06539305762754802,25,0.1674210947357955,0.1047405455932938,0.09992031872509959,0.8907095046854084,0.49871515102921665,0.10929049531459169,0.10458666666666667,0.10929049531459169,False,False,0.5253524056384902,0.498,0.454,1000,1500,0.7048554380775378,ar,target_fpr,,,0.11876484560570069,-0.04865624913009481,native,toxicity,encoder_minilm,EXP-005-ar
tt,few_label_16_rand,0.7903906672462412,0.06609626014780577,25,0.15020881920623663,0.10507429306338384,0.09030544488711818,0.9016867469879518,0.5019058660403677,0.09831325301204821,0.09429333333333333,0.09831325301204821,False,False,0.5253524056384902,0.498,0.454,1000,1500,0.7048554380775378,ar,target_fpr,,,0.11876484560570069,-0.03144397360053594,native,toxicity,encoder_minilm,EXP-005-ar
tt,few_label_32_strat,0.8162456164322203,0.05885076390938705,25,0.11121541117536266,0.09229705987399306,0.0642231075697211,0.9309772423025434,0.4854200286569462,0.06902275769745649,0.06661333333333333,0.06902275769745649,False,False,0.5253524056384902,0.498,0.454,1000,1500,0.7048554380775378,ar,target_fpr,,,0.11876484560570069,0.007549434430338037,native,toxicity,encoder_minilm,EXP-005-ar
tt,few_label_32_rand,0.7952653732129197,0.06206679565608118,25,0.14208052786643566,0.09913402694476252,0.08446215139442231,0.9093440428380188,0.49250897146654926,0.09065595716198124,0.08754666666666668,0.09065595716198124,False,False,0.5253524056384902,0.498,0.454,1000,1500,0.7048554380775378,ar,target_fpr,,,0.11876484560570069,-0.023315682260734966,native,toxicity,encoder_minilm,EXP-005-ar
tt,few_label_64_strat,0.8116057627467695,0.039096103728786205,25,0.1113575737798826,0.06454908949425446,0.06045152722443559,0.9345649263721552,0.5061643598918542,0.0654350736278447,0.06293333333333333,0.0654350736278447,False,False,0.5253524056384902,0.498,0.454,1000,1500,0.7048554380775378,ar,target_fpr,,,0.11876484560570069,0.0074072718258180875,native,toxicity,encoder_minilm,EXP-005-ar
tt,few_label_64_rand,0.827984724389967,0.03200586563392375,25,0.08616624231253266,0.04623747117623381,0.046374501992031865,0.9516465863453816,0.48629098814109484,0.04835341365461847,0.047360000000000006,0.04835341365461847,False,False,0.5253524056384902,0.498,0.454,1000,1500,0.7048554380775378,ar,target_fpr,,,0.11876484560570069,0.032598603293168035,native,toxicity,encoder_minilm,EXP-005-ar
tt,few_label_128_strat,0.8075297924689225,0.032126908132251025,25,0.11813907526581785,0.05148216290391299,0.062098273572377155,0.9316733601070949,0.5122694239906913,0.06832663989290495,0.06520000000000001,0.06832663989290495,False,False,0.5253524056384902,0.498,0.454,1000,1500,0.7048554380775378,ar,target_fpr,,,0.11876484560570069,0.0006257703398828418,native,toxicity,encoder_minilm,EXP-005-ar
tt,few_label_128_rand,0.8151863705122776,0.03270655773505334,25,0.10555724997498507,0.04918141296772781,0.05567065073041169,0.9396519410977242,0.5092593084659613,0.06034805890227577,0.057999999999999996,0.06034805890227577,False,False,0.5253524056384902,0.498,0.454,1000,1500,0.7048554380775378,ar,target_fpr,,,0.11876484560570069,0.013207595630715621,native,toxicity,encoder_minilm,EXP-005-ar
tt,few_label_256_strat,0.8078713583355767,0.01975051648013537,25,0.11347666385512194,0.03207128607140898,0.05816733067729084,0.9356894243641232,0.5203582619300068,0.06431057563587685,0.061226666666666665,0.06431057563587685,False,False,0.5253524056384902,0.498,0.454,1000,1500,0.7048554380775378,ar,target_fpr,,,0.11876484560570069,0.005288181750578755,native,toxicity,encoder_minilm,EXP-005-ar
tt,few_label_256_rand,0.8031842298150248,0.010343560046798629,25,0.1203233021217104,0.01824078048285329,0.060398406374501994,0.9318875502008033,0.5272149484194499,0.06811244979919678,0.06423999999999999,0.06811244979919678,False,False,0.5253524056384902,0.498,0.454,1000,1500,0.7048554380775378,ar,target_fpr,,,0.11876484560570069,-0.001558456516009707,native,toxicity,encoder_minilm,EXP-005-ar
tt,target_full,0.8025579345192921,0.0,1,0.11876484560570069,0.0,0.05976095617529881,0.9330655957161981,0.5263157894736842,0.06693440428380187,0.06333333333333334,0.06693440428380187,False,False,0.5253524056384902,0.498,0.454,1000,1500,0.7048554380775378,ar,target_fpr,0.08931872356555443,0.1510779734099892,0.11876484560570069,0.0,native,toxicity,encoder_minilm,EXP-005-ar
tt,test_oracle_unachievable,0.8184812406367739,0.0,1,0.0993939393939394,0.0,0.049136786188579015,0.9451137884872824,0.5256410256410257,0.05488621151271754,0.052,0.05488621151271754,False,False,0.5253524056384902,0.498,0.454,1000,1500,0.7048554380775378,ar,target_fpr,,,0.11876484560570069,0.019370906211761296,native,toxicity,encoder_minilm,EXP-005-ar
uk,fixed_half,0.5,0.0,1,0.5992094861660079,0.0,0.19210526315789472,0.48783783783783785,0.7219047619047619,0.5121621621621621,0.35,0.5121621621621621,False,False,0.7271870554765292,0.49333333333333335,0.494,1000,1500,0.7048554380775378,ar,target_fpr,,,0.32861806311207836,-0.2705914230539295,native,toxicity,encoder_minilm,EXP-005-ar
uk,source_global,0.7048554380775378,0.0,1,0.2866741321388578,0.0,0.03289473684210526,0.827027027027027,0.8366013071895425,0.17297297297297298,0.102,0.17297297297297298,False,False,0.7271870554765292,0.49333333333333335,0.494,1000,1500,0.7048554380775378,ar,target_fpr,0.25256651884700665,0.3235155966283759,0.32861806311207836,0.04194393097322058,native,toxicity,encoder_minilm,EXP-005-ar
uk,quantile_match,0.6425628549191011,0.0,1,0.3860369609856263,0.0,0.060526315789473685,0.745945945945946,0.8034188034188035,0.25405405405405407,0.156,0.25405405405405407,False,False,0.7271870554765292,0.49333333333333335,0.494,1000,1500,0.7048554380775378,ar,target_fpr,,,0.32861806311207836,-0.057418897873547925,native,toxicity,encoder_minilm,EXP-005-ar
uk,sld_em,0.9694524120738534,0.0,1,0.0,0.0,0.0,1.0,0.0,0.0,0.0,0.0,True,False,0.7271870554765292,0.49333333333333335,0.494,1000,1500,0.7048554380775378,ar,target_fpr,,,0.32861806311207836,0.32861806311207836,native,toxicity,encoder_minilm,EXP-005-ar
uk,bbse,0.8969246873809902,0.0,1,0.010752688172043012,0.0,0.0,0.9945945945945946,1.0,0.005405405405405406,0.0026666666666666666,0.005405405405405406,True,False,0.7271870554765292,0.49333333333333335,0.494,1000,1500,0.7048554380775378,ar,target_fpr,,,0.32861806311207836,0.31786537494003536,native,toxicity,encoder_minilm,EXP-005-ar
uk,few_label_8_strat,0.6309889150516306,0.10345583426318153,25,0.39281527437944885,0.15292033377461978,0.08978947368421052,0.711027027027027,0.79850567861419,0.288972972972973,0.1880533333333333,0.288972972972973,False,False,0.7271870554765292,0.49333333333333335,0.494,1000,1500,0.7048554380775378,ar,target_fpr,,,0.32861806311207836,-0.06419721126737049,native,toxicity,encoder_minilm,EXP-005-ar
uk,few_label_8_rand,0.514979693733936,0.17962618473159891,25,0.4992929108906289,0.18643390834808402,0.2508421052631579,0.524054054054054,0.7308275694131514,0.47594594594594597,0.3618933333333334,0.47594594594594597,False,False,0.7271870554765292,0.49333333333333335,0.494,1000,1500,0.7048554380775378,ar,target_fpr,,,0.32861806311207836,-0.17067484777855052,native,toxicity,encoder_minilm,EXP-005-ar
uk,few_label_16_strat,0.6497978959140248,0.1226253243162525,25,0.3592447357172539,0.17563802062885045,0.08784210526315789,0.7311891891891892,0.8094224972160798,0.2688108108108108,0.17711999999999997,0.2688108108108108,False,False,0.7271870554765292,0.49333333333333335,0.494,1000,1500,0.7048554380775378,ar,target_fpr,,,0.32861806311207836,-0.030626672605175542,native,toxicity,encoder_minilm,EXP-005-ar
uk,few_label_16_rand,0.6439112364961244,0.09912600196962872,25,0.37887951862881414,0.15043474985577707,0.07789473684210527,0.7285945945945944,0.8099734590373195,0.2714054054054054,0.17336000000000001,0.2714054054054054,False,False,0.7271870554765292,0.49333333333333335,0.494,1000,1500,0.7048554380775378,ar,target_fpr,,,0.32861806311207836,-0.050261455516735776,native,toxicity,encoder_minilm,EXP-005-ar
uk,few_label_32_strat,0.7025866075603828,0.09878381386211355,25,0.2848946550356579,0.15767287251511125,0.047684210526315794,0.8078918918918919,0.8479723639426153,0.19210810810810808,0.11893333333333335,0.19210810810810808,False,False,0.7271870554765292,0.49333333333333335,0.494,1000,1500,0.7048554380775378,ar,target_fpr,,,0.32861806311207836,0.043723408076420445,native,toxicity,encoder_minilm,EXP-005-ar
uk,few_label_32_rand,0.7007273176951858,0.08657080477845654,25,0.28863340615819716,0.14237549806397592,0.043,0.8114054054054053,0.8475545699528467,0.18859459459459463,0.11482666666666667,0.18859459459459463,False,False,0.7271870554765292,0.49333333333333335,0.494,1000,1500,0.7048554380775378,ar,target_fpr,,,0.32861806311207836,0.039984656953881204,native,toxicity,encoder_minilm,EXP-005-ar
uk,few_label_64_strat,0.6932501204494409,0.05621004453739298,25,0.3019181315420767,0.09464658763283072,0.038526315789473686,0.8100540540540542,0.8438802429517821,0.1899459459459459,0.11322666666666667,0.1899459459459459,False,False,0.7271870554765292,0.49333333333333335,0.494,1000,1500,0.7048554380775378,ar,target_fpr,,,0.32861806311207836,0.026699931570001667,native,toxicity,encoder_minilm,EXP-005-ar
uk,few_label_64_rand,0.6959126766078181,0.06539466426634395,25,0.2987536038460171,0.10608774024338594,0.04068421052631579,0.8094054054054054,0.8426144216318147,0.19059459459459457,0.11463999999999999,0.19059459459459457,False,False,0.7271870554765292,0.49333333333333335,0.494,1000,1500,0.7048554380775378,ar,target_fpr,,,0.32861806311207836,0.02986445926606124,native,toxicity,encoder_minilm,EXP-005-ar
uk,few_label_128_strat,0.6867443191272166,0.044134001177821285,25,0.3152042252643204,0.07318282546248542,0.041105263157894735,0.8016216216216216,0.8348254526273383,0.19837837837837838,0.11869333333333336,0.19837837837837838,False,False,0.7271870554765292,0.49333333333333335,0.494,1000,1500,0.7048554380775378,ar,target_fpr,,,0.32861806311207836,0.013413837847757959,native,toxicity,encoder_minilm,EXP-005-ar
uk,few_label_128_rand,0.662355192816942,0.0437025111609132,25,0.3534350591125888,0.0704217535610832,0.05184210526315789,0.7701081081081081,0.820685855273788,0.2298918918918919,0.13968,0.2298918918918919,False,False,0.7271870554765292,0.49333333333333335,0.494,1000,1500,0.7048554380775378,ar,target_fpr,,,0.32861806311207836,-0.02481699600051046,native,toxicity,encoder_minilm,EXP-005-ar
uk,few_label_256_strat,0.6650135852116545,0.028335499009915138,25,0.3496622232355959,0.044941686447748784,0.04878947368421053,0.775945945945946,0.821881185944039,0.22405405405405407,0.13525333333333334,0.22405405405405407,False,False,0.7271870554765292,0.49333333333333335,0.494,1000,1500,0.7048554380775378,ar,target_fpr,,,0.32861806311207836,-0.021044160123517563,native,toxicity,encoder_minilm,EXP-005-ar
uk,few_label_256_rand,0.6699607061400412,0.02031581740559342,25,0.3415716088144242,0.032681250915803074,0.045052631578947365,0.7837297297297298,0.8263865225492935,0.21627027027027027,0.12952,0.21627027027027027,False,False,0.7271870554765292,0.49333333333333335,0.494,1000,1500,0.7048554380775378,ar,target_fpr,,,0.32861806311207836,-0.012953545702345859,native,toxicity,encoder_minilm,EXP-005-ar
uk,target_full,0.6759541168639751,0.0,1,0.32861806311207836,0.0,0.03684210526315789,0.7959459459459459,0.8435754189944135,0.20405405405405405,0.11933333333333333,0.20405405405405405,False,False,0.7271870554765292,0.49333333333333335,0.494,1000,1500,0.7048554380775378,ar,target_fpr,0.2889804751324804,0.366171998624011,0.32861806311207836,0.0,native,toxicity,encoder_minilm,EXP-005-ar
uk,test_oracle_unachievable,0.6576311403662567,0.0,1,0.36037934668071653,0.0,0.05,0.768918918918919,0.8181818181818182,0.23108108108108108,0.13933333333333334,0.23108108108108108,False,False,0.7271870554765292,0.49333333333333335,0.494,1000,1500,0.7048554380775378,ar,target_fpr,,,0.32861806311207836,-0.031761283568638166,native,toxicity,encoder_minilm,EXP-005-ar
zh,fixed_half,0.5,0.0,1,0.3586459286367795,0.0,0.2002652519893899,0.7372654155495979,0.5648414985590778,0.26273458445040215,0.23133333333333334,0.26273458445040215,False,False,0.5460581989887713,0.49733333333333335,0.495,1000,1500,0.7048554380775378,ar,target_fpr,,,0.15258215962441316,-0.20606376901236637,native,toxicity,encoder_minilm,EXP-005-ar
zh,source_global,0.7048554380775378,0.0,1,0.12048192771084337,0.0,0.04509283819628647,0.9329758713136729,0.5952380952380952,0.06702412868632708,0.056,0.06702412868632708,False,False,0.5460581989887713,0.49733333333333335,0.495,1000,1500,0.7048554380775378,ar,target_fpr,0.08960521179903719,0.1519848515588016,0.15258215962441316,0.03210023191356978,native,toxicity,encoder_minilm,EXP-005-ar
zh,quantile_match,0.5918941543364633,0.0,1,0.22459893048128346,0.0,0.11140583554376658,0.8592493297587132,0.5555555555555556,0.14075067024128687,0.126,0.14075067024128687,False,False,0.5460581989887713,0.49733333333333335,0.495,1000,1500,0.7048554380775378,ar,target_fpr,,,0.15258215962441316,-0.0720167708568703,native,toxicity,encoder_minilm,EXP-005-ar
zh,sld_em,0.9999996589424108,0.0,1,0.0,0.0,0.0,1.0,0.0,0.0,0.0,0.0,True,False,0.5460581989887713,0.49733333333333335,0.495,1000,1500,0.7048554380775378,ar,target_fpr,,,0.15258215962441316,0.15258215962441316,native,toxicity,encoder_minilm,EXP-005-ar
zh,bbse,0.9776946832218674,0.0,1,0.0,0.0,0.0,1.0,0.0,0.0,0.0,0.0,True,False,0.5460581989887713,0.49733333333333335,0.495,1000,1500,0.7048554380775378,ar,target_fpr,,,0.15258215962441316,0.15258215962441316,native,toxicity,encoder_minilm,EXP-005-ar
zh,few_label_8_strat,0.6008391646305248,0.10298517306577266,25,0.2305728729961476,0.11262300093681936,0.12334217506631301,0.8402144772117964,0.5740199585369963,0.15978552278820377,0.14146666666666666,0.15978552278820377,False,False,0.5460581989887713,0.49733333333333335,0.495,1000,1500,0.7048554380775378,ar,target_fpr,,,0.15258215962441316,-0.07799071337173444,native,toxicity,encoder_minilm,EXP-005-ar
zh,few_label_8_rand,0.5780158118054591,0.11442812297805027,25,0.2551366509401208,0.12735194619532897,0.14519893899204245,0.8135120643431635,0.5767163729339808,0.18648793565683647,0.16573333333333334,0.18648793565683647,False,False,0.5460581989887713,0.49733333333333335,0.495,1000,1500,0.7048554380775378,ar,target_fpr,,,0.15258215962441316,-0.10255449131570762,native,toxicity,encoder_minilm,EXP-005-ar
zh,few_label_16_strat,0.6565785935985667,0.10664777087918272,25,0.17370976097062474,0.106009720004091,0.08578249336870027,0.8858445040214478,0.5948741189863361,0.11415549597855229,0.09989333333333333,0.11415549597855229,False,False,0.5460581989887713,0.49733333333333335,0.495,1000,1500,0.7048554380775378,ar,target_fpr,,,0.15258215962441316,-0.021127601346211583,native,toxicity,encoder_minilm,EXP-005-ar
zh,few_label_16_rand,0.641574766293996,0.06917527917905622,25,0.1835299629034453,0.07169003252885699,0.08217506631299734,0.8867560321715817,0.5863431767107623,0.11324396782841824,0.09762666666666667,0.11324396782841824,False,False,0.5460581989887713,0.49733333333333335,0.495,1000,1500,0.7048554380775378,ar,target_fpr,,,0.15258215962441316,-0.030947803279032154,native,toxicity,encoder_minilm,EXP-005-ar
zh,few_label_32_strat,0.7296100728187982,0.05681020225229054,25,0.09942533987522051,0.05097613286038468,0.03687002652519894,0.9442359249329759,0.6094389623744159,0.05576407506702413,0.04626666666666667,0.05576407506702413,False,False,0.5460581989887713,0.49733333333333335,0.495,1000,1500,0.7048554380775378,ar,target_fpr,,,0.15258215962441316,0.053156819749192646,native,toxicity,encoder_minilm,EXP-005-ar
zh,few_label_32_rand,0.6985444673556578,0.06663208932108548,25,0.12872328783735615,0.06219759260883395,0.05098143236074271,0.925201072386059,0.6028399110962721,0.07479892761394101,0.06282666666666667,0.07479892761394101,False,False,0.5460581989887713,0.49733333333333335,0.495,1000,1500,0.7048554380775378,ar,target_fpr,,,0.15258215962441316,0.023858871787057007,native,toxicity,encoder_minilm,EXP-005-ar
zh,few_label_64_strat,0.6869354363966853,0.05921526209206915,25,0.1392216425661649,0.05611433277833539,0.05549071618037136,0.9189276139410186,0.5995993510547235,0.08107238605898123,0.06821333333333333,0.08107238605898123,False,False,0.5460581989887713,0.49733333333333335,0.495,1000,1500,0.7048554380775378,ar,target_fpr,,,0.15258215962441316,0.013360517058248256,native,toxicity,encoder_minilm,EXP-005-ar
zh,few_label_64_rand,0.6788633754133606,0.07675698749123748,25,0.1488737614125687,0.07854475339275295,0.06344827586206897,0.9100804289544235,0.5942290176130782,0.08991957104557641,0.07661333333333334,0.08991957104557641,False,False,0.5460581989887713,0.49733333333333335,0.495,1000,1500,0.7048554380775378,ar,target_fpr,,,0.15258215962441316,0.0037083982118444603,native,toxicity,encoder_minilm,EXP-005-ar
zh,few_label_128_strat,0.6738652226416854,0.04892460729170228,25,0.15169715411081247,0.04882143377767358,0.060371352785145896,0.9112064343163538,0.5987943812188233,0.0887935656836461,0.07450666666666667,0.0887935656836461,False,False,0.5460581989887713,0.49733333333333335,0.495,1000,1500,0.7048554380775378,ar,target_fpr,,,0.15258215962441316,0.000885005513600684,native,toxicity,encoder_minilm,EXP-005-ar
zh,few_label_128_rand,0.6875871107896294,0.03692380064738483,25,0.13851285851900466,0.03278683339561943,0.0526790450928382,0.9209651474530831,0.6007061330047726,0.07903485254691688,0.06578666666666667,0.07903485254691688,False,False,0.5460581989887713,0.49733333333333335,0.495,1000,1500,0.7048554380775378,ar,target_fpr,,,0.15258215962441316,0.014069301105408494,native,toxicity,encoder_minilm,EXP-005-ar
zh,few_label_256_strat,0.6890023655200583,0.026745469007584056,25,0.13737362783256712,0.023276325707110437,0.05055702917771883,0.9221447721179625,0.6055787590459039,0.07785522788203753,0.06413333333333333,0.07785522788203753,False,False,0.5460581989887713,0.49733333333333335,0.495,1000,1500,0.7048554380775378,ar,target_fpr,,,0.15258215962441316,0.01520853179184603,native,toxicity,encoder_minilm,EXP-005-ar
zh,few_label_256_rand,0.6910993155288291,0.025585045697952804,25,0.13550792974940068,0.022438100245863183,0.049602122015915115,0.9233780160857908,0.6062188165608103,0.07662198391420912,0.06304,0.07662198391420912,False,False,0.5460581989887713,0.49733333333333335,0.495,1000,1500,0.7048554380775378,ar,target_fpr,,,0.15258215962441316,0.017074229875012475,native,toxicity,encoder_minilm,EXP-005-ar
zh,target_full,0.6726511010846158,0.0,1,0.15258215962441316,0.0,0.054376657824933686,0.9128686327077749,0.6132075471698113,0.0871313672922252,0.07066666666666667,0.0871313672922252,False,False,0.5460581989887713,0.49733333333333335,0.495,1000,1500,0.7048554380775378,ar,target_fpr,0.12022981337341371,0.18695423651441753,0.15258215962441316,0.0,native,toxicity,encoder_minilm,EXP-005-ar
zh,test_oracle_unachievable,0.6848001659983083,0.0,1,0.14234875444839856,0.0,0.04907161803713528,0.9195710455764075,0.6185567010309279,0.08042895442359249,0.06466666666666666,0.08042895442359249,False,False,0.5460581989887713,0.49733333333333335,0.495,1000,1500,0.7048554380775378,ar,target_fpr,,,0.15258215962441316,0.010233405176014593,native,toxicity,encoder_minilm,EXP-005-ar
