language,strategy,threshold,threshold_sd,n_draws,f1,f1_sd,fpr,fnr,precision,recall,predicted_positive_rate,objective_value,is_degenerate,is_source,test_auroc,test_prevalence,dev_prevalence,n_dev,n_test,tau_source,source_language,objective,f1_ci_low,f1_ci_high,f1_target_full,f1_gap_to_full,prevalence_setting,task,encoder,exp_id
am,fixed_half,0.5,0.0,1,0.21775147928994082,0.0,0.047193877551020405,0.8715083798882681,0.7131782945736435,0.12849162011173185,0.086,0.12849162011173185,False,False,0.6524395023372478,0.47733333333333333,0.511,1000,1500,0.5384663331590496,en,target_fpr,,,0.1971153846153846,-0.02063609467455621,native,toxicity,encoder_e5_small,EXP-004
am,source_global,0.5384663331590496,0.0,1,0.18689320388349515,0.0,0.039540816326530615,0.8924581005586593,0.7129629629629629,0.10754189944134078,0.072,0.10754189944134078,False,False,0.6524395023372478,0.47733333333333333,0.511,1000,1500,0.5384663331590496,en,target_fpr,0.14875461075519314,0.22277991035513156,0.1971153846153846,0.010222180731889463,native,toxicity,encoder_e5_small,EXP-004
am,quantile_match,0.09330429127657613,0.0,1,0.5688073394495413,0.0,0.38010204081632654,0.4371508379888268,0.5748930099857347,0.5628491620111732,0.4673333333333333,0.5628491620111732,False,False,0.6524395023372478,0.47733333333333333,0.511,1000,1500,0.5384663331590496,en,target_fpr,,,0.1971153846153846,-0.37169195483415673,native,toxicity,encoder_e5_small,EXP-004
am,sld_em,0.9999990395590157,0.0,1,0.0,0.0,0.0,1.0,0.0,0.0,0.0,0.0,True,False,0.6524395023372478,0.47733333333333333,0.511,1000,1500,0.5384663331590496,en,target_fpr,,,0.1971153846153846,0.1971153846153846,native,toxicity,encoder_e5_small,EXP-004
am,bbse,0.9669901376406644,0.0,1,0.0,0.0,0.0,1.0,0.0,0.0,0.0,0.0,True,False,0.6524395023372478,0.47733333333333333,0.511,1000,1500,0.5384663331590496,en,target_fpr,,,0.1971153846153846,0.1971153846153846,native,toxicity,encoder_e5_small,EXP-004
am,few_label_8_strat,0.40715225692401724,0.2432281120012774,25,0.29514345887593957,0.1959467120734126,0.1412755102040816,0.758268156424581,0.6324576019964708,0.241731843575419,0.18922666666666668,0.241731843575419,False,False,0.6524395023372478,0.47733333333333333,0.511,1000,1500,0.5384663331590496,en,target_fpr,,,0.1971153846153846,-0.09802807426055496,native,toxicity,encoder_e5_small,EXP-004
am,few_label_8_rand,0.3840540589130519,0.26859877285266653,25,0.323106171747354,0.20621840442265674,0.16683673469387755,0.7222905027932961,0.601880801289219,0.2777094972067039,0.21975999999999998,0.2777094972067039,False,False,0.6524395023372478,0.47733333333333333,0.511,1000,1500,0.5384663331590496,en,target_fpr,,,0.1971153846153846,-0.1259907871319694,native,toxicity,encoder_e5_small,EXP-004
am,few_label_16_strat,0.47094521825263863,0.24906756088035464,25,0.2491795733838957,0.17551868922621455,0.09586734693877551,0.8162569832402236,0.6107788036576918,0.18374301675977653,0.13781333333333334,0.18374301675977653,False,False,0.6524395023372478,0.47733333333333333,0.511,1000,1500,0.5384663331590496,en,target_fpr,,,0.1971153846153846,-0.0520641887685111,native,toxicity,encoder_e5_small,EXP-004
am,few_label_16_rand,0.4686661665047228,0.22812375028607756,25,0.24282155080802403,0.1556836421810413,0.08479591836734693,0.8306145251396647,0.6060370620562054,0.1693854748603352,0.12517333333333333,0.1693854748603352,False,False,0.6524395023372478,0.47733333333333333,0.511,1000,1500,0.5384663331590496,en,target_fpr,,,0.1971153846153846,-0.045706166192639425,native,toxicity,encoder_e5_small,EXP-004
am,few_label_32_strat,0.5312596615926766,0.16890725269144802,25,0.18992609740622296,0.098618567076644,0.05158163265306123,0.8837988826815643,0.6407196559149131,0.11620111731843574,0.08242666666666666,0.11620111731843574,False,False,0.6524395023372478,0.47733333333333333,0.511,1000,1500,0.5384663331590496,en,target_fpr,,,0.1971153846153846,0.007189287209161649,native,toxicity,encoder_e5_small,EXP-004
am,few_label_32_rand,0.4624198402681419,0.15115684020644382,25,0.23146377797508716,0.11396964049435146,0.07132653061224489,0.848826815642458,0.6697440864014748,0.1511731843575419,0.10944,0.1511731843575419,False,False,0.6524395023372478,0.47733333333333333,0.511,1000,1500,0.5384663331590496,en,target_fpr,,,0.1971153846153846,-0.03434839335970255,native,toxicity,encoder_e5_small,EXP-004
am,few_label_64_strat,0.5342530290034275,0.10788746669950285,25,0.17818845143343978,0.07212399387895557,0.0461734693877551,0.8941899441340782,0.6781601560190502,0.10581005586592179,0.07464,0.10581005586592179,False,False,0.6524395023372478,0.47733333333333333,0.511,1000,1500,0.5384663331590496,en,target_fpr,,,0.1971153846153846,0.018926933181944827,native,toxicity,encoder_e5_small,EXP-004
am,few_label_64_rand,0.47227274775808664,0.13732472221176886,25,0.2235006414994431,0.09920586810338451,0.06306122448979593,0.8592178770949721,0.6736593454485105,0.14078212290502795,0.10016,0.14078212290502795,False,False,0.6524395023372478,0.47733333333333333,0.511,1000,1500,0.5384663331590496,en,target_fpr,,,0.1971153846153846,-0.02638525688405849,native,toxicity,encoder_e5_small,EXP-004
am,few_label_128_strat,0.5027812612394844,0.10178343180423328,25,0.19938284441325402,0.06699793804162568,0.05163265306122449,0.880391061452514,0.6805187016120939,0.11960893854748603,0.08408000000000002,0.11960893854748603,False,False,0.6524395023372478,0.47733333333333333,0.511,1000,1500,0.5384663331590496,en,target_fpr,,,0.1971153846153846,-0.002267459797869409,native,toxicity,encoder_e5_small,EXP-004
am,few_label_128_rand,0.48371919868579644,0.10102013107386348,25,0.21354819259975102,0.06502839227617488,0.05561224489795918,0.8706703910614526,0.6815901643860522,0.12932960893854747,0.0908,0.12932960893854747,False,False,0.6524395023372478,0.47733333333333333,0.511,1000,1500,0.5384663331590496,en,target_fpr,,,0.1971153846153846,-0.016432807984366415,native,toxicity,encoder_e5_small,EXP-004
am,few_label_256_strat,0.5084052476377624,0.08420976202773947,25,0.19656015972351934,0.0545606248741956,0.0489795918367347,0.8834078212290504,0.6872994230938109,0.11659217877094971,0.08125333333333334,0.11659217877094971,False,False,0.6524395023372478,0.47733333333333333,0.511,1000,1500,0.5384663331590496,en,target_fpr,,,0.1971153846153846,0.0005552248918652691,native,toxicity,encoder_e5_small,EXP-004
am,few_label_256_rand,0.5185052411592445,0.07014238688040153,25,0.19302352274226858,0.04873751368295355,0.046479591836734696,0.8864804469273743,0.6894104993556621,0.11351955307262569,0.07848,0.11351955307262569,False,False,0.6524395023372478,0.47733333333333333,0.511,1000,1500,0.5384663331590496,en,target_fpr,,,0.1971153846153846,0.004091861873116026,native,toxicity,encoder_e5_small,EXP-004
am,target_full,0.5215095119018109,0.0,1,0.1971153846153846,0.0,0.04336734693877551,0.8854748603351955,0.7068965517241379,0.11452513966480447,0.07733333333333334,0.11452513966480447,False,False,0.6524395023372478,0.47733333333333333,0.511,1000,1500,0.5384663331590496,en,target_fpr,0.16592593821915383,0.23308021567321519,0.1971153846153846,0.0,native,toxicity,encoder_e5_small,EXP-004
am,test_oracle_unachievable,0.4900040356638885,0.0,1,0.21959858323494685,0.0,0.04846938775510204,0.8701117318435754,0.7099236641221374,0.12988826815642457,0.08733333333333333,0.12988826815642457,False,False,0.6524395023372478,0.47733333333333333,0.511,1000,1500,0.5384663331590496,en,target_fpr,,,0.1971153846153846,-0.022483198619562245,native,toxicity,encoder_e5_small,EXP-004
ar,fixed_half,0.5,0.0,1,0.4619332763045338,0.0,0.196524064171123,0.6409574468085106,0.6474820143884892,0.35904255319148937,0.278,0.35904255319148937,False,False,0.6465379309363978,0.5013333333333333,0.503,1000,1500,0.5384663331590496,en,target_fpr,,,0.12530120481927712,-0.33663207148525665,native,toxicity,encoder_e5_small,EXP-004
ar,source_global,0.5384663331590496,0.0,1,0.4228367528991972,0.0,0.17647058823529413,0.6848404255319149,0.6422764227642277,0.3151595744680851,0.246,0.3151595744680851,False,False,0.6465379309363978,0.5013333333333333,0.503,1000,1500,0.5384663331590496,en,target_fpr,0.38304541925465835,0.4558926139339969,0.12530120481927712,-0.2975355480799201,native,toxicity,encoder_e5_small,EXP-004
ar,quantile_match,0.3439853903430618,0.0,1,0.5766270118964311,0.0,0.35427807486631013,0.4521276595744681,0.6085672082717873,0.5478723404255319,0.4513333333333333,0.5478723404255319,False,False,0.6465379309363978,0.5013333333333333,0.503,1000,1500,0.5384663331590496,en,target_fpr,,,0.12530120481927712,-0.451325807077154,native,toxicity,encoder_e5_small,EXP-004
ar,sld_em,0.9180328308533736,0.0,1,0.03870967741935484,0.0,0.0106951871657754,0.9800531914893617,0.6521739130434783,0.0199468085106383,0.015333333333333332,0.0199468085106383,False,False,0.6465379309363978,0.5013333333333333,0.503,1000,1500,0.5384663331590496,en,target_fpr,,,0.12530120481927712,0.08659152739992228,native,toxicity,encoder_e5_small,EXP-004
ar,bbse,0.778635682081269,0.0,1,0.16473317865429235,0.0,0.05213903743315508,0.9055851063829787,0.6454545454545455,0.09441489361702128,0.07333333333333333,0.09441489361702128,False,False,0.6465379309363978,0.5013333333333333,0.503,1000,1500,0.5384663331590496,en,target_fpr,,,0.12530120481927712,-0.03943197383501523,native,toxicity,encoder_e5_small,EXP-004
ar,few_label_8_strat,0.5699711097630039,0.24104500643639734,25,0.3587923228035648,0.21010636834897173,0.2090909090909091,0.678404255319149,0.6272404143171932,0.32159574468085106,0.26549333333333336,0.32159574468085106,False,False,0.6465379309363978,0.5013333333333333,0.503,1000,1500,0.5384663331590496,en,target_fpr,,,0.12530120481927712,-0.2334911179842877,native,toxicity,encoder_e5_small,EXP-004
ar,few_label_8_rand,0.5987670467832537,0.2549531304153297,25,0.3341224920000265,0.21595753951645455,0.19657754010695186,0.7034042553191489,0.6327337486510368,0.2965957446808511,0.24671999999999997,0.2965957446808511,False,False,0.6465379309363978,0.5013333333333333,0.503,1000,1500,0.5384663331590496,en,target_fpr,,,0.12530120481927712,-0.2088212871807494,native,toxicity,encoder_e5_small,EXP-004
ar,few_label_16_strat,0.7065278163494885,0.17149343329718397,25,0.2404042221854812,0.16663752992360348,0.10240641711229946,0.8254787234042553,0.6416795737665715,0.17452127659574468,0.13856,0.17452127659574468,False,False,0.6465379309363978,0.5013333333333333,0.503,1000,1500,0.5384663331590496,en,target_fpr,,,0.12530120481927712,-0.11510301736620407,native,toxicity,encoder_e5_small,EXP-004
ar,few_label_16_rand,0.7143851215921778,0.1720335469044371,25,0.238683607204211,0.17410770576259074,0.0970053475935829,0.8289361702127661,0.6387572177277856,0.17106382978723403,0.13413333333333333,0.17106382978723403,False,False,0.6465379309363978,0.5013333333333333,0.503,1000,1500,0.5384663331590496,en,target_fpr,,,0.12530120481927712,-0.11338240238493388,native,toxicity,encoder_e5_small,EXP-004
ar,few_label_32_strat,0.787897684068027,0.13312375248292002,25,0.16182112188405262,0.1349412353329792,0.05994652406417112,0.8941489361702127,0.6404023359969697,0.10585106382978723,0.08295999999999999,0.10585106382978723,False,False,0.6465379309363978,0.5013333333333333,0.503,1000,1500,0.5384663331590496,en,target_fpr,,,0.12530120481927712,-0.0365199170647755,native,toxicity,encoder_e5_small,EXP-004
ar,few_label_32_rand,0.8183775116198245,0.14234707641739944,25,0.13639852711672013,0.14093776054691592,0.049465240641711226,0.910531914893617,0.6512778022688644,0.08946808510638299,0.06952,0.08946808510638299,False,False,0.6465379309363978,0.5013333333333333,0.503,1000,1500,0.5384663331590496,en,target_fpr,,,0.12530120481927712,-0.011097322297443007,native,toxicity,encoder_e5_small,EXP-004
ar,few_label_64_strat,0.8282429667788859,0.09260172538078337,25,0.12183162166672133,0.0895487798196073,0.03962566844919786,0.928191489361702,0.6512080314874457,0.07180851063829788,0.055760000000000004,0.07180851063829788,False,False,0.6465379309363978,0.5013333333333333,0.503,1000,1500,0.5384663331590496,en,target_fpr,,,0.12530120481927712,0.0034695831525557858,native,toxicity,encoder_e5_small,EXP-004
ar,few_label_64_rand,0.8012244895714725,0.09673625503484373,25,0.14772726145410925,0.09619875816944634,0.049197860962566856,0.9108510638297873,0.6506836357393795,0.08914893617021276,0.06922666666666667,0.08914893617021276,False,False,0.6465379309363978,0.5013333333333333,0.503,1000,1500,0.5384663331590496,en,target_fpr,,,0.12530120481927712,-0.02242605663483213,native,toxicity,encoder_e5_small,EXP-004
ar,few_label_128_strat,0.8218944552006466,0.05691606232853331,25,0.12088603247896915,0.05740157329883765,0.03727272727272728,0.9315957446808512,0.646777453992982,0.06840425531914894,0.05288,0.06840425531914894,False,False,0.6465379309363978,0.5013333333333333,0.503,1000,1500,0.5384663331590496,en,target_fpr,,,0.12530120481927712,0.004415172340307971,native,toxicity,encoder_e5_small,EXP-004
ar,few_label_128_rand,0.8097925547690409,0.04404766390862196,25,0.13161111062184086,0.04775055719068091,0.04074866310160428,0.9255319148936171,0.645154041732703,0.07446808510638299,0.05765333333333334,0.07446808510638299,False,False,0.6465379309363978,0.5013333333333333,0.503,1000,1500,0.5384663331590496,en,target_fpr,,,0.12530120481927712,-0.006309905802563742,native,toxicity,encoder_e5_small,EXP-004
ar,few_label_256_strat,0.8124117846182963,0.03246691603844404,25,0.12813631067033932,0.036838189067729725,0.0393048128342246,0.928191489361702,0.6455174588595374,0.07180851063829788,0.055600000000000004,0.07180851063829788,False,False,0.6465379309363978,0.5013333333333333,0.503,1000,1500,0.5384663331590496,en,target_fpr,,,0.12530120481927712,-0.0028351058510621974,native,toxicity,encoder_e5_small,EXP-004
ar,few_label_256_rand,0.81779218846435,0.03733037773980734,25,0.1211645659552795,0.039965820545932576,0.037112299465240646,0.932340425531915,0.6446965549618092,0.0676595744680851,0.05242666666666666,0.0676595744680851,False,False,0.6465379309363978,0.5013333333333333,0.503,1000,1500,0.5384663331590496,en,target_fpr,,,0.12530120481927712,0.0041366388639976215,native,toxicity,encoder_e5_small,EXP-004
ar,target_full,0.8206208499299987,0.0,1,0.12530120481927712,0.0,0.034759358288770054,0.9308510638297872,0.6666666666666666,0.06914893617021277,0.052,0.06914893617021277,False,False,0.6465379309363978,0.5013333333333333,0.503,1000,1500,0.5384663331590496,en,target_fpr,0.09420289855072463,0.15580650028018445,0.12530120481927712,0.0,native,toxicity,encoder_e5_small,EXP-004
ar,test_oracle_unachievable,0.7874493461986345,0.0,1,0.15869311551925322,0.0,0.04946524064171123,0.9095744680851063,0.6476190476190476,0.09042553191489362,0.07,0.09042553191489362,False,False,0.6465379309363978,0.5013333333333333,0.503,1000,1500,0.5384663331590496,en,target_fpr,,,0.12530120481927712,-0.0333919106999761,native,toxicity,encoder_e5_small,EXP-004
de,fixed_half,0.5,0.0,1,0.37014314928425357,0.0,0.06515957446808511,0.7580213903743316,0.7869565217391304,0.24197860962566844,0.15333333333333332,0.24197860962566844,False,False,0.7827931220844238,0.49866666666666665,0.508,1000,1500,0.5384663331590496,en,target_fpr,,,0.42661448140900193,0.056471332124748364,native,toxicity,encoder_e5_small,EXP-004
de,source_global,0.5384663331590496,0.0,1,0.3319148936170213,0.0,0.047872340425531915,0.7914438502673797,0.8125,0.20855614973262032,0.128,0.20855614973262032,False,False,0.7827931220844238,0.49866666666666665,0.508,1000,1500,0.5384663331590496,en,target_fpr,0.28971284289363597,0.37078094869986994,0.42661448140900193,0.09469958779198062,native,toxicity,encoder_e5_small,EXP-004
de,quantile_match,0.15781511225779118,0.0,1,0.7109322602280349,0.0,0.28324468085106386,0.2914438502673797,0.7133243606998654,0.7085561497326203,0.49533333333333335,0.7085561497326203,False,False,0.7827931220844238,0.49866666666666665,0.508,1000,1500,0.5384663331590496,en,target_fpr,,,0.42661448140900193,-0.284317778819033,native,toxicity,encoder_e5_small,EXP-004
de,sld_em,0.9999990395590157,0.0,1,0.0,0.0,0.0,1.0,0.0,0.0,0.0,0.0,True,False,0.7827931220844238,0.49866666666666665,0.508,1000,1500,0.5384663331590496,en,target_fpr,,,0.42661448140900193,0.42661448140900193,native,toxicity,encoder_e5_small,EXP-004
de,bbse,0.9099462107618906,0.0,1,0.03412073490813648,0.0,0.0013297872340425532,0.982620320855615,0.9285714285714286,0.017379679144385027,0.009333333333333334,0.017379679144385027,True,False,0.7827931220844238,0.49866666666666665,0.508,1000,1500,0.5384663331590496,en,target_fpr,,,0.42661448140900193,0.39249374650086544,native,toxicity,encoder_e5_small,EXP-004
de,few_label_8_strat,0.34017371434893795,0.15859105320355665,25,0.5418634928341496,0.15499111510294256,0.15500000000000003,0.5410160427807487,0.7678932878789181,0.45898395721925134,0.3065866666666667,0.45898395721925134,False,False,0.7827931220844238,0.49866666666666665,0.508,1000,1500,0.5384663331590496,en,target_fpr,,,0.42661448140900193,-0.11524901142514765,native,toxicity,encoder_e5_small,EXP-004
de,few_label_8_rand,0.31500037418339116,0.17725771920692443,25,0.5609695075218943,0.16653473120386594,0.18845744680851065,0.49668449197860964,0.7561580126470778,0.5033155080213904,0.3454666666666666,0.5033155080213904,False,False,0.7827931220844238,0.49866666666666665,0.508,1000,1500,0.5384663331590496,en,target_fpr,,,0.42661448140900193,-0.1343550261128924,native,toxicity,encoder_e5_small,EXP-004
de,few_label_16_strat,0.43662280495663874,0.18147400527808347,25,0.4456805741558722,0.17651315131883644,0.11164893617021274,0.6474331550802139,0.7877011909470653,0.352566844919786,0.2317866666666667,0.352566844919786,False,False,0.7827931220844238,0.49866666666666665,0.508,1000,1500,0.5384663331590496,en,target_fpr,,,0.42661448140900193,-0.019066092746870267,native,toxicity,encoder_e5_small,EXP-004
de,few_label_16_rand,0.43439290093819877,0.16080952440970114,25,0.4440606314936237,0.15663008600657696,0.11095744680851065,0.653903743315508,0.7829957776875522,0.34609625668449207,0.22821333333333338,0.34609625668449207,False,False,0.7827931220844238,0.49866666666666665,0.508,1000,1500,0.5384663331590496,en,target_fpr,,,0.42661448140900193,-0.017446150084621748,native,toxicity,encoder_e5_small,EXP-004
de,few_label_32_strat,0.50362149017646,0.17556769850338275,25,0.38532592087167505,0.1734327129064416,0.07792553191489361,0.7179144385026737,0.8039224659792018,0.2820855614973262,0.17973333333333333,0.2820855614973262,False,False,0.7827931220844238,0.49866666666666665,0.508,1000,1500,0.5384663331590496,en,target_fpr,,,0.42661448140900193,0.04128856053732688,native,toxicity,encoder_e5_small,EXP-004
de,few_label_32_rand,0.4878576989169914,0.14568993702179822,25,0.39711974414375867,0.14612796543708437,0.07696808510638296,0.7149197860962567,0.8018520760746465,0.28508021390374333,0.18074666666666667,0.28508021390374333,False,False,0.7827931220844238,0.49866666666666665,0.508,1000,1500,0.5384663331590496,en,target_fpr,,,0.42661448140900193,0.029494737265243265,native,toxicity,encoder_e5_small,EXP-004
de,few_label_64_strat,0.4593039426750947,0.11158614662146396,25,0.4264348015195481,0.11391688904649605,0.0797872340425532,0.6967379679144385,0.7983598428044368,0.3032620320855615,0.19122666666666668,0.3032620320855615,False,False,0.7827931220844238,0.49866666666666665,0.508,1000,1500,0.5384663331590496,en,target_fpr,,,0.42661448140900193,0.00017967988945383206,native,toxicity,encoder_e5_small,EXP-004
de,few_label_64_rand,0.4722887875329095,0.09848620239514196,25,0.41393116027394755,0.09985791215384449,0.07297872340425532,0.7124064171122995,0.8023632403888893,0.28759358288770054,0.18,0.28759358288770054,False,False,0.7827931220844238,0.49866666666666665,0.508,1000,1500,0.5384663331590496,en,target_fpr,,,0.42661448140900193,0.012683321135054382,native,toxicity,encoder_e5_small,EXP-004
de,few_label_128_strat,0.4402994108157861,0.06080993512639587,25,0.4471879370363594,0.06509073222649978,0.08164893617021277,0.6843850267379679,0.7960015615044301,0.3156149732620321,0.19831999999999997,0.3156149732620321,False,False,0.7827931220844238,0.49866666666666665,0.508,1000,1500,0.5384663331590496,en,target_fpr,,,0.42661448140900193,-0.020573455627357462,native,toxicity,encoder_e5_small,EXP-004
de,few_label_128_rand,0.45872420867105285,0.04719440543889637,25,0.4273831384568672,0.05554896919738845,0.07329787234042554,0.7058823529411765,0.7998049714595556,0.29411764705882354,0.18341333333333332,0.29411764705882354,False,False,0.7827931220844238,0.49866666666666665,0.508,1000,1500,0.5384663331590496,en,target_fpr,,,0.42661448140900193,-0.0007686570478652732,native,toxicity,encoder_e5_small,EXP-004
de,few_label_256_strat,0.4641767973209736,0.021389651009375735,25,0.42269470254476504,0.02795807319153472,0.07164893617021277,0.7121925133689839,0.7994155760333733,0.287807486631016,0.17944,0.287807486631016,False,False,0.7827931220844238,0.49866666666666665,0.508,1000,1500,0.5384663331590496,en,target_fpr,,,0.42661448140900193,0.003919778864236889,native,toxicity,encoder_e5_small,EXP-004
de,few_label_256_rand,0.45733483181208046,0.03749328886226094,25,0.43111146835785563,0.04275922962108862,0.07452127659574467,0.7031016042780749,0.7988217901824026,0.29689839572192517,0.18541333333333337,0.29689839572192517,False,False,0.7827931220844238,0.49866666666666665,0.508,1000,1500,0.5384663331590496,en,target_fpr,,,0.42661448140900193,-0.004496986948853698,native,toxicity,encoder_e5_small,EXP-004
de,target_full,0.45970753260739805,0.0,1,0.42661448140900193,0.0,0.07446808510638298,0.7085561497326203,0.7956204379562044,0.2914438502673797,0.18266666666666667,0.2914438502673797,False,False,0.7827931220844238,0.49866666666666665,0.508,1000,1500,0.5384663331590496,en,target_fpr,0.3865865384615385,0.45656092362001954,0.42661448140900193,0.0,native,toxicity,encoder_e5_small,EXP-004
de,test_oracle_unachievable,0.5346294783448973,0.0,1,0.33722163308589603,0.0,0.047872340425531915,0.7874331550802139,0.8153846153846154,0.21256684491978609,0.13,0.21256684491978609,False,False,0.7827931220844238,0.49866666666666665,0.508,1000,1500,0.5384663331590496,en,target_fpr,,,0.42661448140900193,0.0893928483231059,native,toxicity,encoder_e5_small,EXP-004
en,fixed_half,0.5,0.0,1,0.9559412550066755,0.0,0.05401844532279315,0.033738191632928474,0.9458388375165125,0.9662618083670715,0.5046666666666667,0.9662618083670715,False,True,0.9924558025244524,0.494,0.478,1000,1500,0.5384663331590496,en,target_fpr,,,0.9550637156270959,-0.0008775393795795727,native,toxicity,encoder_e5_small,EXP-004
en,source_global,0.5384663331590496,0.0,1,0.9550637156270959,0.0,0.05006587615283267,0.03913630229419703,0.9493333333333334,0.9608636977058029,0.5,0.9608636977058029,False,True,0.9924558025244524,0.494,0.478,1000,1500,0.5384663331590496,en,target_fpr,0.9447883029542847,0.9656181518916467,0.9550637156270959,0.0,native,toxicity,encoder_e5_small,EXP-004
en,quantile_match,0.5392054964821881,0.0,1,0.9550637156270959,0.0,0.05006587615283267,0.03913630229419703,0.9493333333333334,0.9608636977058029,0.5,0.9608636977058029,False,True,0.9924558025244524,0.494,0.478,1000,1500,0.5384663331590496,en,target_fpr,,,0.9550637156270959,0.0,native,toxicity,encoder_e5_small,EXP-004
en,sld_em,0.5384663331590496,0.0,1,0.9550637156270959,0.0,0.05006587615283267,0.03913630229419703,0.9493333333333334,0.9608636977058029,0.5,0.9608636977058029,False,True,0.9924558025244524,0.494,0.478,1000,1500,0.5384663331590496,en,target_fpr,,,0.9550637156270959,0.0,native,toxicity,encoder_e5_small,EXP-004
en,bbse,0.5384663331590497,0.0,1,0.9550637156270959,0.0,0.05006587615283267,0.03913630229419703,0.9493333333333334,0.9608636977058029,0.5,0.9608636977058029,False,True,0.9924558025244524,0.494,0.478,1000,1500,0.5384663331590496,en,target_fpr,,,0.9550637156270959,0.0,native,toxicity,encoder_e5_small,EXP-004
en,few_label_8_strat,0.4977651872961818,0.18017651962460515,25,0.9432178733072034,0.029360435240176865,0.05971014492753623,0.05090418353576248,0.9417326525749269,0.9490958164642375,0.49906666666666666,0.9490958164642375,False,True,0.9924558025244524,0.494,0.478,1000,1500,0.5384663331590496,en,target_fpr,,,0.9550637156270959,0.011845842319892497,native,toxicity,encoder_e5_small,EXP-004
en,few_label_8_rand,0.5396241393805393,0.20520413139129487,25,0.940642297367473,0.01993732610467801,0.056021080368906455,0.06035087719298246,0.9456605228503991,0.9396491228070174,0.4925333333333333,0.9396491228070174,False,True,0.9924558025244524,0.494,0.478,1000,1500,0.5384663331590496,en,target_fpr,,,0.9550637156270959,0.014421418259622953,native,toxicity,encoder_e5_small,EXP-004
en,few_label_16_strat,0.5650863737430055,0.17432205547513402,25,0.9440019107141395,0.019353965079844288,0.05154150197628459,0.058731443994601895,0.9497990555460771,0.9412685560053983,0.4910666666666667,0.9412685560053983,False,True,0.9924558025244524,0.494,0.478,1000,1500,0.5384663331590496,en,target_fpr,,,0.9550637156270959,0.011061804912956386,native,toxicity,encoder_e5_small,EXP-004
en,few_label_16_rand,0.5267335689818132,0.2047014651648188,25,0.934868423775874,0.04436033607051598,0.05712779973649539,0.06715249662618084,0.9446664787874031,0.932847503373819,0.4897333333333333,0.932847503373819,False,True,0.9924558025244524,0.494,0.478,1000,1500,0.5384663331590496,en,target_fpr,,,0.9550637156270959,0.02019529185122193,native,toxicity,encoder_e5_small,EXP-004
en,few_label_32_strat,0.7046507913871481,0.17281617858918705,25,0.921513822138196,0.03964707471444564,0.028880105401844536,0.11681511470985155,0.9698371254473345,0.8831848852901484,0.4509066666666666,0.8831848852901484,False,True,0.9924558025244524,0.494,0.478,1000,1500,0.5384663331590496,en,target_fpr,,,0.9550637156270959,0.03354989348889992,native,toxicity,encoder_e5_small,EXP-004
en,few_label_32_rand,0.6239987226420881,0.16014568252089126,25,0.9408321982468447,0.0257608885190647,0.03741765480895916,0.07600539811066127,0.9616762758656519,0.9239946018893387,0.4753866666666666,0.9239946018893387,False,True,0.9924558025244524,0.494,0.478,1000,1500,0.5384663331590496,en,target_fpr,,,0.9550637156270959,0.01423151738025119,native,toxicity,encoder_e5_small,EXP-004
en,few_label_64_strat,0.5606934367026584,0.1400209956348927,25,0.94901413826393,0.011623753403599162,0.04642951251646904,0.053603238866396764,0.953223348651975,0.9463967611336033,0.49101333333333336,0.9463967611336033,False,True,0.9924558025244524,0.494,0.478,1000,1500,0.5384663331590496,en,target_fpr,,,0.9550637156270959,0.0060495773631659144,native,toxicity,encoder_e5_small,EXP-004
en,few_label_64_rand,0.6063244436690739,0.16355157601439835,25,0.9428143532592379,0.019714841322767625,0.0397364953886693,0.07066126855600541,0.9594234234344339,0.9293387314439946,0.4792,0.9293387314439946,False,True,0.9924558025244524,0.494,0.478,1000,1500,0.5384663331590496,en,target_fpr,,,0.9550637156270959,0.012249362367858008,native,toxicity,encoder_e5_small,EXP-004
en,few_label_128_strat,0.513587092894326,0.11907116868493325,25,0.9534816989815263,0.004422559377990459,0.051277997364953885,0.04091767881241566,0.9486658068833266,0.9590823211875843,0.49973333333333336,0.9590823211875843,False,True,0.9924558025244524,0.494,0.478,1000,1500,0.5384663331590496,en,target_fpr,,,0.9550637156270959,0.0015820166455695617,native,toxicity,encoder_e5_small,EXP-004
en,few_label_128_rand,0.5011947382352329,0.10275388788671135,25,0.9548411890829673,0.0030695361438104873,0.0542292490118577,0.035735492577597845,0.9460385951182624,0.9642645074224022,0.5037866666666667,0.9642645074224022,False,True,0.9924558025244524,0.494,0.478,1000,1500,0.5384663331590496,en,target_fpr,,,0.9550637156270959,0.0002225265441285762,native,toxicity,encoder_e5_small,EXP-004
en,few_label_256_strat,0.5139279133092073,0.08650566350023034,25,0.9555244934314742,0.0009056062262696098,0.050961791831357045,0.03740890688259109,0.9488221261353561,0.962591093117409,0.5013066666666668,0.962591093117409,False,True,0.9924558025244524,0.494,0.478,1000,1500,0.5384663331590496,en,target_fpr,,,0.9550637156270959,-0.000460777804378254,native,toxicity,encoder_e5_small,EXP-004
en,few_label_256_rand,0.5282249336572924,0.061805177943383756,25,0.9560983384202315,0.0007542349223197034,0.04869565217391305,0.038434547908232114,0.9508405844631298,0.9615654520917678,0.49965333333333334,0.9615654520917678,False,True,0.9924558025244524,0.494,0.478,1000,1500,0.5384663331590496,en,target_fpr,,,0.9550637156270959,-0.0010346227931355978,native,toxicity,encoder_e5_small,EXP-004
en,target_full,0.5384663331590496,0.0,1,0.9550637156270959,0.0,0.05006587615283267,0.03913630229419703,0.9493333333333334,0.9608636977058029,0.5,0.9608636977058029,False,True,0.9924558025244524,0.494,0.478,1000,1500,0.5384663331590496,en,target_fpr,0.9445375347209697,0.965318442848403,0.9550637156270959,0.0,native,toxicity,encoder_e5_small,EXP-004
en,test_oracle_unachievable,0.540996703578823,0.0,1,0.9557046979865771,0.0,0.048748353096179184,0.03913630229419703,0.9506008010680908,0.9608636977058029,0.49933333333333335,0.9608636977058029,False,True,0.9924558025244524,0.494,0.478,1000,1500,0.5384663331590496,en,target_fpr,,,0.9550637156270959,-0.0006409823594811792,native,toxicity,encoder_e5_small,EXP-004
es,fixed_half,0.5,0.0,1,0.6087751371115173,0.0,0.06809583858764187,0.5289957567185289,0.8604651162790697,0.471004243281471,0.258,0.471004243281471,False,False,0.8617250303664846,0.4713333333333333,0.512,1000,1500,0.5384663331590496,en,target_fpr,,,0.608058608058608,-0.0007165290529093093,native,toxicity,encoder_e5_small,EXP-004
es,source_global,0.5384663331590496,0.0,1,0.5875706214689266,0.0,0.05422446406052964,0.5586987270155587,0.8788732394366198,0.44130127298444133,0.23666666666666666,0.44130127298444133,False,False,0.8617250303664846,0.4713333333333333,0.512,1000,1500,0.5384663331590496,en,target_fpr,0.549293964663526,0.6226115294308153,0.608058608058608,0.02048798658968143,native,toxicity,encoder_e5_small,EXP-004
es,quantile_match,0.1948371024774151,0.0,1,0.7708333333333333,0.0,0.2244640605296343,0.214992927864215,0.757162346521146,0.785007072135785,0.4886666666666667,0.785007072135785,False,False,0.8617250303664846,0.4713333333333333,0.512,1000,1500,0.5384663331590496,en,target_fpr,,,0.608058608058608,-0.16277472527472525,native,toxicity,encoder_e5_small,EXP-004
es,sld_em,0.9402841406263336,0.0,1,0.09164420485175202,0.0,0.0012610340479192938,0.9519094766619519,0.9714285714285714,0.04809052333804809,0.023333333333333334,0.04809052333804809,False,False,0.8617250303664846,0.4713333333333333,0.512,1000,1500,0.5384663331590496,en,target_fpr,,,0.608058608058608,0.5164144032068559,native,toxicity,encoder_e5_small,EXP-004
es,bbse,0.8071967225034181,0.0,1,0.2985781990521327,0.0,0.013871374527112233,0.8217821782178217,0.9197080291970803,0.1782178217821782,0.09133333333333334,0.1782178217821782,False,False,0.8617250303664846,0.4713333333333333,0.512,1000,1500,0.5384663331590496,en,target_fpr,,,0.608058608058608,0.30948040900647533,native,toxicity,encoder_e5_small,EXP-004
es,few_label_8_strat,0.38046618147229394,0.22490041696910518,25,0.6499495947302765,0.18195515641080584,0.13992433795712483,0.40350777934936344,0.8197956557016843,0.5964922206506365,0.35512,0.5964922206506365,False,False,0.8617250303664846,0.4713333333333333,0.512,1000,1500,0.5384663331590496,en,target_fpr,,,0.608058608058608,-0.04189098667166846,native,toxicity,encoder_e5_small,EXP-004
es,few_label_8_rand,0.3008318884301243,0.19532924960803946,25,0.6979662218103992,0.10957257452468581,0.20015132408575032,0.319038189533239,0.7843527477912979,0.680961810466761,0.4267733333333333,0.680961810466761,False,False,0.8617250303664846,0.4713333333333333,0.512,1000,1500,0.5384663331590496,en,target_fpr,,,0.608058608058608,-0.08990761375179124,native,toxicity,encoder_e5_small,EXP-004
es,few_label_16_strat,0.4434939387086253,0.2064111253568206,25,0.6215789615424288,0.1535521527241898,0.10365699873896596,0.46698727015558694,0.8455820949780631,0.5330127298444131,0.30602666666666667,0.5330127298444131,False,False,0.8617250303664846,0.4713333333333333,0.512,1000,1500,0.5384663331590496,en,target_fpr,,,0.608058608058608,-0.013520353483820746,native,toxicity,encoder_e5_small,EXP-004
es,few_label_16_rand,0.49556554549172555,0.2426743518719941,25,0.5689462268536419,0.20267326854377365,0.09387137452711222,0.5171711456859972,0.8539761124573847,0.4828288543140028,0.2772,0.4828288543140028,False,False,0.8617250303664846,0.4713333333333333,0.512,1000,1500,0.5384663331590496,en,target_fpr,,,0.608058608058608,0.039112381204966074,native,toxicity,encoder_e5_small,EXP-004
es,few_label_32_strat,0.6131628845025745,0.20674963237959154,25,0.48281933517874925,0.1939123451504842,0.05276166456494326,0.6317397454031117,0.8852744920193732,0.36826025459688827,0.20146666666666668,0.36826025459688827,False,False,0.8617250303664846,0.4713333333333333,0.512,1000,1500,0.5384663331590496,en,target_fpr,,,0.608058608058608,0.12523927287985875,native,toxicity,encoder_e5_small,EXP-004
es,few_label_32_rand,0.5900674969684548,0.20578056949935475,25,0.5016712182540906,0.1956607714005244,0.058411097099621695,0.6112022630834512,0.8782373996607129,0.38879773691654884,0.21413333333333334,0.38879773691654884,False,False,0.8617250303664846,0.4713333333333333,0.512,1000,1500,0.5384663331590496,en,target_fpr,,,0.608058608058608,0.10638738980451745,native,toxicity,encoder_e5_small,EXP-004
es,few_label_64_strat,0.549416310404392,0.14924776371601065,25,0.5590631600566871,0.12596872626747618,0.05836065573770492,0.5712588401697313,0.8793785921310564,0.42874115983026867,0.23293333333333333,0.42874115983026867,False,False,0.8617250303664846,0.4713333333333333,0.512,1000,1500,0.5384663331590496,en,target_fpr,,,0.608058608058608,0.048995448001920905,native,toxicity,encoder_e5_small,EXP-004
es,few_label_64_rand,0.5447784729107057,0.11816028220266502,25,0.5705327133011826,0.09322317896272528,0.057200504413619166,0.5661669024045262,0.8781818611112597,0.4338330975954739,0.23471999999999998,0.4338330975954739,False,False,0.8617250303664846,0.4713333333333333,0.512,1000,1500,0.5384663331590496,en,target_fpr,,,0.608058608058608,0.037525894757425404,native,toxicity,encoder_e5_small,EXP-004
es,few_label_128_strat,0.4661549997483394,0.08842077682310776,25,0.6321260404394196,0.06412093952400505,0.07475409836065573,0.4942008486562942,0.861238834849567,0.5057991513437058,0.27792,0.5057991513437058,False,False,0.8617250303664846,0.4713333333333333,0.512,1000,1500,0.5384663331590496,en,target_fpr,,,0.608058608058608,-0.02406743238081155,native,toxicity,encoder_e5_small,EXP-004
es,few_label_128_rand,0.4930365997034308,0.09047369456280625,25,0.6130980059423579,0.06395062255832405,0.06744010088272384,0.5194342291371994,0.8683473879341118,0.48056577086280056,0.26216,0.48056577086280056,False,False,0.8617250303664846,0.4713333333333333,0.512,1000,1500,0.5384663331590496,en,target_fpr,,,0.608058608058608,-0.005039397883749852,native,toxicity,encoder_e5_small,EXP-004
es,few_label_256_strat,0.516580949683414,0.06501560397802718,25,0.5975876371956762,0.046373109492226124,0.06078184110970997,0.5422913719943423,0.872785617604348,0.45770862800565765,0.24786666666666668,0.45770862800565765,False,False,0.8617250303664846,0.4713333333333333,0.512,1000,1500,0.5384663331590496,en,target_fpr,,,0.608058608058608,0.010470970862931805,native,toxicity,encoder_e5_small,EXP-004
es,few_label_256_rand,0.5234371236179726,0.07880011514989477,25,0.5917651632006706,0.058965258689186416,0.060025220680958384,0.5475530410183875,0.8737921333462626,0.45244695898161247,0.24498666666666669,0.45244695898161247,False,False,0.8617250303664846,0.4713333333333333,0.512,1000,1500,0.5384663331590496,en,target_fpr,,,0.608058608058608,0.016293444857937378,native,toxicity,encoder_e5_small,EXP-004
es,target_full,0.5048104229349959,0.0,1,0.608058608058608,0.0,0.06683480453972257,0.5304101838755304,0.8623376623376623,0.4695898161244696,0.25666666666666665,0.4695898161244696,False,False,0.8617250303664846,0.4713333333333333,0.512,1000,1500,0.5384663331590496,en,target_fpr,0.576581256021849,0.6427299375906196,0.608058608058608,0.0,native,toxicity,encoder_e5_small,EXP-004
es,test_oracle_unachievable,0.5527620326906411,0.0,1,0.5817490494296578,0.0,0.04918032786885246,0.5671852899575672,0.8869565217391304,0.4328147100424328,0.23,0.4328147100424328,False,False,0.8617250303664846,0.4713333333333333,0.512,1000,1500,0.5384663331590496,en,target_fpr,,,0.608058608058608,0.026309558628950236,native,toxicity,encoder_e5_small,EXP-004
fr,fixed_half,0.5,0.0,1,0.7552447552447553,0.0,0.09922680412371133,0.3287292817679558,0.8632326820603907,0.6712707182320442,0.37533333333333335,0.6712707182320442,False,False,0.878889118300393,0.4826666666666667,0.517,1000,1500,0.5384663331590496,en,target_fpr,,,0.6695652173913044,-0.08567953785345095,native,toxicity,encoder_e5_small,EXP-004
fr,source_global,0.5384663331590496,0.0,1,0.7368421052631579,0.0,0.08762886597938144,0.36187845303867405,0.8716981132075472,0.638121546961326,0.35333333333333333,0.638121546961326,False,False,0.878889118300393,0.4826666666666667,0.517,1000,1500,0.5384663331590496,en,target_fpr,0.7092508041446492,0.764489024779811,0.6695652173913044,-0.06727688787185349,native,toxicity,encoder_e5_small,EXP-004
fr,quantile_match,0.3578366026775888,0.0,1,0.7903682719546743,0.0,0.16752577319587628,0.2292817679558011,0.811046511627907,0.7707182320441989,0.45866666666666667,0.7707182320441989,False,False,0.878889118300393,0.4826666666666667,0.517,1000,1500,0.5384663331590496,en,target_fpr,,,0.6695652173913044,-0.12080305456336993,native,toxicity,encoder_e5_small,EXP-004
fr,sld_em,0.7085765888805153,0.0,1,0.6342342342342343,0.0,0.04381443298969072,0.5138121546961326,0.9119170984455959,0.4861878453038674,0.25733333333333336,0.4861878453038674,False,False,0.878889118300393,0.4826666666666667,0.517,1000,1500,0.5384663331590496,en,target_fpr,,,0.6695652173913044,0.03533098315707006,native,toxicity,encoder_e5_small,EXP-004
fr,bbse,0.6578985661421023,0.0,1,0.6724436741767763,0.0,0.05412371134020619,0.46408839779005523,0.9023255813953488,0.5359116022099447,0.2866666666666667,0.5359116022099447,False,False,0.878889118300393,0.4826666666666667,0.517,1000,1500,0.5384663331590496,en,target_fpr,,,0.6695652173913044,-0.002878456785471939,native,toxicity,encoder_e5_small,EXP-004
fr,few_label_8_strat,0.5316131011961202,0.18016025352138276,25,0.7069141068683105,0.09287193529613692,0.11231958762886597,0.37187845303867406,0.8585703681570009,0.6281215469613259,0.36128,0.6281215469613259,False,False,0.878889118300393,0.4826666666666667,0.517,1000,1500,0.5384663331590496,en,target_fpr,,,0.6695652173913044,-0.0373488894770061,native,toxicity,encoder_e5_small,EXP-004
fr,few_label_8_rand,0.5296594105044069,0.18781190796761155,25,0.7026156877544362,0.10588303159680384,0.11726804123711339,0.3729281767955801,0.8584723961993659,0.6270718232044199,0.36333333333333334,0.6270718232044199,False,False,0.878889118300393,0.4826666666666667,0.517,1000,1500,0.5384663331590496,en,target_fpr,,,0.6695652173913044,-0.0330504703631318,native,toxicity,encoder_e5_small,EXP-004
fr,few_label_16_strat,0.6363868044234129,0.2196614672421142,25,0.5979507296644399,0.21425917429727884,0.07716494845360825,0.49364640883977906,0.8916922517747714,0.5063535911602209,0.28431999999999996,0.5063535911602209,False,False,0.878889118300393,0.4826666666666667,0.517,1000,1500,0.5384663331590496,en,target_fpr,,,0.6695652173913044,0.07161448772686452,native,toxicity,encoder_e5_small,EXP-004
fr,few_label_16_rand,0.5841895896361333,0.22314789440359564,25,0.6389767953043398,0.18384809307635908,0.09922680412371132,0.44132596685082875,0.8740454078071427,0.5586740331491713,0.32098666666666664,0.5586740331491713,False,False,0.878889118300393,0.4826666666666667,0.517,1000,1500,0.5384663331590496,en,target_fpr,,,0.6695652173913044,0.03058842208696455,native,toxicity,encoder_e5_small,EXP-004
fr,few_label_32_strat,0.6541835696819251,0.17571547628580608,25,0.6118064613343271,0.18220873715967884,0.06572164948453608,0.4972375690607735,0.898044964173181,0.5027624309392266,0.27666666666666667,0.5027624309392266,False,False,0.878889118300393,0.4826666666666667,0.517,1000,1500,0.5384663331590496,en,target_fpr,,,0.6695652173913044,0.05775875605697722,native,toxicity,encoder_e5_small,EXP-004
fr,few_label_32_rand,0.7355941593432107,0.15998867644974005,25,0.526257216808257,0.2178393416003343,0.04335051546391752,0.590939226519337,0.9198695629423916,0.409060773480663,0.21986666666666665,0.409060773480663,False,False,0.878889118300393,0.4826666666666667,0.517,1000,1500,0.5384663331590496,en,target_fpr,,,0.6695652173913044,0.14330800058304738,native,toxicity,encoder_e5_small,EXP-004
fr,few_label_64_strat,0.6451819742574636,0.15174018183929824,25,0.6397564159878101,0.13769580487598043,0.06489690721649484,0.47723756906077347,0.8964802711413349,0.5227624309392265,0.28589333333333333,0.5227624309392265,False,False,0.878889118300393,0.4826666666666667,0.517,1000,1500,0.5384663331590496,en,target_fpr,,,0.6695652173913044,0.02980880140349429,native,toxicity,encoder_e5_small,EXP-004
fr,few_label_64_rand,0.6734949447226264,0.1720007585165642,25,0.597808143774495,0.17412050778995064,0.05979381443298969,0.5172375690607734,0.9046213410377285,0.4827624309392265,0.2639466666666667,0.4827624309392265,False,False,0.878889118300393,0.4826666666666667,0.517,1000,1500,0.5384663331590496,en,target_fpr,,,0.6695652173913044,0.07175707361680939,native,toxicity,encoder_e5_small,EXP-004
fr,few_label_128_strat,0.6419386278225475,0.0901879033643922,25,0.6691104901534466,0.06930913513709415,0.061546391752577326,0.45828729281767955,0.8959567605725064,0.5417127071823205,0.29330666666666666,0.5417127071823205,False,False,0.878889118300393,0.4826666666666667,0.517,1000,1500,0.5384663331590496,en,target_fpr,,,0.6695652173913044,0.00045472723785777713,native,toxicity,encoder_e5_small,EXP-004
fr,few_label_128_rand,0.608575328177494,0.08510641028671857,25,0.6949560509358256,0.048008762757640204,0.06958762886597938,0.4241436464088397,0.8884219309565792,0.5758563535911603,0.31394666666666665,0.5758563535911603,False,False,0.878889118300393,0.4826666666666667,0.517,1000,1500,0.5384663331590496,en,target_fpr,,,0.6695652173913044,-0.025390833544521207,native,toxicity,encoder_e5_small,EXP-004
fr,few_label_256_strat,0.6354623880656787,0.0789520433052318,25,0.6768323020286118,0.050827122313511,0.06262886597938144,0.4504972375690607,0.8940970486853071,0.5495027624309393,0.2976266666666667,0.5495027624309393,False,False,0.878889118300393,0.4826666666666667,0.517,1000,1500,0.5384663331590496,en,target_fpr,,,0.6695652173913044,-0.007267084637307408,native,toxicity,encoder_e5_small,EXP-004
fr,few_label_256_rand,0.66017096722221,0.068330742404458,25,0.663773231689275,0.044005289000388824,0.056288659793814436,0.4706077348066298,0.89993191769663,0.5293922651933701,0.28464,0.5293922651933701,False,False,0.878889118300393,0.4826666666666667,0.517,1000,1500,0.5384663331590496,en,target_fpr,,,0.6695652173913044,0.005791985702029323,native,toxicity,encoder_e5_small,EXP-004
fr,target_full,0.6630187842025406,0.0,1,0.6695652173913044,0.0,0.05283505154639175,0.468232044198895,0.903755868544601,0.5317679558011049,0.284,0.5317679558011049,False,False,0.878889118300393,0.4826666666666667,0.517,1000,1500,0.5384663331590496,en,target_fpr,0.6372029704153515,0.697286983641285,0.6695652173913044,0.0,native,toxicity,encoder_e5_small,EXP-004
fr,test_oracle_unachievable,0.6786625122034062,0.0,1,0.6572687224669603,0.0,0.04896907216494845,0.48480662983425415,0.9075425790754258,0.5151933701657458,0.274,0.5151933701657458,False,False,0.878889118300393,0.4826666666666667,0.517,1000,1500,0.5384663331590496,en,target_fpr,,,0.6695652173913044,0.012296494924344037,native,toxicity,encoder_e5_small,EXP-004
he,fixed_half,0.5,0.0,1,0.4262295081967213,0.0,0.14864864864864866,0.6652360515021459,0.5864661654135338,0.33476394849785407,0.22056384742951907,0.33476394849785407,False,False,0.6605266210416425,0.3864013266998342,0.43283582089552236,402,603,0.5384663331590496,en,target_fpr,,,0.13688212927756654,-0.28934737891915474,native,toxicity,encoder_e5_small,EXP-004
he,source_global,0.5384663331590496,0.0,1,0.38746438746438744,0.0,0.13513513513513514,0.7081545064377682,0.576271186440678,0.2918454935622318,0.1956882255389718,0.2918454935622318,False,False,0.6605266210416425,0.3864013266998342,0.43283582089552236,402,603,0.5384663331590496,en,target_fpr,0.3255935422602089,0.45450960948198516,0.13688212927756654,-0.2505822581868209,native,toxicity,encoder_e5_small,EXP-004
he,quantile_match,0.2580778423096219,0.0,1,0.5389221556886228,0.0,0.35945945945945945,0.4206008583690987,0.503731343283582,0.5793991416309013,0.4444444444444444,0.5793991416309013,False,False,0.6605266210416425,0.3864013266998342,0.43283582089552236,402,603,0.5384663331590496,en,target_fpr,,,0.13688212927756654,-0.40204002641105624,native,toxicity,encoder_e5_small,EXP-004
he,sld_em,0.976599042900295,0.0,1,0.0,0.0,0.0,1.0,0.0,0.0,0.0,0.0,True,False,0.6605266210416425,0.3864013266998342,0.43283582089552236,402,603,0.5384663331590496,en,target_fpr,,,0.13688212927756654,0.13688212927756654,native,toxicity,encoder_e5_small,EXP-004
he,bbse,0.8173326496006658,0.0,1,0.13127413127413126,0.0,0.024324324324324326,0.927038626609442,0.6538461538461539,0.07296137339055794,0.04311774461028192,0.07296137339055794,False,False,0.6605266210416425,0.3864013266998342,0.43283582089552236,402,603,0.5384663331590496,en,target_fpr,,,0.13688212927756654,0.005607998003435283,native,toxicity,encoder_e5_small,EXP-004
he,few_label_8_strat,0.6401493090339488,0.23305046273788438,25,0.27653366433476395,0.18865504593507681,0.11762162162162162,0.7694420600858369,0.6594678249355549,0.2305579399141631,0.1612603648424544,0.2305579399141631,False,False,0.6605266210416425,0.3864013266998342,0.43283582089552236,402,603,0.5384663331590496,en,target_fpr,,,0.13688212927756654,-0.1396515350571974,native,toxicity,encoder_e5_small,EXP-004
he,few_label_8_rand,0.7539488144587929,0.1650649741346035,25,0.19299592542038302,0.15154102774674233,0.05881081081081081,0.8633476394849785,0.6982217601478079,0.13665236051502147,0.0888888888888889,0.13665236051502147,False,False,0.6605266210416425,0.3864013266998342,0.43283582089552236,402,603,0.5384663331590496,en,target_fpr,,,0.13688212927756654,-0.056113796142816474,native,toxicity,encoder_e5_small,EXP-004
he,few_label_16_strat,0.7358682979557769,0.18851105049280123,25,0.20599865893796307,0.16963977171068406,0.06583783783783784,0.8490987124463522,0.7290497968952852,0.1509012875536481,0.09870646766169155,0.1509012875536481,False,False,0.6605266210416425,0.3864013266998342,0.43283582089552236,402,603,0.5384663331590496,en,target_fpr,,,0.13688212927756654,-0.06911652966039653,native,toxicity,encoder_e5_small,EXP-004
he,few_label_16_rand,0.7231155915007412,0.16330073256306654,25,0.2218089386778854,0.1526936170775508,0.06572972972972974,0.8436051502145923,0.679166370772338,0.15639484978540774,0.10076285240464346,0.15639484978540774,False,False,0.6605266210416425,0.3864013266998342,0.43283582089552236,402,603,0.5384663331590496,en,target_fpr,,,0.13688212927756654,-0.08492680940031885,native,toxicity,encoder_e5_small,EXP-004
he,few_label_32_strat,0.8291004714343315,0.11623229627235732,25,0.11960824387306745,0.11924422084886736,0.027135135135135137,0.9241201716738198,0.746138056486769,0.07587982832618026,0.04597014925373134,0.07587982832618026,False,False,0.6605266210416425,0.3864013266998342,0.43283582089552236,402,603,0.5384663331590496,en,target_fpr,,,0.13688212927756654,0.01727388540449909,native,toxicity,encoder_e5_small,EXP-004
he,few_label_32_rand,0.7986695086613506,0.13109345169881864,25,0.15413174149806794,0.13610696265863712,0.0387027027027027,0.8992274678111588,0.7351159611034508,0.10077253218884119,0.06268656716417911,0.10077253218884119,False,False,0.6605266210416425,0.3864013266998342,0.43283582089552236,402,603,0.5384663331590496,en,target_fpr,,,0.13688212927756654,-0.017249612220501392,native,toxicity,encoder_e5_small,EXP-004
he,few_label_64_strat,0.826595330591585,0.09103881837017747,25,0.12835843288650337,0.09979886526070574,0.02735135135135135,0.922403433476395,0.7144152407190935,0.07759656652360515,0.04676616915422886,0.07759656652360515,False,False,0.6605266210416425,0.3864013266998342,0.43283582089552236,402,603,0.5384663331590496,en,target_fpr,,,0.13688212927756654,0.008523696391063179,native,toxicity,encoder_e5_small,EXP-004
he,few_label_64_rand,0.8302632736497015,0.09373653733361992,25,0.12486477012195416,0.10424815611098985,0.025945945945945948,0.9241201716738198,0.7383120863013815,0.07587982832618026,0.045240464344941944,0.07587982832618026,False,False,0.6605266210416425,0.3864013266998342,0.43283582089552236,402,603,0.5384663331590496,en,target_fpr,,,0.13688212927756654,0.01201735915561239,native,toxicity,encoder_e5_small,EXP-004
he,few_label_128_strat,0.7924765480081046,0.08492059075560279,25,0.16445839544706847,0.094634581767133,0.0372972972972973,0.8993991416309014,0.6700676679453411,0.1006008583690987,0.06175787728026534,0.1006008583690987,False,False,0.6605266210416425,0.3864013266998342,0.43283582089552236,402,603,0.5384663331590496,en,target_fpr,,,0.13688212927756654,-0.02757626616950193,native,toxicity,encoder_e5_small,EXP-004
he,few_label_128_rand,0.8229149540102908,0.07410634377786529,25,0.1306006448196595,0.08449008480433448,0.02691891891891892,0.9229184549356223,0.6979463942700357,0.07708154506437767,0.046301824212271976,0.07708154506437767,False,False,0.6605266210416425,0.3864013266998342,0.43283582089552236,402,603,0.5384663331590496,en,target_fpr,,,0.13688212927756654,0.0062814844579070495,native,toxicity,encoder_e5_small,EXP-004
he,few_label_256_strat,0.8053312584073389,0.03559672065771373,25,0.14945985088114616,0.04742357048733572,0.03102702702702703,0.9139914163090128,0.6395606892851963,0.08600858369098711,0.05227197346600332,0.08600858369098711,False,False,0.6605266210416425,0.3864013266998342,0.43283582089552236,402,603,0.5384663331590496,en,target_fpr,,,0.13688212927756654,-0.012577721603579617,native,toxicity,encoder_e5_small,EXP-004
he,few_label_256_rand,0.8209349168878866,0.03743390861419062,25,0.1327929197875974,0.04713723458275637,0.027027027027027032,0.9246351931330473,0.64807678987679,0.0753648068669528,0.04570480928689884,0.0753648068669528,False,False,0.6605266210416425,0.3864013266998342,0.43283582089552236,402,603,0.5384663331590496,en,target_fpr,,,0.13688212927756654,0.004089209489969131,native,toxicity,encoder_e5_small,EXP-004
he,target_full,0.8123354335985798,0.0,1,0.13688212927756654,0.0,0.032432432432432434,0.9227467811158798,0.6,0.07725321888412018,0.04975124378109453,0.07725321888412018,False,False,0.6605266210416425,0.3864013266998342,0.43283582089552236,402,603,0.5384663331590496,en,target_fpr,0.08080524344569288,0.19587601078167113,0.13688212927756654,0.0,native,toxicity,encoder_e5_small,EXP-004
he,test_oracle_unachievable,0.7410594073938679,0.0,1,0.24475524475524474,0.0,0.04864864864864865,0.8497854077253219,0.660377358490566,0.15021459227467812,0.087893864013267,0.15021459227467812,False,False,0.6605266210416425,0.3864013266998342,0.43283582089552236,402,603,0.5384663331590496,en,target_fpr,,,0.13688212927756654,-0.1078731154776782,native,toxicity,encoder_e5_small,EXP-004
hi,fixed_half,0.5,0.0,1,0.2863534675615213,0.0,0.020026702269692925,0.829560585885486,0.8951048951048951,0.170439414114514,0.09533333333333334,0.170439414114514,False,False,0.7875551778758718,0.5006666666666667,0.519,1000,1500,0.5384663331590496,en,target_fpr,,,0.344017094017094,0.057663626455572714,native,toxicity,encoder_e5_small,EXP-004
hi,source_global,0.5384663331590496,0.0,1,0.2517162471395881,0.0,0.017356475300400534,0.8535286284953395,0.8943089430894309,0.14647137150466044,0.082,0.14647137150466044,False,False,0.7875551778758718,0.5006666666666667,0.519,1000,1500,0.5384663331590496,en,target_fpr,0.22064399154795175,0.290305069124424,0.344017094017094,0.0923008468775059,native,toxicity,encoder_e5_small,EXP-004
hi,quantile_match,0.10759133070431275,0.0,1,0.6980999296270232,0.0,0.23230974632843793,0.3395472703062583,0.7402985074626866,0.6604527296937417,0.44666666666666666,0.6604527296937417,False,False,0.7875551778758718,0.5006666666666667,0.519,1000,1500,0.5384663331590496,en,target_fpr,,,0.344017094017094,-0.35408283560992915,native,toxicity,encoder_e5_small,EXP-004
hi,sld_em,0.9999990395590157,0.0,1,0.0,0.0,0.0,1.0,0.0,0.0,0.0,0.0,True,False,0.7875551778758718,0.5006666666666667,0.519,1000,1500,0.5384663331590496,en,target_fpr,,,0.344017094017094,0.344017094017094,native,toxicity,encoder_e5_small,EXP-004
hi,bbse,0.9473341021219688,0.0,1,0.010596026490066227,0.0,0.0,0.9946737683089214,1.0,0.005326231691078562,0.0026666666666666666,0.005326231691078562,True,False,0.7875551778758718,0.5006666666666667,0.519,1000,1500,0.5384663331590496,en,target_fpr,,,0.344017094017094,0.33342106752702777,native,toxicity,encoder_e5_small,EXP-004
hi,few_label_8_strat,0.3382428017703443,0.20926390156321684,25,0.4491990835219224,0.20378893705230294,0.10921228304405874,0.6365912117177096,0.8228594360505633,0.3634087882822903,0.23648,0.3634087882822903,False,False,0.7875551778758718,0.5006666666666667,0.519,1000,1500,0.5384663331590496,en,target_fpr,,,0.344017094017094,-0.10518198950482838,native,toxicity,encoder_e5_small,EXP-004
hi,few_label_8_rand,0.3093402819682125,0.21191075193592182,25,0.4792607405180055,0.2047520233550502,0.14029372496662218,0.5899334221038616,0.8119033572716882,0.4100665778961385,0.27536,0.4100665778961385,False,False,0.7875551778758718,0.5006666666666667,0.519,1000,1500,0.5384663331590496,en,target_fpr,,,0.344017094017094,-0.13524364650091147,native,toxicity,encoder_e5_small,EXP-004
hi,few_label_16_strat,0.3254100823373104,0.19030782415305275,25,0.45906279983805376,0.17793700390810926,0.09805073431241654,0.6431957390146471,0.8250099475451159,0.35680426098535295,0.22759999999999997,0.35680426098535295,False,False,0.7875551778758718,0.5006666666666667,0.519,1000,1500,0.5384663331590496,en,target_fpr,,,0.344017094017094,-0.11504570582095974,native,toxicity,encoder_e5_small,EXP-004
hi,few_label_16_rand,0.4282302714680293,0.2401351977031741,25,0.37077522207870656,0.21510975873941038,0.07791722296395194,0.7145139813581892,0.8573054316287293,0.28548601864181095,0.18184,0.28548601864181095,False,False,0.7875551778758718,0.5006666666666667,0.519,1000,1500,0.5384663331590496,en,target_fpr,,,0.344017094017094,-0.02675812806161254,native,toxicity,encoder_e5_small,EXP-004
hi,few_label_32_strat,0.5368415550010924,0.1962685547404485,25,0.2673230078977171,0.15086659064833724,0.027449933244325767,0.8299334221038615,0.8978592423802334,0.17006657789613847,0.09885333333333333,0.17006657789613847,False,False,0.7875551778758718,0.5006666666666667,0.519,1000,1500,0.5384663331590496,en,target_fpr,,,0.344017094017094,0.07669408611937689,native,toxicity,encoder_e5_small,EXP-004
hi,few_label_32_rand,0.5604834895220724,0.22896498433503856,25,0.25755969113640564,0.19045418508155207,0.0363150867823765,0.8226364846870838,0.904559376001676,0.1773635153129161,0.10693333333333334,0.1773635153129161,False,False,0.7875551778758718,0.5006666666666667,0.519,1000,1500,0.5384663331590496,en,target_fpr,,,0.344017094017094,0.08645740288068837,native,toxicity,encoder_e5_small,EXP-004
hi,few_label_64_strat,0.4694095689070268,0.18922432069885706,25,0.32158283874815863,0.1531641325760248,0.03951935914552737,0.7866844207723035,0.8793775786257723,0.2133155792276964,0.12653333333333333,0.2133155792276964,False,False,0.7875551778758718,0.5006666666666667,0.519,1000,1500,0.5384663331590496,en,target_fpr,,,0.344017094017094,0.022434255268935388,native,toxicity,encoder_e5_small,EXP-004
hi,few_label_64_rand,0.39714942881352544,0.14382876978167908,25,0.3801554271117012,0.13319572448247333,0.05303070761014687,0.7394940079893476,0.8574333512637671,0.2605059920106525,0.15690666666666664,0.2605059920106525,False,False,0.7875551778758718,0.5006666666666667,0.519,1000,1500,0.5384663331590496,en,target_fpr,,,0.344017094017094,-0.03613833309460718,native,toxicity,encoder_e5_small,EXP-004
hi,few_label_128_strat,0.4152841111323038,0.08405472992111011,25,0.35399018043150554,0.07395220663287949,0.037543391188251,0.7734221038615181,0.8655204732367464,0.226577896138482,0.13218666666666667,0.226577896138482,False,False,0.7875551778758718,0.5006666666666667,0.519,1000,1500,0.5384663331590496,en,target_fpr,,,0.344017094017094,-0.009973086414411525,native,toxicity,encoder_e5_small,EXP-004
hi,few_label_128_rand,0.43257522819799776,0.10529500035569647,25,0.3441010984568091,0.0905633242179747,0.036048064085447265,0.7796005326231691,0.8713050613801157,0.2203994673768309,0.1283466666666667,0.2203994673768309,False,False,0.7875551778758718,0.5006666666666667,0.519,1000,1500,0.5384663331590496,en,target_fpr,,,0.344017094017094,-8.400443971506855e-05,native,toxicity,encoder_e5_small,EXP-004
hi,few_label_256_strat,0.42141669363040934,0.07015808448056023,25,0.3489975844750897,0.06216676339893503,0.035727636849132174,0.7785352862849533,0.8674075379282244,0.2214647137150466,0.12872,0.2214647137150466,False,False,0.7875551778758718,0.5006666666666667,0.519,1000,1500,0.5384663331590496,en,target_fpr,,,0.344017094017094,-0.004980490457995701,native,toxicity,encoder_e5_small,EXP-004
hi,few_label_256_rand,0.4194871932156412,0.07928385312630337,25,0.3511916968915891,0.0711457397707365,0.03615487316421896,0.7761384820239681,0.8674635177611856,0.22386151797603193,0.13013333333333332,0.22386151797603193,False,False,0.7875551778758718,0.5006666666666667,0.519,1000,1500,0.5384663331590496,en,target_fpr,,,0.344017094017094,-0.007174602874495062,native,toxicity,encoder_e5_small,EXP-004
hi,target_full,0.4255898497916707,0.0,1,0.344017094017094,0.0,0.03204272363150868,0.7856191744340879,0.8702702702702703,0.21438082556591212,0.12333333333333334,0.21438082556591212,False,False,0.7875551778758718,0.5006666666666667,0.519,1000,1500,0.5384663331590496,en,target_fpr,0.30909682323166915,0.3834679487179487,0.344017094017094,0.0,native,toxicity,encoder_e5_small,EXP-004
hi,test_oracle_unachievable,0.3564855060434322,0.0,1,0.4064711830131446,0.0,0.049399198931909215,0.7323568575233023,0.8445378151260504,0.26764314247669774,0.15866666666666668,0.26764314247669774,False,False,0.7875551778758718,0.5006666666666667,0.519,1000,1500,0.5384663331590496,en,target_fpr,,,0.344017094017094,-0.062454088996050594,native,toxicity,encoder_e5_small,EXP-004
hin,fixed_half,0.5,0.0,1,0.1728723404255319,0.0,0.02511773940345369,0.9031296572280179,0.8024691358024691,0.09687034277198212,0.06192660550458716,0.09687034277198212,False,False,0.6642362321519231,0.5129969418960245,0.4868270332187858,873,1308,0.5384663331590496,en,target_fpr,,,0.25495049504950495,0.08207815462397305,native,toxicity,encoder_e5_small,EXP-004
hin,source_global,0.5384663331590496,0.0,1,0.14382632293080053,0.0,0.02040816326530612,0.9210134128166915,0.803030303030303,0.07898658718330849,0.05045871559633028,0.07898658718330849,False,False,0.6642362321519231,0.5129969418960245,0.4868270332187858,873,1308,0.5384663331590496,en,target_fpr,0.11272581432656763,0.17567888448689356,0.25495049504950495,0.11112417211870443,native,toxicity,encoder_e5_small,EXP-004
hin,quantile_match,0.11350581348839596,0.0,1,0.6079632465543644,0.0,0.37362637362637363,0.4083457526080477,0.6251968503937008,0.5916542473919523,0.48547400611620795,0.5916542473919523,False,False,0.6642362321519231,0.5129969418960245,0.4868270332187858,873,1308,0.5384663331590496,en,target_fpr,,,0.25495049504950495,-0.35301275150485945,native,toxicity,encoder_e5_small,EXP-004
hin,sld_em,0.9999990395590157,0.0,1,0.0,0.0,0.0,1.0,0.0,0.0,0.0,0.0,True,False,0.6642362321519231,0.5129969418960245,0.4868270332187858,873,1308,0.5384663331590496,en,target_fpr,,,0.25495049504950495,0.25495049504950495,native,toxicity,encoder_e5_small,EXP-004
hin,bbse,0.9954486106832905,0.0,1,0.002976190476190476,0.0,0.0,0.9985096870342772,1.0,0.0014903129657228018,0.0007645259938837921,0.0014903129657228018,True,False,0.6642362321519231,0.5129969418960245,0.4868270332187858,873,1308,0.5384663331590496,en,target_fpr,,,0.25495049504950495,0.2519743045733145,native,toxicity,encoder_e5_small,EXP-004
hin,few_label_8_strat,0.3545101256390194,0.17191767484568282,25,0.3256532212033642,0.16032278382127263,0.11529042386185244,0.761311475409836,0.7381089078614421,0.23868852459016396,0.1785932721712538,0.23868852459016396,False,False,0.6642362321519231,0.5129969418960245,0.4868270332187858,873,1308,0.5384663331590496,en,target_fpr,,,0.25495049504950495,-0.07070272615385925,native,toxicity,encoder_e5_small,EXP-004
hin,few_label_8_rand,0.29634177361795117,0.1650042277504913,25,0.3866306124183586,0.1705493220029801,0.17073783359497646,0.6864381520119225,0.7142810798423342,0.3135618479880775,0.24400611620795107,0.3135618479880775,False,False,0.6642362321519231,0.5129969418960245,0.4868270332187858,873,1308,0.5384663331590496,en,target_fpr,,,0.25495049504950495,-0.13168011736885366,native,toxicity,encoder_e5_small,EXP-004
hin,few_label_16_strat,0.3991751438722318,0.1707847282932861,25,0.2828033808873902,0.1482200600621454,0.08320251177394035,0.8056631892697466,0.7666128533208297,0.19433681073025333,0.14021406727828745,0.19433681073025333,False,False,0.6642362321519231,0.5129969418960245,0.4868270332187858,873,1308,0.5384663331590496,en,target_fpr,,,0.25495049504950495,-0.027852885837885255,native,toxicity,encoder_e5_small,EXP-004
hin,few_label_16_rand,0.35949330901169757,0.22609208968221106,25,0.33916222110856503,0.19212614175007817,0.1403453689167975,0.7352608047690015,0.7311007894406049,0.26473919523099854,0.20415902140672784,0.26473919523099854,False,False,0.6642362321519231,0.5129969418960245,0.4868270332187858,873,1308,0.5384663331590496,en,target_fpr,,,0.25495049504950495,-0.08421172605906008,native,toxicity,encoder_e5_small,EXP-004
hin,few_label_32_strat,0.5118334012368958,0.1996507105881496,25,0.19837790037654507,0.13279114618046226,0.04408163265306122,0.8753502235469448,0.8190167642664906,0.12464977645305514,0.08541284403669726,0.12464977645305514,False,False,0.6642362321519231,0.5129969418960245,0.4868270332187858,873,1308,0.5384663331590496,en,target_fpr,,,0.25495049504950495,0.056572594672959886,native,toxicity,encoder_e5_small,EXP-004
hin,few_label_32_rand,0.5299578349098776,0.16067894118280657,25,0.17345911226974406,0.11353688198328891,0.034348508634222924,0.8945454545454545,0.8289398795942702,0.10545454545454545,0.07082568807339448,0.10545454545454545,False,False,0.6642362321519231,0.5129969418960245,0.4868270332187858,873,1308,0.5384663331590496,en,target_fpr,,,0.25495049504950495,0.0814913827797609,native,toxicity,encoder_e5_small,EXP-004
hin,few_label_64_strat,0.43898414281682774,0.15194160498841922,25,0.24165283503179627,0.12364019915450168,0.05770800627943485,0.8450074515648286,0.7889383341385855,0.1549925484351714,0.10761467889908256,0.1549925484351714,False,False,0.6642362321519231,0.5129969418960245,0.4868270332187858,873,1308,0.5384663331590496,en,target_fpr,,,0.25495049504950495,0.013297660017708685,native,toxicity,encoder_e5_small,EXP-004
hin,few_label_64_rand,0.46500253974896383,0.1700670368491261,25,0.22474825508950436,0.12990653413561015,0.05224489795918367,0.8568107302533532,0.8047564106895284,0.14318926974664678,0.09889908256880733,0.14318926974664678,False,False,0.6642362321519231,0.5129969418960245,0.4868270332187858,873,1308,0.5384663331590496,en,target_fpr,,,0.25495049504950495,0.0302022399600006,native,toxicity,encoder_e5_small,EXP-004
hin,few_label_128_strat,0.45130039874107625,0.08764946793945483,25,0.21438489608261835,0.07201566771363313,0.041255886970172684,0.8721311475409835,0.7797393649501959,0.1278688524590164,0.08568807339449541,0.1278688524590164,False,False,0.6642362321519231,0.5129969418960245,0.4868270332187858,873,1308,0.5384663331590496,en,target_fpr,,,0.25495049504950495,0.04056559896688661,native,toxicity,encoder_e5_small,EXP-004
hin,few_label_128_rand,0.42446800533527296,0.07818150316934187,25,0.23270888571461015,0.061410209139778994,0.046153846153846156,0.8604470938897169,0.7698422846377625,0.13955290611028315,0.09406727828746178,0.13955290611028315,False,False,0.6642362321519231,0.5129969418960245,0.4868270332187858,873,1308,0.5384663331590496,en,target_fpr,,,0.25495049504950495,0.022241609334894802,native,toxicity,encoder_e5_small,EXP-004
hin,few_label_256_strat,0.40804096161401743,0.06600517836459278,25,0.2444451275576639,0.05423950263017723,0.0495447409733124,0.8525186289120715,0.7634118699397022,0.14748137108792847,0.09978593272171253,0.14748137108792847,False,False,0.6642362321519231,0.5129969418960245,0.4868270332187858,873,1308,0.5384663331590496,en,target_fpr,,,0.25495049504950495,0.010505367491841056,native,toxicity,encoder_e5_small,EXP-004
hin,few_label_256_rand,0.3917048608103672,0.042655784281626405,25,0.25584500053158815,0.03424033238794889,0.053375196232339085,0.8451862891207154,0.755729150206598,0.15481371087928464,0.10541284403669725,0.15481371087928464,False,False,0.6642362321519231,0.5129969418960245,0.4868270332187858,873,1308,0.5384663331590496,en,target_fpr,,,0.25495049504950495,-0.0008945054820831966,native,toxicity,encoder_e5_small,EXP-004
hin,target_full,0.392184271423197,0.0,1,0.25495049504950495,0.0,0.05337519623233909,0.8464977645305514,0.7518248175182481,0.15350223546944858,0.10474006116207951,0.15350223546944858,False,False,0.6642362321519231,0.5129969418960245,0.4868270332187858,873,1308,0.5384663331590496,en,target_fpr,0.22235126324368376,0.2965524374615284,0.25495049504950495,0.0,native,toxicity,encoder_e5_small,EXP-004
hin,test_oracle_unachievable,0.39789765910486863,0.0,1,0.25187032418952615,0.0,0.04709576138147567,0.849478390461997,0.7709923664122137,0.15052160953800298,0.10015290519877676,0.15052160953800298,False,False,0.6642362321519231,0.5129969418960245,0.4868270332187858,873,1308,0.5384663331590496,en,target_fpr,,,0.25495049504950495,0.0030801708599788036,native,toxicity,encoder_e5_small,EXP-004
it,fixed_half,0.5,0.0,1,0.43495145631067955,0.0,0.09635416666666667,0.6939890710382514,0.7516778523489933,0.30601092896174864,0.19866666666666666,0.30601092896174864,False,False,0.7304651923952641,0.488,0.497,1000,1500,0.5384663331590496,en,target_fpr,,,0.38883143743536713,-0.04612001887531242,native,toxicity,encoder_e5_small,EXP-004
it,source_global,0.5384663331590496,0.0,1,0.42168674698795183,0.0,0.0703125,0.7131147540983607,0.7954545454545454,0.28688524590163933,0.176,0.28688524590163933,False,False,0.7304651923952641,0.488,0.497,1000,1500,0.5384663331590496,en,target_fpr,0.3816847604579644,0.4626590455754352,0.38883143743536713,-0.0328553095525847,native,toxicity,encoder_e5_small,EXP-004
it,quantile_match,0.19453197158669613,0.0,1,0.6662216288384513,0.0,0.34765625,0.31830601092896177,0.6514360313315927,0.6816939890710383,0.5106666666666667,0.6816939890710383,False,False,0.7304651923952641,0.488,0.497,1000,1500,0.5384663331590496,en,target_fpr,,,0.38883143743536713,-0.27739019140308413,native,toxicity,encoder_e5_small,EXP-004
it,sld_em,0.9882478280752589,0.0,1,0.002728512960436562,0.0,0.0,0.9986338797814208,1.0,0.001366120218579235,0.0006666666666666666,0.001366120218579235,True,False,0.7304651923952641,0.488,0.497,1000,1500,0.5384663331590496,en,target_fpr,,,0.38883143743536713,0.38610292447493055,native,toxicity,encoder_e5_small,EXP-004
it,bbse,0.8639905314621408,0.0,1,0.11011523687580026,0.0,0.0078125,0.9412568306010929,0.8775510204081632,0.05874316939890711,0.03266666666666666,0.05874316939890711,False,False,0.7304651923952641,0.488,0.497,1000,1500,0.5384663331590496,en,target_fpr,,,0.38883143743536713,0.27871620055956686,native,toxicity,encoder_e5_small,EXP-004
it,few_label_8_strat,0.4768945564017036,0.19205163124274133,25,0.4507789119616715,0.15076633202493234,0.14359375,0.6356284153005465,0.7545742755143792,0.3643715846994536,0.25133333333333335,0.3643715846994536,False,False,0.7304651923952641,0.488,0.497,1000,1500,0.5384663331590496,en,target_fpr,,,0.38883143743536713,-0.06194747452630439,native,toxicity,encoder_e5_small,EXP-004
it,few_label_8_rand,0.40076493049630707,0.22117096898467875,25,0.5044578965895543,0.17314207079441987,0.20692708333333332,0.546448087431694,0.723123449955018,0.453551912568306,0.32728,0.453551912568306,False,False,0.7304651923952641,0.488,0.497,1000,1500,0.5384663331590496,en,target_fpr,,,0.38883143743536713,-0.11562645915418718,native,toxicity,encoder_e5_small,EXP-004
it,few_label_16_strat,0.5177351879334331,0.1948533182963213,25,0.4191238848746863,0.15904091631527942,0.11828125,0.6747540983606557,0.7697981261078795,0.32524590163934425,0.21927999999999997,0.32524590163934425,False,False,0.7304651923952641,0.488,0.497,1000,1500,0.5384663331590496,en,target_fpr,,,0.38883143743536713,-0.030292447439319192,native,toxicity,encoder_e5_small,EXP-004
it,few_label_16_rand,0.5534634322533346,0.19659271729618794,25,0.38865725659126066,0.1578629147454816,0.10645833333333334,0.7022950819672131,0.7844594823413965,0.29770491803278687,0.19978666666666667,0.29770491803278687,False,False,0.7304651923952641,0.488,0.497,1000,1500,0.5384663331590496,en,target_fpr,,,0.38883143743536713,0.00017418084410647516,native,toxicity,encoder_e5_small,EXP-004
it,few_label_32_strat,0.6436046233243286,0.14978341149092858,25,0.3147689857950839,0.1321720294419277,0.055625,0.7901639344262295,0.8198000706417352,0.20983606557377052,0.13088,0.20983606557377052,False,False,0.7304651923952641,0.488,0.497,1000,1500,0.5384663331590496,en,target_fpr,,,0.38883143743536713,0.07406245164028324,native,toxicity,encoder_e5_small,EXP-004
it,few_label_32_rand,0.5961450592642057,0.143767736740605,25,0.35521119009534824,0.12814074060124847,0.06786458333333333,0.7572677595628415,0.8007368862628728,0.2427322404371585,0.1532,0.2427322404371585,False,False,0.7304651923952641,0.488,0.497,1000,1500,0.5384663331590496,en,target_fpr,,,0.38883143743536713,0.033620247340018894,native,toxicity,encoder_e5_small,EXP-004
it,few_label_64_strat,0.5902652950767149,0.10161432131860407,25,0.3658598871230392,0.08773277583938371,0.06380208333333333,0.7551912568306011,0.798520654142418,0.2448087431693989,0.15213333333333334,0.2448087431693989,False,False,0.7304651923952641,0.488,0.497,1000,1500,0.5384663331590496,en,target_fpr,,,0.38883143743536713,0.02297155031232795,native,toxicity,encoder_e5_small,EXP-004
it,few_label_64_rand,0.5932109454926963,0.11333468691131558,25,0.3636027676652395,0.0997918228013146,0.06458333333333334,0.7553005464480874,0.800025524204628,0.24469945355191258,0.15248,0.24469945355191258,False,False,0.7304651923952641,0.488,0.497,1000,1500,0.5384663331590496,en,target_fpr,,,0.38883143743536713,0.02522866977012761,native,toxicity,encoder_e5_small,EXP-004
it,few_label_128_strat,0.5611697890543208,0.08463298305477247,25,0.3915457634590429,0.07091501691163143,0.07197916666666666,0.7338251366120216,0.7888554803228144,0.26617486338797813,0.16674666666666668,0.26617486338797813,False,False,0.7304651923952641,0.488,0.497,1000,1500,0.5384663331590496,en,target_fpr,,,0.38883143743536713,-0.0027143260236757727,native,toxicity,encoder_e5_small,EXP-004
it,few_label_128_rand,0.5748580111189627,0.08152656435646279,25,0.38112771584244703,0.06814523816623007,0.06828125000000002,0.7437158469945355,0.7902943026465478,0.2562841530054645,0.16002666666666665,0.2562841530054645,False,False,0.7304651923952641,0.488,0.497,1000,1500,0.5384663331590496,en,target_fpr,,,0.38883143743536713,0.007703721592920099,native,toxicity,encoder_e5_small,EXP-004
it,few_label_256_strat,0.5762353839632357,0.04918583811474995,25,0.38302111548547396,0.04185905716803337,0.06411458333333334,0.745792349726776,0.7938548386617267,0.25420765027322406,0.15688000000000002,0.25420765027322406,False,False,0.7304651923952641,0.488,0.497,1000,1500,0.5384663331590496,en,target_fpr,,,0.38883143743536713,0.005810321949893171,native,toxicity,encoder_e5_small,EXP-004
it,few_label_256_rand,0.5863575688990923,0.0459678370527358,25,0.3759906002982449,0.043985163358800476,0.059375,0.7526775956284153,0.8010593391505679,0.2473224043715847,0.15109333333333333,0.2473224043715847,False,False,0.7304651923952641,0.488,0.497,1000,1500,0.5384663331590496,en,target_fpr,,,0.38883143743536713,0.012840837137122252,native,toxicity,encoder_e5_small,EXP-004
it,target_full,0.5772923167298006,0.0,1,0.38883143743536713,0.0,0.061197916666666664,0.7431693989071039,0.8,0.2568306010928962,0.15666666666666668,0.2568306010928962,False,False,0.7304651923952641,0.488,0.497,1000,1500,0.5384663331590496,en,target_fpr,0.35416596567282926,0.4278827350767293,0.38883143743536713,0.0,native,toxicity,encoder_e5_small,EXP-004
it,test_oracle_unachievable,0.6275404051173781,0.0,1,0.3354978354978355,0.0,0.048177083333333336,0.7882513661202186,0.8072916666666666,0.21174863387978143,0.128,0.21174863387978143,False,False,0.7304651923952641,0.488,0.497,1000,1500,0.5384663331590496,en,target_fpr,,,0.38883143743536713,0.053333601937531616,native,toxicity,encoder_e5_small,EXP-004
ja,fixed_half,0.5,0.0,1,0.39593908629441626,0.0,0.06701708278580815,0.7361299052774019,0.7926829268292683,0.2638700947225981,0.164,0.2638700947225981,False,False,0.6977038616306797,0.49266666666666664,0.508,1000,1500,0.5384663331590496,en,target_fpr,,,0.32976445396145615,-0.06617463233296011,native,toxicity,encoder_e5_small,EXP-004
ja,source_global,0.5384663331590496,0.0,1,0.3347547974413646,0.0,0.05519053876478318,0.7875507442489851,0.7889447236180904,0.2124492557510149,0.13266666666666665,0.2124492557510149,False,False,0.6977038616306797,0.49266666666666664,0.508,1000,1500,0.5384663331590496,en,target_fpr,0.29419597422965393,0.373012097224001,0.32976445396145615,-0.0049903434799084545,native,toxicity,encoder_e5_small,EXP-004
ja,quantile_match,0.2008196849650505,0.0,1,0.6335227272727272,0.0,0.29303547963206306,0.39648173207036536,0.6666666666666666,0.6035182679296346,0.446,0.6035182679296346,False,False,0.6977038616306797,0.49266666666666664,0.508,1000,1500,0.5384663331590496,en,target_fpr,,,0.32976445396145615,-0.30375827331127103,native,toxicity,encoder_e5_small,EXP-004
ja,sld_em,0.9999990395590157,0.0,1,0.0,0.0,0.0,1.0,0.0,0.0,0.0,0.0,True,False,0.6977038616306797,0.49266666666666664,0.508,1000,1500,0.5384663331590496,en,target_fpr,,,0.32976445396145615,0.32976445396145615,native,toxicity,encoder_e5_small,EXP-004
ja,bbse,0.9141098204529605,0.0,1,0.013422818791946308,0.0,0.001314060446780552,0.993234100135318,0.8333333333333334,0.006765899864682003,0.004,0.006765899864682003,True,False,0.6977038616306797,0.49266666666666664,0.508,1000,1500,0.5384663331590496,en,target_fpr,,,0.32976445396145615,0.31634163516950986,native,toxicity,encoder_e5_small,EXP-004
ja,few_label_8_strat,0.4363594339606812,0.18535700811717948,25,0.4303076075311692,0.16217752551323333,0.1357687253613666,0.6565629228687416,0.7602202506925154,0.34343707713125854,0.23808000000000004,0.34343707713125854,False,False,0.6977038616306797,0.49266666666666664,0.508,1000,1500,0.5384663331590496,en,target_fpr,,,0.32976445396145615,-0.10054315356971305,native,toxicity,encoder_e5_small,EXP-004
ja,few_label_8_rand,0.37009178182242264,0.15547587712348673,25,0.4910290719271314,0.12577216142905281,0.17461235216819973,0.5907983761840324,0.7341939647102618,0.40920162381596753,0.2901866666666667,0.40920162381596753,False,False,0.6977038616306797,0.49266666666666664,0.508,1000,1500,0.5384663331590496,en,target_fpr,,,0.32976445396145615,-0.16126461796567526,native,toxicity,encoder_e5_small,EXP-004
ja,few_label_16_strat,0.4857073410964101,0.18973016706155865,25,0.3922141415009929,0.1711212659440024,0.10091984231274638,0.7028958051420838,0.7868892754571454,0.2971041948579161,0.19757333333333332,0.2971041948579161,False,False,0.6977038616306797,0.49266666666666664,0.508,1000,1500,0.5384663331590496,en,target_fpr,,,0.32976445396145615,-0.062449687539536725,native,toxicity,encoder_e5_small,EXP-004
ja,few_label_16_rand,0.4928131326421664,0.174665752891329,25,0.38400902907158163,0.15587508123440938,0.09676741130091986,0.7151285520974291,0.7871025449457809,0.2848714479025711,0.18944,0.2848714479025711,False,False,0.6977038616306797,0.49266666666666664,0.508,1000,1500,0.5384663331590496,en,target_fpr,,,0.32976445396145615,-0.05424457511012548,native,toxicity,encoder_e5_small,EXP-004
ja,few_label_32_strat,0.5843813339441439,0.13054584653232135,25,0.3026633770135005,0.12017527072272383,0.05256241787122209,0.8009742895805141,0.8192017458560986,0.1990257104194858,0.12472,0.1990257104194858,False,False,0.6977038616306797,0.49266666666666664,0.508,1000,1500,0.5384663331590496,en,target_fpr,,,0.32976445396145615,0.02710107694795566,native,toxicity,encoder_e5_small,EXP-004
ja,few_label_32_rand,0.5804544903551487,0.15603279995833644,25,0.307800353055511,0.14416364762699735,0.058028909329829174,0.7915561569688769,0.8222794084948676,0.20844384303112318,0.13213333333333332,0.20844384303112318,False,False,0.6977038616306797,0.49266666666666664,0.508,1000,1500,0.5384663331590496,en,target_fpr,,,0.32976445396145615,0.02196410090594514,native,toxicity,encoder_e5_small,EXP-004
ja,few_label_64_strat,0.5856860489942977,0.14174251073145888,25,0.30234030768857173,0.13127099446662002,0.05187910643889618,0.8006495263870095,0.8270595093853753,0.19935047361299052,0.12453333333333333,0.19935047361299052,False,False,0.6977038616306797,0.49266666666666664,0.508,1000,1500,0.5384663331590496,en,target_fpr,,,0.32976445396145615,0.02742414627288442,native,toxicity,encoder_e5_small,EXP-004
ja,few_label_64_rand,0.5616479453779885,0.10409412222539118,25,0.3240940304893152,0.09689912244922899,0.05408672798948751,0.7890121786197564,0.8100240472237834,0.2109878213802436,0.13138666666666668,0.2109878213802436,False,False,0.6977038616306797,0.49266666666666664,0.508,1000,1500,0.5384663331590496,en,target_fpr,,,0.32976445396145615,0.005670423472140973,native,toxicity,encoder_e5_small,EXP-004
ja,few_label_128_strat,0.525190026513361,0.0671815092030182,25,0.3580724993162393,0.06679007316483382,0.06233902759526938,0.7649255751014885,0.7915255109298645,0.23507442489851152,0.14744,0.23507442489851152,False,False,0.6977038616306797,0.49266666666666664,0.508,1000,1500,0.5384663331590496,en,target_fpr,,,0.32976445396145615,-0.02830804535478315,native,toxicity,encoder_e5_small,EXP-004
ja,few_label_128_rand,0.5578395145951167,0.07745949045069336,25,0.3260522623076664,0.07259703722776252,0.05282522996057819,0.7909607577807849,0.8036922797553946,0.2090392422192152,0.12978666666666666,0.2090392422192152,False,False,0.6977038616306797,0.49266666666666664,0.508,1000,1500,0.5384663331590496,en,target_fpr,,,0.32976445396145615,0.003712191653789776,native,toxicity,encoder_e5_small,EXP-004
ja,few_label_256_strat,0.5411361746372326,0.030890991460761675,25,0.34048149452112375,0.03393007314308664,0.05540078843626806,0.7823545331529094,0.793283171502107,0.21764546684709069,0.13533333333333336,0.21764546684709069,False,False,0.6977038616306797,0.49266666666666664,0.508,1000,1500,0.5384663331590496,en,target_fpr,,,0.32976445396145615,-0.010717040559667601,native,toxicity,encoder_e5_small,EXP-004
ja,few_label_256_rand,0.5622557850261864,0.03765601956295193,25,0.3199481560435959,0.03457579364313467,0.0493035479632063,0.7990798376184033,0.8004814352766187,0.20092016238159677,0.124,0.20092016238159677,False,False,0.6977038616306797,0.49266666666666664,0.508,1000,1500,0.5384663331590496,en,target_fpr,,,0.32976445396145615,0.009816297917860262,native,toxicity,encoder_e5_small,EXP-004
ja,target_full,0.5454242996912273,0.0,1,0.32976445396145615,0.0,0.05387647831800263,0.7916102841677943,0.7897435897435897,0.2083897158322057,0.13,0.2083897158322057,False,False,0.6977038616306797,0.49266666666666664,0.508,1000,1500,0.5384663331590496,en,target_fpr,0.2892066963275771,0.367539795363204,0.32976445396145615,0.0,native,toxicity,encoder_e5_small,EXP-004
ja,test_oracle_unachievable,0.559117366305151,0.0,1,0.32,0.0,0.04993429697766097,0.7997293640054127,0.7956989247311828,0.20027063599458728,0.124,0.20027063599458728,False,False,0.6977038616306797,0.49266666666666664,0.508,1000,1500,0.5384663331590496,en,target_fpr,,,0.32976445396145615,0.009764453961456143,native,toxicity,encoder_e5_small,EXP-004
ru,fixed_half,0.5,0.0,1,0.7714285714285714,0.0,0.1590013140604468,0.2692828146143437,0.8169440242057489,0.7307171853856563,0.44066666666666665,0.7307171853856563,False,False,0.8870797095908631,0.49266666666666664,0.508,1000,1500,0.5384663331590496,en,target_fpr,,,0.6521360069747166,-0.11929256445385472,native,toxicity,encoder_e5_small,EXP-004
ru,source_global,0.5384663331590496,0.0,1,0.7555228276877761,0.0,0.1392904073587385,0.30581867388362655,0.8287560581583199,0.6941813261163735,0.4126666666666667,0.6941813261163735,False,False,0.8870797095908631,0.49266666666666664,0.508,1000,1500,0.5384663331590496,en,target_fpr,0.7312500967167874,0.7800810473164785,0.6521360069747166,-0.10338682071305949,native,toxicity,encoder_e5_small,EXP-004
ru,quantile_match,0.47204366369635853,0.0,1,0.7837648705388384,0.0,0.17082785808147175,0.2422192151556157,0.8115942028985508,0.7577807848443843,0.46,0.7577807848443843,False,False,0.8870797095908631,0.49266666666666664,0.508,1000,1500,0.5384663331590496,en,target_fpr,,,0.6521360069747166,-0.13162886356412173,native,toxicity,encoder_e5_small,EXP-004
ru,sld_em,0.6078614518595512,0.0,1,0.7383177570093459,0.0,0.09329829172141918,0.35859269282814615,0.8697247706422019,0.6414073071718539,0.36333333333333334,0.6414073071718539,False,False,0.8870797095908631,0.49266666666666664,0.508,1000,1500,0.5384663331590496,en,target_fpr,,,0.6521360069747166,-0.08618175003462925,native,toxicity,encoder_e5_small,EXP-004
ru,bbse,0.5919024565239963,0.0,1,0.7442218798151002,0.0,0.09986859395532194,0.34641407307171856,0.8640429338103757,0.6535859269282814,0.37266666666666665,0.6535859269282814,False,False,0.8870797095908631,0.49266666666666664,0.508,1000,1500,0.5384663331590496,en,target_fpr,,,0.6521360069747166,-0.09208587284038361,native,toxicity,encoder_e5_small,EXP-004
ru,few_label_8_strat,0.6170031837371759,0.23339180718862534,25,0.6497418722317058,0.19372258962330266,0.1159526938239159,0.41786197564276045,0.8710305711493078,0.5821380243572396,0.34562666666666664,0.5821380243572396,False,False,0.8870797095908631,0.49266666666666664,0.508,1000,1500,0.5384663331590496,en,target_fpr,,,0.6521360069747166,0.0023941347430108673,native,toxicity,encoder_e5_small,EXP-004
ru,few_label_8_rand,0.5784176092996968,0.2426087294240434,25,0.666701034754942,0.17643729248145523,0.1495400788436268,0.3823004059539919,0.8474239830232824,0.6176995940460082,0.3801866666666666,0.6176995940460082,False,False,0.8870797095908631,0.49266666666666664,0.508,1000,1500,0.5384663331590496,en,target_fpr,,,0.6521360069747166,-0.014565027780225392,native,toxicity,encoder_e5_small,EXP-004
ru,few_label_16_strat,0.6806705581810103,0.21555922499471458,25,0.6176543795375484,0.16699296475931688,0.09088042049934296,0.47691474966170505,0.8902279856698098,0.523085250338295,0.3038133333333333,0.523085250338295,False,False,0.8870797095908631,0.49266666666666664,0.508,1000,1500,0.5384663331590496,en,target_fpr,,,0.6521360069747166,0.034481627437168205,native,toxicity,encoder_e5_small,EXP-004
ru,few_label_16_rand,0.6951980684996711,0.2086845648700918,25,0.5887891618004238,0.22333460285098586,0.08494086727989486,0.4991610284167794,0.8962612111207671,0.5008389715832205,0.28984,0.5008389715832205,False,False,0.8870797095908631,0.49266666666666664,0.508,1000,1500,0.5384663331590496,en,target_fpr,,,0.6521360069747166,0.06334684517429279,native,toxicity,encoder_e5_small,EXP-004
ru,few_label_32_strat,0.7834962021040937,0.09124024239294597,25,0.570723926841564,0.16636056840122054,0.036005256241787124,0.5663328822733423,0.9325981175319865,0.43366711772665767,0.23192000000000002,0.43366711772665767,False,False,0.8870797095908631,0.49266666666666664,0.508,1000,1500,0.5384663331590496,en,target_fpr,,,0.6521360069747166,0.0814120801331526,native,toxicity,encoder_e5_small,EXP-004
ru,few_label_32_rand,0.810556658111777,0.1283229613328343,25,0.5024252360840682,0.19866355695559884,0.033850197109067025,0.6237618403247631,0.9395358048713615,0.3762381596752368,0.20253333333333332,0.3762381596752368,False,False,0.8870797095908631,0.49266666666666664,0.508,1000,1500,0.5384663331590496,en,target_fpr,,,0.6521360069747166,0.14971077089064844,native,toxicity,encoder_e5_small,EXP-004
ru,few_label_64_strat,0.7738574844662702,0.10072460668707062,25,0.5834836266323321,0.14069894020841137,0.03968462549277267,0.5546955345060893,0.9277708114352577,0.44530446549391073,0.23952,0.44530446549391073,False,False,0.8870797095908631,0.49266666666666664,0.508,1000,1500,0.5384663331590496,en,target_fpr,,,0.6521360069747166,0.06865238034238452,native,toxicity,encoder_e5_small,EXP-004
ru,few_label_64_rand,0.760844694577467,0.10897186598316655,25,0.598687321148933,0.12148358154110943,0.04541392904073588,0.5381326116373478,0.9212006871873656,0.46186738836265223,0.2505866666666667,0.46186738836265223,False,False,0.8870797095908631,0.49266666666666664,0.508,1000,1500,0.5384663331590496,en,target_fpr,,,0.6521360069747166,0.05344868582578366,native,toxicity,encoder_e5_small,EXP-004
ru,few_label_128_strat,0.7261566978620784,0.051125028675903246,25,0.663317309470527,0.03692257439179174,0.05187910643889619,0.4752368064952639,0.9104151551005211,0.5247631935047362,0.28485333333333335,0.5247631935047362,False,False,0.8870797095908631,0.49266666666666664,0.508,1000,1500,0.5384663331590496,en,target_fpr,,,0.6521360069747166,-0.011181302495810397,native,toxicity,encoder_e5_small,EXP-004
ru,few_label_128_rand,0.7675173794594685,0.06781019341672569,25,0.6153039759161267,0.08763109460152413,0.03863337713534822,0.5308254397834912,0.9274024117060964,0.46917456021650883,0.2507466666666667,0.46917456021650883,False,False,0.8870797095908631,0.49266666666666664,0.508,1000,1500,0.5384663331590496,en,target_fpr,,,0.6521360069747166,0.0368320310585899,native,toxicity,encoder_e5_small,EXP-004
ru,few_label_256_strat,0.7385596720445727,0.03942007681938537,25,0.6551134326785207,0.03411750519022577,0.04804204993429699,0.4873071718538566,0.9137125643942531,0.5126928281461435,0.27696000000000004,0.5126928281461435,False,False,0.8870797095908631,0.49266666666666664,0.508,1000,1500,0.5384663331590496,en,target_fpr,,,0.6521360069747166,-0.002977425703804104,native,toxicity,encoder_e5_small,EXP-004
ru,few_label_256_rand,0.7507998507159266,0.04010303102413707,25,0.6431717406898474,0.04623931689980644,0.04320630749014454,0.5026251691474967,0.9201183970037099,0.49737483085250334,0.26696000000000003,0.49737483085250334,False,False,0.8870797095908631,0.49266666666666664,0.508,1000,1500,0.5384663331590496,en,target_fpr,,,0.6521360069747166,0.008964266284869238,native,toxicity,encoder_e5_small,EXP-004
ru,target_full,0.7478473667935428,0.0,1,0.6521360069747166,0.0,0.04467805519053877,0.4939106901217862,0.9166666666666666,0.5060893098782138,0.272,0.5060893098782138,False,False,0.8870797095908631,0.49266666666666664,0.508,1000,1500,0.5384663331590496,en,target_fpr,0.6224895950700178,0.6842814371257484,0.6521360069747166,0.0,native,toxicity,encoder_e5_small,EXP-004
ru,test_oracle_unachievable,0.7397294529587277,0.0,1,0.6603448275862069,0.0,0.04993429697766097,0.4817320703653586,0.9097387173396675,0.5182679296346414,0.2806666666666667,0.5182679296346414,False,False,0.8870797095908631,0.49266666666666664,0.508,1000,1500,0.5384663331590496,en,target_fpr,,,0.6521360069747166,-0.008208820611490308,native,toxicity,encoder_e5_small,EXP-004
tt,fixed_half,0.5,0.0,1,0.378159757330637,0.0,0.07304116865869854,0.749665327978581,0.7727272727272727,0.250334672021419,0.16133333333333333,0.250334672021419,False,False,0.7084931136675965,0.498,0.454,1000,1500,0.5384663331590496,en,target_fpr,,,0.35854922279792745,-0.019610534532709556,native,toxicity,encoder_e5_small,EXP-004
tt,source_global,0.5384663331590496,0.0,1,0.34764397905759165,0.0,0.055776892430278883,0.7777777777777778,0.7980769230769231,0.2222222222222222,0.13866666666666666,0.2222222222222222,False,False,0.7084931136675965,0.498,0.454,1000,1500,0.5384663331590496,en,target_fpr,0.3068339736777569,0.3824584374399385,0.35854922279792745,0.010905243740335802,native,toxicity,encoder_e5_small,EXP-004
tt,quantile_match,0.13611249505583048,0.0,1,0.6644951140065146,0.0,0.3691899070385126,0.3172690763052209,0.6472081218274112,0.6827309236947792,0.5253333333333333,0.6827309236947792,False,False,0.7084931136675965,0.498,0.454,1000,1500,0.5384663331590496,en,target_fpr,,,0.35854922279792745,-0.3059458912085872,native,toxicity,encoder_e5_small,EXP-004
tt,sld_em,0.9999990395590157,0.0,1,0.0,0.0,0.0,1.0,0.0,0.0,0.0,0.0,True,False,0.7084931136675965,0.498,0.454,1000,1500,0.5384663331590496,en,target_fpr,,,0.35854922279792745,0.35854922279792745,native,toxicity,encoder_e5_small,EXP-004
tt,bbse,0.9130691388459906,0.0,1,0.044444444444444446,0.0,0.0013280212483399733,0.9772423025435074,0.9444444444444444,0.022757697456492636,0.012,0.022757697456492636,False,False,0.7084931136675965,0.498,0.454,1000,1500,0.5384663331590496,en,target_fpr,,,0.35854922279792745,0.314104778353483,native,toxicity,encoder_e5_small,EXP-004
tt,few_label_8_strat,0.43999724569536347,0.2080356827946473,25,0.42353420739880754,0.16828729951657337,0.13062416998671977,0.6690763052208837,0.7573254118436243,0.3309236947791165,0.23037333333333332,0.3309236947791165,False,False,0.7084931136675965,0.498,0.454,1000,1500,0.5384663331590496,en,target_fpr,,,0.35854922279792745,-0.06498498460088009,native,toxicity,encoder_e5_small,EXP-004
tt,few_label_8_rand,0.32426268900711397,0.1887847540037418,25,0.5088462720243401,0.1413547288119967,0.24037184594953515,0.5361178045515395,0.7080977032172051,0.46388219544846054,0.35168,0.46388219544846054,False,False,0.7084931136675965,0.498,0.454,1000,1500,0.5384663331590496,en,target_fpr,,,0.35854922279792745,-0.15029704922641263,native,toxicity,encoder_e5_small,EXP-004
tt,few_label_16_strat,0.5638659803039044,0.17556684614141857,25,0.32340982242874516,0.1434501782781494,0.06996015936254979,0.7776706827309238,0.793460711440479,0.22232931726907634,0.14584,0.22232931726907634,False,False,0.7084931136675965,0.498,0.454,1000,1500,0.5384663331590496,en,target_fpr,,,0.35854922279792745,0.03513940036918228,native,toxicity,encoder_e5_small,EXP-004
tt,few_label_16_rand,0.5578109979711794,0.19059456637927888,25,0.3282408112278235,0.15509583138020272,0.0744223107569721,0.7698527443105757,0.8004752358389159,0.23014725568942435,0.15197333333333335,0.23014725568942435,False,False,0.7084931136675965,0.498,0.454,1000,1500,0.5384663331590496,en,target_fpr,,,0.35854922279792745,0.030308411570103944,native,toxicity,encoder_e5_small,EXP-004
tt,few_label_32_strat,0.6265528089558421,0.18032780105102694,25,0.27372352259862454,0.1460055251371417,0.05067729083665338,0.8209370816599731,0.821371998152778,0.17906291834002677,0.11461333333333334,0.17906291834002677,False,False,0.7084931136675965,0.498,0.454,1000,1500,0.5384663331590496,en,target_fpr,,,0.35854922279792745,0.08482570019930291,native,toxicity,encoder_e5_small,EXP-004
tt,few_label_32_rand,0.5821822746653619,0.22494931485027672,25,0.30682909318131374,0.1826209608401305,0.07606905710491367,0.7794377510040161,0.8037286444621293,0.22056224899598395,0.1480266666666667,0.22056224899598395,False,False,0.7084931136675965,0.498,0.454,1000,1500,0.5384663331590496,en,target_fpr,,,0.35854922279792745,0.05172012961661371,native,toxicity,encoder_e5_small,EXP-004
tt,few_label_64_strat,0.5916862902073039,0.17825766767755927,25,0.3010158119070126,0.14441124137183062,0.05922974767596281,0.7991432396251674,0.8082364039882208,0.2008567603748327,0.12976,0.2008567603748327,False,False,0.7084931136675965,0.498,0.454,1000,1500,0.5384663331590496,en,target_fpr,,,0.35854922279792745,0.05753341089091485,native,toxicity,encoder_e5_small,EXP-004
tt,few_label_64_rand,0.5622936910792998,0.1644323907744864,25,0.3250607546814316,0.1333090455124784,0.06624169986719787,0.7808835341365462,0.7959546077402773,0.2191164658634538,0.14237333333333335,0.2191164658634538,False,False,0.7084931136675965,0.498,0.454,1000,1500,0.5384663331590496,en,target_fpr,,,0.35854922279792745,0.03348846811649586,native,toxicity,encoder_e5_small,EXP-004
tt,few_label_128_strat,0.49824524553534233,0.12162905315796786,25,0.3756296689756797,0.09991426158427155,0.08063745019920318,0.7418473895582329,0.7756347745467917,0.25815261044176707,0.16904,0.25815261044176707,False,False,0.7084931136675965,0.498,0.454,1000,1500,0.5384663331590496,en,target_fpr,,,0.35854922279792745,-0.01708044617775223,native,toxicity,encoder_e5_small,EXP-004
tt,few_label_128_rand,0.5295116731631617,0.12788285672202257,25,0.3514630005459034,0.10194125211571765,0.07123505976095618,0.7634270414993306,0.7852470550648425,0.23657295850066934,0.15357333333333334,0.23657295850066934,False,False,0.7084931136675965,0.498,0.454,1000,1500,0.5384663331590496,en,target_fpr,,,0.35854922279792745,0.007086222252024044,native,toxicity,encoder_e5_small,EXP-004
tt,few_label_256_strat,0.5203279248449006,0.09922882038688227,25,0.35784842923052673,0.07960949775406838,0.06958831341301461,0.7621419009370817,0.7830698515212134,0.23785809906291833,0.15338666666666667,0.23785809906291833,False,False,0.7084931136675965,0.498,0.454,1000,1500,0.5384663331590496,en,target_fpr,,,0.35854922279792745,0.0007007935674007149,native,toxicity,encoder_e5_small,EXP-004
tt,few_label_256_rand,0.5205842272308057,0.06912176344000133,25,0.35715116558718735,0.054304902973843897,0.06555112881806108,0.7656760374832665,0.787581959096267,0.2343239625167336,0.14959999999999998,0.2343239625167336,False,False,0.7084931136675965,0.498,0.454,1000,1500,0.5384663331590496,en,target_fpr,,,0.35854922279792745,0.0013980572107401001,native,toxicity,encoder_e5_small,EXP-004
tt,target_full,0.5299863737255386,0.0,1,0.35854922279792745,0.0,0.05976095617529881,0.7684069611780455,0.7935779816513762,0.23159303882195448,0.14533333333333334,0.23159303882195448,False,False,0.7084931136675965,0.498,0.454,1000,1500,0.5384663331590496,en,target_fpr,0.3147267581456493,0.39544789848577766,0.35854922279792745,0.0,native,toxicity,encoder_e5_small,EXP-004
tt,test_oracle_unachievable,0.5581586502236955,0.0,1,0.3251336898395722,0.0,0.04780876494023904,0.7965194109772423,0.8085106382978723,0.2034805890227577,0.12533333333333332,0.2034805890227577,False,False,0.7084931136675965,0.498,0.454,1000,1500,0.5384663331590496,en,target_fpr,,,0.35854922279792745,0.033415532958355254,native,toxicity,encoder_e5_small,EXP-004
uk,fixed_half,0.5,0.0,1,0.47619047619047616,0.0,0.1,0.6554054054054054,0.770392749244713,0.34459459459459457,0.22066666666666668,0.34459459459459457,False,False,0.728943812233286,0.49333333333333335,0.494,1000,1500,0.5384663331590496,en,target_fpr,,,0.20094562647754136,-0.27524484971293484,native,toxicity,encoder_e5_small,EXP-004
uk,source_global,0.5384663331590496,0.0,1,0.44294003868471954,0.0,0.08552631578947369,0.6905405405405406,0.7789115646258503,0.30945945945945946,0.196,0.30945945945945946,False,False,0.728943812233286,0.49333333333333335,0.494,1000,1500,0.5384663331590496,en,target_fpr,0.40370610922333583,0.47829820079073293,0.20094562647754136,-0.24199441220717818,native,toxicity,encoder_e5_small,EXP-004
uk,quantile_match,0.19579660026490395,0.0,1,0.6560332871012482,0.0,0.3013157894736842,0.3608108108108108,0.6737891737891738,0.6391891891891892,0.468,0.6391891891891892,False,False,0.728943812233286,0.49333333333333335,0.494,1000,1500,0.5384663331590496,en,target_fpr,,,0.20094562647754136,-0.45508766062370687,native,toxicity,encoder_e5_small,EXP-004
uk,sld_em,0.9824292327623264,0.0,1,0.002699055330634278,0.0,0.0,0.9986486486486487,1.0,0.0013513513513513514,0.0006666666666666666,0.0013513513513513514,True,False,0.728943812233286,0.49333333333333335,0.494,1000,1500,0.5384663331590496,en,target_fpr,,,0.20094562647754136,0.19824657114690708,native,toxicity,encoder_e5_small,EXP-004
uk,bbse,0.8314399990943837,0.0,1,0.13895781637717122,0.0,0.013157894736842105,0.9243243243243243,0.8484848484848485,0.07567567567567568,0.044,0.07567567567567568,False,False,0.728943812233286,0.49333333333333335,0.494,1000,1500,0.5384663331590496,en,target_fpr,,,0.20094562647754136,0.06198781010037013,native,toxicity,encoder_e5_small,EXP-004
uk,few_label_8_strat,0.5609579473171805,0.27372550767170106,25,0.3733495687897302,0.21528212314947318,0.13157894736842105,0.6895675675675674,0.7650004692333603,0.3104324324324324,0.2198133333333333,0.3104324324324324,False,False,0.728943812233286,0.49333333333333335,0.494,1000,1500,0.5384663331590496,en,target_fpr,,,0.20094562647754136,-0.17240394231218883,native,toxicity,encoder_e5_small,EXP-004
uk,few_label_8_rand,0.43735222187161926,0.31631173919457095,25,0.45604184901829714,0.23952301038515508,0.2272105263157895,0.5612432432432433,0.7318452424353196,0.43875675675675674,0.33157333333333333,0.43875675675675674,False,False,0.728943812233286,0.49333333333333335,0.494,1000,1500,0.5384663331590496,en,target_fpr,,,0.20094562647754136,-0.2550962225407558,native,toxicity,encoder_e5_small,EXP-004
uk,few_label_16_strat,0.6374197099040433,0.2405277108307828,25,0.3196525603472074,0.20733361973743256,0.0841578947368421,0.7587027027027027,0.8022633561039356,0.24129729729729732,0.16168000000000002,0.24129729729729732,False,False,0.728943812233286,0.49333333333333335,0.494,1000,1500,0.5384663331590496,en,target_fpr,,,0.20094562647754136,-0.11870693386966605,native,toxicity,encoder_e5_small,EXP-004
uk,few_label_16_rand,0.6380637244266761,0.2078384358283335,25,0.3290830399018242,0.19078668097503726,0.07126315789473685,0.7629729729729731,0.8143280350243564,0.23702702702702702,0.15304,0.23702702702702702,False,False,0.728943812233286,0.49333333333333335,0.494,1000,1500,0.5384663331590496,en,target_fpr,,,0.20094562647754136,-0.12813741342428284,native,toxicity,encoder_e5_small,EXP-004
uk,few_label_32_strat,0.7319148316125369,0.22609012912529805,25,0.23600849835391063,0.20095736677102854,0.05242105263157895,0.8312432432432432,0.8469437896809795,0.16875675675675678,0.10981333333333332,0.16875675675675678,False,False,0.728943812233286,0.49333333333333335,0.494,1000,1500,0.5384663331590496,en,target_fpr,,,0.20094562647754136,-0.03506287187636928,native,toxicity,encoder_e5_small,EXP-004
uk,few_label_32_rand,0.7522890219730007,0.1523641429649283,25,0.22241403100265422,0.14058649727901135,0.038631578947368427,0.8578378378378378,0.8240352377571013,0.14216216216216215,0.08970666666666666,0.14216216216216215,False,False,0.728943812233286,0.49333333333333335,0.494,1000,1500,0.5384663331590496,en,target_fpr,,,0.20094562647754136,-0.021468404525112866,native,toxicity,encoder_e5_small,EXP-004
uk,few_label_64_strat,0.6997078199957132,0.15474938396347826,25,0.27154443101979353,0.14487831789294592,0.049526315789473675,0.8216216216216217,0.8036614635936136,0.17837837837837836,0.11309333333333332,0.17837837837837836,False,False,0.728943812233286,0.49333333333333335,0.494,1000,1500,0.5384663331590496,en,target_fpr,,,0.20094562647754136,-0.07059880454225217,native,toxicity,encoder_e5_small,EXP-004
uk,few_label_64_rand,0.7293230056472951,0.1755226076844955,25,0.24658691815327263,0.16888632879625334,0.04368421052631579,0.8363243243243242,0.8355935245973801,0.16367567567567565,0.10287999999999999,0.16367567567567565,False,False,0.728943812233286,0.49333333333333335,0.494,1000,1500,0.5384663331590496,en,target_fpr,,,0.20094562647754136,-0.04564129167573128,native,toxicity,encoder_e5_small,EXP-004
uk,few_label_128_strat,0.7380363126798604,0.09657479192822413,25,0.23548696371614933,0.08599754552259777,0.038052631578947366,0.8572972972972973,0.8024145392681219,0.14270270270270272,0.08968,0.14270270270270272,False,False,0.728943812233286,0.49333333333333335,0.494,1000,1500,0.5384663331590496,en,target_fpr,,,0.20094562647754136,-0.03454133723860797,native,toxicity,encoder_e5_small,EXP-004
uk,few_label_128_rand,0.7557813278895318,0.09020570582457518,25,0.2191667933815049,0.0845144344058976,0.03347368421052632,0.8690270270270269,0.811780913934368,0.13097297297297297,0.08157333333333333,0.13097297297297297,False,False,0.728943812233286,0.49333333333333335,0.494,1000,1500,0.5384663331590496,en,target_fpr,,,0.20094562647754136,-0.018221166903963554,native,toxicity,encoder_e5_small,EXP-004
uk,few_label_256_strat,0.7596979072887409,0.08280563563374588,25,0.21233839884027705,0.08016768296737836,0.031000000000000007,0.873945945945946,0.8130691160115052,0.12605405405405407,0.07789333333333333,0.12605405405405407,False,False,0.728943812233286,0.49333333333333335,0.494,1000,1500,0.5384663331590496,en,target_fpr,,,0.20094562647754136,-0.011392772362735698,native,toxicity,encoder_e5_small,EXP-004
uk,few_label_256_rand,0.7201005918068277,0.08936351446085618,25,0.24909398203938168,0.08427587203912365,0.040842105263157895,0.8478378378378377,0.79790726630711,0.15216216216216216,0.09576000000000001,0.15216216216216216,False,False,0.728943812233286,0.49333333333333335,0.494,1000,1500,0.5384663331590496,en,target_fpr,,,0.20094562647754136,-0.04814835556184033,native,toxicity,encoder_e5_small,EXP-004
uk,target_full,0.7757983292329078,0.0,1,0.20094562647754136,0.0,0.02763157894736842,0.8851351351351351,0.8018867924528302,0.11486486486486487,0.07066666666666667,0.11486486486486487,False,False,0.728943812233286,0.49333333333333335,0.494,1000,1500,0.5384663331590496,en,target_fpr,0.16124203544949026,0.23543676130960467,0.20094562647754136,0.0,native,toxicity,encoder_e5_small,EXP-004
uk,test_oracle_unachievable,0.6697211264037024,0.0,1,0.28822882288228824,0.0,0.05,0.822972972972973,0.7751479289940828,0.17702702702702702,0.11266666666666666,0.17702702702702702,False,False,0.728943812233286,0.49333333333333335,0.494,1000,1500,0.5384663331590496,en,target_fpr,,,0.20094562647754136,-0.08728319640474688,native,toxicity,encoder_e5_small,EXP-004
zh,fixed_half,0.5,0.0,1,0.2524698133918771,0.0,0.06631299734748011,0.8458445040214477,0.696969696969697,0.15415549597855227,0.11,0.15415549597855227,False,False,0.6465908363615677,0.49733333333333335,0.495,1000,1500,0.5384663331590496,en,target_fpr,,,0.23463687150837992,-0.017832941883497155,native,toxicity,encoder_e5_small,EXP-004
zh,source_global,0.5384663331590496,0.0,1,0.22972972972972974,0.0,0.05305039787798409,0.8632707774798928,0.7183098591549296,0.13672922252010725,0.09466666666666666,0.13672922252010725,False,False,0.6465908363615677,0.49733333333333335,0.495,1000,1500,0.5384663331590496,en,target_fpr,0.19553653624856157,0.2627585715107527,0.23463687150837992,0.004907141778650176,native,toxicity,encoder_e5_small,EXP-004
zh,quantile_match,0.16436860265456024,0.0,1,0.5803255484784147,0.0,0.34084880636604775,0.450402144772118,0.6146926536731634,0.5495978552278821,0.44466666666666665,0.5495978552278821,False,False,0.6465908363615677,0.49733333333333335,0.495,1000,1500,0.5384663331590496,en,target_fpr,,,0.23463687150837992,-0.34568867697003475,native,toxicity,encoder_e5_small,EXP-004
zh,sld_em,0.9999990395590157,0.0,1,0.0,0.0,0.0,1.0,0.0,0.0,0.0,0.0,True,False,0.6465908363615677,0.49733333333333335,0.495,1000,1500,0.5384663331590496,en,target_fpr,,,0.23463687150837992,0.23463687150837992,native,toxicity,encoder_e5_small,EXP-004
zh,bbse,0.9390421031478048,0.0,1,0.0,0.0,0.0,1.0,0.0,0.0,0.0,0.0,True,False,0.6465908363615677,0.49733333333333335,0.495,1000,1500,0.5384663331590496,en,target_fpr,,,0.23463687150837992,0.23463687150837992,native,toxicity,encoder_e5_small,EXP-004
zh,few_label_8_strat,0.4135047240111521,0.13272682529361182,25,0.34561357475932175,0.1264153740317873,0.11782493368700266,0.7509919571045578,0.6923109721217225,0.24900804289544237,0.18306666666666666,0.24900804289544237,False,False,0.6465908363615677,0.49733333333333335,0.495,1000,1500,0.5384663331590496,en,target_fpr,,,0.23463687150837992,-0.11097670325094183,native,toxicity,encoder_e5_small,EXP-004
zh,few_label_8_rand,0.42618624204439043,0.20435587439651426,25,0.3350012489580368,0.1870182923199892,0.1453050397877984,0.7334048257372655,0.684896913396157,0.26659517426273455,0.20562666666666668,0.26659517426273455,False,False,0.6465908363615677,0.49733333333333335,0.495,1000,1500,0.5384663331590496,en,target_fpr,,,0.23463687150837992,-0.10036437744965687,native,toxicity,encoder_e5_small,EXP-004
zh,few_label_16_strat,0.45423567485029337,0.17191359871950873,25,0.3104459406536018,0.15334797945390974,0.10673740053050398,0.777319034852547,0.6979015231959902,0.22268096514745306,0.16440000000000002,0.22268096514745306,False,False,0.6465908363615677,0.49733333333333335,0.495,1000,1500,0.5384663331590496,en,target_fpr,,,0.23463687150837992,-0.0758090691452219,native,toxicity,encoder_e5_small,EXP-004
zh,few_label_16_rand,0.5772860460252577,0.15818946483650723,25,0.19818597954092312,0.13472204845129748,0.05469496021220159,0.8728150134048256,0.7194244647678824,0.12718498659517427,0.09074666666666667,0.12718498659517427,False,False,0.6465908363615677,0.49733333333333335,0.495,1000,1500,0.5384663331590496,en,target_fpr,,,0.23463687150837992,0.036450891967456794,native,toxicity,encoder_e5_small,EXP-004
zh,few_label_32_strat,0.6064300655610585,0.11810923548718144,25,0.1698918838517444,0.0975962278949495,0.04116710875331565,0.89828418230563,0.7280149308481602,0.10171581769436998,0.07128,0.10171581769436998,False,False,0.6465908363615677,0.49733333333333335,0.495,1000,1500,0.5384663331590496,en,target_fpr,,,0.23463687150837992,0.06474498765663553,native,toxicity,encoder_e5_small,EXP-004
zh,few_label_32_rand,0.6166431448430967,0.14911861097785414,25,0.16328131162367254,0.12754016463624213,0.04572944297082228,0.8964611260053619,0.7212165518182531,0.10353887399463804,0.07448,0.10353887399463804,False,False,0.6465908363615677,0.49733333333333335,0.495,1000,1500,0.5384663331590496,en,target_fpr,,,0.23463687150837992,0.07135555988470738,native,toxicity,encoder_e5_small,EXP-004
zh,few_label_64_strat,0.5600493374624762,0.1343120287890122,25,0.20890471761420365,0.12132180741622543,0.05543766578249336,0.8679356568364611,0.7108361476334114,0.13206434316353888,0.09354666666666667,0.13206434316353888,False,False,0.6465908363615677,0.49733333333333335,0.495,1000,1500,0.5384663331590496,en,target_fpr,,,0.23463687150837992,0.02573215389417627,native,toxicity,encoder_e5_small,EXP-004
zh,few_label_64_rand,0.5809728122884529,0.10031859195682355,25,0.18880021164320346,0.0841450900770789,0.04625994694960212,0.8871849865951742,0.7172781248421792,0.11281501340482575,0.07936000000000001,0.11281501340482575,False,False,0.6465908363615677,0.49733333333333335,0.495,1000,1500,0.5384663331590496,en,target_fpr,,,0.23463687150837992,0.04583665986517646,native,toxicity,encoder_e5_small,EXP-004
zh,few_label_128_strat,0.5322373656525897,0.08316193524669777,25,0.2310526837195794,0.07479822967271015,0.05814323607427056,0.8584986595174263,0.7090865303436924,0.1415013404825737,0.09960000000000001,0.1415013404825737,False,False,0.6465908363615677,0.49733333333333335,0.495,1000,1500,0.5384663331590496,en,target_fpr,,,0.23463687150837992,0.0035841877888005136,native,toxicity,encoder_e5_small,EXP-004
zh,few_label_128_rand,0.5549679692464378,0.060332352468256814,25,0.2064727697410501,0.058529466036044454,0.04970822281167108,0.8772654155495978,0.7094573009763203,0.12273458445040213,0.08602666666666665,0.12273458445040213,False,False,0.6465908363615677,0.49733333333333335,0.495,1000,1500,0.5384663331590496,en,target_fpr,,,0.23463687150837992,0.028164101767329808,native,toxicity,encoder_e5_small,EXP-004
zh,few_label_256_strat,0.5443182850599608,0.04808890452398137,25,0.21749145987647445,0.0460292520654852,0.05257294429708223,0.870348525469169,0.7097623917430858,0.12965147453083112,0.09090666666666668,0.12965147453083112,False,False,0.6465908363615677,0.49733333333333335,0.495,1000,1500,0.5384663331590496,en,target_fpr,,,0.23463687150837992,0.01714541163190547,native,toxicity,encoder_e5_small,EXP-004
zh,few_label_256_rand,0.548824658766605,0.038792319065934756,25,0.21073263121848274,0.04074085658329742,0.05050397877984085,0.8753351206434316,0.7090538191259128,0.12466487935656836,0.08738666666666665,0.12466487935656836,False,False,0.6465908363615677,0.49733333333333335,0.495,1000,1500,0.5384663331590496,en,target_fpr,,,0.23463687150837992,0.023904240289897183,native,toxicity,encoder_e5_small,EXP-004
zh,target_full,0.5262456907581015,0.0,1,0.23463687150837992,0.0,0.058355437665782495,0.8592493297587132,0.7046979865771812,0.14075067024128687,0.09933333333333333,0.14075067024128687,False,False,0.6465908363615677,0.49733333333333335,0.495,1000,1500,0.5384663331590496,en,target_fpr,0.19375379187023026,0.2721150470811972,0.23463687150837992,0.0,native,toxicity,encoder_e5_small,EXP-004
zh,test_oracle_unachievable,0.5461949727266896,0.0,1,0.22650056625141565,0.0,0.04907161803713528,0.8659517426273459,0.7299270072992701,0.13404825737265416,0.09133333333333334,0.13404825737265416,False,False,0.6465908363615677,0.49733333333333335,0.495,1000,1500,0.5384663331590496,en,target_fpr,,,0.23463687150837992,0.008136305256964266,native,toxicity,encoder_e5_small,EXP-004
