language,strategy,threshold,threshold_sd,n_draws,f1,f1_sd,fpr,fnr,precision,recall,predicted_positive_rate,objective_value,is_degenerate,is_source,test_auroc,test_prevalence,dev_prevalence,n_dev,n_test,tau_source,source_language,objective,f1_ci_low,f1_ci_high,f1_target_full,f1_gap_to_full,model,arm
am,fixed_half,0.5,0.0,1,0.11233211233211234,0.0,0.07270408163265306,0.9357541899441341,0.44660194174757284,0.06424581005586592,0.06866666666666667,0.06424581005586592,False,False,0.5628696485577471,0.47733333333333333,0.511,1000,1500,0.36111076921224594,en,target_fpr,,,0.099009900990099,-0.013322211342013335,clf_unitary_xlmr,A
am,source_global,0.36111076921224594,0.0,1,0.4610639938319198,0.0,0.3596938775510204,0.5824022346368715,0.5146299483648882,0.4175977653631285,0.3873333333333333,0.4175977653631285,False,False,0.5628696485577471,0.47733333333333333,0.511,1000,1500,0.36111076921224594,en,target_fpr,0.42806349741041727,0.4940169106149793,0.099009900990099,-0.36205409284182083,clf_unitary_xlmr,A
am,pooled_global,0.5271534620224683,0.0,1,0.06923076923076923,0.0,0.047193877551020405,0.9622905027932961,0.421875,0.03770949720670391,0.042666666666666665,0.03770949720670391,False,False,0.5628696485577471,0.47733333333333333,0.511,1000,1500,0.36111076921224594,en,target_fpr,,,0.099009900990099,0.029779131759329766,clf_unitary_xlmr,A
am,worstcase_global,0.8913142383098602,0.0,1,0.0,0.0,0.0012755102040816326,1.0,0.0,0.0,0.0006666666666666666,0.0,True,False,0.5628696485577471,0.47733333333333333,0.511,1000,1500,0.36111076921224594,en,target_fpr,,,0.099009900990099,0.099009900990099,clf_unitary_xlmr,A
am,quantile_match,0.32300935697555544,0.0,1,0.5276653171390013,0.0,0.47831632653061223,0.45391061452513964,0.5104438642297651,0.5460893854748603,0.5106666666666667,0.5460893854748603,False,False,0.5628696485577471,0.47733333333333333,0.511,1000,1500,0.36111076921224594,en,target_fpr,,,0.099009900990099,-0.42865541614890235,clf_unitary_xlmr,A
am,sld_em,0.9999978475266815,0.0,1,0.0,0.0,0.0,1.0,0.0,0.0,0.0,0.0,True,False,0.5628696485577471,0.47733333333333333,0.511,1000,1500,0.36111076921224594,en,target_fpr,,,0.099009900990099,0.099009900990099,clf_unitary_xlmr,A
am,bbse,0.48464662123192936,0.0,1,0.14840989399293286,0.0,0.08928571428571429,0.9120111731843575,0.47368421052631576,0.08798882681564246,0.08866666666666667,0.08798882681564246,False,False,0.5628696485577471,0.47733333333333333,0.511,1000,1500,0.36111076921224594,en,target_fpr,,,0.099009900990099,-0.04939999300283386,clf_unitary_xlmr,A
am,few_label_8_strat,0.45330287516117096,0.09137075996632175,25,0.2424533088430726,0.19695781982763608,0.1907142857142857,0.7869832402234637,0.47472833964865957,0.2130167597765363,0.20136000000000004,0.2130167597765363,False,False,0.5628696485577471,0.47733333333333333,0.511,1000,1500,0.36111076921224594,en,target_fpr,,,0.099009900990099,-0.1434434078529736,clf_unitary_xlmr,A
am,few_label_8_rand,0.4544014559686185,0.11027232031116391,25,0.22414360006860334,0.1939362705625313,0.1796428571428571,0.7993854748603352,0.4718446299573519,0.2006145251396648,0.18965333333333334,0.2006145251396648,False,False,0.5628696485577471,0.47733333333333333,0.511,1000,1500,0.36111076921224594,en,target_fpr,,,0.099009900990099,-0.12513369907850436,clf_unitary_xlmr,A
am,few_label_16_strat,0.48144912779331206,0.04861667489418223,25,0.17001674416913118,0.11121088126590531,0.1108673469387755,0.8850279329608938,0.46057725951930095,0.11497206703910616,0.11282666666666666,0.11497206703910616,False,False,0.5628696485577471,0.47733333333333333,0.511,1000,1500,0.36111076921224594,en,target_fpr,,,0.099009900990099,-0.07100684317903218,clf_unitary_xlmr,A
am,few_label_16_rand,0.4974661904573441,0.06665763890016685,25,0.15366838912874436,0.10743321127521427,0.09862244897959185,0.8980446927374303,0.46901702226211084,0.10195530726256984,0.10021333333333335,0.10195530726256984,False,False,0.5628696485577471,0.47733333333333333,0.511,1000,1500,0.36111076921224594,en,target_fpr,,,0.099009900990099,-0.054658488138645364,clf_unitary_xlmr,A
am,few_label_32_strat,0.5124519515037537,0.05673759399486975,25,0.12122881181319195,0.1101577595225788,0.07755102040816327,0.9203351955307262,0.4581941473943845,0.07966480446927375,0.07856,0.07966480446927375,False,False,0.5628696485577471,0.47733333333333333,0.511,1000,1500,0.36111076921224594,en,target_fpr,,,0.099009900990099,-0.02221891082309295,clf_unitary_xlmr,A
am,few_label_32_rand,0.5024615252017974,0.07288164199980765,25,0.14915186403266195,0.12021304702228865,0.09709183673469388,0.8988268156424581,0.4651316372898263,0.1011731843575419,0.09904,0.1011731843575419,False,False,0.5628696485577471,0.47733333333333333,0.511,1000,1500,0.36111076921224594,en,target_fpr,,,0.099009900990099,-0.05014196304256295,clf_unitary_xlmr,A
am,few_label_64_strat,0.5123632010817528,0.03665203642410374,25,0.10539234140819395,0.06796152541972982,0.06693877551020408,0.9370949720670392,0.4443660963967323,0.06290502793296089,0.06501333333333333,0.06290502793296089,False,False,0.5628696485577471,0.47733333333333333,0.511,1000,1500,0.36111076921224594,en,target_fpr,,,0.099009900990099,-0.006382440418094951,clf_unitary_xlmr,A
am,few_label_64_rand,0.5079321822524071,0.04883905680043963,25,0.1233097191791987,0.08963844297573988,0.0771938775510204,0.9228491620111733,0.4551915205061748,0.07715083798882681,0.07717333333333333,0.07715083798882681,False,False,0.5628696485577471,0.47733333333333333,0.511,1000,1500,0.36111076921224594,en,target_fpr,,,0.099009900990099,-0.024299818189099695,clf_unitary_xlmr,A
am,few_label_128_strat,0.5046512159705162,0.02329777549347397,25,0.11061151663648591,0.043944941483954794,0.07056122448979592,0.9356424581005587,0.4446510780905172,0.06435754189944135,0.0676,0.06435754189944135,False,False,0.5628696485577471,0.47733333333333333,0.511,1000,1500,0.36111076921224594,en,target_fpr,,,0.099009900990099,-0.011601615646386912,clf_unitary_xlmr,A
am,few_label_128_rand,0.5158840465545654,0.025960678692118887,25,0.09183674672955203,0.04241831543378087,0.06020408163265306,0.9474860335195531,0.43486026014201934,0.05251396648044692,0.05653333333333333,0.05251396648044692,False,False,0.5628696485577471,0.47733333333333333,0.511,1000,1500,0.36111076921224594,en,target_fpr,,,0.099009900990099,0.007173154260546974,clf_unitary_xlmr,A
am,few_label_256_strat,0.5113392543792724,0.014778251817226628,25,0.09361058241651919,0.028270756664047762,0.06255102040816327,0.9470391061452514,0.42989425262522646,0.0529608938547486,0.057973333333333335,0.0529608938547486,False,False,0.5628696485577471,0.47733333333333333,0.511,1000,1500,0.36111076921224594,en,target_fpr,,,0.099009900990099,0.005399318573579809,clf_unitary_xlmr,A
am,few_label_256_rand,0.5099742233753204,0.018036203844892917,25,0.09709057800750472,0.03353001195857682,0.06448979591836734,0.9446368715083798,0.43237796684434615,0.05536312849162012,0.06013333333333333,0.05536312849162012,False,False,0.5628696485577471,0.47733333333333333,0.511,1000,1500,0.36111076921224594,en,target_fpr,,,0.099009900990099,0.0019193229825942848,clf_unitary_xlmr,A
am,target_full,0.5058313012123108,0.0,1,0.099009900990099,0.0,0.0663265306122449,0.9441340782122905,0.43478260869565216,0.055865921787709494,0.06133333333333333,0.055865921787709494,False,False,0.5628696485577471,0.47733333333333333,0.511,1000,1500,0.36111076921224594,en,target_fpr,0.07423236337018622,0.1285457988562833,0.099009900990099,0.0,clf_unitary_xlmr,A
am,test_oracle_unachievable,0.5265901833772659,0.0,1,0.06923076923076923,0.0,0.047193877551020405,0.9622905027932961,0.421875,0.03770949720670391,0.042666666666666665,0.03770949720670391,False,False,0.5628696485577471,0.47733333333333333,0.511,1000,1500,0.36111076921224594,en,target_fpr,,,0.099009900990099,0.029779131759329766,clf_unitary_xlmr,A
ar,fixed_half,0.5,0.0,1,0.0,0.0,0.001336898395721925,1.0,0.0,0.0,0.0006666666666666666,0.0,True,False,0.44317470702013884,0.5013333333333333,0.503,1000,1500,0.36111076921224594,en,target_fpr,,,0.06403940886699508,0.06403940886699508,clf_unitary_xlmr,A
ar,source_global,0.36111076921224594,0.0,1,0.0,0.0,0.001336898395721925,1.0,0.0,0.0,0.0006666666666666666,0.0,True,False,0.44317470702013884,0.5013333333333333,0.503,1000,1500,0.36111076921224594,en,target_fpr,0.0,0.0,0.06403940886699508,0.06403940886699508,clf_unitary_xlmr,A
ar,pooled_global,0.5338353685225885,0.0,1,0.0,0.0,0.001336898395721925,1.0,0.0,0.0,0.0006666666666666666,0.0,True,False,0.44317470702013884,0.5013333333333333,0.503,1000,1500,0.36111076921224594,en,target_fpr,,,0.06403940886699508,0.06403940886699508,clf_unitary_xlmr,A
ar,worstcase_global,0.8913142383098602,0.0,1,0.0,0.0,0.0,1.0,0.0,0.0,0.0,0.0,True,False,0.44317470702013884,0.5013333333333333,0.503,1000,1500,0.36111076921224594,en,target_fpr,,,0.06403940886699508,0.06403940886699508,clf_unitary_xlmr,A
ar,quantile_match,0.0650671787634492,0.0,1,0.46143617021276595,0.0,0.5414438502673797,0.538563829787234,0.46143617021276595,0.46143617021276595,0.5013333333333333,0.46143617021276595,False,False,0.44317470702013884,0.5013333333333333,0.503,1000,1500,0.36111076921224594,en,target_fpr,,,0.06403940886699508,-0.39739676134577084,clf_unitary_xlmr,A
ar,sld_em,0.9999978475266815,0.0,1,0.0,0.0,0.0,1.0,0.0,0.0,0.0,0.0,True,False,0.44317470702013884,0.5013333333333333,0.503,1000,1500,0.36111076921224594,en,target_fpr,,,0.06403940886699508,0.06403940886699508,clf_unitary_xlmr,A
ar,bbse,0.36111076921224594,0.0,1,0.0,0.0,0.001336898395721925,1.0,0.0,0.0,0.0006666666666666666,0.0,True,False,0.44317470702013884,0.5013333333333333,0.503,1000,1500,0.36111076921224594,en,target_fpr,,,0.06403940886699508,0.06403940886699508,clf_unitary_xlmr,A
ar,few_label_8_strat,0.11890593696385622,0.04251102140416042,25,0.19314376531348787,0.11733490301552714,0.17213903743315506,0.856968085106383,0.4448295954073672,0.14303191489361702,0.15754666666666667,0.14303191489361702,False,False,0.44317470702013884,0.5013333333333333,0.503,1000,1500,0.36111076921224594,en,target_fpr,,,0.06403940886699508,-0.1291043564464928,clf_unitary_xlmr,A
ar,few_label_8_rand,0.1306162432767451,0.07196857272377338,25,0.19687128383091643,0.15334394600548612,0.1884491978609626,0.8389893617021277,0.43802644901971105,0.16101063829787235,0.17469333333333334,0.16101063829787235,False,False,0.44317470702013884,0.5013333333333333,0.503,1000,1500,0.36111076921224594,en,target_fpr,,,0.06403940886699508,-0.13283187496392135,clf_unitary_xlmr,A
ar,few_label_16_strat,0.1674668988585472,0.043006272840404744,25,0.08738440246942279,0.05147588238731,0.06518716577540107,0.9493617021276596,0.42934043565516583,0.05063829787234043,0.05789333333333333,0.05063829787234043,False,False,0.44317470702013884,0.5013333333333333,0.503,1000,1500,0.36111076921224594,en,target_fpr,,,0.06403940886699508,-0.023344993602427713,clf_unitary_xlmr,A
ar,few_label_16_rand,0.1611054576933384,0.055859110939832916,25,0.11502234618598121,0.102913508320823,0.09417112299465241,0.9234042553191489,0.4257137103373018,0.07659574468085106,0.08535999999999999,0.07659574468085106,False,False,0.44317470702013884,0.5013333333333333,0.503,1000,1500,0.36111076921224594,en,target_fpr,,,0.06403940886699508,-0.050982937318986135,clf_unitary_xlmr,A
ar,few_label_32_strat,0.19320440754294396,0.04781533421537337,25,0.06127675793949594,0.05074788131466009,0.0453475935828877,0.9651063829787234,0.41211353620386704,0.03489361702127659,0.040106666666666665,0.03489361702127659,False,False,0.44317470702013884,0.5013333333333333,0.503,1000,1500,0.36111076921224594,en,target_fpr,,,0.06403940886699508,0.0027626509274991384,clf_unitary_xlmr,A
ar,few_label_32_rand,0.18567586228251456,0.03426174474296339,25,0.0604472686430508,0.03329938228739704,0.044438502673796794,0.9667021276595746,0.41920848760502205,0.033297872340425534,0.03885333333333334,0.033297872340425534,False,False,0.44317470702013884,0.5013333333333333,0.503,1000,1500,0.36111076921224594,en,target_fpr,,,0.06403940886699508,0.0035921402239442804,clf_unitary_xlmr,A
ar,few_label_64_strat,0.19915931433439255,0.04228649389402434,25,0.051451967707286,0.03373009514185077,0.037112299465240646,0.9718617021276595,0.4197575963486607,0.02813829787234042,0.03261333333333333,0.02813829787234042,False,False,0.44317470702013884,0.5013333333333333,0.503,1000,1500,0.36111076921224594,en,target_fpr,,,0.06403940886699508,0.012587441159709077,clf_unitary_xlmr,A
ar,few_label_64_rand,0.1928828726708889,0.03696556659494746,25,0.057483752313971556,0.05227998725952367,0.04165775401069518,0.967127659574468,0.421030064398485,0.032872340425531915,0.03725333333333334,0.032872340425531915,False,False,0.44317470702013884,0.5013333333333333,0.503,1000,1500,0.36111076921224594,en,target_fpr,,,0.06403940886699508,0.006555656553023523,clf_unitary_xlmr,A
ar,few_label_128_strat,0.1825443471968174,0.036011955023693226,25,0.06469660574773242,0.033548583774140626,0.04780748663101605,0.9642021276595745,0.419824108258209,0.03579787234042553,0.041786666666666666,0.03579787234042553,False,False,0.44317470702013884,0.5013333333333333,0.503,1000,1500,0.36111076921224594,en,target_fpr,,,0.06403940886699508,-0.000657196880737343,clf_unitary_xlmr,A
ar,few_label_128_rand,0.17842674061655997,0.03754430499067279,25,0.07101305821019212,0.04103299133151852,0.051711229946524065,0.9601063829787233,0.4287173283180622,0.03989361702127659,0.04578666666666666,0.03989361702127659,False,False,0.44317470702013884,0.5013333333333333,0.503,1000,1500,0.36111076921224594,en,target_fpr,,,0.06403940886699508,-0.006973649343197039,clf_unitary_xlmr,A
ar,few_label_256_strat,0.17161323115229607,0.024393449072669816,25,0.07303039850062111,0.02947777112281623,0.0520855614973262,0.9595212765957447,0.4359231103234648,0.04047872340425532,0.04626666666666667,0.04047872340425532,False,False,0.44317470702013884,0.5013333333333333,0.503,1000,1500,0.36111076921224594,en,target_fpr,,,0.06403940886699508,-0.008990989633626031,clf_unitary_xlmr,A
ar,few_label_256_rand,0.17677053868770598,0.018693030610175018,25,0.06516230564308502,0.020301624869933282,0.04561497326203209,0.9645212765957447,0.43665813932859904,0.03547872340425531,0.04053333333333333,0.03547872340425531,False,False,0.44317470702013884,0.5013333333333333,0.503,1000,1500,0.36111076921224594,en,target_fpr,,,0.06403940886699508,-0.0011228967760899405,clf_unitary_xlmr,A
ar,target_full,0.17487812787294388,0.0,1,0.06403940886699508,0.0,0.045454545454545456,0.9654255319148937,0.43333333333333335,0.034574468085106384,0.04,0.034574468085106384,False,False,0.44317470702013884,0.5013333333333333,0.503,1000,1500,0.36111076921224594,en,target_fpr,0.044218495080646014,0.08936521788486368,0.06403940886699508,0.0,clf_unitary_xlmr,A
ar,test_oracle_unachievable,0.16955655068159103,0.0,1,0.06862745098039215,0.0,0.0481283422459893,0.9627659574468085,0.4375,0.03723404255319149,0.042666666666666665,0.03723404255319149,False,False,0.44317470702013884,0.5013333333333333,0.503,1000,1500,0.36111076921224594,en,target_fpr,,,0.06403940886699508,-0.00458804211339707,clf_unitary_xlmr,A
de,fixed_half,0.5,0.0,1,0.17391304347826084,0.0,0.010638297872340425,0.9037433155080213,0.9,0.0962566844919786,0.05333333333333334,0.0962566844919786,False,False,0.6653896205484128,0.49866666666666665,0.508,1000,1500,0.36111076921224594,en,target_fpr,,,0.3459119496855346,0.1719989062072738,clf_unitary_xlmr,A
de,source_global,0.36111076921224594,0.0,1,0.27191011235955054,0.0,0.027925531914893616,0.8382352941176471,0.852112676056338,0.16176470588235295,0.09466666666666666,0.16176470588235295,False,False,0.6653896205484128,0.49866666666666665,0.508,1000,1500,0.36111076921224594,en,target_fpr,0.23649087736467958,0.31463784571583514,0.3459119496855346,0.07400183732598409,clf_unitary_xlmr,A
de,pooled_global,0.5318451662878203,0.0,1,0.16097560975609757,0.0,0.007978723404255319,0.9117647058823529,0.9166666666666666,0.08823529411764706,0.048,0.08823529411764706,False,False,0.6653896205484128,0.49866666666666665,0.508,1000,1500,0.36111076921224594,en,target_fpr,,,0.3459119496855346,0.18493633992943706,clf_unitary_xlmr,A
de,worstcase_global,0.8913142383098602,0.0,1,0.02638522427440633,0.0,0.0,0.9866310160427807,1.0,0.013368983957219251,0.006666666666666667,0.013368983957219251,True,False,0.6653896205484128,0.49866666666666665,0.508,1000,1500,0.36111076921224594,en,target_fpr,,,0.3459119496855346,0.3195267254111283,clf_unitary_xlmr,A
de,quantile_match,0.04538402210548519,0.0,1,0.6245006657789614,0.0,0.37898936170212766,0.3729946524064171,0.6220159151193634,0.6270053475935828,0.5026666666666667,0.6270053475935828,False,False,0.6653896205484128,0.49866666666666665,0.508,1000,1500,0.36111076921224594,en,target_fpr,,,0.3459119496855346,-0.2785887160934267,clf_unitary_xlmr,A
de,sld_em,0.9999978475266815,0.0,1,0.0,0.0,0.0,1.0,0.0,0.0,0.0,0.0,True,False,0.6653896205484128,0.49866666666666665,0.508,1000,1500,0.36111076921224594,en,target_fpr,,,0.3459119496855346,0.3459119496855346,clf_unitary_xlmr,A
de,bbse,0.9228355568768613,0.0,1,0.018543046357615892,0.0,0.0,0.9906417112299465,1.0,0.009358288770053475,0.004666666666666667,0.009358288770053475,True,False,0.6653896205484128,0.49866666666666665,0.508,1000,1500,0.36111076921224594,en,target_fpr,,,0.3459119496855346,0.32736890332791874,clf_unitary_xlmr,A
de,few_label_8_strat,0.19068711347877979,0.13624354975782976,25,0.4451408698930526,0.14228864594178317,0.16877659574468085,0.6361497326203209,0.7414527330142934,0.3638502673796791,0.26605333333333336,0.3638502673796791,False,False,0.6653896205484128,0.49866666666666665,0.508,1000,1500,0.36111076921224594,en,target_fpr,,,0.3459119496855346,-0.099228920207518,clf_unitary_xlmr,A
de,few_label_8_rand,0.23641898887231946,0.23660178005210805,25,0.42671170120601176,0.19667794322440255,0.19143617021276593,0.6291978609625669,0.7371752523806072,0.37080213903743314,0.28088,0.37080213903743314,False,False,0.6653896205484128,0.49866666666666665,0.508,1000,1500,0.36111076921224594,en,target_fpr,,,0.3459119496855346,-0.08079975152047714,clf_unitary_xlmr,A
de,few_label_16_strat,0.3025252255797386,0.19172768811125676,25,0.3451987920879938,0.1484456105571539,0.08340425531914894,0.7547593582887702,0.8022363872127893,0.24524064171122992,0.16410666666666668,0.24524064171122992,False,False,0.6653896205484128,0.49866666666666665,0.508,1000,1500,0.36111076921224594,en,target_fpr,,,0.3459119496855346,0.0007131575975408144,clf_unitary_xlmr,A
de,few_label_16_rand,0.2821525598317385,0.18650395038785578,25,0.35945919935669063,0.149061421703223,0.09191489361702126,0.7402673796791442,0.7917549148548616,0.2597326203208556,0.17559999999999998,0.2597326203208556,False,False,0.6653896205484128,0.49866666666666665,0.508,1000,1500,0.36111076921224594,en,target_fpr,,,0.3459119496855346,-0.013547249671156003,clf_unitary_xlmr,A
de,few_label_32_strat,0.3590532255172729,0.14430371667271777,25,0.2817140483433854,0.10345223096381755,0.03920212765957447,0.8231550802139037,0.8459164806641783,0.17684491978609626,0.10784,0.17684491978609626,False,False,0.6653896205484128,0.49866666666666665,0.508,1000,1500,0.36111076921224594,en,target_fpr,,,0.3459119496855346,0.0641979013421492,clf_unitary_xlmr,A
de,few_label_32_rand,0.32139133036136625,0.1658539941018965,25,0.31363564598237237,0.1032950812553634,0.049734042553191485,0.798288770053476,0.8248771315102479,0.20171122994652407,0.12552,0.20171122994652407,False,False,0.6653896205484128,0.49866666666666665,0.508,1000,1500,0.36111076921224594,en,target_fpr,,,0.3459119496855346,0.03227630370316226,clf_unitary_xlmr,A
de,few_label_64_strat,0.28571801006793973,0.09384018249817536,25,0.33512454900288524,0.07434813997507664,0.05297872340425532,0.7838502673796792,0.8179953726718391,0.2161497326203209,0.1343466666666667,0.2161497326203209,False,False,0.6653896205484128,0.49866666666666665,0.508,1000,1500,0.36111076921224594,en,target_fpr,,,0.3459119496855346,0.010787400682649384,clf_unitary_xlmr,A
de,few_label_64_rand,0.29414462849497797,0.12169968471788778,25,0.33258446033542977,0.09587528503638415,0.05797872340425531,0.7817112299465242,0.8176293699511299,0.21828877005347597,0.13792,0.21828877005347597,False,False,0.6653896205484128,0.49866666666666665,0.508,1000,1500,0.36111076921224594,en,target_fpr,,,0.3459119496855346,0.01332748935010486,clf_unitary_xlmr,A
de,few_label_128_strat,0.24794162213802337,0.03635533587605833,25,0.35619827930440046,0.031388911874911725,0.059308510638297875,0.769572192513369,0.7971424857108339,0.23042780748663105,0.14464,0.23042780748663105,False,False,0.6653896205484128,0.49866666666666665,0.508,1000,1500,0.36111076921224594,en,target_fpr,,,0.3459119496855346,-0.01028632961886583,clf_unitary_xlmr,A
de,few_label_128_rand,0.26067985907197,0.04235984121566977,25,0.34874390956663137,0.0363142635339806,0.054946808510638295,0.7759893048128341,0.8068238448361413,0.22401069518716576,0.13925333333333334,0.22401069518716576,False,False,0.6653896205484128,0.49866666666666665,0.508,1000,1500,0.36111076921224594,en,target_fpr,,,0.3459119496855346,-0.002831959881096746,clf_unitary_xlmr,A
de,few_label_256_strat,0.25354165077209473,0.031196474006421664,25,0.3519647837475802,0.026736852252775292,0.056755319148936174,0.7736363636363636,0.8010901252245866,0.22636363636363638,0.14133333333333334,0.22636363636363638,False,False,0.6653896205484128,0.49866666666666665,0.508,1000,1500,0.36111076921224594,en,target_fpr,,,0.3459119496855346,-0.006052834062045598,clf_unitary_xlmr,A
de,few_label_256_rand,0.24666066721081734,0.030158813437360443,25,0.3562205532609441,0.02844147336762441,0.059893617021276595,0.7695187165775402,0.795232556000503,0.23048128342245988,0.14495999999999998,0.23048128342245988,False,False,0.6653896205484128,0.49866666666666665,0.508,1000,1500,0.36111076921224594,en,target_fpr,,,0.3459119496855346,-0.01030860357540947,clf_unitary_xlmr,A
de,target_full,0.26083289086818695,0.0,1,0.3459119496855346,0.0,0.05452127659574468,0.7794117647058824,0.8009708737864077,0.22058823529411764,0.13733333333333334,0.22058823529411764,False,False,0.6653896205484128,0.49866666666666665,0.508,1000,1500,0.36111076921224594,en,target_fpr,0.31028213679440736,0.3834517859599248,0.3459119496855346,0.0,clf_unitary_xlmr,A
de,test_oracle_unachievable,0.2709619700908661,0.0,1,0.336864406779661,0.0,0.04920212765957447,0.7874331550802139,0.8112244897959183,0.21256684491978609,0.13066666666666665,0.21256684491978609,False,False,0.6653896205484128,0.49866666666666665,0.508,1000,1500,0.36111076921224594,en,target_fpr,,,0.3459119496855346,0.009047542905873618,clf_unitary_xlmr,A
en,fixed_half,0.5,0.0,1,0.9561699258260282,0.0,0.043478260869565216,0.043184885290148446,0.9555256064690026,0.9568151147098516,0.49466666666666664,0.9568151147098516,False,True,0.9943582987061248,0.494,0.478,1000,1500,0.36111076921224594,en,target_fpr,,,0.950560316413975,-0.00560960941205324,clf_unitary_xlmr,A
en,source_global,0.36111076921224594,0.0,1,0.950560316413975,0.0,0.07246376811594203,0.02699055330634278,0.9291237113402062,0.9730094466936572,0.5173333333333333,0.9730094466936572,False,True,0.9943582987061248,0.494,0.478,1000,1500,0.36111076921224594,en,target_fpr,0.9380359476427892,0.9613583903051206,0.950560316413975,0.0,clf_unitary_xlmr,A
en,pooled_global,0.5257832950326786,0.0,1,0.9566982408660352,0.0,0.039525691699604744,0.04588394062078273,0.9592944369063772,0.9541160593792173,0.49133333333333334,0.9541160593792173,False,True,0.9943582987061248,0.494,0.478,1000,1500,0.36111076921224594,en,target_fpr,,,0.950560316413975,-0.006137924452060184,clf_unitary_xlmr,A
en,worstcase_global,0.8913142383098602,0.0,1,0.8883895131086142,0.0,0.0013175230566534915,0.19973009446693657,0.9983164983164983,0.8002699055330634,0.396,0.8002699055330634,False,True,0.9943582987061248,0.494,0.478,1000,1500,0.36111076921224594,en,target_fpr,,,0.950560316413975,0.06217080330536073,clf_unitary_xlmr,A
en,quantile_match,0.3639608620405195,0.0,1,0.9511873350923482,0.0,0.07114624505928854,0.02699055330634278,0.9303225806451613,0.9730094466936572,0.5166666666666667,0.9730094466936572,False,True,0.9943582987061248,0.494,0.478,1000,1500,0.36111076921224594,en,target_fpr,,,0.950560316413975,-0.0006270186783732257,clf_unitary_xlmr,A
en,sld_em,0.3611107692122459,0.0,1,0.950560316413975,0.0,0.07246376811594203,0.02699055330634278,0.9291237113402062,0.9730094466936572,0.5173333333333333,0.9730094466936572,False,True,0.9943582987061248,0.494,0.478,1000,1500,0.36111076921224594,en,target_fpr,,,0.950560316413975,0.0,clf_unitary_xlmr,A
en,bbse,0.36111076921224594,0.0,1,0.950560316413975,0.0,0.07246376811594203,0.02699055330634278,0.9291237113402062,0.9730094466936572,0.5173333333333333,0.9730094466936572,False,True,0.9943582987061248,0.494,0.478,1000,1500,0.36111076921224594,en,target_fpr,,,0.950560316413975,0.0,clf_unitary_xlmr,A
en,few_label_8_strat,0.42301369573920966,0.161671862805634,25,0.9365568167301792,0.06204308782166307,0.06740447957839263,0.052523616734143054,0.9351062498192455,0.947476383265857,0.50216,0.947476383265857,False,True,0.9943582987061248,0.494,0.478,1000,1500,0.36111076921224594,en,target_fpr,,,0.950560316413975,0.014003499683795773,clf_unitary_xlmr,A
en,few_label_8_rand,0.4948715068027377,0.1744992388766318,25,0.9474322989308185,0.019813977917273632,0.053913043478260876,0.05090418353576249,0.9488727695814612,0.9490958164642375,0.4961333333333333,0.9490958164642375,False,True,0.9943582987061248,0.494,0.478,1000,1500,0.36111076921224594,en,target_fpr,,,0.950560316413975,0.0031280174831564977,clf_unitary_xlmr,A
en,few_label_16_strat,0.5458785181120038,0.15661318714466824,25,0.9481718991279547,0.01632180510612082,0.03810276679841897,0.06272604588394062,0.9616901623600618,0.9372739541160594,0.48229333333333335,0.9372739541160594,False,True,0.9943582987061248,0.494,0.478,1000,1500,0.36111076921224594,en,target_fpr,,,0.950560316413975,0.002388417286020239,clf_unitary_xlmr,A
en,few_label_16_rand,0.5512009624950588,0.23449555770511582,25,0.9299769583391485,0.056400882219564685,0.04953886693017127,0.08221322537112011,0.9535142101931688,0.91778677462888,0.4784533333333333,0.91778677462888,False,True,0.9943582987061248,0.494,0.478,1000,1500,0.36111076921224594,en,target_fpr,,,0.950560316413975,0.020583358074826474,clf_unitary_xlmr,A
en,few_label_32_strat,0.5436218675971031,0.1989689988411137,25,0.9263811341879585,0.07739820387826826,0.04268774703557312,0.08950067476383267,0.9575725277710445,0.9104993252361673,0.4713866666666667,0.9104993252361673,False,True,0.9943582987061248,0.494,0.478,1000,1500,0.36111076921224594,en,target_fpr,,,0.950560316413975,0.02417918222601645,clf_unitary_xlmr,A
en,few_label_32_rand,0.5288767939060927,0.18038044867175834,25,0.946930681594814,0.012310778243672847,0.04295125164690382,0.060782726045883945,0.9574654165622393,0.939217273954116,0.4857066666666667,0.939217273954116,False,True,0.9943582987061248,0.494,0.478,1000,1500,0.36111076921224594,en,target_fpr,,,0.950560316413975,0.0036296348191610095,clf_unitary_xlmr,A
en,few_label_64_strat,0.4583970936015248,0.1685590010373091,25,0.9476672838479355,0.013004786711129437,0.058603425559947304,0.04577597840755735,0.9435331501989174,0.9542240215924427,0.50104,0.9542240215924427,False,True,0.9943582987061248,0.494,0.478,1000,1500,0.36111076921224594,en,target_fpr,,,0.950560316413975,0.002893032566039455,clf_unitary_xlmr,A
en,few_label_64_rand,0.5214296524226666,0.1492063687528143,25,0.9511424727031533,0.012682101099027145,0.044479578392621864,0.052307692307692305,0.956510826384024,0.9476923076923077,0.49066666666666664,0.9476923076923077,False,True,0.9943582987061248,0.494,0.478,1000,1500,0.36111076921224594,en,target_fpr,,,0.950560316413975,-0.0005821562891783483,clf_unitary_xlmr,A
en,few_label_128_strat,0.4155294148623943,0.1124961457911878,25,0.9511792938305527,0.006194662163368755,0.0639262187088274,0.033954116059379216,0.9375652061727784,0.966045883940621,0.5095733333333333,0.966045883940621,False,True,0.9943582987061248,0.494,0.478,1000,1500,0.36111076921224594,en,target_fpr,,,0.950560316413975,-0.0006189774165776818,clf_unitary_xlmr,A
en,few_label_128_rand,0.42697978734970093,0.10963428751298461,25,0.9520193159254393,0.004441232829581681,0.058603425559947284,0.03719298245614035,0.9422268114010955,0.9628070175438596,0.50528,0.9628070175438596,False,True,0.9943582987061248,0.494,0.478,1000,1500,0.36111076921224594,en,target_fpr,,,0.950560316413975,-0.0014589995114643317,clf_unitary_xlmr,A
en,few_label_256_strat,0.4431822165846825,0.08332445134388615,25,0.9534376214190096,0.003463010952117532,0.05444005270092227,0.03827260458839406,0.9456839205076559,0.9617273954116061,0.50264,0.9617273954116061,False,True,0.9943582987061248,0.494,0.478,1000,1500,0.36111076921224594,en,target_fpr,,,0.950560316413975,-0.0028773050050345805,clf_unitary_xlmr,A
en,few_label_256_rand,0.42996458292007445,0.10521871803391925,25,0.9520248554320054,0.005249328015656867,0.05949934123847167,0.036383265856950064,0.941401624830936,0.9636167341430499,0.5061333333333333,0.9636167341430499,False,True,0.9943582987061248,0.494,0.478,1000,1500,0.36111076921224594,en,target_fpr,,,0.950560316413975,-0.001464539018030453,clf_unitary_xlmr,A
en,target_full,0.36111076921224594,0.0,1,0.950560316413975,0.0,0.07246376811594203,0.02699055330634278,0.9291237113402062,0.9730094466936572,0.5173333333333333,0.9730094466936572,False,True,0.9943582987061248,0.494,0.478,1000,1500,0.36111076921224594,en,target_fpr,0.9388829245936661,0.9609299129595776,0.950560316413975,0.0,clf_unitary_xlmr,A
en,test_oracle_unachievable,0.4672166109085083,0.0,1,0.955585464333782,0.0,0.0461133069828722,0.04183535762483131,0.9530201342281879,0.9581646423751687,0.49666666666666665,0.9581646423751687,False,True,0.9943582987061248,0.494,0.478,1000,1500,0.36111076921224594,en,target_fpr,,,0.950560316413975,-0.005025147919807016,clf_unitary_xlmr,A
es,fixed_half,0.5,0.0,1,0.6696035242290749,0.0,0.0605296343001261,0.4625176803394625,0.8878504672897196,0.5374823196605375,0.2853333333333333,0.5374823196605375,False,False,0.8641204599652903,0.4713333333333333,0.512,1000,1500,0.36111076921224594,en,target_fpr,,,0.5655976676384841,-0.1040058565905908,clf_unitary_xlmr,A
es,source_global,0.36111076921224594,0.0,1,0.7209876543209877,0.0,0.08827238335435057,0.38048090523338046,0.8622047244094488,0.6195190947666195,0.33866666666666667,0.6195190947666195,False,False,0.8641204599652903,0.4713333333333333,0.512,1000,1500,0.36111076921224594,en,target_fpr,0.6937368713935498,0.746925691040477,0.5655976676384841,-0.1553899866825036,clf_unitary_xlmr,A
es,pooled_global,0.5169231511462384,0.0,1,0.6601423487544484,0.0,0.058007566204287514,0.4752475247524752,0.8896882494004796,0.5247524752475248,0.278,0.5247524752475248,False,False,0.8641204599652903,0.4713333333333333,0.512,1000,1500,0.36111076921224594,en,target_fpr,,,0.5655976676384841,-0.09454468111596437,clf_unitary_xlmr,A
es,worstcase_global,0.8913142383098602,0.0,1,0.4119601328903654,0.0,0.012610340479192938,0.7369165487977369,0.9489795918367347,0.26308345120226306,0.13066666666666665,0.26308345120226306,False,False,0.8641204599652903,0.4713333333333333,0.512,1000,1500,0.36111076921224594,en,target_fpr,,,0.5655976676384841,0.15363753474811864,clf_unitary_xlmr,A
es,quantile_match,0.15061428426206105,0.0,1,0.7719799857040742,0.0,0.19167717528373265,0.2362093352192362,0.7803468208092486,0.7637906647807637,0.4613333333333333,0.7637906647807637,False,False,0.8641204599652903,0.4713333333333333,0.512,1000,1500,0.36111076921224594,en,target_fpr,,,0.5655976676384841,-0.20638231806559015,clf_unitary_xlmr,A
es,sld_em,0.6376858691820334,0.0,1,0.6033834586466167,0.0,0.04539722572509458,0.545968882602546,0.8991596638655462,0.45403111739745405,0.238,0.45403111739745405,False,False,0.8641204599652903,0.4713333333333333,0.512,1000,1500,0.36111076921224594,en,target_fpr,,,0.5655976676384841,-0.03778579100813262,clf_unitary_xlmr,A
es,bbse,0.4882170466758836,0.0,1,0.6765734265734266,0.0,0.06305170239596469,0.4526166902404526,0.88558352402746,0.5473833097595474,0.29133333333333333,0.5473833097595474,False,False,0.8641204599652903,0.4713333333333333,0.512,1000,1500,0.36111076921224594,en,target_fpr,,,0.5655976676384841,-0.11097575893494249,clf_unitary_xlmr,A
es,few_label_8_strat,0.4439994198270142,0.24848436970240473,25,0.6655231408148878,0.11101355813530911,0.10209331651954603,0.42562942008486565,0.8592630168799701,0.5743705799151343,0.32469333333333333,0.5743705799151343,False,False,0.8641204599652903,0.4713333333333333,0.512,1000,1500,0.36111076921224594,en,target_fpr,,,0.5655976676384841,-0.09992547317640377,clf_unitary_xlmr,A
es,few_label_8_rand,0.36090751945972444,0.2766274171897301,25,0.6784789458011562,0.14632113505445715,0.14970996216897858,0.37001414427157003,0.8268481739552211,0.62998585572843,0.37607999999999997,0.62998585572843,False,False,0.8641204599652903,0.4713333333333333,0.512,1000,1500,0.36111076921224594,en,target_fpr,,,0.5655976676384841,-0.11288127816267213,clf_unitary_xlmr,A
es,few_label_16_strat,0.5138577580451965,0.28551199988489,25,0.6144925523642987,0.16388698678441804,0.09165195460277427,0.4789250353606789,0.8704746581297139,0.5210749646393211,0.29405333333333333,0.5210749646393211,False,False,0.8641204599652903,0.4713333333333333,0.512,1000,1500,0.36111076921224594,en,target_fpr,,,0.5655976676384841,-0.0488948847258146,clf_unitary_xlmr,A
es,few_label_16_rand,0.5216581231355667,0.28478847992388767,25,0.6077873087859159,0.17759117616056502,0.07540983606557378,0.494031117397454,0.8819356394534184,0.505968882602546,0.2783466666666667,0.505968882602546,False,False,0.8641204599652903,0.4713333333333333,0.512,1000,1500,0.36111076921224594,en,target_fpr,,,0.5655976676384841,-0.042189641147431844,clf_unitary_xlmr,A
es,few_label_32_strat,0.7394985559582711,0.20133019001700903,25,0.4878685691278209,0.17533774559435214,0.033039092055485504,0.6431117397454033,0.924938299340444,0.3568882602545969,0.18567999999999998,0.3568882602545969,False,False,0.8641204599652903,0.4713333333333333,0.512,1000,1500,0.36111076921224594,en,target_fpr,,,0.5655976676384841,0.07772909851066317,clf_unitary_xlmr,A
es,few_label_32_rand,0.7225524699687957,0.22516021057508775,25,0.4816611686815382,0.19483511272874504,0.035510718789407314,0.6424328147100424,0.9223898576023001,0.35756718528995757,0.18730666666666668,0.35756718528995757,False,False,0.8641204599652903,0.4713333333333333,0.512,1000,1500,0.36111076921224594,en,target_fpr,,,0.5655976676384841,0.08393649895694588,clf_unitary_xlmr,A
es,few_label_64_strat,0.7741882556676865,0.1846513702998726,25,0.4653904729256789,0.15872458566191094,0.027490542244640603,0.6693635077793494,0.9301173175011841,0.3306364922206506,0.17037333333333332,0.3306364922206506,False,False,0.8641204599652903,0.4713333333333333,0.512,1000,1500,0.36111076921224594,en,target_fpr,,,0.5655976676384841,0.10020719471280515,clf_unitary_xlmr,A
es,few_label_64_rand,0.6354622915387154,0.21776877837449102,25,0.5803800298805393,0.11315761289006833,0.05114754098360655,0.5533239038189532,0.9007389220005346,0.4466760961810467,0.23757333333333336,0.4466760961810467,False,False,0.8641204599652903,0.4713333333333333,0.512,1000,1500,0.36111076921224594,en,target_fpr,,,0.5655976676384841,-0.014782362242055203,clf_unitary_xlmr,A
es,few_label_128_strat,0.6035798442363739,0.1951208811865456,25,0.6019384413740724,0.10786232630602431,0.05190416141235814,0.5322206506364923,0.8989403915649429,0.46777934936350773,0.24792000000000003,0.46777934936350773,False,False,0.8641204599652903,0.4713333333333333,0.512,1000,1500,0.36111076921224594,en,target_fpr,,,0.5655976676384841,-0.036340773735588305,clf_unitary_xlmr,A
es,few_label_128_rand,0.6592456388473511,0.15678183471042562,25,0.5764808858108826,0.09823861686266912,0.042925598991172764,0.5666760961810466,0.9062673031466272,0.43332390381895336,0.22693333333333332,0.43332390381895336,False,False,0.8641204599652903,0.4713333333333333,0.512,1000,1500,0.36111076921224594,en,target_fpr,,,0.5655976676384841,-0.010883218172398568,clf_unitary_xlmr,A
es,few_label_256_strat,0.6378910073637962,0.11425341970663079,25,0.598118892321247,0.06219779344306,0.04479192938209331,0.548005657708628,0.9022722713335039,0.45199434229137203,0.23672,0.45199434229137203,False,False,0.8641204599652903,0.4713333333333333,0.512,1000,1500,0.36111076921224594,en,target_fpr,,,0.5655976676384841,-0.03252122468276297,clf_unitary_xlmr,A
es,few_label_256_rand,0.6815497010946274,0.12077390885544341,25,0.5712784076155872,0.06897626997103039,0.03959646910466583,0.5778217821782178,0.9082014983428919,0.4221782178217822,0.21992000000000003,0.4221782178217822,False,False,0.8641204599652903,0.4713333333333333,0.512,1000,1500,0.36111076921224594,en,target_fpr,,,0.5655976676384841,-0.005680739977103166,clf_unitary_xlmr,A
es,target_full,0.6995801627635956,0.0,1,0.5655976676384841,0.0,0.03909205548549811,0.5884016973125884,0.9037267080745341,0.4115983026874116,0.21466666666666667,0.4115983026874116,False,False,0.8641204599652903,0.4713333333333333,0.512,1000,1500,0.36111076921224594,en,target_fpr,0.5259818731117825,0.5985554406612228,0.5655976676384841,0.0,clf_unitary_xlmr,A
es,test_oracle_unachievable,0.5894675850868225,0.0,1,0.6299357208448118,0.0,0.04918032786885246,0.5148514851485149,0.8979057591623036,0.48514851485148514,0.25466666666666665,0.48514851485148514,False,False,0.8641204599652903,0.4713333333333333,0.512,1000,1500,0.36111076921224594,en,target_fpr,,,0.5655976676384841,-0.06433805320632768,clf_unitary_xlmr,A
fr,fixed_half,0.5,0.0,1,0.9191176470588234,0.0,0.014175257731958763,0.13674033149171272,0.9827044025157232,0.8632596685082873,0.424,0.8632596685082873,False,False,0.988950276243094,0.4826666666666667,0.517,1000,1500,0.36111076921224594,en,target_fpr,,,0.9473684210526315,0.028250773993808154,clf_unitary_xlmr,A
fr,source_global,0.36111076921224594,0.0,1,0.9342857142857143,0.0,0.028350515463917526,0.09668508287292818,0.9674556213017751,0.9033149171270718,0.45066666666666666,0.9033149171270718,False,False,0.988950276243094,0.4826666666666667,0.517,1000,1500,0.36111076921224594,en,target_fpr,0.9213472954045221,0.9488197395341518,0.9473684210526315,0.013082706766917251,clf_unitary_xlmr,A
fr,pooled_global,0.5274347132328093,0.0,1,0.9158050221565731,0.0,0.01288659793814433,0.143646408839779,0.9841269841269841,0.856353591160221,0.42,0.856353591160221,False,False,0.988950276243094,0.4826666666666667,0.517,1000,1500,0.36111076921224594,en,target_fpr,,,0.9473684210526315,0.031563398896058414,clf_unitary_xlmr,A
fr,worstcase_global,0.8913142383098602,0.0,1,0.7279090113735782,0.0,0.003865979381443299,0.425414364640884,0.9928400954653938,0.574585635359116,0.2793333333333333,0.574585635359116,False,False,0.988950276243094,0.4826666666666667,0.517,1000,1500,0.36111076921224594,en,target_fpr,,,0.9473684210526315,0.2194594096790533,clf_unitary_xlmr,A
fr,quantile_match,0.2519911741018295,0.0,1,0.9434752267969294,0.0,0.04252577319587629,0.06629834254143646,0.9534555712270804,0.9337016574585635,0.4726666666666667,0.9337016574585635,False,False,0.988950276243094,0.4826666666666667,0.517,1000,1500,0.36111076921224594,en,target_fpr,,,0.9473684210526315,0.003893194255702115,clf_unitary_xlmr,A
fr,sld_em,0.4120439926593514,0.0,1,0.9274310595065313,0.0,0.019329896907216496,0.11740331491712708,0.9770642201834863,0.8825966850828729,0.436,0.8825966850828729,False,False,0.988950276243094,0.4826666666666667,0.517,1000,1500,0.36111076921224594,en,target_fpr,,,0.9473684210526315,0.019937361546100263,clf_unitary_xlmr,A
fr,bbse,0.3794600661360709,0.0,1,0.9332376166547021,0.0,0.024484536082474227,0.10220994475138122,0.9715994020926756,0.8977900552486188,0.446,0.8977900552486188,False,False,0.988950276243094,0.4826666666666667,0.517,1000,1500,0.36111076921224594,en,target_fpr,,,0.9473684210526315,0.014130804397929464,clf_unitary_xlmr,A
fr,few_label_8_strat,0.39010536048561334,0.23239963449233456,25,0.9151714348656184,0.042803099801320715,0.04015463917525773,0.11629834254143648,0.9579386948010143,0.8837016574585635,0.44730666666666674,0.8837016574585635,False,False,0.988950276243094,0.4826666666666667,0.517,1000,1500,0.36111076921224594,en,target_fpr,,,0.9473684210526315,0.032196986187013166,clf_unitary_xlmr,A
fr,few_label_8_rand,0.3636678371601738,0.18397044964586162,25,0.9226825478180729,0.03621775346681934,0.040103092783505156,0.10458563535911602,0.9580798372095751,0.8954143646408839,0.4529333333333333,0.8954143646408839,False,False,0.988950276243094,0.4826666666666667,0.517,1000,1500,0.36111076921224594,en,target_fpr,,,0.9473684210526315,0.02468587323455862,clf_unitary_xlmr,A
fr,few_label_16_strat,0.3818809822574258,0.24139555114026762,25,0.9033410827450316,0.08340337315598245,0.039690721649484534,0.1303314917127072,0.9582019727107048,0.8696685082872928,0.4402933333333333,0.8696685082872928,False,False,0.988950276243094,0.4826666666666667,0.517,1000,1500,0.36111076921224594,en,target_fpr,,,0.9473684210526315,0.04402733830759997,clf_unitary_xlmr,A
fr,few_label_16_rand,0.36888937260955573,0.2468208780188299,25,0.9064988422178238,0.07939180909556051,0.04381443298969072,0.12209944751381217,0.9545234830277269,0.8779005524861878,0.4464,0.8779005524861878,False,False,0.988950276243094,0.4826666666666667,0.517,1000,1500,0.36111076921224594,en,target_fpr,,,0.9473684210526315,0.040869578834807685,clf_unitary_xlmr,A
fr,few_label_32_strat,0.5416704420745373,0.25881761466429803,25,0.88266402940567,0.06780923849210785,0.02335051546391752,0.18209944751381213,0.9735319010258098,0.8179005524861879,0.4068533333333334,0.8179005524861879,False,False,0.988950276243094,0.4826666666666667,0.517,1000,1500,0.36111076921224594,en,target_fpr,,,0.9473684210526315,0.06470439164696151,clf_unitary_xlmr,A
fr,few_label_32_rand,0.5023988644778729,0.24701722406090967,25,0.8924940884243131,0.06410789418296844,0.02577319587628866,0.1645303867403315,0.9709676203426352,0.8354696132596685,0.41658666666666666,0.8354696132596685,False,False,0.988950276243094,0.4826666666666667,0.517,1000,1500,0.36111076921224594,en,target_fpr,,,0.9473684210526315,0.05487433262831842,clf_unitary_xlmr,A
fr,few_label_64_strat,0.35851633597165344,0.26015092762871367,25,0.9144356348947755,0.05272799663737123,0.045824742268041244,0.1103867403314917,0.9519560688081345,0.8896132596685083,0.45309333333333335,0.8896132596685083,False,False,0.988950276243094,0.4826666666666667,0.517,1000,1500,0.36111076921224594,en,target_fpr,,,0.9473684210526315,0.032932786157856,clf_unitary_xlmr,A
fr,few_label_64_rand,0.33963313423097136,0.21856894223244297,25,0.9249411257678994,0.031574471370188754,0.044793814432989694,0.09585635359116022,0.9529068109716351,0.9041436464088397,0.45957333333333333,0.9041436464088397,False,False,0.988950276243094,0.4826666666666667,0.517,1000,1500,0.36111076921224594,en,target_fpr,,,0.9473684210526315,0.022427295284732085,clf_unitary_xlmr,A
fr,few_label_128_strat,0.2805360010266304,0.1819747270662295,25,0.9343731544367644,0.023635221203432408,0.048298969072164945,0.07613259668508288,0.9490191244363984,0.9238674033149172,0.47090666666666664,0.9238674033149172,False,False,0.988950276243094,0.4826666666666667,0.517,1000,1500,0.36111076921224594,en,target_fpr,,,0.9473684210526315,0.01299526661586714,clf_unitary_xlmr,A
fr,few_label_128_rand,0.2485807728022337,0.1297871654042292,25,0.9406372216869632,0.014117842876529245,0.04994845360824742,0.0639779005524862,0.947229859783067,0.9360220994475138,0.4776266666666667,0.9360220994475138,False,False,0.988950276243094,0.4826666666666667,0.517,1000,1500,0.36111076921224594,en,target_fpr,,,0.9473684210526315,0.00673119936566835,clf_unitary_xlmr,A
fr,few_label_256_strat,0.2369217686355114,0.08725310614786672,25,0.9441640304698796,0.006602412286991295,0.04757731958762887,0.05994475138121547,0.9491403649215401,0.9400552486187845,0.4783466666666667,0.9400552486187845,False,False,0.988950276243094,0.4826666666666667,0.517,1000,1500,0.36111076921224594,en,target_fpr,,,0.9473684210526315,0.0032043905827519037,clf_unitary_xlmr,A
fr,few_label_256_rand,0.25926449850201605,0.09791212913599164,25,0.9411851160250542,0.006997580380688307,0.04474226804123711,0.0681767955801105,0.9519103973328567,0.9318232044198895,0.47290666666666664,0.9318232044198895,False,False,0.988950276243094,0.4826666666666667,0.517,1000,1500,0.36111076921224594,en,target_fpr,,,0.9473684210526315,0.006183305027577357,clf_unitary_xlmr,A
fr,target_full,0.22689596563577652,0.0,1,0.9473684210526315,0.0,0.04639175257731959,0.055248618784530384,0.95,0.9447513812154696,0.48,0.9447513812154696,False,False,0.988950276243094,0.4826666666666667,0.517,1000,1500,0.36111076921224594,en,target_fpr,0.9364599479467901,0.9595045219916893,0.9473684210526315,0.0,clf_unitary_xlmr,A
fr,test_oracle_unachievable,0.19265280663967133,0.0,1,0.9511355815554026,0.0,0.04896907216494845,0.04558011049723757,0.9478737997256516,0.9544198895027625,0.486,0.9544198895027625,False,False,0.988950276243094,0.4826666666666667,0.517,1000,1500,0.36111076921224594,en,target_fpr,,,0.9473684210526315,-0.0037671605027710386,clf_unitary_xlmr,A
he,fixed_half,0.5,0.0,1,0.00851063829787234,0.0,0.002702702702702703,0.9957081545064378,0.5,0.004291845493562232,0.003316749585406302,0.004291845493562232,True,False,0.49970421064841664,0.3864013266998342,0.43283582089552236,402,603,0.36111076921224594,en,target_fpr,,,0.11808118081180811,0.10957054251393578,clf_unitary_xlmr,A
he,source_global,0.36111076921224594,0.0,1,0.06249999999999999,0.0,0.04054054054054054,0.9656652360515021,0.34782608695652173,0.034334763948497854,0.03814262023217247,0.034334763948497854,False,False,0.49970421064841664,0.3864013266998342,0.43283582089552236,402,603,0.36111076921224594,en,target_fpr,0.028930570815675197,0.10667721243433081,0.11808118081180811,0.05558118081180812,clf_unitary_xlmr,A
he,pooled_global,0.528383560303511,0.0,1,0.00851063829787234,0.0,0.002702702702702703,0.9957081545064378,0.5,0.004291845493562232,0.003316749585406302,0.004291845493562232,True,False,0.49970421064841664,0.3864013266998342,0.43283582089552236,402,603,0.36111076921224594,en,target_fpr,,,0.11808118081180811,0.10957054251393578,clf_unitary_xlmr,A
he,worstcase_global,0.8913142383098602,0.0,1,0.0,0.0,0.0,1.0,0.0,0.0,0.0,0.0,True,False,0.49970421064841664,0.3864013266998342,0.43283582089552236,402,603,0.36111076921224594,en,target_fpr,,,0.11808118081180811,0.11808118081180811,clf_unitary_xlmr,A
he,quantile_match,0.11288355726748703,0.0,1,0.38976377952755903,0.0,0.4756756756756757,0.575107296137339,0.36,0.4248927038626609,0.4560530679933665,0.4248927038626609,False,False,0.49970421064841664,0.3864013266998342,0.43283582089552236,402,603,0.36111076921224594,en,target_fpr,,,0.11808118081180811,-0.2716825987157509,clf_unitary_xlmr,A
he,sld_em,0.9999978475266815,0.0,1,0.0,0.0,0.0,1.0,0.0,0.0,0.0,0.0,True,False,0.49970421064841664,0.3864013266998342,0.43283582089552236,402,603,0.36111076921224594,en,target_fpr,,,0.11808118081180811,0.11808118081180811,clf_unitary_xlmr,A
he,bbse,0.36111076921224594,0.0,1,0.06249999999999999,0.0,0.04054054054054054,0.9656652360515021,0.34782608695652173,0.034334763948497854,0.03814262023217247,0.034334763948497854,False,False,0.49970421064841664,0.3864013266998342,0.43283582089552236,402,603,0.36111076921224594,en,target_fpr,,,0.11808118081180811,0.05558118081180812,clf_unitary_xlmr,A
he,few_label_8_strat,0.2845252276957035,0.09575101760538593,25,0.20351075539411614,0.12011449371850731,0.15783783783783784,0.8374248927038626,0.3975421002451743,0.16257510729613733,0.15966832504145936,0.16257510729613733,False,False,0.49970421064841664,0.3864013266998342,0.43283582089552236,402,603,0.36111076921224594,en,target_fpr,,,0.11808118081180811,-0.08542957458230803,clf_unitary_xlmr,A
he,few_label_8_rand,0.3044721207022667,0.06923020472701158,25,0.17157874419233882,0.09632045220116138,0.11805405405405404,0.8779399141630901,0.3711978637427195,0.12206008583690987,0.11960199004975125,0.12206008583690987,False,False,0.49970421064841664,0.3864013266998342,0.43283582089552236,402,603,0.36111076921224594,en,target_fpr,,,0.11808118081180811,-0.0534975633805307,clf_unitary_xlmr,A
he,few_label_16_strat,0.3039858263731003,0.06131406876064167,25,0.17001920215477004,0.08838780057871785,0.11329729729729729,0.8817167381974249,0.3769078270936482,0.11828326180257513,0.11522388059701492,0.11828326180257513,False,False,0.49970421064841664,0.3864013266998342,0.43283582089552236,402,603,0.36111076921224594,en,target_fpr,,,0.11808118081180811,-0.051938021342961924,clf_unitary_xlmr,A
he,few_label_16_rand,0.3446431568264961,0.06549250057970321,25,0.11472099365512393,0.08038741874299364,0.07124324324324324,0.9263519313304721,0.36165558750148447,0.07364806866952789,0.07217247097844112,0.07364806866952789,False,False,0.49970421064841664,0.3864013266998342,0.43283582089552236,402,603,0.36111076921224594,en,target_fpr,,,0.11808118081180811,0.00336018715668418,clf_unitary_xlmr,A
he,few_label_32_strat,0.3877561163902283,0.06406267177748813,25,0.06188480604114461,0.04990586361304404,0.040540540540540536,0.9641201716738198,0.33194332309739766,0.03587982832618026,0.03873963515754561,0.03587982832618026,False,False,0.49970421064841664,0.3864013266998342,0.43283582089552236,402,603,0.36111076921224594,en,target_fpr,,,0.11808118081180811,0.056196374770663506,clf_unitary_xlmr,A
he,few_label_32_rand,0.3619657814502716,0.058679103893174975,25,0.08943598412440162,0.05862608358666181,0.053297297297297305,0.9466094420600857,0.368931455970377,0.05339055793991416,0.05333333333333333,0.05339055793991416,False,False,0.49970421064841664,0.3864013266998342,0.43283582089552236,402,603,0.36111076921224594,en,target_fpr,,,0.11808118081180811,0.02864519668740649,clf_unitary_xlmr,A
he,few_label_64_strat,0.3278661119937897,0.04046756742449467,25,0.12588208252313454,0.06945485870005698,0.07686486486486487,0.9203433476394851,0.37288616114788653,0.07965665236051502,0.07794361525704809,0.07965665236051502,False,False,0.49970421064841664,0.3864013266998342,0.43283582089552236,402,603,0.36111076921224594,en,target_fpr,,,0.11808118081180811,-0.007800901711326427,clf_unitary_xlmr,A
he,few_label_64_rand,0.3501893949508667,0.04225569589269018,25,0.09732116650203329,0.054082626212276025,0.05794594594594596,0.9419742489270386,0.35313661605541424,0.05802575107296137,0.05797678275290216,0.05802575107296137,False,False,0.49970421064841664,0.3864013266998342,0.43283582089552236,402,603,0.36111076921224594,en,target_fpr,,,0.11808118081180811,0.020760014309774824,clf_unitary_xlmr,A
he,few_label_128_strat,0.3346715676784515,0.023655358657493672,25,0.11156211366214114,0.04051703069481568,0.06443243243243243,0.9335622317596566,0.3849279369602958,0.06643776824034335,0.0652072968490879,0.06643776824034335,False,False,0.49970421064841664,0.3864013266998342,0.43283582089552236,402,603,0.36111076921224594,en,target_fpr,,,0.11808118081180811,0.006519067149666977,clf_unitary_xlmr,A
he,few_label_128_rand,0.34380614548921584,0.029281607156356013,25,0.09853129449746194,0.043879851888749606,0.058486486486486494,0.9419742489270386,0.3647263730461722,0.05802575107296137,0.05830845771144278,0.05802575107296137,False,False,0.49970421064841664,0.3864013266998342,0.43283582089552236,402,603,0.36111076921224594,en,target_fpr,,,0.11808118081180811,0.019549886314346177,clf_unitary_xlmr,A
he,few_label_256_strat,0.3345485937595367,0.007945432510496305,25,0.11062938558956842,0.024226495360662917,0.0611891891891892,0.9354506437768242,0.39390171379665845,0.06454935622317597,0.06248756218905473,0.06454935622317597,False,False,0.49970421064841664,0.3864013266998342,0.43283582089552236,402,603,0.36111076921224594,en,target_fpr,,,0.11808118081180811,0.007451795222239696,clf_unitary_xlmr,A
he,few_label_256_rand,0.33685909330844876,0.0061188889711176605,25,0.10461206762312694,0.021122693300007687,0.05924324324324324,0.9393991416309013,0.38740433758771664,0.06060085836909871,0.05976782752902156,0.06060085836909871,False,False,0.49970421064841664,0.3864013266998342,0.43283582089552236,402,603,0.36111076921224594,en,target_fpr,,,0.11808118081180811,0.013469113188681173,clf_unitary_xlmr,A
he,target_full,0.3351442292332649,0.0,1,0.11808118081180811,0.0,0.05945945945945946,0.9313304721030042,0.42105263157894735,0.06866952789699571,0.06301824212271974,0.06866952789699571,False,False,0.49970421064841664,0.3864013266998342,0.43283582089552236,402,603,0.36111076921224594,en,target_fpr,0.06317649994454919,0.1718401985777539,0.11808118081180811,0.0,clf_unitary_xlmr,A
he,test_oracle_unachievable,0.35019685328006744,0.0,1,0.07662835249042146,0.0,0.04864864864864865,0.9570815450643777,0.35714285714285715,0.04291845493562232,0.04643449419568822,0.04291845493562232,False,False,0.49970421064841664,0.3864013266998342,0.43283582089552236,402,603,0.36111076921224594,en,target_fpr,,,0.11808118081180811,0.04145282832138665,clf_unitary_xlmr,A
hi,fixed_half,0.5,0.0,1,0.007957559681697613,0.0,0.0,0.996005326231691,1.0,0.0039946737683089215,0.002,0.0039946737683089215,True,False,0.6413353623739776,0.5006666666666667,0.519,1000,1500,0.36111076921224594,en,target_fpr,,,0.1354292623941959,0.12747170271249827,clf_unitary_xlmr,A
hi,source_global,0.36111076921224594,0.0,1,0.023591087811271297,0.0,0.004005340453938585,0.9880159786950732,0.75,0.011984021304926764,0.008,0.011984021304926764,True,False,0.6413353623739776,0.5006666666666667,0.519,1000,1500,0.36111076921224594,en,target_fpr,0.008207934336525308,0.03857846467391302,0.1354292623941959,0.1118381745829246,clf_unitary_xlmr,A
hi,pooled_global,0.5334614172108232,0.0,1,0.007957559681697613,0.0,0.0,0.996005326231691,1.0,0.0039946737683089215,0.002,0.0039946737683089215,True,False,0.6413353623739776,0.5006666666666667,0.519,1000,1500,0.36111076921224594,en,target_fpr,,,0.1354292623941959,0.12747170271249827,clf_unitary_xlmr,A
hi,worstcase_global,0.8913142383098602,0.0,1,0.0,0.0,0.0,1.0,0.0,0.0,0.0,0.0,True,False,0.6413353623739776,0.5006666666666667,0.519,1000,1500,0.36111076921224594,en,target_fpr,,,0.1354292623941959,0.1354292623941959,clf_unitary_xlmr,A
hi,quantile_match,0.06519781692326068,0.0,1,0.5966386554621849,0.0,0.33511348464619495,0.43275632490013316,0.6292466765140325,0.5672436750998668,0.4513333333333333,0.5672436750998668,False,False,0.6413353623739776,0.5006666666666667,0.519,1000,1500,0.36111076921224594,en,target_fpr,,,0.1354292623941959,-0.46120939306798897,clf_unitary_xlmr,A
hi,sld_em,0.9999978475266815,0.0,1,0.0,0.0,0.0,1.0,0.0,0.0,0.0,0.0,True,False,0.6413353623739776,0.5006666666666667,0.519,1000,1500,0.36111076921224594,en,target_fpr,,,0.1354292623941959,0.1354292623941959,clf_unitary_xlmr,A
hi,bbse,0.36111076921224594,0.0,1,0.023591087811271297,0.0,0.004005340453938585,0.9880159786950732,0.75,0.011984021304926764,0.008,0.011984021304926764,True,False,0.6413353623739776,0.5006666666666667,0.519,1000,1500,0.36111076921224594,en,target_fpr,,,0.1354292623941959,0.1118381745829246,clf_unitary_xlmr,A
hi,few_label_8_strat,0.13072437547147275,0.08930120769969356,25,0.33501606763388964,0.1869218045911555,0.15850467289719627,0.7284154460719041,0.6818081385116033,0.2715845539280959,0.21512,0.2715845539280959,False,False,0.6413353623739776,0.5006666666666667,0.519,1000,1500,0.36111076921224594,en,target_fpr,,,0.1354292623941959,-0.19958680523969374,clf_unitary_xlmr,A
hi,few_label_8_rand,0.12573374655097724,0.09174981018682775,25,0.37845232641745014,0.2324885497433408,0.2328437917222964,0.6438881491344874,0.6661267299398643,0.35611185086551267,0.29455999999999993,0.35611185086551267,False,False,0.6413353623739776,0.5006666666666667,0.519,1000,1500,0.36111076921224594,en,target_fpr,,,0.1354292623941959,-0.24302306402325424,clf_unitary_xlmr,A
hi,few_label_16_strat,0.17776643194258213,0.0920638045883061,25,0.20988361418138715,0.1424184224352733,0.07028037383177571,0.8585885486018643,0.7185355373047082,0.14141145139813582,0.10589333333333333,0.14141145139813582,False,False,0.6413353623739776,0.5006666666666667,0.519,1000,1500,0.36111076921224594,en,target_fpr,,,0.1354292623941959,-0.07445435178719126,clf_unitary_xlmr,A
hi,few_label_16_rand,0.16085895605385303,0.06151393532814878,25,0.22134025390615997,0.15456396862016356,0.08363150867823765,0.8428761651131823,0.7164731348881851,0.15712383488681758,0.12042666666666667,0.15712383488681758,False,False,0.6413353623739776,0.5006666666666667,0.519,1000,1500,0.36111076921224594,en,target_fpr,,,0.1354292623941959,-0.08591099151196407,clf_unitary_xlmr,A
hi,few_label_32_strat,0.20955572202801703,0.10344850225492773,25,0.1547333888757681,0.12135449927303076,0.04587449933244326,0.902636484687084,0.7397672440005973,0.09736351531291611,0.07165333333333333,0.09736351531291611,False,False,0.6413353623739776,0.5006666666666667,0.519,1000,1500,0.36111076921224594,en,target_fpr,,,0.1354292623941959,-0.019304126481572204,clf_unitary_xlmr,A
hi,few_label_32_rand,0.2295755398273468,0.09946224226503642,25,0.13030410308068782,0.11877835760465882,0.035620827770360484,0.919254327563249,0.7582383070165113,0.080745672436751,0.058213333333333325,0.080745672436751,False,False,0.6413353623739776,0.5006666666666667,0.519,1000,1500,0.36111076921224594,en,target_fpr,,,0.1354292623941959,0.005125159313508071,clf_unitary_xlmr,A
hi,few_label_64_strat,0.22148161351680756,0.07682184546419984,25,0.1130245185552094,0.07804118060404946,0.024833110814419225,0.9355525965379493,0.7651459900545184,0.06444740346205059,0.04466666666666667,0.06444740346205059,False,False,0.6413353623739776,0.5006666666666667,0.519,1000,1500,0.36111076921224594,en,target_fpr,,,0.1354292623941959,0.022404743838986496,clf_unitary_xlmr,A
hi,few_label_64_rand,0.17502367928624152,0.05463177517266914,25,0.17536455418697305,0.08658442254723926,0.04512683578104138,0.8953928095872169,0.7242705618027991,0.10460719041278295,0.07490666666666666,0.10460719041278295,False,False,0.6413353623739776,0.5006666666666667,0.519,1000,1500,0.36111076921224594,en,target_fpr,,,0.1354292623941959,-0.03993529179277716,clf_unitary_xlmr,A
hi,few_label_128_strat,0.180649281591177,0.04472348648140166,25,0.15469060188876838,0.07341779219704003,0.036902536715620826,0.9102529960053262,0.7290059761772781,0.08974700399467375,0.06336,0.08974700399467375,False,False,0.6413353623739776,0.5006666666666667,0.519,1000,1500,0.36111076921224594,en,target_fpr,,,0.1354292623941959,-0.019261339494572483,clf_unitary_xlmr,A
hi,few_label_128_rand,0.18163690686225892,0.042733137741442974,25,0.14996735385326146,0.0710444218933253,0.035620827770360484,0.9133422103861517,0.7284985709025407,0.08665778961384821,0.06117333333333333,0.08665778961384821,False,False,0.6413353623739776,0.5006666666666667,0.519,1000,1500,0.36111076921224594,en,target_fpr,,,0.1354292623941959,-0.014538091459065566,clf_unitary_xlmr,A
hi,few_label_256_strat,0.18458628699183463,0.0283196927992015,25,0.13316205373244674,0.040151098847604184,0.030066755674232306,0.925699067909454,0.7252440744928458,0.07430093209054593,0.05221333333333333,0.07430093209054593,False,False,0.6413353623739776,0.5006666666666667,0.519,1000,1500,0.36111076921224594,en,target_fpr,,,0.1354292623941959,0.0022672086617491483,clf_unitary_xlmr,A
hi,few_label_256_rand,0.1872130762040615,0.028513066950462098,25,0.12988146496616582,0.044214890323362156,0.027983978638184245,0.9276165113182424,0.735829788931528,0.07238348868175765,0.050213333333333325,0.07238348868175765,False,False,0.6413353623739776,0.5006666666666667,0.519,1000,1500,0.36111076921224594,en,target_fpr,,,0.1354292623941959,0.005547797428030077,clf_unitary_xlmr,A
hi,target_full,0.18077901750802994,0.0,1,0.1354292623941959,0.0,0.0267022696929239,0.9254327563249002,0.7368421052631579,0.07456724367509987,0.050666666666666665,0.07456724367509987,False,False,0.6413353623739776,0.5006666666666667,0.519,1000,1500,0.36111076921224594,en,target_fpr,0.10492110575536603,0.16522725242237435,0.1354292623941959,0.0,clf_unitary_xlmr,A
hi,test_oracle_unachievable,0.15572743862867355,0.0,1,0.17803468208092485,0.0,0.049399198931909215,0.8974700399467377,0.6754385964912281,0.10252996005326231,0.076,0.10252996005326231,False,False,0.6413353623739776,0.5006666666666667,0.519,1000,1500,0.36111076921224594,en,target_fpr,,,0.1354292623941959,-0.04260541968672896,clf_unitary_xlmr,A
hin,fixed_half,0.5,0.0,1,0.2120051085568327,0.0,0.04552590266875981,0.8763040238450075,0.7410714285714286,0.12369597615499255,0.0856269113149847,0.12369597615499255,False,False,0.6534531042727764,0.5129969418960245,0.4868270332187858,873,1308,0.36111076921224594,en,target_fpr,,,0.1478494623655914,-0.06415564619124128,clf_unitary_xlmr,A
hin,source_global,0.36111076921224594,0.0,1,0.31431897555296856,0.0,0.08320251177394035,0.7988077496274217,0.7180851063829787,0.20119225037257824,0.1437308868501529,0.20119225037257824,False,False,0.6534531042727764,0.5129969418960245,0.4868270332187858,873,1308,0.36111076921224594,en,target_fpr,0.2704990926119355,0.3544688287961831,0.1478494623655914,-0.16646951318737715,clf_unitary_xlmr,A
hin,pooled_global,0.5192886721855285,0.0,1,0.20103092783505155,0.0,0.0423861852433281,0.8837555886736215,0.7428571428571429,0.11624441132637854,0.08027522935779817,0.11624441132637854,False,False,0.6534531042727764,0.5129969418960245,0.4868270332187858,873,1308,0.36111076921224594,en,target_fpr,,,0.1478494623655914,-0.05318146546946015,clf_unitary_xlmr,A
hin,worstcase_global,0.8913142383098602,0.0,1,0.014749262536873156,0.0,0.0031397174254317113,0.992548435171386,0.7142857142857143,0.007451564828614009,0.005351681957186544,0.007451564828614009,True,False,0.6534531042727764,0.5129969418960245,0.4868270332187858,873,1308,0.36111076921224594,en,target_fpr,,,0.1478494623655914,0.13310019982871824,clf_unitary_xlmr,A
hin,quantile_match,0.10052111393213273,0.0,1,0.6001523229246002,0.0,0.3893249607535322,0.4128166915052161,0.6137071651090342,0.587183308494784,0.4908256880733945,0.587183308494784,False,False,0.6534531042727764,0.5129969418960245,0.4868270332187858,873,1308,0.36111076921224594,en,target_fpr,,,0.1478494623655914,-0.4523028605590088,clf_unitary_xlmr,A
hin,sld_em,0.9999978475266815,0.0,1,0.0,0.0,0.0,1.0,0.0,0.0,0.0,0.0,True,False,0.6534531042727764,0.5129969418960245,0.4868270332187858,873,1308,0.36111076921224594,en,target_fpr,,,0.1478494623655914,0.1478494623655914,clf_unitary_xlmr,A
hin,bbse,0.8132523635118006,0.0,1,0.043478260869565216,0.0,0.006279434850863423,0.977645305514158,0.7894736842105263,0.022354694485842028,0.01452599388379205,0.022354694485842028,False,False,0.6534531042727764,0.5129969418960245,0.4868270332187858,873,1308,0.36111076921224594,en,target_fpr,,,0.1478494623655914,0.10437120149602619,clf_unitary_xlmr,A
hin,few_label_8_strat,0.4267543315142393,0.2658559914338623,25,0.31293172494146665,0.2085341385826743,0.14097331240188382,0.7462295081967213,0.7184093291405398,0.2537704918032787,0.19883792048929663,0.2537704918032787,False,False,0.6534531042727764,0.5129969418960245,0.4868270332187858,873,1308,0.36111076921224594,en,target_fpr,,,0.1478494623655914,-0.16508226257587524,clf_unitary_xlmr,A
hin,few_label_8_rand,0.3717937804013491,0.20920348078158632,25,0.3467319661277242,0.17395558388098756,0.13783359497645212,0.7332935916542475,0.7124169410644221,0.26670640834575265,0.20394495412844038,0.26670640834575265,False,False,0.6534531042727764,0.5129969418960245,0.4868270332187858,873,1308,0.36111076921224594,en,target_fpr,,,0.1478494623655914,-0.19888250376213282,clf_unitary_xlmr,A
hin,few_label_16_strat,0.5412258863449096,0.22704921468382586,25,0.2147507105652501,0.14684246481161115,0.06160125588697017,0.8585991058122207,0.7455251621315125,0.14140089418777943,0.10253822629969418,0.14140089418777943,False,False,0.6534531042727764,0.5129969418960245,0.4868270332187858,873,1308,0.36111076921224594,en,target_fpr,,,0.1478494623655914,-0.0669012481996587,clf_unitary_xlmr,A
hin,few_label_16_rand,0.6012584775686264,0.22175461788151854,25,0.18043585589739528,0.14939884120213293,0.05067503924646782,0.8815499254843517,0.7610897076128734,0.11845007451564829,0.0854434250764526,0.11845007451564829,False,False,0.6534531042727764,0.5129969418960245,0.4868270332187858,873,1308,0.36111076921224594,en,target_fpr,,,0.1478494623655914,-0.03258639353180387,clf_unitary_xlmr,A
hin,few_label_32_strat,0.6820795246958733,0.19871702880683417,25,0.12465098865355825,0.11152068626060574,0.027189952904238618,0.9256035767511177,0.7742673237561941,0.07439642324888225,0.05140672782874617,0.07439642324888225,False,False,0.6534531042727764,0.5129969418960245,0.4868270332187858,873,1308,0.36111076921224594,en,target_fpr,,,0.1478494623655914,0.023198473712033152,clf_unitary_xlmr,A
hin,few_label_32_rand,0.670520952641964,0.19734309621805898,25,0.131600096404997,0.1264997716143198,0.036232339089481945,0.9151117734724292,0.770432883886908,0.08488822652757079,0.061192660550458716,0.08488822652757079,False,False,0.6534531042727764,0.5129969418960245,0.4868270332187858,873,1308,0.36111076921224594,en,target_fpr,,,0.1478494623655914,0.016249365960594397,clf_unitary_xlmr,A
hin,few_label_64_strat,0.5662699401378631,0.2039578823924982,25,0.19670751398452044,0.134198992916489,0.052621664050235474,0.8736214605067064,0.7504932027258725,0.12637853949329358,0.09045871559633029,0.12637853949329358,False,False,0.6534531042727764,0.5129969418960245,0.4868270332187858,873,1308,0.36111076921224594,en,target_fpr,,,0.1478494623655914,-0.04885805161892903,clf_unitary_xlmr,A
hin,few_label_64_rand,0.5808797687292099,0.1544063950535347,25,0.17461254920237368,0.09281433017249298,0.03880690737833595,0.8960357675111774,0.7614340359666947,0.10396423248882264,0.07223241590214068,0.10396423248882264,False,False,0.6534531042727764,0.5129969418960245,0.4868270332187858,873,1308,0.36111076921224594,en,target_fpr,,,0.1478494623655914,-0.026763086836782274,clf_unitary_xlmr,A
hin,few_label_128_strat,0.6191784363985061,0.1301808941699727,25,0.1494242549646235,0.07460987054199732,0.03058084772370487,0.9142771982116246,0.758446363566684,0.08572280178837556,0.058868501529051986,0.08572280178837556,False,False,0.6534531042727764,0.5129969418960245,0.4868270332187858,873,1308,0.36111076921224594,en,target_fpr,,,0.1478494623655914,-0.0015747925990320932,clf_unitary_xlmr,A
hin,few_label_128_rand,0.6115205532312393,0.12829413724277255,25,0.15164494063958212,0.07794666782493434,0.03164835164835164,0.912548435171386,0.7561573421888045,0.087451564828614,0.060275229357798166,0.087451564828614,False,False,0.6534531042727764,0.5129969418960245,0.4868270332187858,873,1308,0.36111076921224594,en,target_fpr,,,0.1478494623655914,-0.00379547827399071,clf_unitary_xlmr,A
hin,few_label_256_strat,0.5813482785224915,0.10078103854754125,25,0.17212550249904537,0.05785778692657643,0.035164835164835165,0.9009239940387481,0.7584819546103493,0.09907600596125186,0.06795107033639143,0.09907600596125186,False,False,0.6534531042727764,0.5129969418960245,0.4868270332187858,873,1308,0.36111076921224594,en,target_fpr,,,0.1478494623655914,-0.02427604013345397,clf_unitary_xlmr,A
hin,few_label_256_rand,0.6168779110908509,0.10700430897516582,25,0.14854215382101602,0.0609325386567354,0.028697017268445837,0.9158867362146051,0.7652978587285113,0.08411326378539494,0.05712538226299694,0.08411326378539494,False,False,0.6534531042727764,0.5129969418960245,0.4868270332187858,873,1308,0.36111076921224594,en,target_fpr,,,0.1478494623655914,-0.00069269145542461,clf_unitary_xlmr,A
hin,target_full,0.6197673678398132,0.0,1,0.1478494623655914,0.0,0.0282574568288854,0.9180327868852459,0.7534246575342466,0.08196721311475409,0.05581039755351682,0.08196721311475409,False,False,0.6534531042727764,0.5129969418960245,0.4868270332187858,873,1308,0.36111076921224594,en,target_fpr,0.11224446017547247,0.18408957845433255,0.1478494623655914,0.0,clf_unitary_xlmr,A
hin,test_oracle_unachievable,0.4571069926023483,0.0,1,0.24280350438047557,0.0,0.04866562009419152,0.8554396423248882,0.7578125,0.14456035767511177,0.09785932721712538,0.14456035767511177,False,False,0.6534531042727764,0.5129969418960245,0.4868270332187858,873,1308,0.36111076921224594,en,target_fpr,,,0.1478494623655914,-0.09495404201488417,clf_unitary_xlmr,A
it,fixed_half,0.5,0.0,1,0.7345553292600135,0.0,0.2604166666666667,0.2609289617486339,0.7300944669365722,0.7390710382513661,0.494,0.7390710382513661,False,False,0.8323710012522769,0.488,0.497,1000,1500,0.36111076921224594,en,target_fpr,,,0.58348623853211,-0.15106909072790353,clf_unitary_xlmr,A
it,source_global,0.36111076921224594,0.0,1,0.7471554993678887,0.0,0.3372395833333333,0.19262295081967212,0.6952941176470588,0.8073770491803278,0.5666666666666667,0.8073770491803278,False,False,0.8323710012522769,0.488,0.497,1000,1500,0.36111076921224594,en,target_fpr,0.7226225667237747,0.768671107674134,0.58348623853211,-0.1636692608357787,clf_unitary_xlmr,A
it,pooled_global,0.46281393217467975,0.0,1,0.7400000000000001,0.0,0.27734375,0.24180327868852458,0.72265625,0.7581967213114754,0.512,0.7581967213114754,False,False,0.8323710012522769,0.488,0.497,1000,1500,0.36111076921224594,en,target_fpr,,,0.58348623853211,-0.1565137614678901,clf_unitary_xlmr,A
it,worstcase_global,0.6995801627635956,0.0,1,0.7040737893927747,0.0,0.14453125,0.3743169398907104,0.804920913884007,0.6256830601092896,0.37933333333333336,0.6256830601092896,False,False,0.8323710012522769,0.488,0.497,1000,1500,0.36111076921224594,en,target_fpr,,,0.58348623853211,-0.12058755086066464,clf_unitary_xlmr,A
it,quantile_match,0.49425705012679094,0.0,1,0.7369844489519946,0.0,0.2630208333333333,0.25546448087431695,0.7295850066934404,0.744535519125683,0.498,0.744535519125683,False,False,0.8323710012522769,0.488,0.497,1000,1500,0.36111076921224594,en,target_fpr,,,0.58348623853211,-0.15349821041988454,clf_unitary_xlmr,A
it,sld_em,0.34001403998037855,0.0,1,0.7510971786833857,0.0,0.34375,0.18169398907103826,0.694090382387022,0.8183060109289617,0.5753333333333334,0.8183060109289617,False,False,0.8323710012522769,0.488,0.497,1000,1500,0.36111076921224594,en,target_fpr,,,0.58348623853211,-0.16761094015127564,clf_unitary_xlmr,A
it,bbse,0.298541306296493,0.0,1,0.7542997542997543,0.0,0.3671875,0.16120218579234974,0.6852678571428571,0.8387978142076503,0.5973333333333334,0.8387978142076503,False,False,0.8323710012522769,0.488,0.497,1000,1500,0.36111076921224594,en,target_fpr,,,0.58348623853211,-0.17081351576764425,clf_unitary_xlmr,A
it,few_label_8_strat,0.6801130201667547,0.24755541392401328,25,0.639819841050855,0.13460748925187027,0.16203125,0.4204371584699454,0.8169642915122818,0.5795628415300547,0.3657866666666667,0.5795628415300547,False,False,0.8323710012522769,0.488,0.497,1000,1500,0.36111076921224594,en,target_fpr,,,0.58348623853211,-0.056333602518744974,clf_unitary_xlmr,A
it,few_label_8_rand,0.7382512979209424,0.24124640147920254,25,0.6021869448714826,0.14855628232259466,0.13541666666666666,0.4755191256830601,0.8396576403432789,0.5244808743169399,0.3252799999999999,0.5244808743169399,False,False,0.8323710012522769,0.488,0.497,1000,1500,0.36111076921224594,en,target_fpr,,,0.58348623853211,-0.018700706339372597,clf_unitary_xlmr,A
it,few_label_16_strat,0.8327272814512253,0.15122882006819202,25,0.5562099175294652,0.15812468779047797,0.08083333333333333,0.5552459016393442,0.878952791063318,0.4447540983606558,0.25842666666666664,0.4447540983606558,False,False,0.8323710012522769,0.488,0.497,1000,1500,0.36111076921224594,en,target_fpr,,,0.58348623853211,0.027276321002644766,clf_unitary_xlmr,A
it,few_label_16_rand,0.7908562248945237,0.19264387722162954,25,0.5882632120734836,0.13746584352261504,0.10307291666666668,0.5131147540983606,0.8587709219424028,0.48688524590163934,0.29037333333333337,0.48688524590163934,False,False,0.8323710012522769,0.488,0.497,1000,1500,0.36111076921224594,en,target_fpr,,,0.58348623853211,-0.00477697354137363,clf_unitary_xlmr,A
it,few_label_32_strat,0.9337857306003571,0.07404841099820182,25,0.43004187752625006,0.14711118011779917,0.02885416666666666,0.7012568306010931,0.9385745618472844,0.2987431693989071,0.16055999999999998,0.2987431693989071,False,False,0.8323710012522769,0.488,0.497,1000,1500,0.36111076921224594,en,target_fpr,,,0.58348623853211,0.15344436100585995,clf_unitary_xlmr,A
it,few_label_32_rand,0.8677045631408692,0.10402684251226095,25,0.5395841616382733,0.1566657396375135,0.06255208333333333,0.5841530054644809,0.8921426468480917,0.41584699453551915,0.23495999999999997,0.41584699453551915,False,False,0.8323710012522769,0.488,0.497,1000,1500,0.36111076921224594,en,target_fpr,,,0.58348623853211,0.04390207689383674,clf_unitary_xlmr,A
it,few_label_64_strat,0.8884692966938019,0.06100546259747684,25,0.5563782981328902,0.10284908145900985,0.052031249999999994,0.5834426229508197,0.8969077884504063,0.41655737704918033,0.22992,0.41655737704918033,False,False,0.8323710012522769,0.488,0.497,1000,1500,0.36111076921224594,en,target_fpr,,,0.58348623853211,0.02710794039921982,clf_unitary_xlmr,A
it,few_label_64_rand,0.9120820534229278,0.05931900318443254,25,0.51742788553531,0.09741812674114529,0.039375,0.6277049180327868,0.9139879040441404,0.37229508196721306,0.20184000000000002,0.37229508196721306,False,False,0.8323710012522769,0.488,0.497,1000,1500,0.36111076921224594,en,target_fpr,,,0.58348623853211,0.06605835299679996,clf_unitary_xlmr,A
it,few_label_128_strat,0.8834206998348236,0.03874195288973866,25,0.5844780885340873,0.059586344979678234,0.05635416666666667,0.559016393442623,0.8860797455552798,0.44098360655737706,0.24405333333333334,0.44098360655737706,False,False,0.8323710012522769,0.488,0.497,1000,1500,0.36111076921224594,en,target_fpr,,,0.58348623853211,-0.0009918500019773235,clf_unitary_xlmr,A
it,few_label_128_rand,0.8891430538892746,0.046254738672497075,25,0.5714348064272167,0.0684263741706956,0.05265625,0.5730601092896175,0.8908045123659517,0.4269398907103825,0.2353066666666667,0.4269398907103825,False,False,0.8323710012522769,0.488,0.497,1000,1500,0.36111076921224594,en,target_fpr,,,0.58348623853211,0.012051432104893345,clf_unitary_xlmr,A
it,few_label_256_strat,0.8970155495405198,0.03122220760628618,25,0.5666305812316463,0.05949540238966184,0.04958333333333333,0.5807650273224044,0.8934372093106997,0.4192349726775956,0.22997333333333336,0.4192349726775956,False,False,0.8323710012522769,0.488,0.497,1000,1500,0.36111076921224594,en,target_fpr,,,0.58348623853211,0.016855657300463678,clf_unitary_xlmr,A
it,few_label_256_rand,0.9044117027521134,0.0326890438439346,25,0.551537082375258,0.06741675118743096,0.04619791666666667,0.5965573770491803,0.8982026367753114,0.4034426229508197,0.22053333333333336,0.4034426229508197,False,False,0.8323710012522769,0.488,0.497,1000,1500,0.36111076921224594,en,target_fpr,,,0.58348623853211,0.03194915615685201,clf_unitary_xlmr,A
it,target_full,0.8913142383098602,0.0,1,0.58348623853211,0.0,0.052083333333333336,0.5655737704918032,0.888268156424581,0.4344262295081967,0.23866666666666667,0.4344262295081967,False,False,0.8323710012522769,0.488,0.497,1000,1500,0.36111076921224594,en,target_fpr,0.5462222186622238,0.6207886223395788,0.58348623853211,0.0,clf_unitary_xlmr,A
it,test_oracle_unachievable,0.8923796117305756,0.0,1,0.58195211786372,0.0,0.049479166666666664,0.5683060109289617,0.8926553672316384,0.43169398907103823,0.236,0.43169398907103823,False,False,0.8323710012522769,0.488,0.497,1000,1500,0.36111076921224594,en,target_fpr,,,0.58348623853211,0.0015341206683899822,clf_unitary_xlmr,A
ja,fixed_half,0.5,0.0,1,0.005369127516778523,0.0,0.005256241787122208,0.9972936400541272,0.3333333333333333,0.0027063599458728013,0.004,0.0027063599458728013,True,False,0.5302038305128748,0.49266666666666664,0.508,1000,1500,0.36111076921224594,en,target_fpr,,,0.1266427718040621,0.12127364428728359,clf_unitary_xlmr,A
ja,source_global,0.36111076921224594,0.0,1,0.24185068349106204,0.0,0.12746386333771353,0.8443843031123139,0.5424528301886793,0.15561569688768606,0.14133333333333334,0.15561569688768606,False,False,0.5302038305128748,0.49266666666666664,0.508,1000,1500,0.36111076921224594,en,target_fpr,0.20695652173913046,0.2743865289178813,0.1266427718040621,-0.11520791168699993,clf_unitary_xlmr,A
ja,pooled_global,0.5336143912345896,0.0,1,0.0,0.0,0.001314060446780552,1.0,0.0,0.0,0.0006666666666666666,0.0,True,False,0.5302038305128748,0.49266666666666664,0.508,1000,1500,0.36111076921224594,en,target_fpr,,,0.1266427718040621,0.1266427718040621,clf_unitary_xlmr,A
ja,worstcase_global,0.8913142383098602,0.0,1,0.0,0.0,0.0,1.0,0.0,0.0,0.0,0.0,True,False,0.5302038305128748,0.49266666666666664,0.508,1000,1500,0.36111076921224594,en,target_fpr,,,0.1266427718040621,0.1266427718040621,clf_unitary_xlmr,A
ja,quantile_match,0.2566221222281456,0.0,1,0.5110663983903422,0.0,0.48751642575558474,0.4844384303112314,0.5066489361702128,0.5155615696887687,0.5013333333333333,0.5155615696887687,False,False,0.5302038305128748,0.49266666666666664,0.508,1000,1500,0.36111076921224594,en,target_fpr,,,0.1266427718040621,-0.38442362658628004,clf_unitary_xlmr,A
ja,sld_em,0.9999978475266815,0.0,1,0.0,0.0,0.0,1.0,0.0,0.0,0.0,0.0,True,False,0.5302038305128748,0.49266666666666664,0.508,1000,1500,0.36111076921224594,en,target_fpr,,,0.1266427718040621,0.1266427718040621,clf_unitary_xlmr,A
ja,bbse,0.819323598591565,0.0,1,0.0,0.0,0.0,1.0,0.0,0.0,0.0,0.0,True,False,0.5302038305128748,0.49266666666666664,0.508,1000,1500,0.36111076921224594,en,target_fpr,,,0.1266427718040621,0.1266427718040621,clf_unitary_xlmr,A
ja,few_label_8_strat,0.3598129978775978,0.05468674488189646,25,0.23520845192539433,0.12989329672688638,0.1580551905387648,0.8240324763193505,0.5279470870585599,0.17596752368064952,0.16688,0.17596752368064952,False,False,0.5302038305128748,0.49266666666666664,0.508,1000,1500,0.36111076921224594,en,target_fpr,,,0.1266427718040621,-0.10856568012133222,clf_unitary_xlmr,A
ja,few_label_8_rand,0.34553071945905683,0.0719546217691218,25,0.2635380724484604,0.17485408754320522,0.2081471747700394,0.7729905277401895,0.5285791551473753,0.22700947225981052,0.21744,0.22700947225981052,False,False,0.5302038305128748,0.49266666666666664,0.508,1000,1500,0.36111076921224594,en,target_fpr,,,0.1266427718040621,-0.13689530064439828,clf_unitary_xlmr,A
ja,few_label_16_strat,0.3867307960987091,0.054907673477431196,25,0.173552090391524,0.13723836452836,0.11206307490144546,0.875723951285521,0.5151744295160261,0.124276048714479,0.11808,0.124276048714479,False,False,0.5302038305128748,0.49266666666666664,0.508,1000,1500,0.36111076921224594,en,target_fpr,,,0.1266427718040621,-0.04690931858746189,clf_unitary_xlmr,A
ja,few_label_16_rand,0.3954496854543686,0.05393605989729661,25,0.15391590161205523,0.10856279739159347,0.08872536136662285,0.8988362652232746,0.5144362937718928,0.1011637347767253,0.09485333333333333,0.1011637347767253,False,False,0.5302038305128748,0.49266666666666664,0.508,1000,1500,0.36111076921224594,en,target_fpr,,,0.1266427718040621,-0.027273129807993124,clf_unitary_xlmr,A
ja,few_label_32_strat,0.4010826689004898,0.04134954057718604,25,0.13654289165663638,0.09792159428667299,0.07227332457293036,0.9141001353179974,0.5223562743873629,0.08589986468200271,0.07898666666666668,0.08589986468200271,False,False,0.5302038305128748,0.49266666666666664,0.508,1000,1500,0.36111076921224594,en,target_fpr,,,0.1266427718040621,-0.009900119852574274,clf_unitary_xlmr,A
ja,few_label_32_rand,0.40269853085279467,0.04324388984334039,25,0.1302301723020499,0.10432674382155807,0.07274638633377135,0.9166982408660351,0.5151929029847401,0.08330175913396481,0.07794666666666668,0.08330175913396481,False,False,0.5302038305128748,0.49266666666666664,0.508,1000,1500,0.36111076921224594,en,target_fpr,,,0.1266427718040621,-0.0035874004979877805,clf_unitary_xlmr,A
ja,few_label_64_strat,0.4026834154129028,0.022764386631351736,25,0.11846902198939353,0.06160960483838057,0.05477003942181341,0.9311502029769959,0.5429888316687083,0.06884979702300406,0.06170666666666667,0.06884979702300406,False,False,0.5302038305128748,0.49266666666666664,0.508,1000,1500,0.36111076921224594,en,target_fpr,,,0.1266427718040621,0.008173749814668577,clf_unitary_xlmr,A
ja,few_label_64_rand,0.4055596202611923,0.030926241073954277,25,0.11616397170223726,0.0742731861728712,0.057135348226018394,0.931150202976996,0.5268181208370932,0.06884979702300406,0.06290666666666667,0.06884979702300406,False,False,0.5302038305128748,0.49266666666666664,0.508,1000,1500,0.36111076921224594,en,target_fpr,,,0.1266427718040621,0.01047880010182485,clf_unitary_xlmr,A
ja,few_label_128_strat,0.3957463252544403,0.016441199341312458,25,0.13176775877708985,0.04808436857930783,0.06097240473061761,0.9236265223274697,0.5452744727284303,0.07637347767253046,0.06856,0.07637347767253046,False,False,0.5302038305128748,0.49266666666666664,0.508,1000,1500,0.36111076921224594,en,target_fpr,,,0.1266427718040621,-0.00512498697302774,clf_unitary_xlmr,A
ja,few_label_128_rand,0.3955187255144119,0.018959299747971507,25,0.13608860181826152,0.052825138325194525,0.061760840998685944,0.9206495263870095,0.5507432096476533,0.07935047361299052,0.07042666666666667,0.07935047361299052,False,False,0.5302038305128748,0.49266666666666664,0.508,1000,1500,0.36111076921224594,en,target_fpr,,,0.1266427718040621,-0.009445830014199408,clf_unitary_xlmr,A
ja,few_label_256_strat,0.39958670824766157,0.013659955494036351,25,0.11977717522082333,0.03871874752027606,0.05398160315374507,0.9319079837618404,0.5461765826557391,0.06809201623815968,0.060933333333333325,0.06809201623815968,False,False,0.5302038305128748,0.49266666666666664,0.508,1000,1500,0.36111076921224594,en,target_fpr,,,0.1266427718040621,0.006865596583238778,clf_unitary_xlmr,A
ja,few_label_256_rand,0.39930054485797883,0.016392121800287193,25,0.12199801652451614,0.045958125646623264,0.05508541392904073,0.9301217861975642,0.5472264695427081,0.06987821380243572,0.06237333333333333,0.06987821380243572,False,False,0.5302038305128748,0.49266666666666664,0.508,1000,1500,0.36111076921224594,en,target_fpr,,,0.1266427718040621,0.00464475527954597,clf_unitary_xlmr,A
ja,target_full,0.3952411860227585,0.0,1,0.1266427718040621,0.0,0.05913272010512484,0.9282814614343707,0.5408163265306123,0.07171853856562922,0.06533333333333333,0.07171853856562922,False,False,0.5302038305128748,0.49266666666666664,0.508,1000,1500,0.36111076921224594,en,target_fpr,0.09430573384681215,0.1623554016077379,0.1266427718040621,0.0,clf_unitary_xlmr,A
ja,test_oracle_unachievable,0.40486419200897217,0.0,1,0.10256410256410256,0.0,0.04993429697766097,0.9431664411366711,0.525,0.056833558863328824,0.05333333333333334,0.056833558863328824,False,False,0.5302038305128748,0.49266666666666664,0.508,1000,1500,0.36111076921224594,en,target_fpr,,,0.1266427718040621,0.02407866923995955,clf_unitary_xlmr,A
ru,fixed_half,0.5,0.0,1,0.6173059768064229,0.0,0.04730617608409987,0.5317997293640054,0.9057591623036649,0.46820027063599456,0.25466666666666665,0.46820027063599456,False,False,0.8255589202299517,0.49266666666666664,0.508,1000,1500,0.36111076921224594,en,target_fpr,,,0.6495726495726495,0.032266672766226634,clf_unitary_xlmr,A
ru,source_global,0.36111076921224594,0.0,1,0.6823720552396426,0.0,0.09461235216819974,0.4316644113667118,0.8536585365853658,0.5683355886332883,0.328,0.5683355886332883,False,False,0.8255589202299517,0.49266666666666664,0.508,1000,1500,0.36111076921224594,en,target_fpr,0.6536548735776453,0.7089600828988263,0.6495726495726495,-0.03279940566699313,clf_unitary_xlmr,A
ru,pooled_global,0.5256457843889052,0.0,1,0.5970961887477314,0.0,0.04467805519053877,0.5548037889039242,0.90633608815427,0.44519621109607577,0.242,0.44519621109607577,False,False,0.8255589202299517,0.49266666666666664,0.508,1000,1500,0.36111076921224594,en,target_fpr,,,0.6495726495726495,0.05247646082491808,clf_unitary_xlmr,A
ru,worstcase_global,0.8913142383098602,0.0,1,0.173053152039555,0.0,0.0,0.9052774018944519,1.0,0.09472259810554803,0.04666666666666667,0.09472259810554803,False,False,0.8255589202299517,0.49266666666666664,0.508,1000,1500,0.36111076921224594,en,target_fpr,,,0.6495726495726495,0.47651949753309447,clf_unitary_xlmr,A
ru,quantile_match,0.14646280044317242,0.0,1,0.727524204702628,0.0,0.2378449408672799,0.2882273342354533,0.743988684582744,0.7117726657645467,0.4713333333333333,0.7117726657645467,False,False,0.8255589202299517,0.49266666666666664,0.508,1000,1500,0.36111076921224594,en,target_fpr,,,0.6495726495726495,-0.07795155512997853,clf_unitary_xlmr,A
ru,sld_em,0.8656644406884269,0.0,1,0.2214199759326113,0.0,0.0,0.8755074424898511,1.0,0.12449255751014884,0.06133333333333333,0.12449255751014884,False,False,0.8255589202299517,0.49266666666666664,0.508,1000,1500,0.36111076921224594,en,target_fpr,,,0.6495726495726495,0.4281526736400382,clf_unitary_xlmr,A
ru,bbse,0.5804409850499382,0.0,1,0.5655430711610487,0.0,0.035479632063074903,0.591339648173207,0.9179331306990881,0.40866035182679294,0.21933333333333332,0.40866035182679294,False,False,0.8255589202299517,0.49266666666666664,0.508,1000,1500,0.36111076921224594,en,target_fpr,,,0.6495726495726495,0.08402957841160075,clf_unitary_xlmr,A
ru,few_label_8_strat,0.3901541909575462,0.20089278838266064,25,0.637239181426734,0.1150025458102755,0.12509855453350854,0.4526657645466847,0.8467452828497548,0.5473342354533153,0.33311999999999997,0.5473342354533153,False,False,0.8255589202299517,0.49266666666666664,0.508,1000,1500,0.36111076921224594,en,target_fpr,,,0.6495726495726495,0.012333468145915516,clf_unitary_xlmr,A
ru,few_label_8_rand,0.35491819942370056,0.23330518856426347,25,0.6386051061315373,0.11092020034917117,0.18906701708278584,0.4159675236806495,0.8181442968539924,0.5840324763193505,0.38365333333333335,0.5840324763193505,False,False,0.8255589202299517,0.49266666666666664,0.508,1000,1500,0.36111076921224594,en,target_fpr,,,0.6495726495726495,0.01096754344111217,clf_unitary_xlmr,A
ru,few_label_16_strat,0.436334215849638,0.18343275806298864,25,0.6222221263470032,0.1001357914521793,0.0895137976346912,0.49234100135318004,0.8705568991997326,0.50765899864682,0.29552,0.50765899864682,False,False,0.8255589202299517,0.49266666666666664,0.508,1000,1500,0.36111076921224594,en,target_fpr,,,0.6495726495726495,0.02735052322564624,clf_unitary_xlmr,A
ru,few_label_16_rand,0.42736505836248395,0.19313782323571513,25,0.6214202024650515,0.1274571867125161,0.09413929040735874,0.4870906630581867,0.8668151776903741,0.5129093369418133,0.3004533333333333,0.5129093369418133,False,False,0.8255589202299517,0.49266666666666664,0.508,1000,1500,0.36111076921224594,en,target_fpr,,,0.6495726495726495,0.02815244710759801,clf_unitary_xlmr,A
ru,few_label_32_strat,0.5623630395531655,0.17519191637811854,25,0.5372572554670683,0.15243878967656188,0.04714848883048621,0.5956698240866035,0.9151149348639062,0.4043301759133965,0.22311999999999999,0.4043301759133965,False,False,0.8255589202299517,0.49266666666666664,0.508,1000,1500,0.36111076921224594,en,target_fpr,,,0.6495726495726495,0.11231539410558122,clf_unitary_xlmr,A
ru,few_label_32_rand,0.49915608286857605,0.17420359101481292,25,0.5901906397909098,0.11137629337560721,0.06375821287779238,0.5393234100135318,0.8967222261971418,0.4606765899864682,0.25930666666666663,0.4606765899864682,False,False,0.8255589202299517,0.49266666666666664,0.508,1000,1500,0.36111076921224594,en,target_fpr,,,0.6495726495726495,0.059382009781739686,clf_unitary_xlmr,A
ru,few_label_64_strat,0.4499903613328934,0.12104599396990876,25,0.6327634942835982,0.06324648393791311,0.07201051248357423,0.49688768606224626,0.8810640381460094,0.5031123139377537,0.2844,0.5031123139377537,False,False,0.8255589202299517,0.49266666666666664,0.508,1000,1500,0.36111076921224594,en,target_fpr,,,0.6495726495726495,0.016809155289051247,clf_unitary_xlmr,A
ru,few_label_64_rand,0.46947077751159666,0.10703252130493635,25,0.624225937225604,0.06016550983823161,0.0642838370565046,0.5112855209742896,0.8882917505413332,0.4887144790257104,0.27338666666666667,0.4887144790257104,False,False,0.8255589202299517,0.49266666666666664,0.508,1000,1500,0.36111076921224594,en,target_fpr,,,0.6495726495726495,0.02534671234704544,clf_unitary_xlmr,A
ru,few_label_128_strat,0.4347047704458237,0.07940961566435192,25,0.645207491835788,0.04177957115523169,0.07437582128777924,0.48470906630581867,0.8741802021636531,0.5152909336941813,0.2916,0.5152909336941813,False,False,0.8255589202299517,0.49266666666666664,0.508,1000,1500,0.36111076921224594,en,target_fpr,,,0.6495726495726495,0.004365157736861525,clf_unitary_xlmr,A
ru,few_label_128_rand,0.478232761323452,0.10150100915241177,25,0.6176878642275458,0.07425797012637493,0.061760840998685944,0.5190257104194859,0.8894794392058134,0.48097428958051425,0.26829333333333333,0.48097428958051425,False,False,0.8255589202299517,0.49266666666666664,0.508,1000,1500,0.36111076921224594,en,target_fpr,,,0.6495726495726495,0.03188478534510364,clf_unitary_xlmr,A
ru,few_label_256_strat,0.4675408074259758,0.053329054791505806,25,0.6305084723316515,0.0304850732323573,0.06181340341655716,0.5090663058186738,0.8869959413073232,0.4909336941813261,0.2732266666666666,0.4909336941813261,False,False,0.8255589202299517,0.49266666666666664,0.508,1000,1500,0.36111076921224594,en,target_fpr,,,0.6495726495726495,0.01906417724099796,clf_unitary_xlmr,A
ru,few_label_256_rand,0.46942832350730895,0.059250184075951236,25,0.6302538576941368,0.031200929217155567,0.061708278580814714,0.5092286874154263,0.8876405393529673,0.4907713125845738,0.27309333333333335,0.4907713125845738,False,False,0.8255589202299517,0.49266666666666664,0.508,1000,1500,0.36111076921224594,en,target_fpr,,,0.6495726495726495,0.01931879187851271,clf_unitary_xlmr,A
ru,target_full,0.4421999529004097,0.0,1,0.6495726495726495,0.0,0.06701708278580815,0.4857916102841678,0.8816705336426914,0.5142083897158322,0.28733333333333333,0.5142083897158322,False,False,0.8255589202299517,0.49266666666666664,0.508,1000,1500,0.36111076921224594,en,target_fpr,0.613917336920743,0.6794970278553101,0.6495726495726495,0.0,clf_unitary_xlmr,A
ru,test_oracle_unachievable,0.49694978445768356,0.0,1,0.6211180124223602,0.0,0.04993429697766097,0.5263870094722598,0.9020618556701031,0.4736129905277402,0.25866666666666666,0.4736129905277402,False,False,0.8255589202299517,0.49266666666666664,0.508,1000,1500,0.36111076921224594,en,target_fpr,,,0.6495726495726495,0.028454637150289286,clf_unitary_xlmr,A
tt,fixed_half,0.5,0.0,1,0.4623655913978495,0.0,0.14741035856573706,0.6546184738955824,0.6991869918699187,0.3453815261044177,0.246,0.3453815261044177,False,False,0.6110835551146596,0.498,0.454,1000,1500,0.36111076921224594,en,target_fpr,,,0.3566214807090719,-0.10574411068877759,clf_unitary_xlmr,A
tt,source_global,0.36111076921224594,0.0,1,0.5391040242976461,0.0,0.2855245683930943,0.5247657295850067,0.6228070175438597,0.47523427041499333,0.38,0.47523427041499333,False,False,0.6110835551146596,0.498,0.454,1000,1500,0.36111076921224594,en,target_fpr,0.5053567212744554,0.5688055555555556,0.3566214807090719,-0.18248254358857424,clf_unitary_xlmr,A
tt,pooled_global,0.4939711070943319,0.0,1,0.46345811051693414,0.0,0.15272244355909695,0.6519410977242303,0.6933333333333334,0.34805890227576974,0.25,0.34805890227576974,False,False,0.6110835551146596,0.498,0.454,1000,1500,0.36111076921224594,en,target_fpr,,,0.3566214807090719,-0.10683662980786224,clf_unitary_xlmr,A
tt,worstcase_global,0.8913142383098602,0.0,1,0.07958921694480102,0.0,0.0013280212483399733,0.9585006693440429,0.96875,0.041499330655957165,0.021333333333333333,0.041499330655957165,False,False,0.6110835551146596,0.498,0.454,1000,1500,0.36111076921224594,en,target_fpr,,,0.3566214807090719,0.27703226376427087,clf_unitary_xlmr,A
tt,quantile_match,0.2945048017203808,0.0,1,0.5551700208188759,0.0,0.3904382470119522,0.464524765729585,0.5763688760806917,0.535475234270415,0.46266666666666667,0.535475234270415,False,False,0.6110835551146596,0.498,0.454,1000,1500,0.36111076921224594,en,target_fpr,,,0.3566214807090719,-0.198548540109804,clf_unitary_xlmr,A
tt,sld_em,0.9983572866273767,0.0,1,0.0,0.0,0.0,1.0,0.0,0.0,0.0,0.0,True,False,0.6110835551146596,0.498,0.454,1000,1500,0.36111076921224594,en,target_fpr,,,0.3566214807090719,0.3566214807090719,clf_unitary_xlmr,A
tt,bbse,0.468198304260233,0.0,1,0.4761077324066029,0.0,0.17264276228419656,0.6331994645247657,0.6782178217821783,0.3668005354752343,0.2693333333333333,0.3668005354752343,False,False,0.6110835551146596,0.498,0.454,1000,1500,0.36111076921224594,en,target_fpr,,,0.3566214807090719,-0.11948625169753102,clf_unitary_xlmr,A
tt,few_label_8_strat,0.5890859791636467,0.15460877313782062,25,0.38234455137237305,0.12986212375839332,0.11346613545816732,0.7204283801874163,0.7621072405512903,0.27957161981258366,0.19618666666666665,0.27957161981258366,False,False,0.6110835551146596,0.498,0.454,1000,1500,0.36111076921224594,en,target_fpr,,,0.3566214807090719,-0.02572307066330115,clf_unitary_xlmr,A
tt,few_label_8_rand,0.49138167187571524,0.16917305490671145,25,0.44929669953740237,0.10063110069482958,0.19877822045152718,0.6319143239625168,0.7051521011216392,0.3680856760374832,0.28309333333333336,0.3680856760374832,False,False,0.6110835551146596,0.498,0.454,1000,1500,0.36111076921224594,en,target_fpr,,,0.3566214807090719,-0.09267521882833046,clf_unitary_xlmr,A
tt,few_label_16_strat,0.6521351528167725,0.15406449121947174,25,0.3230640554979156,0.14868910303240032,0.07872509960159363,0.7760642570281125,0.8019594525934521,0.22393574297188754,0.15104,0.22393574297188754,False,False,0.6110835551146596,0.498,0.454,1000,1500,0.36111076921224594,en,target_fpr,,,0.3566214807090719,0.03355742521115629,clf_unitary_xlmr,A
tt,few_label_16_rand,0.6821359294652939,0.12031718047325278,25,0.3049052959044834,0.11863698517396794,0.05737051792828685,0.8000535475234272,0.8172200380123855,0.19994645247657294,0.12837333333333334,0.19994645247657294,False,False,0.6110835551146596,0.498,0.454,1000,1500,0.36111076921224594,en,target_fpr,,,0.3566214807090719,0.051716184804588505,clf_unitary_xlmr,A
tt,few_label_32_strat,0.6809454369544983,0.1240011974212574,25,0.30510215265444723,0.12546581464702378,0.05816733067729084,0.7990896921017403,0.8179680137340654,0.20091030789825973,0.12925333333333333,0.20091030789825973,False,False,0.6110835551146596,0.498,0.454,1000,1500,0.36111076921224594,en,target_fpr,,,0.3566214807090719,0.05151932805462467,clf_unitary_xlmr,A
tt,few_label_32_rand,0.6306461414694786,0.13689145786374518,25,0.34910386135898497,0.12862229387995314,0.08355909694555112,0.7582329317269075,0.7862993930562913,0.24176706827309236,0.1623466666666667,0.24176706827309236,False,False,0.6110835551146596,0.498,0.454,1000,1500,0.36111076921224594,en,target_fpr,,,0.3566214807090719,0.007517619350086935,clf_unitary_xlmr,A
tt,few_label_64_strat,0.6794880056381225,0.07993842844756623,25,0.31550336378845023,0.07758955568999343,0.05120849933598937,0.7986613119143239,0.8124393404428661,0.20133868808567607,0.12597333333333335,0.20133868808567607,False,False,0.6110835551146596,0.498,0.454,1000,1500,0.36111076921224594,en,target_fpr,,,0.3566214807090719,0.04111811692062167,clf_unitary_xlmr,A
tt,few_label_64_rand,0.6445088440179825,0.09084879826199536,25,0.3482807718924715,0.08374497894288745,0.06656042496679947,0.7694243641231593,0.7938473416735399,0.23057563587684068,0.14824,0.23057563587684068,False,False,0.6110835551146596,0.498,0.454,1000,1500,0.36111076921224594,en,target_fpr,,,0.3566214807090719,0.008340708816600428,clf_unitary_xlmr,A
tt,few_label_128_strat,0.6239850068092346,0.05126553627000889,25,0.3713947939050928,0.04884318052077668,0.06895086321381141,0.7540562248995983,0.7860024079986561,0.2459437751004016,0.1570933333333333,0.2459437751004016,False,False,0.6110835551146596,0.498,0.454,1000,1500,0.36111076921224594,en,target_fpr,,,0.3566214807090719,-0.014773313196020876,clf_unitary_xlmr,A
tt,few_label_128_rand,0.6361268985271454,0.06549486853865503,25,0.3603399848468179,0.0644925634576145,0.0645949535192563,0.7628380187416333,0.7929293798046899,0.2371619812583668,0.15053333333333335,0.2371619812583668,False,False,0.6110835551146596,0.498,0.454,1000,1500,0.36111076921224594,en,target_fpr,,,0.3566214807090719,-0.0037185041377459926,clf_unitary_xlmr,A
tt,few_label_256_strat,0.6254773986339569,0.03929708243449408,25,0.3722837716882136,0.035924134824554026,0.06687915006640105,0.754698795180723,0.7888606908039164,0.2453012048192771,0.15573333333333333,0.2453012048192771,False,False,0.6110835551146596,0.498,0.454,1000,1500,0.36111076921224594,en,target_fpr,,,0.3566214807090719,-0.01566229097914168,clf_unitary_xlmr,A
tt,few_label_256_rand,0.6460508376359939,0.037946954318456586,25,0.35301309825768556,0.03526170782306999,0.05715803452855246,0.7722623828647925,0.8016747205007501,0.22773761713520752,0.14210666666666666,0.22773761713520752,False,False,0.6110835551146596,0.498,0.454,1000,1500,0.36111076921224594,en,target_fpr,,,0.3566214807090719,0.0036083824513863383,clf_unitary_xlmr,A
tt,target_full,0.6460932940244675,0.0,1,0.3566214807090719,0.0,0.05444887118193891,0.7710843373493976,0.8066037735849056,0.2289156626506024,0.14133333333333334,0.2289156626506024,False,False,0.6110835551146596,0.498,0.454,1000,1500,0.36111076921224594,en,target_fpr,0.3146516611208864,0.3926234161048004,0.3566214807090719,0.0,clf_unitary_xlmr,A
tt,test_oracle_unachievable,0.6573315858840942,0.0,1,0.34249471458773784,0.0,0.049136786188579015,0.7831325301204819,0.8140703517587939,0.21686746987951808,0.13266666666666665,0.21686746987951808,False,False,0.6110835551146596,0.498,0.454,1000,1500,0.36111076921224594,en,target_fpr,,,0.3566214807090719,0.014126766121334067,clf_unitary_xlmr,A
uk,fixed_half,0.5,0.0,1,0.43731778425655976,0.0,0.08421052631578947,0.6959459459459459,0.7785467128027682,0.30405405405405406,0.19266666666666668,0.30405405405405406,False,False,0.6707663584637269,0.49333333333333335,0.494,1000,1500,0.36111076921224594,en,target_fpr,,,0.42273180458624127,-0.014585979670318494,clf_unitary_xlmr,A
uk,source_global,0.36111076921224594,0.0,1,0.5105263157894737,0.0,0.14342105263157895,0.6067567567567568,0.7275,0.3932432432432432,0.26666666666666666,0.3932432432432432,False,False,0.6707663584637269,0.49333333333333335,0.494,1000,1500,0.36111076921224594,en,target_fpr,0.4678160552671149,0.5441268486916951,0.42273180458624127,-0.08779451120323245,clf_unitary_xlmr,A
uk,pooled_global,0.517753505808165,0.0,1,0.43222003929273084,0.0,0.07631578947368421,0.7027027027027027,0.7913669064748201,0.2972972972972973,0.18533333333333332,0.2972972972972973,False,False,0.6707663584637269,0.49333333333333335,0.494,1000,1500,0.36111076921224594,en,target_fpr,,,0.42273180458624127,-0.009488234706489573,clf_unitary_xlmr,A
uk,worstcase_global,0.8913142383098602,0.0,1,0.09706257982120052,0.0,0.006578947368421052,0.9486486486486486,0.8837209302325582,0.051351351351351354,0.028666666666666667,0.051351351351351354,False,False,0.6707663584637269,0.49333333333333335,0.494,1000,1500,0.36111076921224594,en,target_fpr,,,0.42273180458624127,0.32566922476504073,clf_unitary_xlmr,A
uk,quantile_match,0.14793409621715545,0.0,1,0.6092184368737474,0.0,0.3960526315789474,0.3837837837837838,0.6023778071334214,0.6162162162162163,0.5046666666666667,0.6162162162162163,False,False,0.6707663584637269,0.49333333333333335,0.494,1000,1500,0.36111076921224594,en,target_fpr,,,0.42273180458624127,-0.18648663228750617,clf_unitary_xlmr,A
uk,sld_em,0.9719022072509867,0.0,1,0.002699055330634278,0.0,0.0,0.9986486486486487,1.0,0.0013513513513513514,0.0006666666666666666,0.0013513513513513514,True,False,0.6707663584637269,0.49333333333333335,0.494,1000,1500,0.36111076921224594,en,target_fpr,,,0.42273180458624127,0.42003274925560696,clf_unitary_xlmr,A
uk,bbse,0.6343226697647187,0.0,1,0.35805084745762716,0.0,0.046052631578947366,0.7716216216216216,0.8284313725490197,0.22837837837837838,0.136,0.22837837837837838,False,False,0.6707663584637269,0.49333333333333335,0.494,1000,1500,0.36111076921224594,en,target_fpr,,,0.42273180458624127,0.0646809571286141,clf_unitary_xlmr,A
uk,few_label_8_strat,0.4507919985055924,0.2222835367056221,25,0.4487154653476491,0.14523978697490197,0.1513157894736842,0.639891891891892,0.7187822681495943,0.3601081081081081,0.25432,0.3601081081081081,False,False,0.6707663584637269,0.49333333333333335,0.494,1000,1500,0.36111076921224594,en,target_fpr,,,0.42273180458624127,-0.025983660761407845,clf_unitary_xlmr,A
uk,few_label_8_rand,0.4017354685068131,0.24711829378180392,25,0.47000418928489446,0.15503015908306075,0.21015789473684213,0.5907567567567567,0.7249353511396227,0.40924324324324324,0.3083733333333333,0.40924324324324324,False,False,0.6707663584637269,0.49333333333333335,0.494,1000,1500,0.36111076921224594,en,target_fpr,,,0.42273180458624127,-0.04727238469865319,clf_unitary_xlmr,A
uk,few_label_16_strat,0.5155472898483277,0.1987842892412015,25,0.41195211542918286,0.1354237510165827,0.1023684210526316,0.6961621621621622,0.7827136636891043,0.30383783783783785,0.20176000000000002,0.30383783783783785,False,False,0.6707663584637269,0.49333333333333335,0.494,1000,1500,0.36111076921224594,en,target_fpr,,,0.42273180458624127,0.010779689157058403,clf_unitary_xlmr,A
uk,few_label_16_rand,0.48227834194898606,0.1749576779034252,25,0.4407038604562046,0.10404796058275008,0.11436842105263156,0.6711891891891894,0.7704521943532182,0.32881081081081076,0.22016000000000002,0.32881081081081076,False,False,0.6707663584637269,0.49333333333333335,0.494,1000,1500,0.36111076921224594,en,target_fpr,,,0.42273180458624127,-0.01797205586996331,clf_unitary_xlmr,A
uk,few_label_32_strat,0.6538148128986359,0.21505820582941762,25,0.30512628788059365,0.17242695838958833,0.057736842105263156,0.7901621621621621,0.7909328297900844,0.20983783783783783,0.1327733333333333,0.20983783783783783,False,False,0.6707663584637269,0.49333333333333335,0.494,1000,1500,0.36111076921224594,en,target_fpr,,,0.42273180458624127,0.11760551670564762,clf_unitary_xlmr,A
uk,few_label_32_rand,0.6498515766859054,0.19572304346321417,25,0.3156767128749427,0.15429587346489124,0.05647368421052632,0.7854594594594595,0.8299774405108868,0.21454054054054056,0.1344533333333333,0.21454054054054056,False,False,0.6707663584637269,0.49333333333333335,0.494,1000,1500,0.36111076921224594,en,target_fpr,,,0.42273180458624127,0.10705509171129857,clf_unitary_xlmr,A
uk,few_label_64_strat,0.5650143304467201,0.12604347751884656,25,0.3920295080713462,0.09581563772430496,0.07036842105263158,0.7321081081081081,0.8018784542200375,0.2678918918918919,0.16781333333333331,0.2678918918918919,False,False,0.6707663584637269,0.49333333333333335,0.494,1000,1500,0.36111076921224594,en,target_fpr,,,0.42273180458624127,0.03070229651489509,clf_unitary_xlmr,A
uk,few_label_64_rand,0.6141422474384308,0.1452912633823909,25,0.35931127443257127,0.11028984882667901,0.0581578947368421,0.759027027027027,0.8268157079338186,0.24097297297297296,0.14834666666666668,0.24097297297297296,False,False,0.6707663584637269,0.49333333333333335,0.494,1000,1500,0.36111076921224594,en,target_fpr,,,0.42273180458624127,0.06342053015367,clf_unitary_xlmr,A
uk,few_label_128_strat,0.5299496868252754,0.09032089534130305,25,0.42265747338144616,0.05193290289511689,0.07810526315789473,0.7077837837837839,0.792980402465098,0.29221621621621624,0.1837333333333333,0.29221621621621624,False,False,0.6707663584637269,0.49333333333333335,0.494,1000,1500,0.36111076921224594,en,target_fpr,,,0.42273180458624127,7.433120479510835e-05,clf_unitary_xlmr,A
uk,few_label_128_rand,0.5469354447722435,0.083033494387851,25,0.4138551083136138,0.04856712548660872,0.07226315789473685,0.7172972972972974,0.799565740444185,0.2827027027027027,0.17608000000000001,0.2827027027027027,False,False,0.6707663584637269,0.49333333333333335,0.494,1000,1500,0.36111076921224594,en,target_fpr,,,0.42273180458624127,0.008876696272627493,clf_unitary_xlmr,A
uk,few_label_256_strat,0.5531650865077973,0.04630234487119182,25,0.4132945659670682,0.030183126192612736,0.06810526315789474,0.7205405405405405,0.801569305867323,0.27945945945945944,0.17237333333333335,0.27945945945945944,False,False,0.6707663584637269,0.49333333333333335,0.494,1000,1500,0.36111076921224594,en,target_fpr,,,0.42273180458624127,0.00943723861917306,clf_unitary_xlmr,A
uk,few_label_256_rand,0.5556871020793914,0.06013914728963002,25,0.4095930867675533,0.03870038710013815,0.06742105263157894,0.7233513513513513,0.8038103139330218,0.27664864864864863,0.17064000000000001,0.27664864864864863,False,False,0.6707663584637269,0.49333333333333335,0.494,1000,1500,0.36111076921224594,en,target_fpr,,,0.42273180458624127,0.013138717818687973,clf_unitary_xlmr,A
uk,target_full,0.5469690263271332,0.0,1,0.42273180458624127,0.0,0.06710526315789474,0.7135135135135136,0.8060836501901141,0.2864864864864865,0.17533333333333334,0.2864864864864865,False,False,0.6707663584637269,0.49333333333333335,0.494,1000,1500,0.36111076921224594,en,target_fpr,0.3860749838396897,0.4580683996283721,0.42273180458624127,0.0,clf_unitary_xlmr,A
uk,test_oracle_unachievable,0.6143706142902374,0.0,1,0.36897274633123694,0.0,0.05,0.7621621621621621,0.822429906542056,0.23783783783783785,0.14266666666666666,0.23783783783783785,False,False,0.6707663584637269,0.49333333333333335,0.494,1000,1500,0.36111076921224594,en,target_fpr,,,0.42273180458624127,0.05375905825500432,clf_unitary_xlmr,A
zh,fixed_half,0.5,0.0,1,0.01846965699208443,0.0,0.006631299734748011,0.9906166219839142,0.5833333333333334,0.00938337801608579,0.008,0.00938337801608579,True,False,0.5710242424673413,0.49733333333333335,0.495,1000,1500,0.36111076921224594,en,target_fpr,,,0.1633605600933489,0.14489090310126446,clf_unitary_xlmr,A
zh,source_global,0.36111076921224594,0.0,1,0.2871690427698574,0.0,0.1259946949602122,0.8109919571045576,0.597457627118644,0.18900804289544235,0.15733333333333333,0.18900804289544235,False,False,0.5710242424673413,0.49733333333333335,0.495,1000,1500,0.36111076921224594,en,target_fpr,0.25255469184715984,0.31916141014858423,0.1633605600933489,-0.12380848267650849,clf_unitary_xlmr,A
zh,pooled_global,0.5323745831064488,0.0,1,0.010596026490066225,0.0,0.006631299734748011,0.9946380697050938,0.4444444444444444,0.005361930294906166,0.006,0.005361930294906166,True,False,0.5710242424673413,0.49733333333333335,0.495,1000,1500,0.36111076921224594,en,target_fpr,,,0.1633605600933489,0.15276453360328268,clf_unitary_xlmr,A
zh,worstcase_global,0.8913142383098602,0.0,1,0.0,0.0,0.0,1.0,0.0,0.0,0.0,0.0,True,False,0.5710242424673413,0.49733333333333335,0.495,1000,1500,0.36111076921224594,en,target_fpr,,,0.1633605600933489,0.1633605600933489,clf_unitary_xlmr,A
zh,quantile_match,0.2657707348465919,0.0,1,0.5363511659807956,0.0,0.42572944297082227,0.47587131367292224,0.5491573033707865,0.5241286863270778,0.4746666666666667,0.5241286863270778,False,False,0.5710242424673413,0.49733333333333335,0.495,1000,1500,0.36111076921224594,en,target_fpr,,,0.1633605600933489,-0.3729906058874467,clf_unitary_xlmr,A
zh,sld_em,0.9999978475266815,0.0,1,0.0,0.0,0.0,1.0,0.0,0.0,0.0,0.0,True,False,0.5710242424673413,0.49733333333333335,0.495,1000,1500,0.36111076921224594,en,target_fpr,,,0.1633605600933489,0.1633605600933489,clf_unitary_xlmr,A
zh,bbse,0.8002399337104968,0.0,1,0.0,0.0,0.0,1.0,0.0,0.0,0.0,0.0,True,False,0.5710242424673413,0.49733333333333335,0.495,1000,1500,0.36111076921224594,en,target_fpr,,,0.1633605600933489,0.1633605600933489,clf_unitary_xlmr,A
zh,few_label_8_strat,0.38148170709609985,0.07445999038681586,25,0.25364589374607616,0.12597619469635626,0.12143236074270558,0.8227882037533513,0.5847688415729619,0.17721179624664882,0.14917333333333332,0.17721179624664882,False,False,0.5710242424673413,0.49733333333333335,0.495,1000,1500,0.36111076921224594,en,target_fpr,,,0.1633605600933489,-0.09028533365272726,clf_unitary_xlmr,A
zh,few_label_8_rand,0.3658225205540657,0.049880273739163886,25,0.2784906906245571,0.14314658623120854,0.14466843501326257,0.794798927613941,0.602377582331123,0.205201072386059,0.1747733333333333,0.205201072386059,False,False,0.5710242424673413,0.49733333333333335,0.495,1000,1500,0.36111076921224594,en,target_fpr,,,0.1633605600933489,-0.11513013053120821,clf_unitary_xlmr,A
zh,few_label_16_strat,0.4057960832118988,0.09284781440839755,25,0.21369975183614623,0.15272355209603458,0.10588859416445624,0.8476139410187667,0.544832460374797,0.15238605898123325,0.12901333333333334,0.15238605898123325,False,False,0.5710242424673413,0.49733333333333335,0.495,1000,1500,0.36111076921224594,en,target_fpr,,,0.1633605600933489,-0.05033919174279733,clf_unitary_xlmr,A
zh,few_label_16_rand,0.39374018788337706,0.04175465871270401,25,0.19152260283311148,0.11590638743666544,0.08090185676392574,0.8750670241286863,0.6235162965184027,0.12493297587131368,0.10280000000000002,0.12493297587131368,False,False,0.5710242424673413,0.49733333333333335,0.495,1000,1500,0.36111076921224594,en,target_fpr,,,0.1633605600933489,-0.028162042739762583,clf_unitary_xlmr,A
zh,few_label_32_strat,0.44793158650398257,0.057117349105001124,25,0.08042067910786925,0.08182391937044287,0.025623342175066316,0.9529758713136728,0.6308098277293787,0.04702412868632708,0.03626666666666666,0.04702412868632708,False,False,0.5710242424673413,0.49733333333333335,0.495,1000,1500,0.36111076921224594,en,target_fpr,,,0.1633605600933489,0.08293988098547965,clf_unitary_xlmr,A
zh,few_label_32_rand,0.4336691081523895,0.06565970514147211,25,0.11875115620781126,0.08950163253540884,0.04084880636604774,0.92970509383378,0.6104683792960632,0.07029490616621985,0.05549333333333333,0.07029490616621985,False,False,0.5710242424673413,0.49733333333333335,0.495,1000,1500,0.36111076921224594,en,target_fpr,,,0.1633605600933489,0.044609403885537635,clf_unitary_xlmr,A
zh,few_label_64_strat,0.40902062445878984,0.03245883650551645,25,0.14035467918230274,0.07999473775418772,0.0493368700265252,0.9169436997319035,0.6403474808519853,0.08305630026809652,0.06610666666666667,0.08305630026809652,False,False,0.5710242424673413,0.49733333333333335,0.495,1000,1500,0.36111076921224594,en,target_fpr,,,0.1633605600933489,0.02300588091104616,clf_unitary_xlmr,A
zh,few_label_64_rand,0.42184542685747145,0.06437143733835889,25,0.14482071081487333,0.10897580914148519,0.057400530503978774,0.9097587131367293,0.5908493074417166,0.09024128686327078,0.07373333333333335,0.09024128686327078,False,False,0.5710242424673413,0.49733333333333335,0.495,1000,1500,0.36111076921224594,en,target_fpr,,,0.1633605600933489,0.018539849278475573,clf_unitary_xlmr,A
zh,few_label_128_strat,0.40477439552545547,0.031209497276147254,25,0.14904261660246393,0.06250083867135306,0.05087533156498674,0.9130831099195711,0.6304509595436053,0.08691689008042897,0.0688,0.08691689008042897,False,False,0.5710242424673413,0.49733333333333335,0.495,1000,1500,0.36111076921224594,en,target_fpr,,,0.1633605600933489,0.014317943490884971,clf_unitary_xlmr,A
zh,few_label_128_rand,0.39477621972560883,0.022950437303910522,25,0.1741391359405791,0.0664305908659028,0.06206896551724138,0.8959249329758713,0.6354624727131649,0.10407506702412866,0.08296,0.10407506702412866,False,False,0.5710242424673413,0.49733333333333335,0.495,1000,1500,0.36111076921224594,en,target_fpr,,,0.1633605600933489,-0.010778575847230187,clf_unitary_xlmr,A
zh,few_label_256_strat,0.3979778444766998,0.017758103430383563,25,0.1588749636987855,0.04839642242461003,0.0526259946949602,0.9076675603217158,0.6463569150778606,0.09233243967828418,0.07237333333333333,0.09233243967828418,False,False,0.5710242424673413,0.49733333333333335,0.495,1000,1500,0.36111076921224594,en,target_fpr,,,0.1633605600933489,0.00448559639456339,clf_unitary_xlmr,A
zh,few_label_256_rand,0.40115328222513197,0.01960503319504188,25,0.1494781713904664,0.049981708285172496,0.04965517241379311,0.9137265415549598,0.6383434137728721,0.08627345844504021,0.06786666666666666,0.08627345844504021,False,False,0.5710242424673413,0.49733333333333335,0.495,1000,1500,0.36111076921224594,en,target_fpr,,,0.1633605600933489,0.013882388702882498,clf_unitary_xlmr,A
zh,target_full,0.39362018555402756,0.0,1,0.1633605600933489,0.0,0.054376657824933686,0.9061662198391421,0.6306306306306306,0.0938337801608579,0.074,0.0938337801608579,False,False,0.5710242424673413,0.49733333333333335,0.495,1000,1500,0.36111076921224594,en,target_fpr,0.12802563309215537,0.1942347063261248,0.1633605600933489,0.0,clf_unitary_xlmr,A
zh,test_oracle_unachievable,0.39731328189373016,0.0,1,0.15112160566706023,0.0,0.04907161803713528,0.9142091152815014,0.6336633663366337,0.08579088471849866,0.06733333333333333,0.08579088471849866,False,False,0.5710242424673413,0.49733333333333335,0.495,1000,1500,0.36111076921224594,en,target_fpr,,,0.1633605600933489,0.012238954426288667,clf_unitary_xlmr,A
