language,strategy,threshold,threshold_sd,n_draws,f1,f1_sd,fpr,fnr,precision,recall,predicted_positive_rate,objective_value,is_degenerate,is_source,test_auroc,test_prevalence,dev_prevalence,n_dev,n_test,tau_source,source_language,objective,f1_ci_low,f1_ci_high,f1_target_full,f1_gap_to_full,prevalence_setting,task,encoder,exp_id
am,fixed_half,0.5,0.0,1,0.6959847036328872,0.0,0.39158163265306123,0.23743016759776536,0.6400937866354045,0.7625698324022346,0.5686666666666667,0.7625698324022346,False,True,0.7481259263481929,0.47733333333333333,0.511,1000,1500,0.8009660332041458,am,target_fpr,,,0.3568376068376068,-0.33914709679528043,native,toxicity,encoder_minilm,EXP-005-am
am,source_global,0.8009660332041458,0.0,1,0.3568376068376068,0.0,0.06760204081632654,0.7667597765363129,0.759090909090909,0.23324022346368714,0.14666666666666667,0.23324022346368714,False,True,0.7481259263481929,0.47733333333333333,0.511,1000,1500,0.8009660332041458,am,target_fpr,0.314809145288111,0.3979808822036234,0.3568376068376068,0.0,native,toxicity,encoder_minilm,EXP-005-am
am,quantile_match,0.8008267016369138,0.0,1,0.3568376068376068,0.0,0.06760204081632654,0.7667597765363129,0.759090909090909,0.23324022346368714,0.14666666666666667,0.23324022346368714,False,True,0.7481259263481929,0.47733333333333333,0.511,1000,1500,0.8009660332041458,am,target_fpr,,,0.3568376068376068,0.0,native,toxicity,encoder_minilm,EXP-005-am
am,sld_em,0.8009660332041458,0.0,1,0.3568376068376068,0.0,0.06760204081632654,0.7667597765363129,0.759090909090909,0.23324022346368714,0.14666666666666667,0.23324022346368714,False,True,0.7481259263481929,0.47733333333333333,0.511,1000,1500,0.8009660332041458,am,target_fpr,,,0.3568376068376068,0.0,native,toxicity,encoder_minilm,EXP-005-am
am,bbse,0.8009660332041457,0.0,1,0.3568376068376068,0.0,0.06760204081632654,0.7667597765363129,0.759090909090909,0.23324022346368714,0.14666666666666667,0.23324022346368714,False,True,0.7481259263481929,0.47733333333333333,0.511,1000,1500,0.8009660332041458,am,target_fpr,,,0.3568376068376068,0.0,native,toxicity,encoder_minilm,EXP-005-am
am,few_label_8_strat,0.6853260157394012,0.12603119716698433,25,0.5030626767777678,0.15820006532910189,0.1802551020408163,0.5637988826815643,0.7097848416176319,0.4362011173184358,0.3024266666666667,0.4362011173184358,False,True,0.7481259263481929,0.47733333333333333,0.511,1000,1500,0.8009660332041458,am,target_fpr,,,0.3568376068376068,-0.14622506994016105,native,toxicity,encoder_minilm,EXP-005-am
am,few_label_8_rand,0.6211972406487661,0.21409198555103773,25,0.5097501268100647,0.19250541391616444,0.26076530612244897,0.49575418994413406,0.6870053827694679,0.504245810055866,0.3769866666666667,0.504245810055866,False,True,0.7481259263481929,0.47733333333333333,0.511,1000,1500,0.8009660332041458,am,target_fpr,,,0.3568376068376068,-0.15291251997245792,native,toxicity,encoder_minilm,EXP-005-am
am,few_label_16_strat,0.7655767028136635,0.12232058083671753,25,0.39112495203627645,0.18344679343432355,0.11448979591836736,0.6919553072625697,0.7390201916164072,0.3080446927374301,0.20687999999999998,0.3080446927374301,False,True,0.7481259263481929,0.47733333333333333,0.511,1000,1500,0.8009660332041458,am,target_fpr,,,0.3568376068376068,-0.03428734519866966,native,toxicity,encoder_minilm,EXP-005-am
am,few_label_16_rand,0.7676227846774283,0.11239450153532017,25,0.39089875546151404,0.16647816656328673,0.11,0.6983240223463687,0.7381646739296721,0.30167597765363124,0.20149333333333336,0.30167597765363124,False,True,0.7481259263481929,0.47733333333333333,0.511,1000,1500,0.8009660332041458,am,target_fpr,,,0.3568376068376068,-0.034061148623907245,native,toxicity,encoder_minilm,EXP-005-am
am,few_label_32_strat,0.8304120936901751,0.11716862956278408,25,0.2879775101785376,0.18739294714766155,0.0720408163265306,0.7908938547486034,0.7568256882617718,0.20910614525139667,0.13746666666666668,0.20910614525139667,False,True,0.7481259263481929,0.47733333333333333,0.511,1000,1500,0.8009660332041458,am,target_fpr,,,0.3568376068376068,0.06886009665906917,native,toxicity,encoder_minilm,EXP-005-am
am,few_label_32_rand,0.8191574537821806,0.09412713307235757,25,0.3123941356487968,0.1556145306500531,0.07214285714285715,0.7820670391061452,0.7554290363031736,0.21793296089385472,0.14173333333333335,0.21793296089385472,False,True,0.7481259263481929,0.47733333333333333,0.511,1000,1500,0.8009660332041458,am,target_fpr,,,0.3568376068376068,0.04444347118880998,native,toxicity,encoder_minilm,EXP-005-am
am,few_label_64_strat,0.800221821391335,0.07391926294671138,25,0.34647051314038885,0.1201039818783951,0.07923469387755101,0.7605027932960893,0.7451720704717967,0.23949720670391061,0.15573333333333333,0.23949720670391061,False,True,0.7481259263481929,0.47733333333333333,0.511,1000,1500,0.8009660332041458,am,target_fpr,,,0.3568376068376068,0.010367093697217944,native,toxicity,encoder_minilm,EXP-005-am
am,few_label_64_rand,0.7926393875693687,0.07049873970665371,25,0.35773411911045416,0.1162635703164388,0.0817857142857143,0.7518435754189945,0.7452016650562453,0.2481564245810056,0.1612,0.2481564245810056,False,True,0.7481259263481929,0.47733333333333333,0.511,1000,1500,0.8009660332041458,am,target_fpr,,,0.3568376068376068,-0.0008965122728473718,native,toxicity,encoder_minilm,EXP-005-am
am,few_label_128_strat,0.8272664299911354,0.03904174212241343,25,0.30597431581633405,0.061871072528594064,0.05887755102040817,0.8051396648044694,0.7547222758629055,0.19486033519553067,0.12378666666666667,0.19486033519553067,False,True,0.7481259263481929,0.47733333333333333,0.511,1000,1500,0.8009660332041458,am,target_fpr,,,0.3568376068376068,0.05086329102127274,native,toxicity,encoder_minilm,EXP-005-am
am,few_label_128_rand,0.8127943355671831,0.04341697103640809,25,0.326522788584383,0.06936998376315816,0.06576530612244898,0.7874301675977654,0.7508222347683708,0.21256983240223462,0.13584,0.21256983240223462,False,True,0.7481259263481929,0.47733333333333333,0.511,1000,1500,0.8009660332041458,am,target_fpr,,,0.3568376068376068,0.030314818253223796,native,toxicity,encoder_minilm,EXP-005-am
am,few_label_256_strat,0.7958261870908195,0.03382011170771506,25,0.3541290693935445,0.055470651658208754,0.07464285714285715,0.7649720670391063,0.7446421848332931,0.23502793296089386,0.1512,0.23502793296089386,False,True,0.7481259263481929,0.47733333333333333,0.511,1000,1500,0.8009660332041458,am,target_fpr,,,0.3568376068376068,0.002708537444062298,native,toxicity,encoder_minilm,EXP-005-am
am,few_label_256_rand,0.8058501000757881,0.03067104513999924,25,0.3403136943590087,0.048102599367988705,0.06928571428571428,0.7777653631284916,0.7473242806410265,0.2222346368715084,0.14229333333333333,0.2222346368715084,False,True,0.7481259263481929,0.47733333333333333,0.511,1000,1500,0.8009660332041458,am,target_fpr,,,0.3568376068376068,0.01652391247859808,native,toxicity,encoder_minilm,EXP-005-am
am,target_full,0.8009660332041458,0.0,1,0.3568376068376068,0.0,0.06760204081632654,0.7667597765363129,0.759090909090909,0.23324022346368714,0.14666666666666667,0.23324022346368714,False,True,0.7481259263481929,0.47733333333333333,0.511,1000,1500,0.8009660332041458,am,target_fpr,0.31628478497438706,0.3989813669826833,0.3568376068376068,0.0,native,toxicity,encoder_minilm,EXP-005-am
am,test_oracle_unachievable,0.8370129081452795,0.0,1,0.2995495495495496,0.0,0.04974489795918367,0.8142458100558659,0.7732558139534884,0.1857541899441341,0.11466666666666667,0.1857541899441341,False,True,0.7481259263481929,0.47733333333333333,0.511,1000,1500,0.8009660332041458,am,target_fpr,,,0.3568376068376068,0.05728805728805719,native,toxicity,encoder_minilm,EXP-005-am
ar,fixed_half,0.5,0.0,1,0.5527950310559006,0.0,0.24064171122994651,0.526595744680851,0.664179104477612,0.4734042553191489,0.35733333333333334,0.4734042553191489,False,False,0.6644082802366594,0.5013333333333333,0.503,1000,1500,0.8009660332041458,am,target_fpr,,,0.19495412844036694,-0.3578409026155336,native,toxicity,encoder_minilm,EXP-005-am
ar,source_global,0.8009660332041458,0.0,1,0.36795252225519287,0.0,0.09759358288770054,0.7526595744680851,0.7181467181467182,0.2473404255319149,0.17266666666666666,0.2473404255319149,False,False,0.6644082802366594,0.5013333333333333,0.503,1000,1500,0.8009660332041458,am,target_fpr,0.3290903416184315,0.40340909090909094,0.19495412844036694,-0.17299839381482593,native,toxicity,encoder_minilm,EXP-005-am
ar,quantile_match,0.8848558474085261,0.0,1,0.2777777777777778,0.0,0.07219251336898395,0.8271276595744681,0.7065217391304348,0.17287234042553193,0.12266666666666666,0.17287234042553193,False,False,0.6644082802366594,0.5013333333333333,0.503,1000,1500,0.8009660332041458,am,target_fpr,,,0.19495412844036694,-0.08282364933741085,native,toxicity,encoder_minilm,EXP-005-am
ar,sld_em,0.9155585661811367,0.0,1,0.23307436182019975,0.0,0.058823529411764705,0.8603723404255319,0.7046979865771812,0.13962765957446807,0.09933333333333333,0.13962765957446807,False,False,0.6644082802366594,0.5013333333333333,0.503,1000,1500,0.8009660332041458,am,target_fpr,,,0.19495412844036694,-0.03812023337983281,native,toxicity,encoder_minilm,EXP-005-am
ar,bbse,0.5688808682018054,0.0,1,0.5176663927691044,0.0,0.20053475935828877,0.5811170212765957,0.6774193548387096,0.41888297872340424,0.31,0.41888297872340424,False,False,0.6644082802366594,0.5013333333333333,0.503,1000,1500,0.8009660332041458,am,target_fpr,,,0.19495412844036694,-0.32271226432873745,native,toxicity,encoder_minilm,EXP-005-am
ar,few_label_8_strat,0.7317579539481122,0.20387261146270563,25,0.3764991084246393,0.16750279176066532,0.13962566844919788,0.7088297872340426,0.6911956363322679,0.29117021276595745,0.21559999999999999,0.29117021276595745,False,False,0.6644082802366594,0.5013333333333333,0.503,1000,1500,0.8009660332041458,am,target_fpr,,,0.19495412844036694,-0.18154497998427235,native,toxicity,encoder_minilm,EXP-005-am
ar,few_label_8_rand,0.6885358273867568,0.2274816585433458,25,0.39779513409954215,0.1913165705970279,0.1644385026737968,0.6743617021276596,0.6922595183458966,0.32563829787234044,0.24525333333333332,0.32563829787234044,False,False,0.6644082802366594,0.5013333333333333,0.503,1000,1500,0.8009660332041458,am,target_fpr,,,0.19495412844036694,-0.2028410056591752,native,toxicity,encoder_minilm,EXP-005-am
ar,few_label_16_strat,0.7338618114373113,0.2213995246000889,25,0.3645095921676091,0.1838433549190297,0.1411229946524064,0.7130319148936171,0.6914679185372669,0.286968085106383,0.21423999999999999,0.286968085106383,False,False,0.6644082802366594,0.5013333333333333,0.503,1000,1500,0.8009660332041458,am,target_fpr,,,0.19495412844036694,-0.16955546372724214,native,toxicity,encoder_minilm,EXP-005-am
ar,few_label_16_rand,0.8118953889020887,0.16661259606777495,25,0.30711191828312556,0.16483183838691387,0.09882352941176471,0.7795744680851064,0.7041230933436594,0.2204255319148936,0.15978666666666663,0.2204255319148936,False,False,0.6644082802366594,0.5013333333333333,0.503,1000,1500,0.8009660332041458,am,target_fpr,,,0.19495412844036694,-0.11215778984275862,native,toxicity,encoder_minilm,EXP-005-am
ar,few_label_32_strat,0.915294942939352,0.09276875203383135,25,0.20377176635516897,0.12032208014628197,0.05331550802139038,0.8719148936170212,0.7106723268799058,0.1280851063829787,0.0908,0.1280851063829787,False,False,0.6644082802366594,0.5013333333333333,0.503,1000,1500,0.8009660332041458,am,target_fpr,,,0.19495412844036694,-0.008817637914802029,native,toxicity,encoder_minilm,EXP-005-am
ar,few_label_32_rand,0.8929602182231998,0.10603535994072548,25,0.22199103963208816,0.1464063551803806,0.06042780748663102,0.8549468085106382,0.7221551153664366,0.1450531914893617,0.10285333333333334,0.1450531914893617,False,False,0.6644082802366594,0.5013333333333333,0.503,1000,1500,0.8009660332041458,am,target_fpr,,,0.19495412844036694,-0.02703691119172122,native,toxicity,encoder_minilm,EXP-005-am
ar,few_label_64_strat,0.8963154180746292,0.0863005217330276,25,0.238085713730941,0.11893734841041594,0.06235294117647059,0.8480851063829786,0.7124818446097358,0.1519148936170213,0.10725333333333331,0.1519148936170213,False,False,0.6644082802366594,0.5013333333333333,0.503,1000,1500,0.8009660332041458,am,target_fpr,,,0.19495412844036694,-0.043131585290574065,native,toxicity,encoder_minilm,EXP-005-am
ar,few_label_64_rand,0.9161180440290315,0.07249280270839666,25,0.21438634305240356,0.102847294598233,0.05438502673796791,0.8673404255319148,0.7125882334233613,0.13265957446808513,0.09362666666666666,0.13265957446808513,False,False,0.6644082802366594,0.5013333333333333,0.503,1000,1500,0.8009660332041458,am,target_fpr,,,0.19495412844036694,-0.01943221461203662,native,toxicity,encoder_minilm,EXP-005-am
ar,few_label_128_strat,0.8841026115770418,0.07545992693833846,25,0.2619620752074441,0.08670599348654279,0.06935828877005347,0.833936170212766,0.7072668038641666,0.16606382978723405,0.11784,0.16606382978723405,False,False,0.6644082802366594,0.5013333333333333,0.503,1000,1500,0.8009660332041458,am,target_fpr,,,0.19495412844036694,-0.06700794676707714,native,toxicity,encoder_minilm,EXP-005-am
ar,few_label_128_rand,0.8869755172285784,0.07036389830937138,25,0.2591618319744578,0.08777223619106608,0.06754010695187165,0.8363297872340426,0.7089226454781867,0.16367021276595747,0.11573333333333334,0.16367021276595747,False,False,0.6644082802366594,0.5013333333333333,0.503,1000,1500,0.8009660332041458,am,target_fpr,,,0.19495412844036694,-0.06420770353409086,native,toxicity,encoder_minilm,EXP-005-am
ar,few_label_256_strat,0.9304699962474754,0.025885847969310902,25,0.206023406375338,0.04134715035964931,0.05080213903743314,0.8784042553191489,0.7063211905760834,0.12159574468085106,0.08629333333333333,0.12159574468085106,False,False,0.6644082802366594,0.5013333333333333,0.503,1000,1500,0.8009660332041458,am,target_fpr,,,0.19495412844036694,-0.011069277934971061,native,toxicity,encoder_minilm,EXP-005-am
ar,few_label_256_rand,0.9177879467501302,0.04249400693139652,25,0.22407732712543038,0.06165342620923773,0.05614973262032086,0.8645744680851064,0.7079467285423153,0.13542553191489362,0.09589333333333334,0.13542553191489362,False,False,0.6644082802366594,0.5013333333333333,0.503,1000,1500,0.8009660332041458,am,target_fpr,,,0.19495412844036694,-0.02912319868506344,native,toxicity,encoder_minilm,EXP-005-am
ar,target_full,0.9394336700287106,0.0,1,0.19495412844036694,0.0,0.04679144385026738,0.886968085106383,0.7083333333333334,0.11303191489361702,0.08,0.11303191489361702,False,False,0.6644082802366594,0.5013333333333333,0.503,1000,1500,0.8009660332041458,am,target_fpr,0.16394957983193276,0.2337148477498646,0.19495412844036694,0.0,native,toxicity,encoder_minilm,EXP-005-am
ar,test_oracle_unachievable,0.9321407397196573,0.0,1,0.20477815699658702,0.0,0.04946524064171123,0.8803191489361702,0.7086614173228346,0.1196808510638298,0.08466666666666667,0.1196808510638298,False,False,0.6644082802366594,0.5013333333333333,0.503,1000,1500,0.8009660332041458,am,target_fpr,,,0.19495412844036694,-0.009824028556220082,native,toxicity,encoder_minilm,EXP-005-am
de,fixed_half,0.5,0.0,1,0.6309523809523809,0.0,0.22872340425531915,0.43315508021390375,0.7114093959731543,0.5668449197860963,0.3973333333333333,0.5668449197860963,False,False,0.7412834935715098,0.49866666666666665,0.508,1000,1500,0.8009660332041458,am,target_fpr,,,0.39839034205231394,-0.232562038900067,native,toxicity,encoder_minilm,EXP-005-am
de,source_global,0.8009660332041458,0.0,1,0.5329861111111112,0.0,0.12898936170212766,0.589572192513369,0.7599009900990099,0.410427807486631,0.2693333333333333,0.410427807486631,False,False,0.7412834935715098,0.49866666666666665,0.508,1000,1500,0.8009660332041458,am,target_fpr,0.49835815018970586,0.5737159550906692,0.39839034205231394,-0.13459576905879722,native,toxicity,encoder_minilm,EXP-005-am
de,quantile_match,0.9578119907099475,0.0,1,0.3280085197018104,0.0,0.04920212765957447,0.7941176470588235,0.806282722513089,0.20588235294117646,0.12733333333333333,0.20588235294117646,False,False,0.7412834935715098,0.49866666666666665,0.508,1000,1500,0.8009660332041458,am,target_fpr,,,0.39839034205231394,0.07038182235050355,native,toxicity,encoder_minilm,EXP-005-am
de,sld_em,0.879463384603475,0.0,1,0.48148148148148145,0.0,0.09574468085106383,0.6524064171122995,0.7831325301204819,0.34759358288770054,0.22133333333333333,0.34759358288770054,False,False,0.7412834935715098,0.49866666666666665,0.508,1000,1500,0.8009660332041458,am,target_fpr,,,0.39839034205231394,-0.08309113942916752,native,toxicity,encoder_minilm,EXP-005-am
de,bbse,0.8009660332041456,0.0,1,0.5329861111111112,0.0,0.12898936170212766,0.589572192513369,0.7599009900990099,0.410427807486631,0.2693333333333333,0.410427807486631,False,False,0.7412834935715098,0.49866666666666665,0.508,1000,1500,0.8009660332041458,am,target_fpr,,,0.39839034205231394,-0.13459576905879722,native,toxicity,encoder_minilm,EXP-005-am
de,few_label_8_strat,0.7202647208409771,0.2797337449792941,25,0.47714258408288274,0.17644894489887933,0.15202127659574466,0.6035828877005348,0.7594046638428228,0.39641711229946514,0.2738933333333334,0.39641711229946514,False,False,0.7412834935715098,0.49866666666666665,0.508,1000,1500,0.8009660332041458,am,target_fpr,,,0.39839034205231394,-0.0787522420305688,native,toxicity,encoder_minilm,EXP-005-am
de,few_label_8_rand,0.7217827503604988,0.22472925933957857,25,0.5066125805259714,0.14555125528723403,0.1475,0.5872727272727273,0.7575120585520791,0.4127272727272727,0.27976,0.4127272727272727,False,False,0.7412834935715098,0.49866666666666665,0.508,1000,1500,0.8009660332041458,am,target_fpr,,,0.39839034205231394,-0.10822223847365742,native,toxicity,encoder_minilm,EXP-005-am
de,few_label_16_strat,0.8060852305588213,0.21187115907928744,25,0.44799217480168935,0.14328744749975175,0.11388297872340425,0.6560427807486632,0.7768565451664956,0.34395721925133693,0.22861333333333334,0.34395721925133693,False,False,0.7412834935715098,0.49866666666666665,0.508,1000,1500,0.8009660332041458,am,target_fpr,,,0.39839034205231394,-0.04960183274937541,native,toxicity,encoder_minilm,EXP-005-am
de,few_label_16_rand,0.8008506483545116,0.21758681454462853,25,0.445108861803433,0.15925400418659888,0.11393617021276596,0.6557754010695187,0.7807430481765364,0.34422459893048135,0.22877333333333333,0.34422459893048135,False,False,0.7412834935715098,0.49866666666666665,0.508,1000,1500,0.8009660332041458,am,target_fpr,,,0.39839034205231394,-0.04671851975111907,native,toxicity,encoder_minilm,EXP-005-am
de,few_label_32_strat,0.9279778378635004,0.0811040925604539,25,0.3249132417036165,0.14602021455147932,0.057074468085106383,0.7802139037433155,0.8139602056904077,0.21978609625668452,0.13821333333333335,0.21978609625668452,False,False,0.7412834935715098,0.49866666666666665,0.508,1000,1500,0.8009660332041458,am,target_fpr,,,0.39839034205231394,0.07347710034869742,native,toxicity,encoder_minilm,EXP-005-am
de,few_label_32_rand,0.9053240959868856,0.11082869805579665,25,0.3456523847593459,0.1640314139861421,0.0673936170212766,0.7574866310160426,0.8062991258506668,0.24251336898395726,0.15472000000000002,0.24251336898395726,False,False,0.7412834935715098,0.49866666666666665,0.508,1000,1500,0.8009660332041458,am,target_fpr,,,0.39839034205231394,0.05273795729296804,native,toxicity,encoder_minilm,EXP-005-am
de,few_label_64_strat,0.9431435270194425,0.03178417253963777,25,0.3464498747374368,0.09717909258322023,0.05457446808510638,0.7731016042780747,0.8133185417638932,0.2268983957219251,0.14050666666666664,0.2268983957219251,False,False,0.7412834935715098,0.49866666666666665,0.508,1000,1500,0.8009660332041458,am,target_fpr,,,0.39839034205231394,0.051940467314877115,native,toxicity,encoder_minilm,EXP-005-am
de,few_label_64_rand,0.900539124487768,0.08399634709135925,25,0.4062004747652125,0.1024707609412781,0.07654255319148935,0.7168983957219252,0.7953804613922572,0.28310160427807485,0.1795466666666667,0.28310160427807485,False,False,0.7412834935715098,0.49866666666666665,0.508,1000,1500,0.8009660332041458,am,target_fpr,,,0.39839034205231394,-0.007810132712898543,native,toxicity,encoder_minilm,EXP-005-am
de,few_label_128_strat,0.9069395376519027,0.059823227194722675,25,0.41973001205887484,0.06738580132667274,0.07675531914893616,0.7097326203208556,0.794633102311323,0.2902673796791444,0.18322666666666662,0.2902673796791444,False,False,0.7412834935715098,0.49866666666666665,0.508,1000,1500,0.8009660332041458,am,target_fpr,,,0.39839034205231394,-0.021339670006560896,native,toxicity,encoder_minilm,EXP-005-am
de,few_label_128_rand,0.9363082981937016,0.03466376312194575,25,0.3659300501163723,0.08444067635244513,0.05968085106382979,0.757807486631016,0.8058846399627888,0.24219251336898395,0.15069333333333335,0.24219251336898395,False,False,0.7412834935715098,0.49866666666666665,0.508,1000,1500,0.8009660332041458,am,target_fpr,,,0.39839034205231394,0.03246029193594163,native,toxicity,encoder_minilm,EXP-005-am
de,few_label_256_strat,0.9201359626652361,0.028125096676900975,25,0.41408348470908324,0.043452832167673164,0.07095744680851064,0.718716577540107,0.799272933618083,0.2812834224598931,0.17584000000000002,0.2812834224598931,False,False,0.7412834935715098,0.49866666666666665,0.508,1000,1500,0.8009660332041458,am,target_fpr,,,0.39839034205231394,-0.0156931426567693,native,toxicity,encoder_minilm,EXP-005-am
de,few_label_256_rand,0.9279176252193473,0.044075774893242985,25,0.3867052796203743,0.06965742727071432,0.0653191489361702,0.7408556149732619,0.8014775668236063,0.259144385026738,0.16197333333333333,0.259144385026738,False,False,0.7412834935715098,0.49866666666666665,0.508,1000,1500,0.8009660332041458,am,target_fpr,,,0.39839034205231394,0.011685062431939619,native,toxicity,encoder_minilm,EXP-005-am
de,target_full,0.9330668235049628,0.0,1,0.39839034205231394,0.0,0.06382978723404255,0.7352941176470589,0.8048780487804879,0.2647058823529412,0.164,0.2647058823529412,False,False,0.7412834935715098,0.49866666666666665,0.508,1000,1500,0.8009660332041458,am,target_fpr,0.3569184731549462,0.4394374672643806,0.39839034205231394,0.0,native,toxicity,encoder_minilm,EXP-005-am
de,test_oracle_unachievable,0.9561614730042135,0.0,1,0.34388185654008435,0.0,0.04920212765957447,0.7820855614973262,0.815,0.2179144385026738,0.13333333333333333,0.2179144385026738,False,False,0.7412834935715098,0.49866666666666665,0.508,1000,1500,0.8009660332041458,am,target_fpr,,,0.39839034205231394,0.05450848551222959,native,toxicity,encoder_minilm,EXP-005-am
en,fixed_half,0.5,0.0,1,0.7294281729428173,0.0,0.22397891963109354,0.2941970310391363,0.7546897546897547,0.7058029689608637,0.462,0.7058029689608637,False,False,0.8210284503190681,0.494,0.478,1000,1500,0.8009660332041458,am,target_fpr,,,0.5410447761194029,-0.18838339682341432,native,toxicity,encoder_minilm,EXP-005-am
en,source_global,0.8009660332041458,0.0,1,0.6740331491712708,0.0,0.13043478260869565,0.42375168690958165,0.811787072243346,0.5762483130904184,0.3506666666666667,0.5762483130904184,False,False,0.8210284503190681,0.494,0.478,1000,1500,0.8009660332041458,am,target_fpr,0.6412391882669193,0.7046095743429596,0.5410447761194029,-0.13298837305186784,native,toxicity,encoder_minilm,EXP-005-am
en,quantile_match,0.9879501367417866,0.0,1,0.3914893617021276,0.0,0.019762845849802372,0.7516869095816464,0.9246231155778895,0.2483130904183536,0.13266666666666665,0.2483130904183536,False,False,0.8210284503190681,0.494,0.478,1000,1500,0.8009660332041458,am,target_fpr,,,0.5410447761194029,0.14955541441727532,native,toxicity,encoder_minilm,EXP-005-am
en,sld_em,0.8368120336738684,0.0,1,0.6521035598705501,0.0,0.12121212121212122,0.45614035087719296,0.8141414141414142,0.543859649122807,0.33,0.543859649122807,False,False,0.8210284503190681,0.494,0.478,1000,1500,0.8009660332041458,am,target_fpr,,,0.5410447761194029,-0.1110587837511472,native,toxicity,encoder_minilm,EXP-005-am
en,bbse,0.8009660332041456,0.0,1,0.6740331491712708,0.0,0.13043478260869565,0.42375168690958165,0.811787072243346,0.5762483130904184,0.3506666666666667,0.5762483130904184,False,False,0.8210284503190681,0.494,0.478,1000,1500,0.8009660332041458,am,target_fpr,,,0.5410447761194029,-0.13298837305186784,native,toxicity,encoder_minilm,EXP-005-am
en,few_label_8_strat,0.630849755121389,0.30971122423945774,25,0.6504096848850109,0.11815225008147362,0.18698287220026352,0.40037786774628875,0.7895291938447597,0.5996221322537112,0.39082666666666666,0.5996221322537112,False,False,0.8210284503190681,0.494,0.478,1000,1500,0.8009660332041458,am,target_fpr,,,0.5410447761194029,-0.109364908765608,native,toxicity,encoder_minilm,EXP-005-am
en,few_label_8_rand,0.7060261281315596,0.24550085450031345,25,0.6491936736330789,0.10993294090668587,0.1574703557312253,0.4229419703103914,0.804922372330571,0.5770580296896086,0.3647466666666667,0.5770580296896086,False,False,0.8210284503190681,0.494,0.478,1000,1500,0.8009660332041458,am,target_fpr,,,0.5410447761194029,-0.10814889751367596,native,toxicity,encoder_minilm,EXP-005-am
en,few_label_16_strat,0.8683219185246278,0.14998490404608086,25,0.5512141785620615,0.1683605763598709,0.09011857707509882,0.5583265856950067,0.8565531219181992,0.4416734143049933,0.26378666666666667,0.4416734143049933,False,False,0.8210284503190681,0.494,0.478,1000,1500,0.8009660332041458,am,target_fpr,,,0.5410447761194029,-0.010169402442658515,native,toxicity,encoder_minilm,EXP-005-am
en,few_label_16_rand,0.8800818940457953,0.14843974953201347,25,0.5148322270635706,0.168783844539616,0.08026350461133071,0.5967611336032389,0.8649800730670658,0.4032388663967611,0.23981333333333332,0.4032388663967611,False,False,0.8210284503190681,0.494,0.478,1000,1500,0.8009660332041458,am,target_fpr,,,0.5410447761194029,0.026212549055832368,native,toxicity,encoder_minilm,EXP-005-am
en,few_label_32_strat,0.9396651995290604,0.056175763472924314,25,0.5193854201487881,0.11428252958880027,0.05997364953886693,0.6160863697705803,0.8755137932482782,0.3839136302294197,0.22,0.3839136302294197,False,False,0.8210284503190681,0.494,0.478,1000,1500,0.8009660332041458,am,target_fpr,,,0.5410447761194029,0.021659355970614858,native,toxicity,encoder_minilm,EXP-005-am
en,few_label_32_rand,0.9450493061454899,0.0901345189636156,25,0.4538958127061084,0.16748962206188017,0.049749670619235846,0.6701754385964912,0.8950613191304145,0.32982456140350874,0.18810666666666667,0.32982456140350874,False,False,0.8210284503190681,0.494,0.478,1000,1500,0.8009660332041458,am,target_fpr,,,0.5410447761194029,0.08714896341329453,native,toxicity,encoder_minilm,EXP-005-am
en,few_label_64_strat,0.9473402439864074,0.06140748645292368,25,0.48482654541363374,0.13869166684655695,0.05270092226613965,0.647557354925776,0.8862586043779612,0.35244264507422407,0.20077333333333333,0.35244264507422407,False,False,0.8210284503190681,0.494,0.478,1000,1500,0.8009660332041458,am,target_fpr,,,0.5410447761194029,0.0562182307057692,native,toxicity,encoder_minilm,EXP-005-am
en,few_label_64_rand,0.9528747057164583,0.05304309487790919,25,0.48701796075223264,0.12228716497220424,0.05054018445322793,0.6493927125506073,0.8859665370581641,0.35060728744939273,0.19877333333333333,0.35060728744939273,False,False,0.8210284503190681,0.494,0.478,1000,1500,0.8009660332041458,am,target_fpr,,,0.5410447761194029,0.0540268153671703,native,toxicity,encoder_minilm,EXP-005-am
en,few_label_128_strat,0.9425660501956064,0.039716580118168525,25,0.5511622323115183,0.0605782414428035,0.06329380764163373,0.5909311740890688,0.8681435232068823,0.40906882591093113,0.23410666666666669,0.40906882591093113,False,False,0.8210284503190681,0.494,0.478,1000,1500,0.8009660332041458,am,target_fpr,,,0.5410447761194029,-0.010117456192115348,native,toxicity,encoder_minilm,EXP-005-am
en,few_label_128_rand,0.9563246489781154,0.034719572790836976,25,0.5089261744489452,0.09803797818629782,0.0519631093544137,0.6327125506072874,0.8824544088976028,0.3672874493927126,0.2077333333333333,0.3672874493927126,False,False,0.8210284503190681,0.494,0.478,1000,1500,0.8009660332041458,am,target_fpr,,,0.5410447761194029,0.03211860167045777,native,toxicity,encoder_minilm,EXP-005-am
en,few_label_256_strat,0.960742535045973,0.01847623904015275,25,0.5237875156767619,0.05740782297592559,0.0511725955204216,0.6236977058029689,0.8807608050126937,0.37630229419703104,0.21178666666666668,0.37630229419703104,False,False,0.8210284503190681,0.494,0.478,1000,1500,0.8009660332041458,am,target_fpr,,,0.5410447761194029,0.017257260442641087,native,toxicity,encoder_minilm,EXP-005-am
en,few_label_256_rand,0.9613824951445212,0.01930315706789823,25,0.5232698894356244,0.05431893894678886,0.051225296442687744,0.6243994601889339,0.8802162360577,0.3756005398110661,0.2114666666666667,0.3756005398110661,False,False,0.8210284503190681,0.494,0.478,1000,1500,0.8009660332041458,am,target_fpr,,,0.5410447761194029,0.01777488668377858,native,toxicity,encoder_minilm,EXP-005-am
en,target_full,0.960625265860779,0.0,1,0.5410447761194029,0.0,0.05401844532279315,0.6086369770580297,0.8761329305135952,0.3913630229419703,0.22066666666666668,0.3913630229419703,False,False,0.8210284503190681,0.494,0.478,1000,1500,0.8009660332041458,am,target_fpr,0.5028779461556162,0.5739460592341392,0.5410447761194029,0.0,native,toxicity,encoder_minilm,EXP-005-am
en,test_oracle_unachievable,0.9633547219638167,0.0,1,0.5334590009425071,0.0,0.048748353096179184,0.6180836707152496,0.884375,0.38191632928475033,0.21333333333333335,0.38191632928475033,False,False,0.8210284503190681,0.494,0.478,1000,1500,0.8009660332041458,am,target_fpr,,,0.5410447761194029,0.007585775176895848,native,toxicity,encoder_minilm,EXP-005-am
es,fixed_half,0.5,0.0,1,0.48828828828828835,0.0,0.1664564943253468,0.6166902404526167,0.6724565756823822,0.38330975954738333,0.26866666666666666,0.38330975954738333,False,False,0.6769362758650213,0.4713333333333333,0.512,1000,1500,0.8009660332041458,am,target_fpr,,,0.2405660377358491,-0.24772225055243927,native,toxicity,encoder_minilm,EXP-005-am
es,source_global,0.8009660332041458,0.0,1,0.349307774227902,0.0,0.08575031525851198,0.768033946251768,0.7068965517241379,0.23196605374823195,0.15466666666666667,0.23196605374823195,False,False,0.6769362758650213,0.4713333333333333,0.512,1000,1500,0.8009660332041458,am,target_fpr,0.3149012086456186,0.38791056885810743,0.2405660377358491,-0.1087417364920529,native,toxicity,encoder_minilm,EXP-005-am
es,quantile_match,0.7830208098731819,0.0,1,0.36439790575916226,0.0,0.09331651954602774,0.7538896746817539,0.7016129032258065,0.24611032531824611,0.16533333333333333,0.24611032531824611,False,False,0.6769362758650213,0.4713333333333333,0.512,1000,1500,0.8009660332041458,am,target_fpr,,,0.2405660377358491,-0.12383186802331317,native,toxicity,encoder_minilm,EXP-005-am
es,sld_em,0.9623516524754946,0.0,1,0.17,0.0,0.031525851197982346,0.9038189533239038,0.7311827956989247,0.09618104667609619,0.062,0.09618104667609619,False,False,0.6769362758650213,0.4713333333333333,0.512,1000,1500,0.8009660332041458,am,target_fpr,,,0.2405660377358491,0.07056603773584907,native,toxicity,encoder_minilm,EXP-005-am
es,bbse,0.8113890342432636,0.0,1,0.33872707659115425,0.0,0.07944514501891552,0.7779349363507779,0.7136363636363636,0.22206506364922207,0.14666666666666667,0.22206506364922207,False,False,0.6769362758650213,0.4713333333333333,0.512,1000,1500,0.8009660332041458,am,target_fpr,,,0.2405660377358491,-0.09816103885530517,native,toxicity,encoder_minilm,EXP-005-am
es,few_label_8_strat,0.4907394115010871,0.34786215878652177,25,0.4404550746714104,0.17846599014436926,0.2126607818411097,0.6067326732673267,0.6602052402704907,0.3932673267326733,0.29778666666666664,0.3932673267326733,False,False,0.6769362758650213,0.4713333333333333,0.512,1000,1500,0.8009660332041458,am,target_fpr,,,0.2405660377358491,-0.1998890369355613,native,toxicity,encoder_minilm,EXP-005-am
es,few_label_8_rand,0.43259453937074477,0.3230409969282769,25,0.4693296134215585,0.17068274504094907,0.23288776796973523,0.5731824611032532,0.656076845986314,0.4268175388967468,0.3242933333333333,0.4268175388967468,False,False,0.6769362758650213,0.4713333333333333,0.512,1000,1500,0.8009660332041458,am,target_fpr,,,0.2405660377358491,-0.2287635756857094,native,toxicity,encoder_minilm,EXP-005-am
es,few_label_16_strat,0.7013413116921363,0.27860288601496497,25,0.3327632536112107,0.18246129954349874,0.1155107187894073,0.7447807637906648,0.6828242687902568,0.25521923620933523,0.18136,0.25521923620933523,False,False,0.6769362758650213,0.4713333333333333,0.512,1000,1500,0.8009660332041458,am,target_fpr,,,0.2405660377358491,-0.09219721587536159,native,toxicity,encoder_minilm,EXP-005-am
es,few_label_16_rand,0.7259831775726936,0.26958555301380704,25,0.33095694057623,0.15977169808591296,0.10849936948297606,0.7533239038189534,0.6986430194349318,0.24667609618104663,0.17362666666666662,0.24667609618104663,False,False,0.6769362758650213,0.4713333333333333,0.512,1000,1500,0.8009660332041458,am,target_fpr,,,0.2405660377358491,-0.0903909028403809,native,toxicity,encoder_minilm,EXP-005-am
es,few_label_32_strat,0.904613939879274,0.09030559407276074,25,0.2145348036429185,0.11042690513097722,0.04897856242118537,0.866025459688826,0.7206154023749504,0.13397454031117398,0.08904,0.13397454031117398,False,False,0.6769362758650213,0.4713333333333333,0.512,1000,1500,0.8009660332041458,am,target_fpr,,,0.2405660377358491,0.026031234092930594,native,toxicity,encoder_minilm,EXP-005-am
es,few_label_32_rand,0.809086506447788,0.21388362556805335,25,0.2672036596515538,0.15941194253592714,0.07546027742749054,0.8134653465346534,0.7142411762033168,0.18653465346534653,0.12781333333333333,0.18653465346534653,False,False,0.6769362758650213,0.4713333333333333,0.512,1000,1500,0.8009660332041458,am,target_fpr,,,0.2405660377358491,-0.026637621915704707,native,toxicity,encoder_minilm,EXP-005-am
es,few_label_64_strat,0.9055650647371236,0.11797240010172737,25,0.19486969558475614,0.12841910725570327,0.04494325346784363,0.8763224893917961,0.7393425514246593,0.12367751060820367,0.08205333333333334,0.12367751060820367,False,False,0.6769362758650213,0.4713333333333333,0.512,1000,1500,0.8009660332041458,am,target_fpr,,,0.2405660377358491,0.045696342151092945,native,toxicity,encoder_minilm,EXP-005-am
es,few_label_64_rand,0.8338936428359421,0.1774239777113885,25,0.26598104631815117,0.13571352565484993,0.07122320302648172,0.8204809052333805,0.7091258882985524,0.17951909476661954,0.12226666666666665,0.17951909476661954,False,False,0.6769362758650213,0.4713333333333333,0.512,1000,1500,0.8009660332041458,am,target_fpr,,,0.2405660377358491,-0.025415008582302084,native,toxicity,encoder_minilm,EXP-005-am
es,few_label_128_strat,0.8414857492502196,0.09496580895717824,25,0.29395096783516445,0.0765433874679134,0.07117276166456495,0.8095049504950497,0.710232391999846,0.1904950495049505,0.12741333333333332,0.1904950495049505,False,False,0.6769362758650213,0.4713333333333333,0.512,1000,1500,0.8009660332041458,am,target_fpr,,,0.2405660377358491,-0.05338493009931536,native,toxicity,encoder_minilm,EXP-005-am
es,few_label_128_rand,0.862721529218467,0.09640969319865372,25,0.2731564394476025,0.08727569171348594,0.06380832282471627,0.8251768033946252,0.7177663910107118,0.17482319660537482,0.11613333333333334,0.17482319660537482,False,False,0.6769362758650213,0.4713333333333333,0.512,1000,1500,0.8009660332041458,am,target_fpr,,,0.2405660377358491,-0.0325904017117534,native,toxicity,encoder_minilm,EXP-005-am
es,few_label_256_strat,0.8956039690484218,0.06796573355680123,25,0.24286600855323193,0.06930824729261653,0.05301387137452712,0.8504101838755304,0.7226970707402239,0.1495898161244696,0.09853333333333333,0.1495898161244696,False,False,0.6769362758650213,0.4713333333333333,0.512,1000,1500,0.8009660332041458,am,target_fpr,,,0.2405660377358491,-0.0022999708173828404,native,toxicity,encoder_minilm,EXP-005-am
es,few_label_256_rand,0.9035525570772429,0.06656536330264694,25,0.23452303557027332,0.0730056824224353,0.05003783102143758,0.8563507779349365,0.7264262835889013,0.14364922206506364,0.09416000000000001,0.14364922206506364,False,False,0.6769362758650213,0.4713333333333333,0.512,1000,1500,0.8009660332041458,am,target_fpr,,,0.2405660377358491,0.006043002165575767,native,toxicity,encoder_minilm,EXP-005-am
es,target_full,0.9048109633689762,0.0,1,0.2405660377358491,0.0,0.04918032786885246,0.8557284299858557,0.723404255319149,0.14427157001414428,0.094,0.14427157001414428,False,False,0.6769362758650213,0.4713333333333333,0.512,1000,1500,0.8009660332041458,am,target_fpr,0.20621030102181717,0.2752208141321044,0.2405660377358491,0.0,native,toxicity,encoder_minilm,EXP-005-am
es,test_oracle_unachievable,0.9048858318300902,0.0,1,0.2405660377358491,0.0,0.04918032786885246,0.8557284299858557,0.723404255319149,0.14427157001414428,0.094,0.14427157001414428,False,False,0.6769362758650213,0.4713333333333333,0.512,1000,1500,0.8009660332041458,am,target_fpr,,,0.2405660377358491,0.0,native,toxicity,encoder_minilm,EXP-005-am
fr,fixed_half,0.5,0.0,1,0.6357827476038339,0.0,0.16752577319587628,0.45027624309392267,0.7537878787878788,0.5497237569060773,0.352,0.5497237569060773,False,False,0.7780052115965143,0.4826666666666667,0.517,1000,1500,0.8009660332041458,am,target_fpr,,,0.3978723404255319,-0.23791040717830203,native,toxicity,encoder_minilm,EXP-005-am
fr,source_global,0.8009660332041458,0.0,1,0.5137963843958134,0.0,0.07345360824742268,0.6270718232044199,0.8256880733944955,0.3729281767955801,0.218,0.3729281767955801,False,False,0.7780052115965143,0.4826666666666667,0.517,1000,1500,0.8009660332041458,am,target_fpr,0.47944355869637034,0.5470435923228176,0.3978723404255319,-0.11592404397028155,native,toxicity,encoder_minilm,EXP-005-am
fr,quantile_match,0.9311721924098331,0.0,1,0.3827956989247312,0.0,0.03608247422680412,0.7541436464088398,0.8640776699029126,0.24585635359116023,0.13733333333333334,0.24585635359116023,False,False,0.7780052115965143,0.4826666666666667,0.517,1000,1500,0.8009660332041458,am,target_fpr,,,0.3978723404255319,0.01507664150080068,native,toxicity,encoder_minilm,EXP-005-am
fr,sld_em,0.9076234259442763,0.0,1,0.41631799163179917,0.0,0.04252577319587629,0.7251381215469613,0.8577586206896551,0.27486187845303867,0.15466666666666667,0.27486187845303867,False,False,0.7780052115965143,0.4826666666666667,0.517,1000,1500,0.8009660332041458,am,target_fpr,,,0.3978723404255319,-0.01844565120626729,native,toxicity,encoder_minilm,EXP-005-am
fr,bbse,0.8009660332041456,0.0,1,0.5137963843958134,0.0,0.07345360824742268,0.6270718232044199,0.8256880733944955,0.3729281767955801,0.218,0.3729281767955801,False,False,0.7780052115965143,0.4826666666666667,0.517,1000,1500,0.8009660332041458,am,target_fpr,,,0.3978723404255319,-0.11592404397028155,native,toxicity,encoder_minilm,EXP-005-am
fr,few_label_8_strat,0.6776625909423237,0.2639431377132826,25,0.510763419897365,0.15406639847737635,0.12123711340206185,0.5841436464088399,0.7995154746795672,0.4158563535911602,0.26344,0.4158563535911602,False,False,0.7780052115965143,0.4826666666666667,0.517,1000,1500,0.8009660332041458,am,target_fpr,,,0.3978723404255319,-0.11289107947183308,native,toxicity,encoder_minilm,EXP-005-am
fr,few_label_8_rand,0.6805088622461484,0.23480740555120894,25,0.5284592884848265,0.13077991474719758,0.11463917525773196,0.5762430939226519,0.802179458992434,0.4237569060773481,0.26384,0.4237569060773481,False,False,0.7780052115965143,0.4826666666666667,0.517,1000,1500,0.8009660332041458,am,target_fpr,,,0.3978723404255319,-0.1305869480592946,native,toxicity,encoder_minilm,EXP-005-am
fr,few_label_16_strat,0.8169092940894419,0.22781156935734,25,0.3858724063264765,0.19748433818253056,0.06757731958762886,0.7118232044198897,0.8443364172001574,0.28817679558011045,0.17405333333333334,0.28817679558011045,False,False,0.7780052115965143,0.4826666666666667,0.517,1000,1500,0.8009660332041458,am,target_fpr,,,0.3978723404255319,0.011999934099055365,native,toxicity,encoder_minilm,EXP-005-am
fr,few_label_16_rand,0.7615128981626674,0.2655657024863422,25,0.4603606829495756,0.14801931744176952,0.09690721649484538,0.6429281767955801,0.8243773604418136,0.3570718232044199,0.22248,0.3570718232044199,False,False,0.7780052115965143,0.4826666666666667,0.517,1000,1500,0.8009660332041458,am,target_fpr,,,0.3978723404255319,-0.06248834252404373,native,toxicity,encoder_minilm,EXP-005-am
fr,few_label_32_strat,0.9057189746622535,0.12173901280848018,25,0.33438496599728645,0.1459702732387316,0.038505154639175254,0.7765745856353591,0.8723594134793332,0.2234254143646409,0.12775999999999998,0.2234254143646409,False,False,0.7780052115965143,0.4826666666666667,0.517,1000,1500,0.8009660332041458,am,target_fpr,,,0.3978723404255319,0.06348737442824542,native,toxicity,encoder_minilm,EXP-005-am
fr,few_label_32_rand,0.8783785539029471,0.13624392895875523,25,0.3777715908570012,0.1511014767159583,0.048144329896907215,0.739060773480663,0.8599821229296662,0.260939226519337,0.15085333333333334,0.260939226519337,False,False,0.7780052115965143,0.4826666666666667,0.517,1000,1500,0.8009660332041458,am,target_fpr,,,0.3978723404255319,0.020100749568530696,native,toxicity,encoder_minilm,EXP-005-am
fr,few_label_64_strat,0.9009916475796572,0.099715528528129,25,0.36694931624540955,0.12263076803460797,0.041391752577319585,0.7549171270718233,0.8657984490421261,0.2450828729281768,0.13970666666666667,0.2450828729281768,False,False,0.7780052115965143,0.4826666666666667,0.517,1000,1500,0.8009660332041458,am,target_fpr,,,0.3978723404255319,0.030923024180122327,native,toxicity,encoder_minilm,EXP-005-am
fr,few_label_64_rand,0.8811032294828238,0.09452598435585903,25,0.4143230090015371,0.09669881758226818,0.04804123711340206,0.7179558011049724,0.8580791525994583,0.2820441988950276,0.16098666666666667,0.2820441988950276,False,False,0.7780052115965143,0.4826666666666667,0.517,1000,1500,0.8009660332041458,am,target_fpr,,,0.3978723404255319,-0.016450668576005245,native,toxicity,encoder_minilm,EXP-005-am
fr,few_label_128_strat,0.9220039205268074,0.055007271553499174,25,0.3718390649815031,0.08618372903112992,0.03505154639175257,0.7583977900552487,0.873229688011422,0.2416022099447514,0.13474666666666668,0.2416022099447514,False,False,0.7780052115965143,0.4826666666666667,0.517,1000,1500,0.8009660332041458,am,target_fpr,,,0.3978723404255319,0.02603327544402878,native,toxicity,encoder_minilm,EXP-005-am
fr,few_label_128_rand,0.8959328017017717,0.08613098865348275,25,0.4006979352277222,0.08287291425481262,0.04355670103092783,0.7322651933701657,0.8629250573350501,0.2677348066298342,0.15176,0.2677348066298342,False,False,0.7780052115965143,0.4826666666666667,0.517,1000,1500,0.8009660332041458,am,target_fpr,,,0.3978723404255319,-0.002825594802190301,native,toxicity,encoder_minilm,EXP-005-am
fr,few_label_256_strat,0.9219333691897544,0.03896510620729848,25,0.3851797990249253,0.05470926439744744,0.035515463917525775,0.7503314917127072,0.8722591291299796,0.2496685082872928,0.13888,0.2496685082872928,False,False,0.7780052115965143,0.4826666666666667,0.517,1000,1500,0.8009660332041458,am,target_fpr,,,0.3978723404255319,0.012692541400606605,native,toxicity,encoder_minilm,EXP-005-am
fr,few_label_256_rand,0.9020968109357217,0.046966552254496745,25,0.40720342651823616,0.06336323793261674,0.04175257731958762,0.7300552486187846,0.8635109960492635,0.2699447513812155,0.15189333333333332,0.2699447513812155,False,False,0.7780052115965143,0.4826666666666667,0.517,1000,1500,0.8009660332041458,am,target_fpr,,,0.3978723404255319,-0.009331086092704277,native,toxicity,encoder_minilm,EXP-005-am
fr,target_full,0.918984670000786,0.0,1,0.3978723404255319,0.0,0.037371134020618556,0.7417127071823204,0.8657407407407407,0.25828729281767954,0.144,0.25828729281767954,False,False,0.7780052115965143,0.4826666666666667,0.517,1000,1500,0.8009660332041458,am,target_fpr,0.3591374106759437,0.43552261729904634,0.3978723404255319,0.0,native,toxicity,encoder_minilm,EXP-005-am
fr,test_oracle_unachievable,0.8785758831186452,0.0,1,0.44330949948927484,0.0,0.04896907216494845,0.7002762430939227,0.8509803921568627,0.29972375690607733,0.17,0.29972375690607733,False,False,0.7780052115965143,0.4826666666666667,0.517,1000,1500,0.8009660332041458,am,target_fpr,,,0.3978723404255319,-0.04543715906374296,native,toxicity,encoder_minilm,EXP-005-am
he,fixed_half,0.5,0.0,1,0.4852941176470588,0.0,0.20540540540540542,0.575107296137339,0.5657142857142857,0.4248927038626609,0.2902155887230514,0.4248927038626609,False,False,0.687008467695163,0.3864013266998342,0.43283582089552236,402,603,0.8009660332041458,am,target_fpr,,,0.2109090909090909,-0.27438502673796794,native,toxicity,encoder_minilm,EXP-005-am
he,source_global,0.8009660332041458,0.0,1,0.325,0.0,0.0945945945945946,0.776824034334764,0.5977011494252874,0.22317596566523606,0.14427860696517414,0.22317596566523606,False,False,0.687008467695163,0.3864013266998342,0.43283582089552236,402,603,0.8009660332041458,am,target_fpr,0.250292703096777,0.38946156616587774,0.2109090909090909,-0.1140909090909091,native,toxicity,encoder_minilm,EXP-005-am
he,quantile_match,0.8594047469683828,0.0,1,0.26086956521739135,0.0,0.07297297297297298,0.8326180257510729,0.5909090909090909,0.16738197424892703,0.10945273631840796,0.16738197424892703,False,False,0.687008467695163,0.3864013266998342,0.43283582089552236,402,603,0.8009660332041458,am,target_fpr,,,0.2109090909090909,-0.049960474308300445,native,toxicity,encoder_minilm,EXP-005-am
he,sld_em,0.9403863154041302,0.0,1,0.1918819188191882,0.0,0.032432432432432434,0.8884120171673819,0.6842105263157895,0.11158798283261803,0.06301824212271974,0.11158798283261803,False,False,0.687008467695163,0.3864013266998342,0.43283582089552236,402,603,0.8009660332041458,am,target_fpr,,,0.2109090909090909,0.019027172089902705,native,toxicity,encoder_minilm,EXP-005-am
he,bbse,0.6483833006256288,0.0,1,0.41530054644808745,0.0,0.15405405405405406,0.6738197424892703,0.5714285714285714,0.3261802575107296,0.22056384742951907,0.3261802575107296,False,False,0.687008467695163,0.3864013266998342,0.43283582089552236,402,603,0.8009660332041458,am,target_fpr,,,0.2109090909090909,-0.20439145553899654,native,toxicity,encoder_minilm,EXP-005-am
he,few_label_8_strat,0.6611574217777292,0.28835301763442445,25,0.35699699269383195,0.16581714770585473,0.1587027027027027,0.6872103004291845,0.5870053503143652,0.3127896995708155,0.21824212271973464,0.3127896995708155,False,False,0.687008467695163,0.3864013266998342,0.43283582089552236,402,603,0.8009660332041458,am,target_fpr,,,0.2109090909090909,-0.14608790178474104,native,toxicity,encoder_minilm,EXP-005-am
he,few_label_8_rand,0.8204721596299536,0.17608648824648093,25,0.2736754703657086,0.13030914799268725,0.08335135135135134,0.8027467811158799,0.6311834425441429,0.19725321888412017,0.12736318407960198,0.19725321888412017,False,False,0.687008467695163,0.3864013266998342,0.43283582089552236,402,603,0.8009660332041458,am,target_fpr,,,0.2109090909090909,-0.0627663794566177,native,toxicity,encoder_minilm,EXP-005-am
he,few_label_16_strat,0.8667984732081031,0.19997309845831143,25,0.22316604465145434,0.12756694000689728,0.07005405405405406,0.8396566523605151,0.6440877168844097,0.16034334763948496,0.1049419568822554,0.16034334763948496,False,False,0.687008467695163,0.3864013266998342,0.43283582089552236,402,603,0.8009660332041458,am,target_fpr,,,0.2109090909090909,-0.012256953742363436,native,toxicity,encoder_minilm,EXP-005-am
he,few_label_16_rand,0.8630700800505778,0.1670640815003685,25,0.23061267116173603,0.12452198489053888,0.06702702702702704,0.84,0.6297186221152026,0.16,0.10295190713101161,0.16,False,False,0.687008467695163,0.3864013266998342,0.43283582089552236,402,603,0.8009660332041458,am,target_fpr,,,0.2109090909090909,-0.019703580252645125,native,toxicity,encoder_minilm,EXP-005-am
he,few_label_32_strat,0.9412297373027902,0.08481197184320177,25,0.1551730300155917,0.0880035445729404,0.03286486486486487,0.9055793991416309,0.6703386753821521,0.0944206008583691,0.05665008291873964,0.0944206008583691,False,False,0.687008467695163,0.3864013266998342,0.43283582089552236,402,603,0.8009660332041458,am,target_fpr,,,0.2109090909090909,0.055736060893499195,native,toxicity,encoder_minilm,EXP-005-am
he,few_label_32_rand,0.8964443273177346,0.13414150100171005,25,0.19317996258339368,0.12737280539608548,0.050810810810810805,0.8707296137339056,0.6672821119620812,0.1292703862660944,0.08112769485903813,0.1292703862660944,False,False,0.687008467695163,0.3864013266998342,0.43283582089552236,402,603,0.8009660332041458,am,target_fpr,,,0.2109090909090909,0.01772912832569723,native,toxicity,encoder_minilm,EXP-005-am
he,few_label_64_strat,0.9448206815045271,0.03886648414685207,25,0.16564953726368425,0.060873016378052064,0.03416216216216216,0.902489270386266,0.6486190379632988,0.0975107296137339,0.058640132669983414,0.0975107296137339,False,False,0.687008467695163,0.3864013266998342,0.43283582089552236,402,603,0.8009660332041458,am,target_fpr,,,0.2109090909090909,0.04525955364540665,native,toxicity,encoder_minilm,EXP-005-am
he,few_label_64_rand,0.9304546284398915,0.040736816830700746,25,0.19099810193008085,0.056234379342028726,0.04064864864864865,0.8854935622317597,0.6446615034540916,0.11450643776824036,0.06918739635157546,0.11450643776824036,False,False,0.687008467695163,0.3864013266998342,0.43283582089552236,402,603,0.8009660332041458,am,target_fpr,,,0.2109090909090909,0.019910988979010058,native,toxicity,encoder_minilm,EXP-005-am
he,few_label_128_strat,0.931623243306775,0.03522469116407014,25,0.19345747343146308,0.0461444687657871,0.04010810810810811,0.8846351931330473,0.6495882765166564,0.11536480686695279,0.06918739635157546,0.11536480686695279,False,False,0.687008467695163,0.3864013266998342,0.43283582089552236,402,603,0.8009660332041458,am,target_fpr,,,0.2109090909090909,0.01745161747762783,native,toxicity,encoder_minilm,EXP-005-am
he,few_label_128_rand,0.9438771230400634,0.027483426367294034,25,0.17377506629662054,0.04774504417521425,0.03448648648648649,0.8983690987124463,0.6477203605303515,0.10163090128755366,0.06043117744610282,0.10163090128755366,False,False,0.687008467695163,0.3864013266998342,0.43283582089552236,402,603,0.8009660332041458,am,target_fpr,,,0.2109090909090909,0.03713402461247037,native,toxicity,encoder_minilm,EXP-005-am
he,few_label_256_strat,0.9374875817228039,0.013397630414525631,25,0.19837271290603462,0.023913858489028314,0.036108108108108106,0.8832618025751073,0.6702733716691841,0.11673819742489272,0.06726368159203981,0.11673819742489272,False,False,0.687008467695163,0.3864013266998342,0.43283582089552236,402,603,0.8009660332041458,am,target_fpr,,,0.2109090909090909,0.012536378003056292,native,toxicity,encoder_minilm,EXP-005-am
he,few_label_256_rand,0.9352756010631391,0.016162029965275198,25,0.2016157625864183,0.027602651624446962,0.03708108108108108,0.8808583690987125,0.6690299191687659,0.11914163090128754,0.0687893864013267,0.11914163090128754,False,False,0.687008467695163,0.3864013266998342,0.43283582089552236,402,603,0.8009660332041458,am,target_fpr,,,0.2109090909090909,0.0092933283226726,native,toxicity,encoder_minilm,EXP-005-am
he,target_full,0.9372067937572415,0.0,1,0.2109090909090909,0.0,0.03513513513513514,0.8755364806866953,0.6904761904761905,0.12446351931330472,0.06965174129353234,0.12446351931330472,False,False,0.687008467695163,0.3864013266998342,0.43283582089552236,402,603,0.8009660332041458,am,target_fpr,0.1453021262905443,0.28272058823529395,0.2109090909090909,0.0,native,toxicity,encoder_minilm,EXP-005-am
he,test_oracle_unachievable,0.898659538833881,0.0,1,0.24475524475524474,0.0,0.04864864864864865,0.8497854077253219,0.660377358490566,0.15021459227467812,0.087893864013267,0.15021459227467812,False,False,0.687008467695163,0.3864013266998342,0.43283582089552236,402,603,0.8009660332041458,am,target_fpr,,,0.2109090909090909,-0.03384615384615383,native,toxicity,encoder_minilm,EXP-005-am
hi,fixed_half,0.5,0.0,1,0.6656488549618321,0.0,0.16421895861148197,0.4194407456724368,0.7799642218246869,0.5805592543275633,0.37266666666666665,0.5805592543275633,False,False,0.7865791761407576,0.5006666666666667,0.519,1000,1500,0.8009660332041458,am,target_fpr,,,0.4639076034648701,-0.20174125149696204,native,toxicity,encoder_minilm,EXP-005-am
hi,source_global,0.8009660332041458,0.0,1,0.5309090909090909,0.0,0.07610146862483311,0.611185086551265,0.836676217765043,0.38881491344873503,0.23266666666666666,0.38881491344873503,False,False,0.7865791761407576,0.5006666666666667,0.519,1000,1500,0.8009660332041458,am,target_fpr,0.4995253164556962,0.5639515508692204,0.4639076034648701,-0.0670014874442208,native,toxicity,encoder_minilm,EXP-005-am
hi,quantile_match,0.9444771821414413,0.0,1,0.3833333333333333,0.0,0.03337783711615487,0.7549933422103862,0.8803827751196173,0.24500665778961384,0.13933333333333334,0.24500665778961384,False,False,0.7865791761407576,0.5006666666666667,0.519,1000,1500,0.8009660332041458,am,target_fpr,,,0.4639076034648701,0.08057427013153678,native,toxicity,encoder_minilm,EXP-005-am
hi,sld_em,0.8927346147998941,0.0,1,0.44921875,0.0,0.05740987983978638,0.6937416777629827,0.8424908424908425,0.3062583222370173,0.182,0.3062583222370173,False,False,0.7865791761407576,0.5006666666666667,0.519,1000,1500,0.8009660332041458,am,target_fpr,,,0.4639076034648701,0.014688853464870089,native,toxicity,encoder_minilm,EXP-005-am
hi,bbse,0.8009660332041456,0.0,1,0.5309090909090909,0.0,0.07610146862483311,0.611185086551265,0.836676217765043,0.38881491344873503,0.23266666666666666,0.38881491344873503,False,False,0.7865791761407576,0.5006666666666667,0.519,1000,1500,0.8009660332041458,am,target_fpr,,,0.4639076034648701,-0.0670014874442208,native,toxicity,encoder_minilm,EXP-005-am
hi,few_label_8_strat,0.6930954490986561,0.2274935445665432,25,0.5345942639646103,0.15912425647419948,0.1136448598130841,0.5682556591211717,0.8175916892252383,0.43174434087882824,0.27290666666666663,0.43174434087882824,False,False,0.7865791761407576,0.5006666666666667,0.519,1000,1500,0.8009660332041458,am,target_fpr,,,0.4639076034648701,-0.0706866604997402,native,toxicity,encoder_minilm,EXP-005-am
hi,few_label_8_rand,0.6179285782446972,0.2978118675925612,25,0.5650874115030512,0.13793488935734494,0.15674232309746328,0.515792276964048,0.7931204732149199,0.48420772303595216,0.32069333333333333,0.48420772303595216,False,False,0.7865791761407576,0.5006666666666667,0.519,1000,1500,0.8009660332041458,am,target_fpr,,,0.4639076034648701,-0.10117980803818111,native,toxicity,encoder_minilm,EXP-005-am
hi,few_label_16_strat,0.8105728621965832,0.16580029691442874,25,0.4630579364966462,0.15622471152746167,0.07337783711615488,0.656617842876165,0.8458544336696875,0.34338215712383485,0.20855999999999997,0.34338215712383485,False,False,0.7865791761407576,0.5006666666666667,0.519,1000,1500,0.8009660332041458,am,target_fpr,,,0.4639076034648701,0.0008496669682238611,native,toxicity,encoder_minilm,EXP-005-am
hi,few_label_16_rand,0.7580519077062786,0.240648267010834,25,0.4926940754936114,0.15050760327128668,0.09933244325767693,0.6158721704394141,0.8282506219168664,0.38412782956058583,0.24192,0.38412782956058583,False,False,0.7865791761407576,0.5006666666666667,0.519,1000,1500,0.8009660332041458,am,target_fpr,,,0.4639076034648701,-0.028786472028741295,native,toxicity,encoder_minilm,EXP-005-am
hi,few_label_32_strat,0.9120566011348882,0.09692938117201055,25,0.3680907944433616,0.1334274430696215,0.04389853137516688,0.7528628495339548,0.8666437463988398,0.2471371504660453,0.14565333333333333,0.2471371504660453,False,False,0.7865791761407576,0.5006666666666667,0.519,1000,1500,0.8009660332041458,am,target_fpr,,,0.4639076034648701,0.09581680902150846,native,toxicity,encoder_minilm,EXP-005-am
hi,few_label_32_rand,0.888853224969007,0.10461403849492669,25,0.39572940123615247,0.14625953506562578,0.049506008010680905,0.7268175765645806,0.8657329631096766,0.27318242343541943,0.16149333333333335,0.27318242343541943,False,False,0.7865791761407576,0.5006666666666667,0.519,1000,1500,0.8009660332041458,am,target_fpr,,,0.4639076034648701,0.06817820222871762,native,toxicity,encoder_minilm,EXP-005-am
hi,few_label_64_strat,0.8764309164744928,0.08051230212424809,25,0.4463407210064307,0.08118696431692829,0.05746328437917223,0.6909187749667111,0.8507303006067316,0.309081225033289,0.18344000000000002,0.309081225033289,False,False,0.7865791761407576,0.5006666666666667,0.519,1000,1500,0.8009660332041458,am,target_fpr,,,0.4639076034648701,0.017566882458439403,native,toxicity,encoder_minilm,EXP-005-am
hi,few_label_64_rand,0.8868706617220399,0.0966288090703819,25,0.4224992980273193,0.10487594363113101,0.05271028037383178,0.7097203728362182,0.8573478193467996,0.29027962716378164,0.17165333333333332,0.29027962716378164,False,False,0.7865791761407576,0.5006666666666667,0.519,1000,1500,0.8009660332041458,am,target_fpr,,,0.4639076034648701,0.04140830543755081,native,toxicity,encoder_minilm,EXP-005-am
hi,few_label_128_strat,0.8717233127949774,0.06757600845733241,25,0.4535133660699089,0.08129875113844831,0.05805073431241655,0.6846338215712383,0.8513646992207571,0.3153661784287617,0.18688,0.3153661784287617,False,False,0.7865791761407576,0.5006666666666667,0.519,1000,1500,0.8009660332041458,am,target_fpr,,,0.4639076034648701,0.010394237394961203,native,toxicity,encoder_minilm,EXP-005-am
hi,few_label_128_rand,0.8769538049558825,0.07702644916277973,25,0.44088786429636045,0.09669627578949491,0.054899866488651534,0.6947536617842875,0.8558123427369076,0.30524633821571234,0.18024,0.30524633821571234,False,False,0.7865791761407576,0.5006666666666667,0.519,1000,1500,0.8009660332041458,am,target_fpr,,,0.4639076034648701,0.023019739168509634,native,toxicity,encoder_minilm,EXP-005-am
hi,few_label_256_strat,0.8751270092226782,0.04693049542084177,25,0.45972855921516476,0.05203061789802237,0.05927903871829106,0.6817043941411449,0.8463048754157896,0.3182956058588549,0.18895999999999996,0.3182956058588549,False,False,0.7865791761407576,0.5006666666666667,0.519,1000,1500,0.8009660332041458,am,target_fpr,,,0.4639076034648701,0.004179044249705333,native,toxicity,encoder_minilm,EXP-005-am
hi,few_label_256_rand,0.8934862723332005,0.045865275471750296,25,0.439399616497153,0.05505013311280942,0.05287049399198932,0.7011984021304927,0.8544587893549113,0.29880159786950733,0.176,0.29880159786950733,False,False,0.7865791761407576,0.5006666666666667,0.519,1000,1500,0.8009660332041458,am,target_fpr,,,0.4639076034648701,0.02450798696771711,native,toxicity,encoder_minilm,EXP-005-am
hi,target_full,0.8770940968646901,0.0,1,0.4639076034648701,0.0,0.06275033377837116,0.6790945406125166,0.8368055555555556,0.3209054593874834,0.192,0.3209054593874834,False,False,0.7865791761407576,0.5006666666666667,0.519,1000,1500,0.8009660332041458,am,target_fpr,0.42688522409894936,0.4980733961983962,0.4639076034648701,0.0,native,toxicity,encoder_minilm,EXP-005-am
hi,test_oracle_unachievable,0.9170464811574617,0.0,1,0.42326980942828485,0.0,0.04672897196261682,0.7190412782956058,0.8577235772357723,0.2809587217043941,0.164,0.2809587217043941,False,False,0.7865791761407576,0.5006666666666667,0.519,1000,1500,0.8009660332041458,am,target_fpr,,,0.4639076034648701,0.04063779403658524,native,toxicity,encoder_minilm,EXP-005-am
hin,fixed_half,0.5,0.0,1,0.4874241110147442,0.0,0.315541601255887,0.5812220566318927,0.58298755186722,0.4187779433681073,0.36850152905198774,0.4187779433681073,False,False,0.5708214502125509,0.5129969418960245,0.4868270332187858,873,1308,0.8009660332041458,am,target_fpr,,,0.14652956298200515,-0.34089454803273905,native,toxicity,encoder_minilm,EXP-005-am
hin,source_global,0.8009660332041458,0.0,1,0.3063457330415755,0.0,0.16169544740973313,0.7913561847988078,0.5761316872427984,0.20864381520119224,0.18577981651376146,0.20864381520119224,False,False,0.5708214502125509,0.5129969418960245,0.4868270332187858,873,1308,0.8009660332041458,am,target_fpr,0.2712245352952652,0.34551192387067187,0.14652956298200515,-0.15981617005957033,native,toxicity,encoder_minilm,EXP-005-am
hin,quantile_match,0.8786093609341709,0.0,1,0.23474178403755866,0.0,0.1271585557299843,0.8509687034277198,0.5524861878453039,0.14903129657228018,0.13837920489296637,0.14903129657228018,False,False,0.5708214502125509,0.5129969418960245,0.4868270332187858,873,1308,0.8009660332041458,am,target_fpr,,,0.14652956298200515,-0.08821222105555351,native,toxicity,encoder_minilm,EXP-005-am
hin,sld_em,0.915773062771134,0.0,1,0.21549636803874095,0.0,0.10361067503924647,0.8673621460506706,0.5741935483870968,0.13263785394932937,0.11850152905198777,0.13263785394932937,False,False,0.5708214502125509,0.5129969418960245,0.4868270332187858,873,1308,0.8009660332041458,am,target_fpr,,,0.14652956298200515,-0.0689668050567358,native,toxicity,encoder_minilm,EXP-005-am
hin,bbse,0.4535415457849487,0.0,1,0.49493243243243246,0.0,0.3453689167974882,0.563338301043219,0.571150097465887,0.4366616989567809,0.3922018348623853,0.4366616989567809,False,False,0.5708214502125509,0.5129969418960245,0.4868270332187858,873,1308,0.8009660332041458,am,target_fpr,,,0.14652956298200515,-0.3484028694504273,native,toxicity,encoder_minilm,EXP-005-am
hin,few_label_8_strat,0.6568039783594973,0.2817840535747168,25,0.3417914757339766,0.19275119803579385,0.23554160125588694,0.7070044709388972,0.5459657752412729,0.2929955290611029,0.2650152905198777,0.2929955290611029,False,False,0.5708214502125509,0.5129969418960245,0.4868270332187858,873,1308,0.8009660332041458,am,target_fpr,,,0.14652956298200515,-0.19526191275197147,native,toxicity,encoder_minilm,EXP-005-am
hin,few_label_8_rand,0.7410804318169917,0.23173687908960808,25,0.3118496920289985,0.15982557854344792,0.2003139717425432,0.7501043219076007,0.5481978554778965,0.24989567809239943,0.22574923547400613,0.24989567809239943,False,False,0.5708214502125509,0.5129969418960245,0.4868270332187858,873,1308,0.8009660332041458,am,target_fpr,,,0.14652956298200515,-0.16532012904699334,native,toxicity,encoder_minilm,EXP-005-am
hin,few_label_16_strat,0.9178820500577035,0.0745834380269913,25,0.1791114676787406,0.09434408486964475,0.09124018838304553,0.8870938897168404,0.5380559494922926,0.11290611028315947,0.10235474006116208,0.11290611028315947,False,False,0.5708214502125509,0.5129969418960245,0.4868270332187858,873,1308,0.8009660332041458,am,target_fpr,,,0.14652956298200515,-0.03258190469673544,native,toxicity,encoder_minilm,EXP-005-am
hin,few_label_16_rand,0.8737273716503187,0.17934225752666907,25,0.18922773729699574,0.15185202862885663,0.10982731554160127,0.8647391952309985,0.5257411129453661,0.13526080476900149,0.12287461773700306,0.13526080476900149,False,False,0.5708214502125509,0.5129969418960245,0.4868270332187858,873,1308,0.8009660332041458,am,target_fpr,,,0.14652956298200515,-0.042698174314990595,native,toxicity,encoder_minilm,EXP-005-am
hin,few_label_32_strat,0.9498006394120685,0.049845232001183765,25,0.13406097069296177,0.08582283257591033,0.06762951334379906,0.9189865871833085,0.5418797907467702,0.0810134128166915,0.0744954128440367,0.0810134128166915,False,False,0.5708214502125509,0.5129969418960245,0.4868270332187858,873,1308,0.8009660332041458,am,target_fpr,,,0.14652956298200515,0.012468592289043373,native,toxicity,encoder_minilm,EXP-005-am
hin,few_label_32_rand,0.908935348843228,0.12659988512438777,25,0.1607678700133339,0.13676499769821765,0.08615384615384615,0.8917436661698958,0.5344174303967979,0.10825633383010431,0.09749235474006115,0.10825633383010431,False,False,0.5708214502125509,0.5129969418960245,0.4868270332187858,873,1308,0.8009660332041458,am,target_fpr,,,0.14652956298200515,-0.01423830703132875,native,toxicity,encoder_minilm,EXP-005-am
hin,few_label_64_strat,0.9398332742468071,0.06067075925583221,25,0.14977034771136086,0.08565554711054368,0.07660910518053375,0.9083755588673622,0.547342595109127,0.09162444113263786,0.08431192660550459,0.09162444113263786,False,False,0.5708214502125509,0.5129969418960245,0.4868270332187858,873,1308,0.8009660332041458,am,target_fpr,,,0.14652956298200515,-0.0032407847293557113,native,toxicity,encoder_minilm,EXP-005-am
hin,few_label_64_rand,0.9459160663625099,0.07029596731564308,25,0.13627321026006015,0.09108224468023197,0.06901098901098901,0.916602086438152,0.5563048565793052,0.08339791356184799,0.0763914373088685,0.08339791356184799,False,False,0.5708214502125509,0.5129969418960245,0.4868270332187858,873,1308,0.8009660332041458,am,target_fpr,,,0.14652956298200515,0.010256352721945,native,toxicity,encoder_minilm,EXP-005-am
hin,few_label_128_strat,0.956938234219605,0.037074066036181956,25,0.14038232935164258,0.05676411036769329,0.06982731554160125,0.9174962742175857,0.5485103924025014,0.0825037257824143,0.0763302752293578,0.0825037257824143,False,False,0.5708214502125509,0.5129969418960245,0.4868270332187858,873,1308,0.8009660332041458,am,target_fpr,,,0.14652956298200515,0.00614723363036257,native,toxicity,encoder_minilm,EXP-005-am
hin,few_label_128_rand,0.9612049817923629,0.033405733946439996,25,0.1295211205159417,0.05778306820860327,0.06518053375196234,0.9244113263785394,0.5491639525232395,0.0755886736214605,0.07051987767584098,0.0755886736214605,False,False,0.5708214502125509,0.5129969418960245,0.4868270332187858,873,1308,0.8009660332041458,am,target_fpr,,,0.14652956298200515,0.01700844246606345,native,toxicity,encoder_minilm,EXP-005-am
hin,few_label_256_strat,0.9685149351232312,0.017730691173702757,25,0.12170353429623526,0.04308132956292306,0.06084772370486655,0.9303725782414307,0.5418578910701058,0.0696274217585693,0.06535168195718655,0.0696274217585693,False,False,0.5708214502125509,0.5129969418960245,0.4868270332187858,873,1308,0.8009660332041458,am,target_fpr,,,0.14652956298200515,0.024826028685769885,native,toxicity,encoder_minilm,EXP-005-am
hin,few_label_256_rand,0.9612136893050589,0.026888129657749168,25,0.13626683106428364,0.04780077682223964,0.0678806907378336,0.920774962742176,0.5473166615606138,0.07922503725782415,0.07370030581039756,0.07922503725782415,False,False,0.5708214502125509,0.5129969418960245,0.4868270332187858,873,1308,0.8009660332041458,am,target_fpr,,,0.14652956298200515,0.010262731917721507,native,toxicity,encoder_minilm,EXP-005-am
hin,target_full,0.9625462897851792,0.0,1,0.14652956298200515,0.0,0.07849293563579278,0.9150521609538003,0.5327102803738317,0.08494783904619971,0.08180428134556575,0.08494783904619971,False,False,0.5708214502125509,0.5129969418960245,0.4868270332187858,873,1308,0.8009660332041458,am,target_fpr,0.11241748603609841,0.17573088572593082,0.14652956298200515,0.0,native,toxicity,encoder_minilm,EXP-005-am
hin,test_oracle_unachievable,0.9795589204290881,0.0,1,0.10526315789473685,0.0,0.04866562009419152,0.9418777943368107,0.5571428571428572,0.05812220566318927,0.053516819571865444,0.05812220566318927,False,False,0.5708214502125509,0.5129969418960245,0.4868270332187858,873,1308,0.8009660332041458,am,target_fpr,,,0.14652956298200515,0.041266405087268296,native,toxicity,encoder_minilm,EXP-005-am
it,fixed_half,0.5,0.0,1,0.5127304653204565,0.0,0.14973958333333334,0.6010928961748634,0.7174447174447175,0.3989071038251366,0.2713333333333333,0.3989071038251366,False,False,0.6614583333333334,0.488,0.497,1000,1500,0.8009660332041458,am,target_fpr,,,0.3098901098901099,-0.20284035543034662,native,toxicity,encoder_minilm,EXP-005-am
it,source_global,0.8009660332041458,0.0,1,0.3844580777096115,0.0,0.07552083333333333,0.7431693989071039,0.7642276422764228,0.2568306010928962,0.164,0.2568306010928962,False,False,0.6614583333333334,0.488,0.497,1000,1500,0.8009660332041458,am,target_fpr,0.3445173039164256,0.4229854752541902,0.3098901098901099,-0.07456796781950159,native,toxicity,encoder_minilm,EXP-005-am
it,quantile_match,0.8551034605328991,0.0,1,0.34782608695652173,0.0,0.061197916666666664,0.7759562841530054,0.7772511848341233,0.22404371584699453,0.14066666666666666,0.22404371584699453,False,False,0.6614583333333334,0.488,0.497,1000,1500,0.8009660332041458,am,target_fpr,,,0.3098901098901099,-0.03793597706641183,native,toxicity,encoder_minilm,EXP-005-am
it,sld_em,0.9487086298829813,0.0,1,0.2531939605110337,0.0,0.026041666666666668,0.8510928961748634,0.8449612403100775,0.1489071038251366,0.086,0.1489071038251366,False,False,0.6614583333333334,0.488,0.497,1000,1500,0.8009660332041458,am,target_fpr,,,0.3098901098901099,0.05669614937907619,native,toxicity,encoder_minilm,EXP-005-am
it,bbse,0.7038974539485622,0.0,1,0.4368932038834951,0.0,0.09505208333333333,0.6926229508196722,0.7550335570469798,0.3073770491803279,0.19866666666666666,0.3073770491803279,False,False,0.6614583333333334,0.488,0.497,1000,1500,0.8009660332041458,am,target_fpr,,,0.3098901098901099,-0.12700309399338522,native,toxicity,encoder_minilm,EXP-005-am
it,few_label_8_strat,0.626711135629571,0.2886843484607725,25,0.41062499271509106,0.15665048814553725,0.13401041666666666,0.6802185792349726,0.7376431388069479,0.31978142076502736,0.22466666666666668,0.31978142076502736,False,False,0.6614583333333334,0.488,0.497,1000,1500,0.8009660332041458,am,target_fpr,,,0.3098901098901099,-0.10073488282498116,native,toxicity,encoder_minilm,EXP-005-am
it,few_label_8_rand,0.5630473322344955,0.29037474695247534,25,0.4490881472686987,0.14105478846678193,0.17171875,0.6317486338797814,0.7188838735221129,0.3682513661202186,0.2676266666666667,0.3682513661202186,False,False,0.6614583333333334,0.488,0.497,1000,1500,0.8009660332041458,am,target_fpr,,,0.3098901098901099,-0.13919803737858882,native,toxicity,encoder_minilm,EXP-005-am
it,few_label_16_strat,0.8590238988250141,0.16559430980931242,25,0.2733292284354149,0.1469431993268451,0.05328125,0.8191256830601092,0.7966308754990408,0.1808743169398907,0.11554666666666667,0.1808743169398907,False,False,0.6614583333333334,0.488,0.497,1000,1500,0.8009660332041458,am,target_fpr,,,0.3098901098901099,0.03656088145469499,native,toxicity,encoder_minilm,EXP-005-am
it,few_label_16_rand,0.8130470607293698,0.24523385548815235,25,0.29281422883465197,0.16268441666188443,0.07213541666666667,0.7938251366120219,0.7829746200604718,0.20617486338797814,0.13754666666666668,0.20617486338797814,False,False,0.6614583333333334,0.488,0.497,1000,1500,0.8009660332041458,am,target_fpr,,,0.3098901098901099,0.01707588105545793,native,toxicity,encoder_minilm,EXP-005-am
it,few_label_32_strat,0.8939922707477157,0.11517255210412079,25,0.2509548972949826,0.1362015317789459,0.0434375,0.8395081967213115,0.8036089854437332,0.16049180327868853,0.10056000000000001,0.16049180327868853,False,False,0.6614583333333334,0.488,0.497,1000,1500,0.8009660332041458,am,target_fpr,,,0.3098901098901099,0.058935212595127295,native,toxicity,encoder_minilm,EXP-005-am
it,few_label_32_rand,0.8640404397305881,0.159239330870997,25,0.24659893394610982,0.1667423151499117,0.04916666666666667,0.8355191256830602,0.8058272874346128,0.1644808743169399,0.10544,0.1644808743169399,False,False,0.6614583333333334,0.488,0.497,1000,1500,0.8009660332041458,am,target_fpr,,,0.3098901098901099,0.06329117594400008,native,toxicity,encoder_minilm,EXP-005-am
it,few_label_64_strat,0.8956624159311565,0.07582073659492956,25,0.27550290575276526,0.11450345947337069,0.04572916666666666,0.8255191256830601,0.7970372666451634,0.17448087431693993,0.10856,0.17448087431693993,False,False,0.6614583333333334,0.488,0.497,1000,1500,0.8009660332041458,am,target_fpr,,,0.3098901098901099,0.03438720413734464,native,toxicity,encoder_minilm,EXP-005-am
it,few_label_64_rand,0.9031562229472901,0.10408038635684798,25,0.24523035802577575,0.13290225034046596,0.040989583333333336,0.844535519125683,0.8059297356445286,0.15546448087431694,0.09685333333333335,0.15546448087431694,False,False,0.6614583333333334,0.488,0.497,1000,1500,0.8009660332041458,am,target_fpr,,,0.3098901098901099,0.06465975186433415,native,toxicity,encoder_minilm,EXP-005-am
it,few_label_128_strat,0.8942604797984837,0.10373695428273103,25,0.27706407377860165,0.0985056518243331,0.04546875,0.8254098360655736,0.7985893441619453,0.17459016393442625,0.10848,0.17459016393442625,False,False,0.6614583333333334,0.488,0.497,1000,1500,0.8009660332041458,am,target_fpr,,,0.3098901098901099,0.03282603611150825,native,toxicity,encoder_minilm,EXP-005-am
it,few_label_128_rand,0.9070477055547531,0.08697544635213118,25,0.25546020694629734,0.11361926488117872,0.04041666666666666,0.8401639344262294,0.8049644412101382,0.1598360655737705,0.09869333333333334,0.1598360655737705,False,False,0.6614583333333334,0.488,0.497,1000,1500,0.8009660332041458,am,target_fpr,,,0.3098901098901099,0.05442990294381256,native,toxicity,encoder_minilm,EXP-005-am
it,few_label_256_strat,0.9247980065535505,0.03850981897386868,25,0.2702937761238662,0.05612601703042061,0.03765625,0.8357377049180329,0.8113760854757947,0.16426229508196724,0.09944000000000001,0.16426229508196724,False,False,0.6614583333333334,0.488,0.497,1000,1500,0.8009660332041458,am,target_fpr,,,0.3098901098901099,0.03959633376624372,native,toxicity,encoder_minilm,EXP-005-am
it,few_label_256_rand,0.902437347856747,0.053594107325643556,25,0.2941915517405982,0.06880895304011383,0.04557291666666667,0.8165573770491803,0.7986993629521747,0.18344262295081964,0.11285333333333333,0.18344262295081964,False,False,0.6614583333333334,0.488,0.497,1000,1500,0.8009660332041458,am,target_fpr,,,0.3098901098901099,0.01569855814951171,native,toxicity,encoder_minilm,EXP-005-am
it,target_full,0.9107613643413028,0.0,1,0.3098901098901099,0.0,0.048177083333333336,0.8073770491803278,0.7921348314606742,0.19262295081967212,0.11866666666666667,0.19262295081967212,False,False,0.6614583333333334,0.488,0.497,1000,1500,0.8009660332041458,am,target_fpr,0.2730022412675143,0.3449562906944114,0.3098901098901099,0.0,native,toxicity,encoder_minilm,EXP-005-am
it,test_oracle_unachievable,0.9030887966979629,0.0,1,0.31140350877192985,0.0,0.049479166666666664,0.8060109289617486,0.7888888888888889,0.19398907103825136,0.12,0.19398907103825136,False,False,0.6614583333333334,0.488,0.497,1000,1500,0.8009660332041458,am,target_fpr,,,0.3098901098901099,-0.0015133988818199495,native,toxicity,encoder_minilm,EXP-005-am
ja,fixed_half,0.5,0.0,1,0.336,0.0,0.12220762155059132,0.7726657645466847,0.6436781609195402,0.2273342354533153,0.174,0.2273342354533153,False,False,0.642772045186609,0.49266666666666664,0.508,1000,1500,0.8009660332041458,am,target_fpr,,,0.08343868520859671,-0.2525613147914033,native,toxicity,encoder_minilm,EXP-005-am
ja,source_global,0.8009660332041458,0.0,1,0.18139534883720929,0.0,0.056504599211563734,0.8944519621109608,0.6446280991735537,0.10554803788903924,0.08066666666666666,0.10554803788903924,False,False,0.642772045186609,0.49266666666666664,0.508,1000,1500,0.8009660332041458,am,target_fpr,0.14902677536367376,0.22134291253635197,0.08343868520859671,-0.09795666362861258,native,toxicity,encoder_minilm,EXP-005-am
ja,quantile_match,0.6911878511482044,0.0,1,0.2342541436464088,0.0,0.07884362680683311,0.8565629228687416,0.6385542168674698,0.14343707713125844,0.11066666666666666,0.14343707713125844,False,False,0.642772045186609,0.49266666666666664,0.508,1000,1500,0.8009660332041458,am,target_fpr,,,0.08343868520859671,-0.1508154584378121,native,toxicity,encoder_minilm,EXP-005-am
ja,sld_em,0.9790663069009548,0.0,1,0.02890932982917214,0.0,0.01445466491458607,0.9851150202976996,0.5,0.014884979702300407,0.014666666666666666,0.014884979702300407,False,False,0.642772045186609,0.49266666666666664,0.508,1000,1500,0.8009660332041458,am,target_fpr,,,0.08343868520859671,0.05452935537942456,native,toxicity,encoder_minilm,EXP-005-am
ja,bbse,0.9053798678039777,0.0,1,0.1044776119402985,0.0,0.030223390275952694,0.9431664411366711,0.6461538461538462,0.056833558863328824,0.043333333333333335,0.056833558863328824,False,False,0.642772045186609,0.49266666666666664,0.508,1000,1500,0.8009660332041458,am,target_fpr,,,0.08343868520859671,-0.021038926731701796,native,toxicity,encoder_minilm,EXP-005-am
ja,few_label_8_strat,0.5213270064556559,0.33724621304496305,25,0.32500953950874256,0.2007944981376643,0.17282522996057817,0.7249797023004058,0.6206366135758054,0.275020297699594,0.2231733333333333,0.275020297699594,False,False,0.642772045186609,0.49266666666666664,0.508,1000,1500,0.8009660332041458,am,target_fpr,,,0.08343868520859671,-0.24157085430014585,native,toxicity,encoder_minilm,EXP-005-am
ja,few_label_8_rand,0.535506240258663,0.30211414109671925,25,0.31642163180437227,0.17553504488882796,0.14586070959264127,0.7519350473612991,0.6332917046700499,0.24806495263870093,0.19621333333333332,0.24806495263870093,False,False,0.642772045186609,0.49266666666666664,0.508,1000,1500,0.8009660332041458,am,target_fpr,,,0.08343868520859671,-0.23298294659577556,native,toxicity,encoder_minilm,EXP-005-am
ja,few_label_16_strat,0.7198479050756705,0.2900198869956964,25,0.20362546046841795,0.17539035925920674,0.09261498028909329,0.8473071718538567,0.6137820916176083,0.15269282814614343,0.12221333333333333,0.15269282814614343,False,False,0.642772045186609,0.49266666666666664,0.508,1000,1500,0.8009660332041458,am,target_fpr,,,0.08343868520859671,-0.12018677525982124,native,toxicity,encoder_minilm,EXP-005-am
ja,few_label_16_rand,0.7622351695530498,0.2680165141713248,25,0.17852745277418933,0.1586391950113916,0.07237844940867282,0.8751826792963464,0.6242595779800427,0.12481732070365358,0.09821333333333333,0.12481732070365358,False,False,0.642772045186609,0.49266666666666664,0.508,1000,1500,0.8009660332041458,am,target_fpr,,,0.08343868520859671,-0.09508876756559262,native,toxicity,encoder_minilm,EXP-005-am
ja,few_label_32_strat,0.8155679389294543,0.20499207770439165,25,0.14880749312453603,0.12270470006927586,0.05166885676741129,0.9059810554803789,0.6539978301674708,0.0940189445196211,0.07253333333333334,0.0940189445196211,False,False,0.642772045186609,0.49266666666666664,0.508,1000,1500,0.8009660332041458,am,target_fpr,,,0.08343868520859671,-0.06536880791593933,native,toxicity,encoder_minilm,EXP-005-am
ja,few_label_32_rand,0.8625008983678712,0.17451928816420878,25,0.11689499983288971,0.11153711499194674,0.04036793692509855,0.9279025710419485,0.6339969588070247,0.07209742895805142,0.05600000000000001,0.07209742895805142,False,False,0.642772045186609,0.49266666666666664,0.508,1000,1500,0.8009660332041458,am,target_fpr,,,0.08343868520859671,-0.03345631462429301,native,toxicity,encoder_minilm,EXP-005-am
ja,few_label_64_strat,0.8958795979920893,0.11646486886979755,25,0.09772875138101365,0.0844537553733963,0.031379763469119575,0.9433288227334234,0.6423569643956989,0.05667117726657645,0.04384,0.05667117726657645,False,False,0.642772045186609,0.49266666666666664,0.508,1000,1500,0.8009660332041458,am,target_fpr,,,0.08343868520859671,-0.014290066172416946,native,toxicity,encoder_minilm,EXP-005-am
ja,few_label_64_rand,0.906449243378269,0.1265547307165308,25,0.08737580951889258,0.08540471941934526,0.030486202365308804,0.9490663058186738,0.5977157402072877,0.050933694181326115,0.04056,0.050933694181326115,False,False,0.642772045186609,0.49266666666666664,0.508,1000,1500,0.8009660332041458,am,target_fpr,,,0.08343868520859671,-0.0039371243102958725,native,toxicity,encoder_minilm,EXP-005-am
ja,few_label_128_strat,0.8826377717980408,0.08160533243812355,25,0.11629372523690734,0.06627511490036102,0.03574244415243101,0.9339648173207037,0.6134544355213372,0.06603518267929635,0.050666666666666665,0.06603518267929635,False,False,0.642772045186609,0.49266666666666664,0.508,1000,1500,0.8009660332041458,am,target_fpr,,,0.08343868520859671,-0.032855040028310634,native,toxicity,encoder_minilm,EXP-005-am
ja,few_label_128_rand,0.9200561641197423,0.04866417407289373,25,0.0889685926526804,0.0436979685407559,0.029014454664914587,0.9512313937753721,0.5972976343535082,0.04876860622462787,0.038746666666666665,0.04876860622462787,False,False,0.642772045186609,0.49266666666666664,0.508,1000,1500,0.8009660332041458,am,target_fpr,,,0.08343868520859671,-0.005529907444083687,native,toxicity,encoder_minilm,EXP-005-am
ja,few_label_256_strat,0.9150506520242918,0.04616970033298769,25,0.09411901278181581,0.041935693095299806,0.03032851511169514,0.9483085250338295,0.6055563989776303,0.051691474966170506,0.04085333333333334,0.051691474966170506,False,False,0.642772045186609,0.49266666666666664,0.508,1000,1500,0.8009660332041458,am,target_fpr,,,0.08343868520859671,-0.0106803275732191,native,toxicity,encoder_minilm,EXP-005-am
ja,few_label_256_rand,0.9128339708151596,0.0545731336132139,25,0.09589249863219633,0.04548923744563861,0.029750328515111696,0.9471718538565631,0.6157470378623404,0.052828146143437074,0.041120000000000004,0.052828146143437074,False,False,0.642772045186609,0.49266666666666664,0.508,1000,1500,0.8009660332041458,am,target_fpr,,,0.08343868520859671,-0.012453813423599622,native,toxicity,encoder_minilm,EXP-005-am
ja,target_full,0.9340769945092002,0.0,1,0.08343868520859671,0.0,0.024967148488830485,0.9553450608930988,0.6346153846153846,0.044654939106901215,0.034666666666666665,0.044654939106901215,False,False,0.642772045186609,0.49266666666666664,0.508,1000,1500,0.8009660332041458,am,target_fpr,0.05683437385236872,0.10842068483577917,0.08343868520859671,0.0,native,toxicity,encoder_minilm,EXP-005-am
ja,test_oracle_unachievable,0.8205760917306887,0.0,1,0.1696113074204947,0.0,0.04993429697766097,0.9025710419485792,0.6545454545454545,0.09742895805142084,0.07333333333333333,0.09742895805142084,False,False,0.642772045186609,0.49266666666666664,0.508,1000,1500,0.8009660332041458,am,target_fpr,,,0.08343868520859671,-0.086172622211898,native,toxicity,encoder_minilm,EXP-005-am
ru,fixed_half,0.5,0.0,1,0.5449781659388646,0.0,0.12352168199737187,0.577807848443843,0.7684729064039408,0.42219215155615697,0.27066666666666667,0.42219215155615697,False,False,0.7528446119076281,0.49266666666666664,0.508,1000,1500,0.8009660332041458,am,target_fpr,,,0.2853932584269663,-0.25958490751189833,native,toxicity,encoder_minilm,EXP-005-am
ru,source_global,0.8009660332041458,0.0,1,0.38485158648925283,0.0,0.0657030223390276,0.7456021650879567,0.7899159663865546,0.2543978349120433,0.15866666666666668,0.2543978349120433,False,False,0.7528446119076281,0.49266666666666664,0.508,1000,1500,0.8009660332041458,am,target_fpr,0.34616848570722025,0.4241102375475888,0.2853932584269663,-0.09945832806228655,native,toxicity,encoder_minilm,EXP-005-am
ru,quantile_match,0.8976631644785016,0.0,1,0.30343300110741966,0.0,0.035479632063074903,0.8146143437077131,0.8353658536585366,0.18538565629228687,0.10933333333333334,0.18538565629228687,False,False,0.7528446119076281,0.49266666666666664,0.508,1000,1500,0.8009660332041458,am,target_fpr,,,0.2853932584269663,-0.018039742680453386,native,toxicity,encoder_minilm,EXP-005-am
ru,sld_em,0.9379345731034464,0.0,1,0.2591743119266055,0.0,0.026281208935611037,0.8470906630581867,0.849624060150376,0.15290933694181327,0.08866666666666667,0.15290933694181327,False,False,0.7528446119076281,0.49266666666666664,0.508,1000,1500,0.8009660332041458,am,target_fpr,,,0.2853932584269663,0.026218946500360774,native,toxicity,encoder_minilm,EXP-005-am
ru,bbse,0.5293891102093945,0.0,1,0.5327433628318584,0.0,0.11826544021024968,0.5926928281461434,0.7698209718670077,0.40730717185385656,0.26066666666666666,0.40730717185385656,False,False,0.7528446119076281,0.49266666666666664,0.508,1000,1500,0.8009660332041458,am,target_fpr,,,0.2853932584269663,-0.24735010440489213,native,toxicity,encoder_minilm,EXP-005-am
ru,few_label_8_strat,0.6867918976156395,0.33601819055481186,25,0.3773599462436682,0.209444657602884,0.09708278580814717,0.7029499323410013,0.8157130149586522,0.29705006765899866,0.19560000000000002,0.29705006765899866,False,False,0.7528446119076281,0.49266666666666664,0.508,1000,1500,0.8009660332041458,am,target_fpr,,,0.2853932584269663,-0.09196668781670192,native,toxicity,encoder_minilm,EXP-005-am
ru,few_label_8_rand,0.583064583710942,0.353554396709642,25,0.4532636823728612,0.1890769626034282,0.1583180026281209,0.611150202976996,0.7721865173623697,0.38884979702300404,0.2718933333333333,0.38884979702300404,False,False,0.7528446119076281,0.49266666666666664,0.508,1000,1500,0.8009660332041458,am,target_fpr,,,0.2853932584269663,-0.1678704239458949,native,toxicity,encoder_minilm,EXP-005-am
ru,few_label_16_strat,0.7026737635853579,0.2997274476423097,25,0.38850673575705647,0.1808775950871108,0.0935611038107753,0.7032205683355888,0.8090295593169256,0.29677943166441134,0.19368,0.29677943166441134,False,False,0.7528446119076281,0.49266666666666664,0.508,1000,1500,0.8009660332041458,am,target_fpr,,,0.2853932584269663,-0.10311347733009019,native,toxicity,encoder_minilm,EXP-005-am
ru,few_label_16_rand,0.7393316300354534,0.26567693886317895,25,0.37591935168799523,0.16446716015122467,0.07621550591327202,0.7263870094722598,0.815832881810398,0.2736129905277402,0.17346666666666663,0.2736129905277402,False,False,0.7528446119076281,0.49266666666666664,0.508,1000,1500,0.8009660332041458,am,target_fpr,,,0.2853932584269663,-0.09052609326102895,native,toxicity,encoder_minilm,EXP-005-am
ru,few_label_32_strat,0.8612274809584305,0.18052343498151638,25,0.2665375790422874,0.161966459766154,0.04131406044678055,0.8228958051420838,0.8581090753304496,0.17710419485791606,0.10821333333333333,0.17710419485791606,False,False,0.7528446119076281,0.49266666666666664,0.508,1000,1500,0.8009660332041458,am,target_fpr,,,0.2853932584269663,0.01885567938467886,native,toxicity,encoder_minilm,EXP-005-am
ru,few_label_32_rand,0.8497195860814957,0.16408545984562223,25,0.29529858223699057,0.14408991407271518,0.04504599211563732,0.8051962110960759,0.8467331747156236,0.19480378890392422,0.11882666666666668,0.19480378890392422,False,False,0.7528446119076281,0.49266666666666664,0.508,1000,1500,0.8009660332041458,am,target_fpr,,,0.2853932584269663,-0.009905323810024291,native,toxicity,encoder_minilm,EXP-005-am
ru,few_label_64_strat,0.8608796489715442,0.1225873068866423,25,0.30997006218203077,0.10645361677659027,0.04436268068331142,0.8007577807848443,0.8324900937576868,0.1992422192151556,0.12066666666666669,0.1992422192151556,False,False,0.7528446119076281,0.49266666666666664,0.508,1000,1500,0.8009660332041458,am,target_fpr,,,0.2853932584269663,-0.02457680375506449,native,toxicity,encoder_minilm,EXP-005-am
ru,few_label_64_rand,0.8908521160474734,0.09649527341197069,25,0.27800818160913177,0.10843635616366666,0.03653088042049934,0.8256562922868741,0.8472273423997847,0.17434370771312582,0.10442666666666668,0.17434370771312582,False,False,0.7528446119076281,0.49266666666666664,0.508,1000,1500,0.8009660332041458,am,target_fpr,,,0.2853932584269663,0.007385076817834513,native,toxicity,encoder_minilm,EXP-005-am
ru,few_label_128_strat,0.8625231130827218,0.07414866338506095,25,0.32564539903182377,0.06953159458701567,0.04641261498028909,0.7930175913396482,0.820906593415584,0.2069824086603518,0.12552000000000002,0.2069824086603518,False,False,0.7528446119076281,0.49266666666666664,0.508,1000,1500,0.8009660332041458,am,target_fpr,,,0.2853932584269663,-0.04025214060485749,native,toxicity,encoder_minilm,EXP-005-am
ru,few_label_128_rand,0.8737239016287837,0.07060709081851778,25,0.3117023081569087,0.07997374385305143,0.04283837056504598,0.8033558863328824,0.8298845042607796,0.1966441136671177,0.11861333333333332,0.1966441136671177,False,False,0.7528446119076281,0.49266666666666664,0.508,1000,1500,0.8009660332041458,am,target_fpr,,,0.2853932584269663,-0.026309049729942413,native,toxicity,encoder_minilm,EXP-005-am
ru,few_label_256_strat,0.9014902734179343,0.05664761025850976,25,0.28754449754518147,0.06292955267420769,0.035321944809461235,0.8235994587280108,0.8382487361230297,0.1764005412719892,0.10482666666666667,0.1764005412719892,False,False,0.7528446119076281,0.49266666666666664,0.508,1000,1500,0.8009660332041458,am,target_fpr,,,0.2853932584269663,-0.002151239118215187,native,toxicity,encoder_minilm,EXP-005-am
ru,few_label_256_rand,0.8938331724886366,0.0501537937561275,25,0.298793019210531,0.0574206000458274,0.03763469119579501,0.8155886332882274,0.8333671142298392,0.18441136671177266,0.10994666666666668,0.18441136671177266,False,False,0.7528446119076281,0.49266666666666664,0.508,1000,1500,0.8009660332041458,am,target_fpr,,,0.2853932584269663,-0.013399760783564696,native,toxicity,encoder_minilm,EXP-005-am
ru,target_full,0.9172157418490556,0.0,1,0.2853932584269663,0.0,0.03153745072273324,0.8281461434370772,0.8410596026490066,0.17185385656292287,0.10066666666666667,0.17185385656292287,False,False,0.7528446119076281,0.49266666666666664,0.508,1000,1500,0.8009660332041458,am,target_fpr,0.24835759980793945,0.3200047108369844,0.2853932584269663,0.0,native,toxicity,encoder_minilm,EXP-005-am
ru,test_oracle_unachievable,0.8553308918921276,0.0,1,0.3489361702127659,0.0,0.04862023653088042,0.7780784844384303,0.8159203980099502,0.2219215155615697,0.134,0.2219215155615697,False,False,0.7528446119076281,0.49266666666666664,0.508,1000,1500,0.8009660332041458,am,target_fpr,,,0.2853932584269663,-0.06354291178579963,native,toxicity,encoder_minilm,EXP-005-am
tt,fixed_half,0.5,0.0,1,0.46651949963208245,0.0,0.39176626826029215,0.5756358768406962,0.5179738562091504,0.4243641231593039,0.408,0.4243641231593039,False,False,0.5387997319068216,0.498,0.454,1000,1500,0.8009660332041458,am,target_fpr,,,0.06273525721455459,-0.40378424241752786,native,toxicity,encoder_minilm,EXP-005-am
tt,source_global,0.8009660332041458,0.0,1,0.3087248322147651,0.0,0.17928286852589642,0.784471218206158,0.543918918918919,0.21552878179384202,0.19733333333333333,0.21552878179384202,False,False,0.5387997319068216,0.498,0.454,1000,1500,0.8009660332041458,am,target_fpr,0.27240939365106825,0.3474294333117862,0.06273525721455459,-0.24598957500021051,native,toxicity,encoder_minilm,EXP-005-am
tt,quantile_match,0.8921837120431702,0.0,1,0.21837837837837837,0.0,0.10225763612217796,0.8647925033467202,0.5674157303370787,0.13520749665327977,0.11866666666666667,0.13520749665327977,False,False,0.5387997319068216,0.498,0.454,1000,1500,0.8009660332041458,am,target_fpr,,,0.06273525721455459,-0.15564312116382378,native,toxicity,encoder_minilm,EXP-005-am
tt,sld_em,0.9016073066650905,0.0,1,0.20242024202420245,0.0,0.09296148738379814,0.8768406961178046,0.5679012345679012,0.12315930388219545,0.108,0.12315930388219545,False,False,0.5387997319068216,0.498,0.454,1000,1500,0.8009660332041458,am,target_fpr,,,0.06273525721455459,-0.13968498480964786,native,toxicity,encoder_minilm,EXP-005-am
tt,bbse,0.5036128717523046,0.0,1,0.4641537324464154,0.0,0.38778220451527223,0.5796519410977242,0.5181518151815182,0.4203480589022758,0.404,0.4203480589022758,False,False,0.5387997319068216,0.498,0.454,1000,1500,0.8009660332041458,am,target_fpr,,,0.06273525721455459,-0.4014184752318608,native,toxicity,encoder_minilm,EXP-005-am
tt,few_label_8_strat,0.8364344029467161,0.16388374960469487,25,0.21995862924555853,0.1509497388002178,0.14039840637450196,0.8368942436412315,0.5321991151191361,0.16310575635876837,0.15170666666666666,0.16310575635876837,False,False,0.5387997319068216,0.498,0.454,1000,1500,0.8009660332041458,am,target_fpr,,,0.06273525721455459,-0.15722337203100395,native,toxicity,encoder_minilm,EXP-005-am
tt,few_label_8_rand,0.7272699845170331,0.23656650338787333,25,0.2984927506115136,0.18515207348674217,0.22358565737051792,0.7450066934404284,0.4689896835975971,0.25499330655957164,0.23922666666666667,0.25499330655957164,False,False,0.5387997319068216,0.498,0.454,1000,1500,0.8009660332041458,am,target_fpr,,,0.06273525721455459,-0.235757493396959,native,toxicity,encoder_minilm,EXP-005-am
tt,few_label_16_strat,0.8971710902850576,0.17022313334100325,25,0.13416492117991552,0.15358023934593715,0.08908366533864541,0.8990629183400268,0.5240676101004024,0.10093708165997323,0.09498666666666666,0.10093708165997323,False,False,0.5387997319068216,0.498,0.454,1000,1500,0.8009660332041458,am,target_fpr,,,0.06273525721455459,-0.07142966396536093,native,toxicity,encoder_minilm,EXP-005-am
tt,few_label_16_rand,0.8968648418025806,0.11925080876715385,25,0.16076581052214542,0.13092671017886695,0.0939707835325365,0.8900669344042837,0.5047683596620102,0.10993306559571621,0.10192,0.10993306559571621,False,False,0.5387997319068216,0.498,0.454,1000,1500,0.8009660332041458,am,target_fpr,,,0.06273525721455459,-0.09803055330759083,native,toxicity,encoder_minilm,EXP-005-am
tt,few_label_32_strat,0.9551820894759205,0.06683476913291309,25,0.08266796313746229,0.09811400420339338,0.0448871181938911,0.948380187416332,0.46737265390556504,0.05161981258366802,0.04824,0.05161981258366802,False,False,0.5387997319068216,0.498,0.454,1000,1500,0.8009660332041458,am,target_fpr,,,0.06273525721455459,-0.019932705922907704,native,toxicity,encoder_minilm,EXP-005-am
tt,few_label_32_rand,0.9505551282738002,0.06067400563900161,25,0.09550091799012503,0.0892611033681963,0.05035856573705178,0.9417938420348058,0.5198123420104926,0.05820615796519411,0.054266666666666664,0.05820615796519411,False,False,0.5387997319068216,0.498,0.454,1000,1500,0.8009660332041458,am,target_fpr,,,0.06273525721455459,-0.03276566077557044,native,toxicity,encoder_minilm,EXP-005-am
tt,few_label_64_strat,0.9695945441204481,0.02928868801867322,25,0.06983113212315306,0.058352182182825646,0.03293492695883134,0.9607496653279786,0.49581047077745866,0.039250334672021416,0.03608000000000001,0.039250334672021416,False,False,0.5387997319068216,0.498,0.454,1000,1500,0.8009660332041458,am,target_fpr,,,0.06273525721455459,-0.007095874908598476,native,toxicity,encoder_minilm,EXP-005-am
tt,few_label_64_rand,0.9688449155128516,0.03587303562405953,25,0.06865646367925071,0.060518599780975874,0.03373173970783533,0.9610174029451137,0.5212021600377491,0.038982597054886214,0.036346666666666666,0.038982597054886214,False,False,0.5387997319068216,0.498,0.454,1000,1500,0.8009660332041458,am,target_fpr,,,0.06273525721455459,-0.005921206464696127,native,toxicity,encoder_minilm,EXP-005-am
tt,few_label_128_strat,0.958763235407639,0.02401371320454508,25,0.08895761736932757,0.04738346742746668,0.04345285524568393,0.9501472556894244,0.521502539725097,0.04985274431057563,0.046639999999999994,0.04985274431057563,False,False,0.5387997319068216,0.498,0.454,1000,1500,0.8009660332041458,am,target_fpr,,,0.06273525721455459,-0.026222360154772986,native,toxicity,encoder_minilm,EXP-005-am
tt,few_label_128_rand,0.9616278003336238,0.03154971562007705,25,0.08297406071505868,0.0558548468091681,0.0401593625498008,0.9530923694779116,0.5290551459143312,0.04690763052208836,0.04352,0.04690763052208836,False,False,0.5387997319068216,0.498,0.454,1000,1500,0.8009660332041458,am,target_fpr,,,0.06273525721455459,-0.020238803500504096,native,toxicity,encoder_minilm,EXP-005-am
tt,few_label_256_strat,0.9694595984291928,0.011722685180683649,25,0.0677328187422877,0.024130387128737423,0.03410358565737051,0.9634270414993307,0.5143550505070941,0.03657295850066935,0.035333333333333335,0.03657295850066935,False,False,0.5387997319068216,0.498,0.454,1000,1500,0.8009660332041458,am,target_fpr,,,0.06273525721455459,-0.004997561527733119,native,toxicity,encoder_minilm,EXP-005-am
tt,few_label_256_rand,0.9688837453883685,0.021900644309637476,25,0.07094019494064545,0.04267973308476248,0.033519256308100924,0.9609638554216867,0.5303464431941065,0.03903614457831325,0.03626666666666666,0.03903614457831325,False,False,0.5387997319068216,0.498,0.454,1000,1500,0.8009660332041458,am,target_fpr,,,0.06273525721455459,-0.008204937726090863,native,toxicity,encoder_minilm,EXP-005-am
tt,target_full,0.9717686911288762,0.0,1,0.06273525721455459,0.0,0.033200531208499334,0.9665327978580991,0.5,0.03346720214190094,0.03333333333333333,0.03346720214190094,False,False,0.5387997319068216,0.498,0.454,1000,1500,0.8009660332041458,am,target_fpr,0.03815398645127671,0.08529236463779367,0.06273525721455459,0.0,native,toxicity,encoder_minilm,EXP-005-am
tt,test_oracle_unachievable,0.9496494321602964,0.0,1,0.11552346570397111,0.0,0.04780876494023904,0.9357429718875502,0.5714285714285714,0.0642570281124498,0.056,0.0642570281124498,False,False,0.5387997319068216,0.498,0.454,1000,1500,0.8009660332041458,am,target_fpr,,,0.06273525721455459,-0.052788208489416524,native,toxicity,encoder_minilm,EXP-005-am
uk,fixed_half,0.5,0.0,1,0.3487903225806452,0.0,0.10394736842105264,0.7662162162162162,0.6865079365079365,0.23378378378378378,0.168,0.23378378378378378,False,False,0.6437215504978663,0.49333333333333335,0.494,1000,1500,0.8009660332041458,am,target_fpr,,,0.17204301075268819,-0.176747311827957,native,toxicity,encoder_minilm,EXP-005-am
uk,source_global,0.8009660332041458,0.0,1,0.20697674418604653,0.0,0.04078947368421053,0.8797297297297297,0.7416666666666667,0.12027027027027028,0.08,0.12027027027027028,False,False,0.6437215504978663,0.49333333333333335,0.494,1000,1500,0.8009660332041458,am,target_fpr,0.1715534672500663,0.24098981082738843,0.17204301075268819,-0.034933733433358344,native,toxicity,encoder_minilm,EXP-005-am
uk,quantile_match,0.6134935974846958,0.0,1,0.28417653390742736,0.0,0.075,0.8216216216216217,0.6984126984126984,0.1783783783783784,0.126,0.1783783783783784,False,False,0.6437215504978663,0.49333333333333335,0.494,1000,1500,0.8009660332041458,am,target_fpr,,,0.17204301075268819,-0.11213352315473918,native,toxicity,encoder_minilm,EXP-005-am
uk,sld_em,0.9860143357644118,0.0,1,0.026490066225165566,0.0,0.006578947368421052,0.9864864864864865,0.6666666666666666,0.013513513513513514,0.01,0.013513513513513514,False,False,0.6437215504978663,0.49333333333333335,0.494,1000,1500,0.8009660332041458,am,target_fpr,,,0.17204301075268819,0.14555294452752263,native,toxicity,encoder_minilm,EXP-005-am
uk,bbse,0.9512035584783404,0.0,1,0.0768245838668374,0.0,0.014473684210526316,0.9594594594594594,0.7317073170731707,0.04054054054054054,0.027333333333333334,0.04054054054054054,False,False,0.6437215504978663,0.49333333333333335,0.494,1000,1500,0.8009660332041458,am,target_fpr,,,0.17204301075268819,0.09521842688585079,native,toxicity,encoder_minilm,EXP-005-am
uk,few_label_8_strat,0.5203070445222302,0.26608179958775374,25,0.3342195105187121,0.13788171845358563,0.12063157894736841,0.7568108108108107,0.6846596035991742,0.2431891891891892,0.18109333333333333,0.2431891891891892,False,False,0.6437215504978663,0.49333333333333335,0.494,1000,1500,0.8009660332041458,am,target_fpr,,,0.17204301075268819,-0.16217649976602394,native,toxicity,encoder_minilm,EXP-005-am
uk,few_label_8_rand,0.500263242517498,0.29923158565063995,25,0.3426276748848956,0.17100599716884385,0.15373684210526314,0.726,0.6670008271590545,0.274,0.21306666666666668,0.274,False,False,0.6437215504978663,0.49333333333333335,0.494,1000,1500,0.8009660332041458,am,target_fpr,,,0.17204301075268819,-0.1705846641322074,native,toxicity,encoder_minilm,EXP-005-am
uk,few_label_16_strat,0.6979412272855083,0.32182673721021543,25,0.21945163245677157,0.19498303746978132,0.09405263157894737,0.8301081081081081,0.6645359556366498,0.16989189189189186,0.13146666666666668,0.16989189189189186,False,False,0.6437215504978663,0.49333333333333335,0.494,1000,1500,0.8009660332041458,am,target_fpr,,,0.17204301075268819,-0.04740862170408339,native,toxicity,encoder_minilm,EXP-005-am
uk,few_label_16_rand,0.6798889377799878,0.21916198726060881,25,0.23955048122141562,0.1334102844156478,0.07078947368421053,0.8422162162162162,0.6944708137258185,0.1577837837837838,0.11370666666666666,0.1577837837837838,False,False,0.6437215504978663,0.49333333333333335,0.494,1000,1500,0.8009660332041458,am,target_fpr,,,0.17204301075268819,-0.06750747046872743,native,toxicity,encoder_minilm,EXP-005-am
uk,few_label_32_strat,0.7562347662481967,0.19898499884138746,25,0.20035152002737155,0.1203574490751803,0.05347368421052631,0.8736216216216216,0.7032616619796577,0.12637837837837837,0.08944,0.12637837837837837,False,False,0.6437215504978663,0.49333333333333335,0.494,1000,1500,0.8009660332041458,am,target_fpr,,,0.17204301075268819,-0.02830850927468337,native,toxicity,encoder_minilm,EXP-005-am
uk,few_label_32_rand,0.7671072154163351,0.18011005708826536,25,0.19232383528692917,0.11303416520423325,0.04973684210526316,0.8810270270270272,0.7015061043191438,0.11897297297297296,0.08389333333333333,0.11897297297297296,False,False,0.6437215504978663,0.49333333333333335,0.494,1000,1500,0.8009660332041458,am,target_fpr,,,0.17204301075268819,-0.020280824534240988,native,toxicity,encoder_minilm,EXP-005-am
uk,few_label_64_strat,0.8059092623183155,0.14579044102685199,25,0.17256538550919787,0.09915303951229694,0.0413157894736842,0.8964864864864864,0.6992682998041602,0.10351351351351351,0.07200000000000001,0.10351351351351351,False,False,0.6437215504978663,0.49333333333333335,0.494,1000,1500,0.8009660332041458,am,target_fpr,,,0.17204301075268819,-0.0005223747565096803,native,toxicity,encoder_minilm,EXP-005-am
uk,few_label_64_rand,0.8534374521977771,0.14461711869591423,25,0.1372474604304902,0.09756400096723053,0.032842105263157895,0.918972972972973,0.6985204707962908,0.08102702702702702,0.056613333333333335,0.08102702702702702,False,False,0.6437215504978663,0.49333333333333335,0.494,1000,1500,0.8009660332041458,am,target_fpr,,,0.17204301075268819,0.034795550322198,native,toxicity,encoder_minilm,EXP-005-am
uk,few_label_128_strat,0.8099732158797324,0.12407827046654037,25,0.17702628234812878,0.08089247575909439,0.04068421052631579,0.8953513513513514,0.7145797446275176,0.10464864864864865,0.07224,0.10464864864864865,False,False,0.6437215504978663,0.49333333333333335,0.494,1000,1500,0.8009660332041458,am,target_fpr,,,0.17204301075268819,-0.004983271595440597,native,toxicity,encoder_minilm,EXP-005-am
uk,few_label_128_rand,0.7822206441692836,0.1179074542845012,25,0.1951181587247963,0.07688733907177324,0.04447368421052632,0.8838918918918918,0.7215181833220238,0.1161081081081081,0.07981333333333333,0.1161081081081081,False,False,0.6437215504978663,0.49333333333333335,0.494,1000,1500,0.8009660332041458,am,target_fpr,,,0.17204301075268819,-0.023075147972108107,native,toxicity,encoder_minilm,EXP-005-am
uk,few_label_256_strat,0.8025172785598176,0.08248877845339297,25,0.19273584266056842,0.049714543881473866,0.041105263157894735,0.8875135135135135,0.7293106676316373,0.11248648648648649,0.07632,0.11248648648648649,False,False,0.6437215504978663,0.49333333333333335,0.494,1000,1500,0.8009660332041458,am,target_fpr,,,0.17204301075268819,-0.020692831907880238,native,toxicity,encoder_minilm,EXP-005-am
uk,few_label_256_rand,0.7971445293607617,0.08374171236121104,25,0.1959554693985442,0.05417645784792149,0.04231578947368421,0.8851351351351352,0.7255345155128619,0.11486486486486487,0.07810666666666666,0.11486486486486487,False,False,0.6437215504978663,0.49333333333333335,0.494,1000,1500,0.8009660332041458,am,target_fpr,,,0.17204301075268819,-0.023912458645856005,native,toxicity,encoder_minilm,EXP-005-am
uk,target_full,0.8419487029987347,0.0,1,0.17204301075268819,0.0,0.03289473684210526,0.9027027027027027,0.7422680412371134,0.0972972972972973,0.06466666666666666,0.0972972972972973,False,False,0.6437215504978663,0.49333333333333335,0.494,1000,1500,0.8009660332041458,am,target_fpr,0.1358017135862913,0.20547987217153751,0.17204301075268819,0.0,native,toxicity,encoder_minilm,EXP-005-am
uk,test_oracle_unachievable,0.7426890213040267,0.0,1,0.23382519863791143,0.0,0.05,0.8608108108108108,0.7304964539007093,0.13918918918918918,0.094,0.13918918918918918,False,False,0.6437215504978663,0.49333333333333335,0.494,1000,1500,0.8009660332041458,am,target_fpr,,,0.17204301075268819,-0.061782187885223244,native,toxicity,encoder_minilm,EXP-005-am
zh,fixed_half,0.5,0.0,1,0.24101479915433402,0.0,0.11405835543766578,0.8471849865951743,0.57,0.15281501340482573,0.13333333333333333,0.15281501340482573,False,False,0.5512299016505359,0.49733333333333335,0.495,1000,1500,0.8009660332041458,am,target_fpr,,,0.14014251781472684,-0.10087228133960718,native,toxicity,encoder_minilm,EXP-005-am
zh,source_global,0.8009660332041458,0.0,1,0.12965186074429771,0.0,0.04376657824933687,0.9276139410187667,0.6206896551724138,0.07238605898123325,0.058,0.07238605898123325,False,False,0.5512299016505359,0.49733333333333335,0.495,1000,1500,0.8009660332041458,am,target_fpr,0.09649806086408733,0.16099718852875544,0.14014251781472684,0.010490657070429121,native,toxicity,encoder_minilm,EXP-005-am
zh,quantile_match,0.47764327345614765,0.0,1,0.24712041884816752,0.0,0.1206896551724138,0.8418230563002681,0.5645933014354066,0.1581769436997319,0.13933333333333334,0.1581769436997319,False,False,0.5512299016505359,0.49733333333333335,0.495,1000,1500,0.8009660332041458,am,target_fpr,,,0.14014251781472684,-0.10697790103344068,native,toxicity,encoder_minilm,EXP-005-am
zh,sld_em,0.9934781773627352,0.0,1,0.0026666666666666666,0.0,0.003978779840848806,0.9986595174262735,0.25,0.0013404825737265416,0.0026666666666666666,0.0013404825737265416,True,False,0.5512299016505359,0.49733333333333335,0.495,1000,1500,0.8009660332041458,am,target_fpr,,,0.14014251781472684,0.13747585114806016,native,toxicity,encoder_minilm,EXP-005-am
zh,bbse,0.9743639624276185,0.0,1,0.031413612565445025,0.0,0.007957559681697613,0.9839142091152815,0.6666666666666666,0.0160857908847185,0.012,0.0160857908847185,False,False,0.5512299016505359,0.49733333333333335,0.495,1000,1500,0.8009660332041458,am,target_fpr,,,0.14014251781472684,0.1087289052492818,native,toxicity,encoder_minilm,EXP-005-am
zh,few_label_8_strat,0.4328608347720743,0.2663291762948475,25,0.2919653304402996,0.14028943669545962,0.18286472148541116,0.7716353887399463,0.5730619685211019,0.2283646112600536,0.20549333333333333,0.2283646112600536,False,False,0.5512299016505359,0.49733333333333335,0.495,1000,1500,0.8009660332041458,am,target_fpr,,,0.14014251781472684,-0.15182281262557276,native,toxicity,encoder_minilm,EXP-005-am
zh,few_label_8_rand,0.4240473988828129,0.27075016782413175,25,0.2896437118132697,0.13702274353087834,0.17755968169761271,0.7771581769436997,0.5465595795416857,0.2228418230563003,0.20007999999999998,0.2228418230563003,False,False,0.5512299016505359,0.49733333333333335,0.495,1000,1500,0.8009660332041458,am,target_fpr,,,0.14014251781472684,-0.14950119399854286,native,toxicity,encoder_minilm,EXP-005-am
zh,few_label_16_strat,0.6018798757601642,0.26955839059654446,25,0.2096258685946162,0.11948918306808551,0.10503978779840847,0.8576407506702413,0.5939496527662758,0.1423592493297587,0.12359999999999999,0.1423592493297587,False,False,0.5512299016505359,0.49733333333333335,0.495,1000,1500,0.8009660332041458,am,target_fpr,,,0.14014251781472684,-0.06948335077988937,native,toxicity,encoder_minilm,EXP-005-am
zh,few_label_16_rand,0.7273800671188424,0.21990361994795887,25,0.1515921024119786,0.08990261593742556,0.0663129973474801,0.9067560321715818,0.6041972397847987,0.09324396782841823,0.07970666666666666,0.09324396782841823,False,False,0.5512299016505359,0.49733333333333335,0.495,1000,1500,0.8009660332041458,am,target_fpr,,,0.14014251781472684,-0.01144958459725176,native,toxicity,encoder_minilm,EXP-005-am
zh,few_label_32_strat,0.7709479833482011,0.20947652534895828,25,0.12571574360391544,0.09547825109654132,0.054429708222811686,0.9234852546916891,0.571237553147798,0.076514745308311,0.06541333333333334,0.076514745308311,False,False,0.5512299016505359,0.49733333333333335,0.495,1000,1500,0.8009660332041458,am,target_fpr,,,0.14014251781472684,0.0144267742108114,native,toxicity,encoder_minilm,EXP-005-am
zh,few_label_32_rand,0.6520899568745514,0.2741468501902427,25,0.1810899503650176,0.1193233776655361,0.08806366047745358,0.880857908847185,0.5708883312842779,0.11914209115281503,0.10351999999999999,0.11914209115281503,False,False,0.5512299016505359,0.49733333333333335,0.495,1000,1500,0.8009660332041458,am,target_fpr,,,0.14014251781472684,-0.04094743255029076,native,toxicity,encoder_minilm,EXP-005-am
zh,few_label_64_strat,0.8136506005570936,0.1770765496173833,25,0.11494728628930341,0.07640140577115136,0.04509283819628647,0.9324932975871314,0.6175344536733754,0.06750670241286863,0.05624,0.06750670241286863,False,False,0.5512299016505359,0.49733333333333335,0.495,1000,1500,0.8009660332041458,am,target_fpr,,,0.14014251781472684,0.025195231525423425,native,toxicity,encoder_minilm,EXP-005-am
zh,few_label_64_rand,0.7741139271753553,0.17093012066024282,25,0.1336270219416271,0.0698017870785079,0.054164456233421754,0.9211796246648793,0.6092191153545886,0.07882037533512064,0.06642666666666666,0.07882037533512064,False,False,0.5512299016505359,0.49733333333333335,0.495,1000,1500,0.8009660332041458,am,target_fpr,,,0.14014251781472684,0.006515495873099741,native,toxicity,encoder_minilm,EXP-005-am
zh,few_label_128_strat,0.7472459569435489,0.13649847451369806,25,0.14789801998728938,0.053722609921520406,0.05851458885941645,0.9134048257372653,0.604337788704354,0.08659517426273458,0.07247999999999999,0.08659517426273458,False,False,0.5512299016505359,0.49733333333333335,0.495,1000,1500,0.8009660332041458,am,target_fpr,,,0.14014251781472684,-0.007755502172562545,native,toxicity,encoder_minilm,EXP-005-am
zh,few_label_128_rand,0.8034984289494526,0.12942061710973993,25,0.12471265722347302,0.05356412266381091,0.046843501326259945,0.9284718498659517,0.6118956093354551,0.07152815013404826,0.05912,0.07152815013404826,False,False,0.5512299016505359,0.49733333333333335,0.495,1000,1500,0.8009660332041458,am,target_fpr,,,0.14014251781472684,0.015429860591253813,native,toxicity,encoder_minilm,EXP-005-am
zh,few_label_256_strat,0.8164923924336581,0.07567928386985567,25,0.1208147290576821,0.03274485680426967,0.04376657824933687,0.932225201072386,0.610395119134924,0.06777479892761396,0.05570666666666667,0.06777479892761396,False,False,0.5512299016505359,0.49733333333333335,0.495,1000,1500,0.8009660332041458,am,target_fpr,,,0.14014251781472684,0.01932778875704473,native,toxicity,encoder_minilm,EXP-005-am
zh,few_label_256_rand,0.810478341065876,0.07373748031274502,25,0.1232278585172707,0.030808222105712386,0.04482758620689656,0.9307774798927615,0.6097370332233409,0.0692225201072386,0.05696,0.0692225201072386,False,False,0.5512299016505359,0.49733333333333335,0.495,1000,1500,0.8009660332041458,am,target_fpr,,,0.14014251781472684,0.01691465929745614,native,toxicity,encoder_minilm,EXP-005-am
zh,target_full,0.77848967430566,0.0,1,0.14014251781472684,0.0,0.04907161803713528,0.920911528150134,0.6145833333333334,0.07908847184986595,0.064,0.07908847184986595,False,False,0.5512299016505359,0.49733333333333335,0.495,1000,1500,0.8009660332041458,am,target_fpr,0.1075206118463875,0.16983501850681595,0.14014251781472684,0.0,native,toxicity,encoder_minilm,EXP-005-am
zh,test_oracle_unachievable,0.7812141380121352,0.0,1,0.14030915576694408,0.0,0.04774535809018567,0.920911528150134,0.6210526315789474,0.07908847184986595,0.06333333333333334,0.07908847184986595,False,False,0.5512299016505359,0.49733333333333335,0.495,1000,1500,0.8009660332041458,am,target_fpr,,,0.14014251781472684,-0.00016663795221724675,native,toxicity,encoder_minilm,EXP-005-am
