language,strategy,threshold,threshold_sd,n_draws,f1,f1_sd,fpr,fnr,precision,recall,predicted_positive_rate,objective_value,is_degenerate,is_source,test_auroc,test_prevalence,dev_prevalence,n_dev,n_test,tau_source,source_language,objective,f1_ci_low,f1_ci_high,f1_target_full,f1_gap_to_full,prevalence_setting,fpr_budget,task,encoder,exp_id
am,fixed_half,0.5,0.0,1,0.30385015608740895,0.0,0.138268156424581,0.7960893854748603,0.5959183673469388,0.20391061452513967,0.17108938547486033,0.20391061452513967,False,False,0.5692374613776099,0.5,0.5,978,1432,0.6092213138065175,en,target_fpr,,,0.10217113665389525,-0.20167901943351368,0.500,0.05,toxicity,encoder_minilm,EXP-002
am,source_global,0.6092213138065175,0.0,1,0.2229806598407281,0.0,0.09078212290502793,0.8631284916201117,0.6012269938650306,0.13687150837988826,0.1138268156424581,0.13687150837988826,False,False,0.5692374613776099,0.5,0.5,978,1432,0.6092213138065175,en,target_fpr,0.18436998473401964,0.2616710914454277,0.10217113665389525,-0.12080952318683284,0.500,0.05,toxicity,encoder_minilm,EXP-002
am,pooled_global,0.8843230028144142,0.0,1,0.0456989247311828,0.0,0.015363128491620111,0.9762569832402235,0.6071428571428571,0.023743016759776536,0.019553072625698324,0.023743016759776536,False,False,0.5692374613776099,0.5,0.5,978,1432,0.6092213138065175,en,target_fpr,,,0.10217113665389525,0.056472211922712456,0.500,0.05,toxicity,encoder_minilm,EXP-002
am,worstcase_global,0.9706738292325466,0.0,1,0.008321775312066574,0.0,0.002793296089385475,0.9958100558659218,0.6,0.004189944134078212,0.0034916201117318434,0.004189944134078212,True,False,0.5692374613776099,0.5,0.5,978,1432,0.6092213138065175,en,target_fpr,,,0.10217113665389525,0.09384936134182868,0.500,0.05,toxicity,encoder_minilm,EXP-002
am,quantile_match,0.23698215206134565,0.0,1,0.49811320754716976,0.0,0.38966480446927376,0.5391061452513967,0.541871921182266,0.46089385474860334,0.42527932960893855,0.46089385474860334,False,False,0.5692374613776099,0.5,0.5,978,1432,0.6092213138065175,en,target_fpr,,,0.10217113665389525,-0.3959420708932745,0.500,0.05,toxicity,encoder_minilm,EXP-002
am,sld_em,0.9951769561771612,0.0,1,0.0,0.0,0.0,1.0,0.0,0.0,0.0,0.0,True,False,0.5692374613776099,0.5,0.5,978,1432,0.6092213138065175,en,target_fpr,,,0.10217113665389525,0.10217113665389525,0.500,0.05,toxicity,encoder_minilm,EXP-002
am,bbse,0.9379993099303006,0.0,1,0.030054644808743168,0.0,0.006983240223463687,0.9846368715083799,0.6875,0.015363128491620111,0.0111731843575419,0.015363128491620111,False,False,0.5692374613776099,0.5,0.5,978,1432,0.6092213138065175,en,target_fpr,,,0.10217113665389525,0.07211649184515209,0.500,0.05,toxicity,encoder_minilm,EXP-002
am,few_label_8_strat,0.5097531413495238,0.23019890511865299,25,0.29933161107093353,0.15666971589161166,0.18027932960893853,0.7667597765363128,0.5794818624863762,0.23324022346368714,0.20675977653631286,0.23324022346368714,False,False,0.5692374613776099,0.5,0.5,978,1432,0.6092213138065175,en,target_fpr,,,0.10217113665389525,-0.19716047441703827,0.500,0.05,toxicity,encoder_minilm,EXP-002
am,few_label_8_rand,0.6313850883856887,0.20442972244707078,25,0.21685295961926465,0.13978556048268775,0.11486033519553071,0.8450279329608938,0.5940424069042264,0.15497206703910615,0.13491620111731842,0.15497206703910615,False,False,0.5692374613776099,0.5,0.5,978,1432,0.6092213138065175,en,target_fpr,,,0.10217113665389525,-0.1146818229653694,0.500,0.05,toxicity,encoder_minilm,EXP-002
am,few_label_16_strat,0.6354821208718469,0.22203238326324778,25,0.21509781529294636,0.14764644591464243,0.11631284916201118,0.8456424581005585,0.5929554210599476,0.15435754189944131,0.13533519553072626,0.15435754189944131,False,False,0.5692374613776099,0.5,0.5,978,1432,0.6092213138065175,en,target_fpr,,,0.10217113665389525,-0.1129266786390511,0.500,0.05,toxicity,encoder_minilm,EXP-002
am,few_label_16_rand,0.6840499337642416,0.17204312520799178,25,0.17676451384109512,0.11010342028285387,0.0811173184357542,0.8858659217877096,0.6028858758261932,0.1141340782122905,0.09762569832402235,0.1141340782122905,False,False,0.5692374613776099,0.5,0.5,978,1432,0.6092213138065175,en,target_fpr,,,0.10217113665389525,-0.07459337718719987,0.500,0.05,toxicity,encoder_minilm,EXP-002
am,few_label_32_strat,0.7987251705712661,0.10632438834471804,25,0.10587404584087919,0.0664535220946517,0.03966480446927374,0.9393296089385474,0.6124430873359711,0.060670391061452514,0.05016759776536313,0.060670391061452514,False,False,0.5692374613776099,0.5,0.5,978,1432,0.6092213138065175,en,target_fpr,,,0.10217113665389525,-0.0037029091869839326,0.500,0.05,toxicity,encoder_minilm,EXP-002
am,few_label_32_rand,0.7815292272324619,0.11406215778521925,25,0.11553192144796809,0.07128947292780674,0.046089385474860335,0.9327932960893855,0.6043513555848876,0.06720670391061452,0.05664804469273742,0.06720670391061452,False,False,0.5692374613776099,0.5,0.5,978,1432,0.6092213138065175,en,target_fpr,,,0.10217113665389525,-0.013360784794072836,0.500,0.05,toxicity,encoder_minilm,EXP-002
am,few_label_64_strat,0.7794548108179467,0.11067305988652161,25,0.11743223105885364,0.0697613495207466,0.045865921787709506,0.9318435754189943,0.6090732623290552,0.06815642458100558,0.05701117318435754,0.06815642458100558,False,False,0.5692374613776099,0.5,0.5,978,1432,0.6092213138065175,en,target_fpr,,,0.10217113665389525,-0.015261094404958389,0.500,0.05,toxicity,encoder_minilm,EXP-002
am,few_label_64_rand,0.7987640787268504,0.11352778841991785,25,0.10631491717601685,0.07236100329619341,0.04067039106145252,0.9384357541899442,0.6089438303514801,0.06156424581005587,0.051117318435754185,0.06156424581005587,False,False,0.5692374613776099,0.5,0.5,978,1432,0.6092213138065175,en,target_fpr,,,0.10217113665389525,-0.004143780522121596,0.500,0.05,toxicity,encoder_minilm,EXP-002
am,few_label_128_strat,0.7532473976985766,0.09161891922505745,25,0.1311379858927262,0.05808179874131234,0.05212290502793297,0.9240223463687149,0.6001748148146754,0.07597765363128492,0.06405027932960893,0.07597765363128492,False,False,0.5692374613776099,0.5,0.5,978,1432,0.6092213138065175,en,target_fpr,,,0.10217113665389525,-0.028966849238830958,0.500,0.05,toxicity,encoder_minilm,EXP-002
am,few_label_128_rand,0.7891093684808694,0.07213778748776813,25,0.10938143352083925,0.0437412792460901,0.04150837988826815,0.9386033519553072,0.6053441950074913,0.06139664804469274,0.05145251396648045,0.06139664804469274,False,False,0.5692374613776099,0.5,0.5,978,1432,0.6092213138065175,en,target_fpr,,,0.10217113665389525,-0.007210296866943994,0.500,0.05,toxicity,encoder_minilm,EXP-002
am,few_label_256_strat,0.7929076507337978,0.05160926109892845,25,0.10703033851543277,0.03085401784844524,0.039385474860335196,0.9406703910614526,0.6066760628496202,0.05932960893854748,0.049357541899441346,0.05932960893854748,False,False,0.5692374613776099,0.5,0.5,978,1432,0.6092213138065175,en,target_fpr,,,0.10217113665389525,-0.004859201861537515,0.500,0.05,toxicity,encoder_minilm,EXP-002
am,few_label_256_rand,0.7862599429739363,0.05077538014561252,25,0.11113979638373943,0.030748785687526998,0.041396648044692744,0.9381564245810057,0.6039705798701207,0.06184357541899441,0.05162011173184356,0.06184357541899441,False,False,0.5692374613776099,0.5,0.5,978,1432,0.6092213138065175,en,target_fpr,,,0.10217113665389525,-0.008968659729844175,0.500,0.05,toxicity,encoder_minilm,EXP-002
am,target_full,0.796865772303853,0.0,1,0.10217113665389525,0.0,0.03770949720670391,0.9441340782122905,0.5970149253731343,0.055865921787709494,0.0467877094972067,0.055865921787709494,False,False,0.5692374613776099,0.5,0.5,978,1432,0.6092213138065175,en,target_fpr,0.07514654299771652,0.13060904979227633,0.10217113665389525,0.0,0.500,0.05,toxicity,encoder_minilm,EXP-002
am,test_oracle_unachievable,0.7630829674168557,0.0,1,0.12734082397003746,0.0,0.04748603351955307,0.9287709497206704,0.6,0.0712290502793296,0.05935754189944134,0.0712290502793296,False,False,0.5692374613776099,0.5,0.5,978,1432,0.6092213138065175,en,target_fpr,,,0.10217113665389525,-0.025169687316142206,0.500,0.05,toxicity,encoder_minilm,EXP-002
ar,fixed_half,0.5,0.0,1,0.44905008635578586,0.0,0.20053475935828877,0.6524064171122995,0.6341463414634146,0.34759358288770054,0.27406417112299464,0.34759358288770054,False,False,0.6359954531156167,0.5,0.5,994,1496,0.6092213138065175,en,target_fpr,,,0.21995464852607707,-0.2290954378297088,0.500,0.05,toxicity,encoder_minilm,EXP-002
ar,source_global,0.6092213138065175,0.0,1,0.38193791157102536,0.0,0.1497326203208556,0.7286096256684492,0.6444444444444445,0.2713903743315508,0.21056149732620322,0.2713903743315508,False,False,0.6359954531156167,0.5,0.5,994,1496,0.6092213138065175,en,target_fpr,0.3432107360637634,0.42155351117973355,0.21995464852607707,-0.16198326304494828,0.500,0.05,toxicity,encoder_minilm,EXP-002
ar,pooled_global,0.8819580878724298,0.0,1,0.2053056516724337,0.0,0.040106951871657755,0.8810160427807486,0.7478991596638656,0.11898395721925134,0.07954545454545454,0.11898395721925134,False,False,0.6359954531156167,0.5,0.5,994,1496,0.6092213138065175,en,target_fpr,,,0.21995464852607707,0.014648996853643376,0.500,0.05,toxicity,encoder_minilm,EXP-002
ar,worstcase_global,0.9706738292325466,0.0,1,0.06887755102040816,0.0,0.012032085561497326,0.963903743315508,0.75,0.03609625668449198,0.02406417112299465,0.03609625668449198,False,False,0.6359954531156167,0.5,0.5,994,1496,0.6092213138065175,en,target_fpr,,,0.21995464852607707,0.15107709750566892,0.500,0.05,toxicity,encoder_minilm,EXP-002
ar,quantile_match,0.2658510610818434,0.0,1,0.5781792911744267,0.0,0.36764705882352944,0.44385026737967914,0.6020260492040521,0.5561497326203209,0.46189839572192515,0.5561497326203209,False,False,0.6359954531156167,0.5,0.5,994,1496,0.6092213138065175,en,target_fpr,,,0.21995464852607707,-0.35822464264834963,0.500,0.05,toxicity,encoder_minilm,EXP-002
ar,sld_em,0.8882471370069611,0.0,1,0.20554272517321018,0.0,0.03877005347593583,0.8810160427807486,0.7542372881355932,0.11898395721925134,0.07887700534759358,0.11898395721925134,False,False,0.6359954531156167,0.5,0.5,994,1496,0.6092213138065175,en,target_fpr,,,0.21995464852607707,0.014411923352866896,0.500,0.05,toxicity,encoder_minilm,EXP-002
ar,bbse,0.8527408775450629,0.0,1,0.2388392857142857,0.0,0.05481283422459893,0.856951871657754,0.722972972972973,0.14304812834224598,0.09893048128342247,0.14304812834224598,False,False,0.6359954531156167,0.5,0.5,994,1496,0.6092213138065175,en,target_fpr,,,0.21995464852607707,-0.018884637188208625,0.500,0.05,toxicity,encoder_minilm,EXP-002
ar,few_label_8_strat,0.6557844877719387,0.2427565069950989,25,0.33202454119678804,0.173764421769135,0.14631016042780748,0.7426737967914437,0.6691799968399621,0.25732620320855615,0.20181818181818179,0.25732620320855615,False,False,0.6359954531156167,0.5,0.5,994,1496,0.6092213138065175,en,target_fpr,,,0.21995464852607707,-0.11206989267071096,0.500,0.05,toxicity,encoder_minilm,EXP-002
ar,few_label_8_rand,0.636360397325826,0.27735008058783667,25,0.34778933593697253,0.18263907747534466,0.1737967914438503,0.712245989304813,0.6729737236758432,0.28775401069518713,0.23077540106951872,0.28775401069518713,False,False,0.6359954531156167,0.5,0.5,994,1496,0.6092213138065175,en,target_fpr,,,0.21995464852607707,-0.12783468741089546,0.500,0.05,toxicity,encoder_minilm,EXP-002
ar,few_label_16_strat,0.8066698859609828,0.14134938871809619,25,0.24236942770475545,0.11049154656122763,0.07315508021390375,0.8429411764705883,0.7077337845858215,0.15705882352941175,0.11510695187165775,0.15705882352941175,False,False,0.6359954531156167,0.5,0.5,994,1496,0.6092213138065175,en,target_fpr,,,0.21995464852607707,-0.022414779178678373,0.500,0.05,toxicity,encoder_minilm,EXP-002
ar,few_label_16_rand,0.7031929354655095,0.2187942098245649,25,0.31551979379117395,0.1401299620723972,0.12433155080213903,0.7683422459893048,0.6860865333558902,0.23165775401069516,0.17799465240641713,0.23165775401069516,False,False,0.6359954531156167,0.5,0.5,994,1496,0.6092213138065175,en,target_fpr,,,0.21995464852607707,-0.09556514526509688,0.500,0.05,toxicity,encoder_minilm,EXP-002
ar,few_label_32_strat,0.8611776184426057,0.14015993149316824,25,0.1908450606853114,0.1164514957166925,0.052834224598930474,0.8793582887700535,0.723850437452899,0.12064171122994653,0.0867379679144385,0.12064171122994653,False,False,0.6359954531156167,0.5,0.5,994,1496,0.6092213138065175,en,target_fpr,,,0.21995464852607707,0.02910958784076567,0.500,0.05,toxicity,encoder_minilm,EXP-002
ar,few_label_32_rand,0.8653486737049191,0.10140991663425175,25,0.19891042236749637,0.09173936701991799,0.05032085561497326,0.8786631016042782,0.7247704799221181,0.12133689839572191,0.08582887700534758,0.12133689839572191,False,False,0.6359954531156167,0.5,0.5,994,1496,0.6092213138065175,en,target_fpr,,,0.21995464852607707,0.021044226158580703,0.500,0.05,toxicity,encoder_minilm,EXP-002
ar,few_label_64_strat,0.8305179458442653,0.10304785866870651,25,0.2337275136328791,0.0841150713570749,0.06294117647058824,0.8544385026737967,0.7159349131060562,0.14556149732620322,0.1042513368983957,0.14556149732620322,False,False,0.6359954531156167,0.5,0.5,994,1496,0.6092213138065175,en,target_fpr,,,0.21995464852607707,-0.013772865106802035,0.500,0.05,toxicity,encoder_minilm,EXP-002
ar,few_label_64_rand,0.8803548991901465,0.0916920907421656,25,0.18577936685058913,0.0894738337160842,0.04363636363636363,0.8883957219251336,0.7307279940595643,0.11160427807486632,0.07762032085561497,0.11160427807486632,False,False,0.6359954531156167,0.5,0.5,994,1496,0.6092213138065175,en,target_fpr,,,0.21995464852607707,0.034175281675487945,0.500,0.05,toxicity,encoder_minilm,EXP-002
ar,few_label_128_strat,0.8560379432943388,0.04469054624150336,25,0.22509554696244183,0.0411278757379809,0.05181818181818182,0.8655080213903744,0.7288461004307274,0.1344919786096257,0.09315508021390373,0.1344919786096257,False,False,0.6359954531156167,0.5,0.5,994,1496,0.6092213138065175,en,target_fpr,,,0.21995464852607707,-0.005140898436364755,0.500,0.05,toxicity,encoder_minilm,EXP-002
ar,few_label_128_rand,0.842949797607844,0.07873518029805752,25,0.22982180404423114,0.06649729413474319,0.05786096256684491,0.8596791443850268,0.7213666806595096,0.14032085561497326,0.0990909090909091,0.14032085561497326,False,False,0.6359954531156167,0.5,0.5,994,1496,0.6092213138065175,en,target_fpr,,,0.21995464852607707,-0.009867155518154064,0.500,0.05,toxicity,encoder_minilm,EXP-002
ar,few_label_256_strat,0.836372795070396,0.03977998941644676,25,0.24590774962990491,0.03077199833043969,0.05994652406417112,0.8506951871657753,0.7182325877441733,0.1493048128342246,0.10462566844919785,0.1493048128342246,False,False,0.6359954531156167,0.5,0.5,994,1496,0.6092213138065175,en,target_fpr,,,0.21995464852607707,-0.02595310110382784,0.500,0.05,toxicity,encoder_minilm,EXP-002
ar,few_label_256_rand,0.8499511174830795,0.03379263583970426,25,0.2343178370238237,0.029323121989065677,0.054491978609625666,0.8594652406417111,0.7247082919976474,0.14053475935828877,0.09751336898395721,0.14053475935828877,False,False,0.6359954531156167,0.5,0.5,994,1496,0.6092213138065175,en,target_fpr,,,0.21995464852607707,-0.01436318849774662,0.500,0.05,toxicity,encoder_minilm,EXP-002
ar,target_full,0.8700044310202599,0.0,1,0.21995464852607707,0.0,0.04946524064171123,0.8703208556149733,0.7238805970149254,0.12967914438502673,0.08957219251336898,0.12967914438502673,False,False,0.6359954531156167,0.5,0.5,994,1496,0.6092213138065175,en,target_fpr,0.18261953437917222,0.2555188920418232,0.21995464852607707,0.0,0.500,0.05,toxicity,encoder_minilm,EXP-002
ar,test_oracle_unachievable,0.8661853460466133,0.0,1,0.2239819004524887,0.0,0.04946524064171123,0.8676470588235294,0.7279411764705882,0.1323529411764706,0.09090909090909091,0.1323529411764706,False,False,0.6359954531156167,0.5,0.5,994,1496,0.6092213138065175,en,target_fpr,,,0.21995464852607707,-0.0040272519264116236,0.500,0.05,toxicity,encoder_minilm,EXP-002
de,fixed_half,0.5,0.0,1,0.7392739273927392,0.0,0.2767379679144385,0.25133689839572193,0.7301173402868318,0.7486631016042781,0.5127005347593583,0.7486631016042781,False,False,0.8156241957162058,0.5,0.5,984,1496,0.6092213138065175,en,target_fpr,,,0.4528301886792453,-0.28644373871349393,0.500,0.05,toxicity,encoder_minilm,EXP-002
de,source_global,0.6092213138065175,0.0,1,0.7052860246198407,0.0,0.19518716577540107,0.34893048128342247,0.7693522906793049,0.6510695187165776,0.42312834224598933,0.6510695187165776,False,False,0.8156241957162058,0.5,0.5,984,1496,0.6092213138065175,en,target_fpr,0.6768976611984013,0.7324790422197502,0.4528301886792453,-0.2524558359405954,0.500,0.05,toxicity,encoder_minilm,EXP-002
de,pooled_global,0.8819232194561454,0.0,1,0.40576725025746657,0.0,0.034759358288770054,0.7366310160427807,0.8834080717488789,0.26336898395721925,0.14906417112299467,0.26336898395721925,False,False,0.8156241957162058,0.5,0.5,984,1496,0.6092213138065175,en,target_fpr,,,0.4528301886792453,0.04706293842177872,0.500,0.05,toxicity,encoder_minilm,EXP-002
de,worstcase_global,0.9706738292325466,0.0,1,0.1008827238335435,0.0,0.0066844919786096255,0.946524064171123,0.8888888888888888,0.053475935828877004,0.030080213903743314,0.053475935828877004,False,False,0.8156241957162058,0.5,0.5,984,1496,0.6092213138065175,en,target_fpr,,,0.4528301886792453,0.3519474648457018,0.500,0.05,toxicity,encoder_minilm,EXP-002
de,quantile_match,0.532889918531486,0.0,1,0.7299864314789688,0.0,0.25133689839572193,0.2807486631016043,0.7410468319559229,0.7192513368983957,0.4852941176470588,0.7192513368983957,False,False,0.8156241957162058,0.5,0.5,984,1496,0.6092213138065175,en,target_fpr,,,0.4528301886792453,-0.2771562427997235,0.500,0.05,toxicity,encoder_minilm,EXP-002
de,sld_em,0.6145455073545061,0.0,1,0.7007299270072993,0.0,0.18983957219251338,0.3582887700534759,0.7717041800643086,0.6417112299465241,0.4157754010695187,0.6417112299465241,False,False,0.8156241957162058,0.5,0.5,984,1496,0.6092213138065175,en,target_fpr,,,0.4528301886792453,-0.247899738328054,0.500,0.05,toxicity,encoder_minilm,EXP-002
de,bbse,0.6738292375760842,0.0,1,0.6677091477716967,0.0,0.13903743315508021,0.42914438502673796,0.8041431261770244,0.570855614973262,0.3549465240641711,0.570855614973262,False,False,0.8156241957162058,0.5,0.5,984,1496,0.6092213138065175,en,target_fpr,,,0.4528301886792453,-0.21487895909245136,0.500,0.05,toxicity,encoder_minilm,EXP-002
de,few_label_8_strat,0.7116072025236849,0.1609716571070631,25,0.5806899633926278,0.14295278757418894,0.13641711229946524,0.5071657754010696,0.8126508141537384,0.49283422459893045,0.3146256684491979,0.49283422459893045,False,False,0.8156241957162058,0.5,0.5,984,1496,0.6092213138065175,en,target_fpr,,,0.4528301886792453,-0.1278597747133825,0.500,0.05,toxicity,encoder_minilm,EXP-002
de,few_label_8_rand,0.6501290447477163,0.19786280695123068,25,0.6082331341770228,0.16021719405829762,0.18278074866310162,0.44593582887700534,0.7877368886103223,0.5540641711229946,0.3684224598930481,0.5540641711229946,False,False,0.8156241957162058,0.5,0.5,984,1496,0.6092213138065175,en,target_fpr,,,0.4528301886792453,-0.15540294549777756,0.500,0.05,toxicity,encoder_minilm,EXP-002
de,few_label_16_strat,0.7810862852639034,0.1144074283461223,25,0.5240910211332324,0.1382435621329973,0.0937433155080214,0.5914973262032085,0.8332860498196216,0.40850267379679145,0.2511229946524064,0.40850267379679145,False,False,0.8156241957162058,0.5,0.5,984,1496,0.6092213138065175,en,target_fpr,,,0.4528301886792453,-0.07126083245398707,0.500,0.05,toxicity,encoder_minilm,EXP-002
de,few_label_16_rand,0.8025819437606755,0.14281493142487403,25,0.47286931228243423,0.16625945193607736,0.08379679144385026,0.6354545454545455,0.8482681879782463,0.3645454545454545,0.22417112299465242,0.3645454545454545,False,False,0.8156241957162058,0.5,0.5,984,1496,0.6092213138065175,en,target_fpr,,,0.4528301886792453,-0.020039123603188935,0.500,0.05,toxicity,encoder_minilm,EXP-002
de,few_label_32_strat,0.8490633855447653,0.09262651344312524,25,0.4164110990240324,0.17619453394302453,0.05609625668449199,0.7005347593582889,0.8432332677133816,0.29946524064171126,0.17778074866310165,0.29946524064171126,False,False,0.8156241957162058,0.5,0.5,984,1496,0.6092213138065175,en,target_fpr,,,0.4528301886792453,0.0364190896552129,0.500,0.05,toxicity,encoder_minilm,EXP-002
de,few_label_32_rand,0.8513630106123645,0.08091129018286737,25,0.41865037310056985,0.15292772799480966,0.056042780748663104,0.7031550802139037,0.8592555123164307,0.29684491978609623,0.17644385026737971,0.29684491978609623,False,False,0.8156241957162058,0.5,0.5,984,1496,0.6092213138065175,en,target_fpr,,,0.4528301886792453,0.03417981557867544,0.500,0.05,toxicity,encoder_minilm,EXP-002
de,few_label_64_strat,0.867059775539079,0.039628729240932345,25,0.4229991410042645,0.0790436126034702,0.04283422459893048,0.7157219251336899,0.8738980259727037,0.2842780748663102,0.16355614973262037,0.2842780748663102,False,False,0.8156241957162058,0.5,0.5,984,1496,0.6092213138065175,en,target_fpr,,,0.4528301886792453,0.029831047674980793,0.500,0.05,toxicity,encoder_minilm,EXP-002
de,few_label_64_rand,0.8498042970551765,0.05836957732405067,25,0.4460741360547946,0.10675210628423173,0.05336898395721925,0.6888235294117646,0.8626270990811296,0.3111764705882353,0.1822727272727273,0.3111764705882353,False,False,0.8156241957162058,0.5,0.5,984,1496,0.6092213138065175,en,target_fpr,,,0.4528301886792453,0.00675605262445067,0.500,0.05,toxicity,encoder_minilm,EXP-002
de,few_label_128_strat,0.8310902395841913,0.046575016874612886,25,0.48852343974985396,0.07115549594933689,0.06080213903743315,0.6524598930481283,0.8575404250984182,0.3475401069518716,0.20417112299465245,0.3475401069518716,False,False,0.8156241957162058,0.5,0.5,984,1496,0.6092213138065175,en,target_fpr,,,0.4528301886792453,-0.03569325107060867,0.500,0.05,toxicity,encoder_minilm,EXP-002
de,few_label_128_rand,0.8206849639262238,0.04028203368909998,25,0.5052552659313989,0.0699607878683683,0.06786096256684493,0.6349197860962568,0.8479086261413673,0.36508021390374323,0.21647058823529414,0.36508021390374323,False,False,0.8156241957162058,0.5,0.5,984,1496,0.6092213138065175,en,target_fpr,,,0.4528301886792453,-0.05242507725215362,0.500,0.05,toxicity,encoder_minilm,EXP-002
de,few_label_256_strat,0.8470523969165654,0.031038702663907677,25,0.4692337418863364,0.0534272404196151,0.051016042780748665,0.6754010695187166,0.8677733939106868,0.3245989304812834,0.18780748663101604,0.3245989304812834,False,False,0.8156241957162058,0.5,0.5,984,1496,0.6092213138065175,en,target_fpr,,,0.4528301886792453,-0.01640355320709108,0.500,0.05,toxicity,encoder_minilm,EXP-002
de,few_label_256_rand,0.8556111473706874,0.026904892914665628,25,0.4547554268812845,0.052325722735625156,0.04668449197860962,0.6898395721925135,0.8719477147831719,0.31016042780748665,0.17842245989304814,0.31016042780748665,False,False,0.8156241957162058,0.5,0.5,984,1496,0.6092213138065175,en,target_fpr,,,0.4528301886792453,-0.0019252382020392145,0.500,0.05,toxicity,encoder_minilm,EXP-002
de,target_full,0.8595435064412243,0.0,1,0.4528301886792453,0.0,0.04144385026737968,0.6951871657754011,0.8803088803088803,0.3048128342245989,0.1731283422459893,0.3048128342245989,False,False,0.8156241957162058,0.5,0.5,984,1496,0.6092213138065175,en,target_fpr,0.4149202090985446,0.4881928943452381,0.4528301886792453,0.0,0.500,0.05,toxicity,encoder_minilm,EXP-002
de,test_oracle_unachievable,0.8370541949720487,0.0,1,0.4947267497603068,0.0,0.04946524064171123,0.6550802139037433,0.8745762711864407,0.3449197860962567,0.19719251336898397,0.3449197860962567,False,False,0.8156241957162058,0.5,0.5,984,1496,0.6092213138065175,en,target_fpr,,,0.4528301886792453,-0.04189656108106149,0.500,0.05,toxicity,encoder_minilm,EXP-002
en,fixed_half,0.5,0.0,1,0.9507089804186359,0.0,0.048582995951417005,0.04993252361673414,0.9513513513513514,0.9500674763832658,0.4993252361673414,0.9500674763832658,False,True,0.9898448498491115,0.5,0.5,956,1482,0.6092213138065175,en,target_fpr,,,0.943526170798898,-0.00718280961973794,0.500,0.05,toxicity,encoder_minilm,EXP-002
en,source_global,0.6092213138065175,0.0,1,0.943526170798898,0.0,0.03508771929824561,0.07557354925775979,0.9634317862165963,0.9244264507422402,0.4797570850202429,0.9244264507422402,False,True,0.9898448498491115,0.5,0.5,956,1482,0.6092213138065175,en,target_fpr,0.9308073759586505,0.9553822866798084,0.943526170798898,0.0,0.500,0.05,toxicity,encoder_minilm,EXP-002
en,pooled_global,0.8852296962938702,0.0,1,0.8375,0.0,0.004048582995951417,0.2766531713900135,0.9944341372912802,0.7233468286099866,0.36369770580296895,0.7233468286099866,False,True,0.9898448498491115,0.5,0.5,956,1482,0.6092213138065175,en,target_fpr,,,0.943526170798898,0.10602617079889798,0.500,0.05,toxicity,encoder_minilm,EXP-002
en,worstcase_global,0.9706738292325466,0.0,1,0.5960264900662251,0.0,0.001349527665317139,0.5748987854251012,0.9968354430379747,0.4251012145748988,0.21322537112010798,0.4251012145748988,False,True,0.9898448498491115,0.5,0.5,956,1482,0.6092213138065175,en,target_fpr,,,0.943526170798898,0.3474996807326729,0.500,0.05,toxicity,encoder_minilm,EXP-002
en,quantile_match,0.6091340290792295,0.0,1,0.943526170798898,0.0,0.03508771929824561,0.07557354925775979,0.9634317862165963,0.9244264507422402,0.4797570850202429,0.9244264507422402,False,True,0.9898448498491115,0.5,0.5,956,1482,0.6092213138065175,en,target_fpr,,,0.943526170798898,0.0,0.500,0.05,toxicity,encoder_minilm,EXP-002
en,sld_em,0.6092213138065175,0.0,1,0.943526170798898,0.0,0.03508771929824561,0.07557354925775979,0.9634317862165963,0.9244264507422402,0.4797570850202429,0.9244264507422402,False,True,0.9898448498491115,0.5,0.5,956,1482,0.6092213138065175,en,target_fpr,,,0.943526170798898,0.0,0.500,0.05,toxicity,encoder_minilm,EXP-002
en,bbse,0.6092213138065175,0.0,1,0.943526170798898,0.0,0.03508771929824561,0.07557354925775979,0.9634317862165963,0.9244264507422402,0.4797570850202429,0.9244264507422402,False,True,0.9898448498491115,0.5,0.5,956,1482,0.6092213138065175,en,target_fpr,,,0.943526170798898,0.0,0.500,0.05,toxicity,encoder_minilm,EXP-002
en,few_label_8_strat,0.5414367276962174,0.2011433804754857,25,0.9202534124860641,0.05504817000069035,0.0620782726045884,0.09020242914979755,0.942315863872023,0.9097975708502024,0.48593792172739547,0.9097975708502024,False,True,0.9898448498491115,0.5,0.5,956,1482,0.6092213138065175,en,target_fpr,,,0.943526170798898,0.02327275831283393,0.500,0.05,toxicity,encoder_minilm,EXP-002
en,few_label_8_rand,0.5521512747207379,0.2110035645849439,25,0.9207036741696832,0.03955468351318595,0.063859649122807,0.09085020242914979,0.9421295839850766,0.9091497975708502,0.4865047233468286,0.9091497975708502,False,True,0.9898448498491115,0.5,0.5,956,1482,0.6092213138065175,en,target_fpr,,,0.943526170798898,0.02282249662921476,0.500,0.05,toxicity,encoder_minilm,EXP-002
en,few_label_16_strat,0.5842273449971735,0.2229311704013856,25,0.9108026031211429,0.055934222091177814,0.05295546558704453,0.11314439946018894,0.9497335747805755,0.886855600539811,0.4699055330634278,0.886855600539811,False,True,0.9898448498491115,0.5,0.5,956,1482,0.6092213138065175,en,target_fpr,,,0.943526170798898,0.03272356767775508,0.500,0.05,toxicity,encoder_minilm,EXP-002
en,few_label_16_rand,0.5088400050471047,0.18831021086227193,25,0.9279844035725232,0.04549215694812126,0.061538461538461535,0.07659919028340081,0.9411075660380653,0.9234008097165991,0.4924696356275303,0.9234008097165991,False,True,0.9898448498491115,0.5,0.5,956,1482,0.6092213138065175,en,target_fpr,,,0.943526170798898,0.015541767226374792,0.500,0.05,toxicity,encoder_minilm,EXP-002
en,few_label_32_strat,0.674838630498068,0.2085157067429413,25,0.8972825348053319,0.052617511360602394,0.036113360323886644,0.15087719298245614,0.9646182650255155,0.849122807017544,0.4426180836707153,0.849122807017544,False,True,0.9898448498491115,0.5,0.5,956,1482,0.6092213138065175,en,target_fpr,,,0.943526170798898,0.04624363599356607,0.500,0.05,toxicity,encoder_minilm,EXP-002
en,few_label_32_rand,0.6308151645745729,0.17879488590378173,25,0.9182129963900431,0.04483418232460942,0.04043184885290148,0.11282051282051282,0.9597559759763802,0.8871794871794871,0.4638056680161944,0.8871794871794871,False,True,0.9898448498491115,0.5,0.5,956,1482,0.6092213138065175,en,target_fpr,,,0.943526170798898,0.025313174408854944,0.500,0.05,toxicity,encoder_minilm,EXP-002
en,few_label_64_strat,0.5786613992450914,0.1786101089450717,25,0.9283914905144717,0.029199214661105036,0.04609986504723346,0.09128205128205127,0.9545885369215735,0.9087179487179486,0.4774089068825911,0.9087179487179486,False,True,0.9898448498491115,0.5,0.5,956,1482,0.6092213138065175,en,target_fpr,,,0.943526170798898,0.015134680284426327,0.500,0.05,toxicity,encoder_minilm,EXP-002
en,few_label_64_rand,0.5766702053817193,0.14173869825920468,25,0.9339494280835041,0.028660917042133586,0.04269905533063428,0.08437246963562753,0.9570280898330674,0.9156275303643723,0.4791632928475033,0.9156275303643723,False,True,0.9898448498491115,0.5,0.5,956,1482,0.6092213138065175,en,target_fpr,,,0.943526170798898,0.009576742715393882,0.500,0.05,toxicity,encoder_minilm,EXP-002
en,few_label_128_strat,0.5930337146077782,0.14419559426283246,25,0.9341174845007975,0.017744618134729787,0.04242914979757085,0.08545209176788124,0.9573782106792806,0.9145479082321188,0.4784885290148448,0.9145479082321188,False,True,0.9898448498491115,0.5,0.5,956,1482,0.6092213138065175,en,target_fpr,,,0.943526170798898,0.009408686298100544,0.500,0.05,toxicity,encoder_minilm,EXP-002
en,few_label_128_rand,0.6442229392423896,0.12075373509108368,25,0.9304207332002048,0.018190863710022095,0.032388663967611336,0.10089068825910932,0.9662995645668506,0.8991093117408907,0.465748987854251,0.8991093117408907,False,True,0.9898448498491115,0.5,0.5,956,1482,0.6092213138065175,en,target_fpr,,,0.943526170798898,0.013105437598693204,0.500,0.05,toxicity,encoder_minilm,EXP-002
en,few_label_256_strat,0.584105265928667,0.10819985882197285,25,0.9399247751481167,0.013650148830840236,0.04005398110661268,0.07719298245614035,0.9591090677823108,0.9228070175438594,0.4814304993252362,0.9228070175438594,False,True,0.9898448498491115,0.5,0.5,956,1482,0.6092213138065175,en,target_fpr,,,0.943526170798898,0.003601395650781325,0.500,0.05,toxicity,encoder_minilm,EXP-002
en,few_label_256_rand,0.6088154711052391,0.08895956410152145,25,0.9380442752420941,0.009707898779904151,0.037408906882591096,0.08329284750337383,0.9612823522745875,0.9167071524966262,0.4770580296896087,0.9167071524966262,False,True,0.9898448498491115,0.5,0.5,956,1482,0.6092213138065175,en,target_fpr,,,0.943526170798898,0.005481895556803895,0.500,0.05,toxicity,encoder_minilm,EXP-002
en,target_full,0.6092213138065175,0.0,1,0.943526170798898,0.0,0.03508771929824561,0.07557354925775979,0.9634317862165963,0.9244264507422402,0.4797570850202429,0.9244264507422402,False,True,0.9898448498491115,0.5,0.5,956,1482,0.6092213138065175,en,target_fpr,0.9321501956173527,0.9541060236768802,0.943526170798898,0.0,0.500,0.05,toxicity,encoder_minilm,EXP-002
en,test_oracle_unachievable,0.5002301918293283,0.0,1,0.9507089804186359,0.0,0.048582995951417005,0.04993252361673414,0.9513513513513514,0.9500674763832658,0.4993252361673414,0.9500674763832658,False,True,0.9898448498491115,0.5,0.5,956,1482,0.6092213138065175,en,target_fpr,,,0.943526170798898,-0.00718280961973794,0.500,0.05,toxicity,encoder_minilm,EXP-002
es,fixed_half,0.5,0.0,1,0.7294649585531273,0.0,0.19236209335219237,0.31541725601131543,0.7806451612903226,0.6845827439886846,0.43847241867043846,0.6845827439886846,False,False,0.8425344454025115,0.5,0.5,976,1414,0.6092213138065175,en,target_fpr,,,0.5845272206303725,-0.14493773792275477,0.500,0.05,toxicity,encoder_minilm,EXP-002
es,source_global,0.6092213138065175,0.0,1,0.6874487284659556,0.0,0.13154172560113153,0.4073550212164074,0.818359375,0.5926449787835927,0.3620933521923621,0.5926449787835927,False,False,0.8425344454025115,0.5,0.5,976,1414,0.6092213138065175,en,target_fpr,0.6599127586430564,0.7144599229368677,0.5845272206303725,-0.10292150783558307,0.500,0.05,toxicity,encoder_minilm,EXP-002
es,pooled_global,0.8841356491553053,0.0,1,0.45444801714898175,0.0,0.019801980198019802,0.7001414427157001,0.9380530973451328,0.29985855728429983,0.15983026874115983,0.29985855728429983,False,False,0.8425344454025115,0.5,0.5,976,1414,0.6092213138065175,en,target_fpr,,,0.5845272206303725,0.1300792034813908,0.500,0.05,toxicity,encoder_minilm,EXP-002
es,worstcase_global,0.9706738292325466,0.0,1,0.20558375634517764,0.0,0.0,0.8854314002828855,1.0,0.11456859971711457,0.057284299858557285,0.11456859971711457,False,False,0.8425344454025115,0.5,0.5,976,1414,0.6092213138065175,en,target_fpr,,,0.5845272206303725,0.3789434642851949,0.500,0.05,toxicity,encoder_minilm,EXP-002
es,quantile_match,0.4331428945356954,0.0,1,0.7492753623188405,0.0,0.22065063649222066,0.26874115983026875,0.7682020802377415,0.7312588401697313,0.47595473833097596,0.7312588401697313,False,False,0.8425344454025115,0.5,0.5,976,1414,0.6092213138065175,en,target_fpr,,,0.5845272206303725,-0.16474814168846796,0.500,0.05,toxicity,encoder_minilm,EXP-002
es,sld_em,0.7365436923120997,0.0,1,0.6111619396157364,0.0,0.07355021216407355,0.5275813295615276,0.8652849740932642,0.4724186704384724,0.272984441301273,0.4724186704384724,False,False,0.8425344454025115,0.5,0.5,976,1414,0.6092213138065175,en,target_fpr,,,0.5845272206303725,-0.026634718985363848,0.500,0.05,toxicity,encoder_minilm,EXP-002
es,bbse,0.7483489935095682,0.0,1,0.6009302325581395,0.0,0.06364922206506365,0.5431400282885431,0.8777173913043478,0.45685997171145687,0.26025459688826025,0.45685997171145687,False,False,0.8425344454025115,0.5,0.5,976,1414,0.6092213138065175,en,target_fpr,,,0.5845272206303725,-0.01640301192776694,0.500,0.05,toxicity,encoder_minilm,EXP-002
es,few_label_8_strat,0.5431785097217426,0.21775386899849505,25,0.6681917022166749,0.13703469259591217,0.180990099009901,0.37844413012729844,0.8077999545265386,0.6215558698727016,0.4012729844413013,0.6215558698727016,False,False,0.8425344454025115,0.5,0.5,976,1414,0.6092213138065175,en,target_fpr,,,0.5845272206303725,-0.08366448158630235,0.500,0.05,toxicity,encoder_minilm,EXP-002
es,few_label_8_rand,0.6665162513397456,0.24087410246677715,25,0.5703486891818847,0.20574568597666096,0.12803394625176803,0.5033097595473833,0.8522354805313924,0.49669024045261667,0.31236209335219234,0.49669024045261667,False,False,0.8425344454025115,0.5,0.5,976,1414,0.6092213138065175,en,target_fpr,,,0.5845272206303725,0.014178531448487797,0.500,0.05,toxicity,encoder_minilm,EXP-002
es,few_label_16_strat,0.7147431493711105,0.16178228899073327,25,0.5735680451774222,0.17436845506557686,0.08967468175388969,0.5331824611032531,0.8697074203651174,0.4668175388967469,0.27824611032531826,0.4668175388967469,False,False,0.8425344454025115,0.5,0.5,976,1414,0.6092213138065175,en,target_fpr,,,0.5845272206303725,0.010959175452950332,0.500,0.05,toxicity,encoder_minilm,EXP-002
es,few_label_16_rand,0.6873900500838116,0.17677111656725836,25,0.5889252295254868,0.1804071070341418,0.10404526166902403,0.5067043847241868,0.8589424758013009,0.4932956152758133,0.29867043847241864,0.4932956152758133,False,False,0.8425344454025115,0.5,0.5,976,1414,0.6092213138065175,en,target_fpr,,,0.5845272206303725,-0.004398008895114214,0.500,0.05,toxicity,encoder_minilm,EXP-002
es,few_label_32_strat,0.7532418388493956,0.1784245338814836,25,0.5126723488293389,0.21663408858562627,0.07971711456859971,0.5867609618104668,0.8865188758760771,0.41323903818953317,0.2464780763790664,0.41323903818953317,False,False,0.8425344454025115,0.5,0.5,976,1414,0.6092213138065175,en,target_fpr,,,0.5845272206303725,0.07185487180103367,0.500,0.05,toxicity,encoder_minilm,EXP-002
es,few_label_32_rand,0.7621198632240395,0.1635150635013715,25,0.5356251138331289,0.1623819631118981,0.0712871287128713,0.5814427157001414,0.8904249827579852,0.4185572842998586,0.2449222065063649,0.4185572842998586,False,False,0.8425344454025115,0.5,0.5,976,1414,0.6092213138065175,en,target_fpr,,,0.5845272206303725,0.048902106797243605,0.500,0.05,toxicity,encoder_minilm,EXP-002
es,few_label_64_strat,0.7593456373786123,0.12682241484408252,25,0.5643268009877254,0.11844068414972513,0.06998585572842998,0.5637906647807638,0.8834521038644438,0.43620933521923627,0.2530975954738331,0.43620933521923627,False,False,0.8425344454025115,0.5,0.5,976,1414,0.6092213138065175,en,target_fpr,,,0.5845272206303725,0.020200419642647183,0.500,0.05,toxicity,encoder_minilm,EXP-002
es,few_label_64_rand,0.7608646007070499,0.12840670715888503,25,0.5568517556790954,0.12966741137384785,0.06681753889674681,0.5713154172560113,0.8882562490767444,0.4286845827439887,0.24775106082036774,0.4286845827439887,False,False,0.8425344454025115,0.5,0.5,976,1414,0.6092213138065175,en,target_fpr,,,0.5845272206303725,0.02767546495127715,0.500,0.05,toxicity,encoder_minilm,EXP-002
es,few_label_128_strat,0.7460873452066863,0.08243150901046667,25,0.5943033348156103,0.06594394273134663,0.06908062234794908,0.5422347949080621,0.87815293335547,0.4577652050919378,0.2634229137199434,0.4577652050919378,False,False,0.8425344454025115,0.5,0.5,976,1414,0.6092213138065175,en,target_fpr,,,0.5845272206303725,-0.009776114185237716,0.500,0.05,toxicity,encoder_minilm,EXP-002
es,few_label_128_rand,0.7373938684822556,0.08907095250053329,25,0.5995441957484868,0.07435275323363998,0.074002828854314,0.5331258840169731,0.8736713670271609,0.46687411598302686,0.2704384724186705,0.46687411598302686,False,False,0.8425344454025115,0.5,0.5,976,1414,0.6092213138065175,en,target_fpr,,,0.5845272206303725,-0.015016975118114284,0.500,0.05,toxicity,encoder_minilm,EXP-002
es,few_label_256_strat,0.7469594460049659,0.08271948750354503,25,0.5926343956869741,0.06679671296918484,0.06828854314002827,0.5442715700141442,0.8791033693569422,0.4557284299858558,0.262008486562942,0.4557284299858558,False,False,0.8425344454025115,0.5,0.5,976,1414,0.6092213138065175,en,target_fpr,,,0.5845272206303725,-0.008107175056601523,0.500,0.05,toxicity,encoder_minilm,EXP-002
es,few_label_256_rand,0.7374449195687554,0.07762504700232671,25,0.6021341457196817,0.05935840614027283,0.07264497878359265,0.5330127298444131,0.8736839795498165,0.46698727015558694,0.2698161244695898,0.46698727015558694,False,False,0.8425344454025115,0.5,0.5,976,1414,0.6092213138065175,en,target_fpr,,,0.5845272206303725,-0.017606925089309167,0.500,0.05,toxicity,encoder_minilm,EXP-002
es,target_full,0.7759428546690623,0.0,1,0.5845272206303725,0.0,0.04809052333804809,0.5671852899575672,0.9,0.4328147100424328,0.24045261669024046,0.4328147100424328,False,False,0.8425344454025115,0.5,0.5,976,1414,0.6092213138065175,en,target_fpr,0.5474358076394094,0.6197991962715216,0.5845272206303725,0.0,0.500,0.05,toxicity,encoder_minilm,EXP-002
es,test_oracle_unachievable,0.771908401034716,0.0,1,0.5866666666666666,0.0,0.04950495049504951,0.5643564356435643,0.8979591836734694,0.43564356435643564,0.24257425742574257,0.43564356435643564,False,False,0.8425344454025115,0.5,0.5,976,1414,0.6092213138065175,en,target_fpr,,,0.5845272206303725,-0.0021394460362940126,0.500,0.05,toxicity,encoder_minilm,EXP-002
fr,fixed_half,0.5,0.0,1,0.8297428769979153,0.0,0.16298342541436464,0.17541436464088397,0.8349650349650349,0.824585635359116,0.4937845303867403,0.824585635359116,False,False,0.9034198437166142,0.5,0.5,966,1448,0.6092213138065175,en,target_fpr,,,0.741479634247714,-0.08826324275020125,0.500,0.05,toxicity,encoder_minilm,EXP-002
fr,source_global,0.6092213138065175,0.0,1,0.8062360801781736,0.0,0.11049723756906077,0.25,0.8715890850722311,0.75,0.4302486187845304,0.75,False,False,0.9034198437166142,0.5,0.5,966,1448,0.6092213138065175,en,target_fpr,0.7808219751172251,0.8286221042132029,0.741479634247714,-0.0647564459304596,0.500,0.05,toxicity,encoder_minilm,EXP-002
fr,pooled_global,0.8834844052934129,0.0,1,0.6252319109461967,0.0,0.023480662983425413,0.5345303867403315,0.9519774011299436,0.4654696132596685,0.24447513812154695,0.4654696132596685,False,False,0.9034198437166142,0.5,0.5,966,1448,0.6092213138065175,en,target_fpr,,,0.741479634247714,0.11624772330151734,0.500,0.05,toxicity,encoder_minilm,EXP-002
fr,worstcase_global,0.9706738292325466,0.0,1,0.33638443935926776,0.0,0.004143646408839779,0.7969613259668509,0.98,0.20303867403314918,0.10359116022099447,0.20303867403314918,False,False,0.9034198437166142,0.5,0.5,966,1448,0.6092213138065175,en,target_fpr,,,0.741479634247714,0.40509519488844625,0.500,0.05,toxicity,encoder_minilm,EXP-002
fr,quantile_match,0.5298351659541723,0.0,1,0.8296819787985865,0.0,0.143646408839779,0.18922651933701656,0.849493487698987,0.8107734806629834,0.47720994475138123,0.8107734806629834,False,False,0.9034198437166142,0.5,0.5,966,1448,0.6092213138065175,en,target_fpr,,,0.741479634247714,-0.0882023445508725,0.500,0.05,toxicity,encoder_minilm,EXP-002
fr,sld_em,0.6076689707485335,0.0,1,0.8080059303187547,0.0,0.11049723756906077,0.2472375690607735,0.872,0.7527624309392266,0.43162983425414364,0.7527624309392266,False,False,0.9034198437166142,0.5,0.5,966,1448,0.6092213138065175,en,target_fpr,,,0.741479634247714,-0.06652629607104066,0.500,0.05,toxicity,encoder_minilm,EXP-002
fr,bbse,0.6526103717184628,0.0,1,0.805450416351249,0.0,0.08977900552486189,0.26519337016574585,0.8911222780569514,0.7348066298342542,0.412292817679558,0.7348066298342542,False,False,0.9034198437166142,0.5,0.5,966,1448,0.6092213138065175,en,target_fpr,,,0.741479634247714,-0.06397078210353502,0.500,0.05,toxicity,encoder_minilm,EXP-002
fr,few_label_8_strat,0.7019042489394497,0.19490545178247248,25,0.7158428096406181,0.14034512291977713,0.0922099447513812,0.3646408839779005,0.8972071417272389,0.6353591160220995,0.3637845303867403,0.6353591160220995,False,False,0.9034198437166142,0.5,0.5,966,1448,0.6092213138065175,en,target_fpr,,,0.741479634247714,0.02563682460709593,0.500,0.05,toxicity,encoder_minilm,EXP-002
fr,few_label_8_rand,0.6327263533979675,0.19384689516028564,25,0.7617379209228998,0.09183459713453929,0.12187845303867405,0.294585635359116,0.8738299738958883,0.7054143646408839,0.413646408839779,0.7054143646408839,False,False,0.9034198437166142,0.5,0.5,966,1448,0.6092213138065175,en,target_fpr,,,0.741479634247714,-0.02025828667518581,0.500,0.05,toxicity,encoder_minilm,EXP-002
fr,few_label_16_strat,0.7497646075044669,0.17178952800654373,25,0.7084379471761649,0.10944193130271056,0.07237569060773481,0.39491712707182314,0.9126666313837386,0.6050828729281768,0.33872928176795575,0.6050828729281768,False,False,0.9034198437166142,0.5,0.5,966,1448,0.6092213138065175,en,target_fpr,,,0.741479634247714,0.033041687071549086,0.500,0.05,toxicity,encoder_minilm,EXP-002
fr,few_label_16_rand,0.7520806168128773,0.17535458826844483,25,0.6870970126300934,0.145006972009264,0.06988950276243093,0.4140331491712707,0.9143079027371722,0.5859668508287293,0.3279281767955801,0.5859668508287293,False,False,0.9034198437166142,0.5,0.5,966,1448,0.6092213138065175,en,target_fpr,,,0.741479634247714,0.05438262161762064,0.500,0.05,toxicity,encoder_minilm,EXP-002
fr,few_label_32_strat,0.8245429236746326,0.1312764350575815,25,0.6206228723073562,0.1861319207905136,0.042983425414364645,0.5001657458563536,0.936397495630509,0.4998342541436464,0.27140883977900554,0.4998342541436464,False,False,0.9034198437166142,0.5,0.5,966,1448,0.6092213138065175,en,target_fpr,,,0.741479634247714,0.12085676194035777,0.500,0.05,toxicity,encoder_minilm,EXP-002
fr,few_label_32_rand,0.8102808743488972,0.15197864229468425,25,0.6124957119010441,0.20050335384206897,0.04839779005524862,0.4999447513812154,0.9321848862309942,0.5000552486187846,0.2742265193370166,0.5000552486187846,False,False,0.9034198437166142,0.5,0.5,966,1448,0.6092213138065175,en,target_fpr,,,0.741479634247714,0.1289839223466699,0.500,0.05,toxicity,encoder_minilm,EXP-002
fr,few_label_64_strat,0.804876835716868,0.06862566493700513,25,0.7052246574626392,0.07975250696866716,0.04392265193370165,0.4242541436464088,0.9325234910438066,0.5757458563535912,0.3098342541436464,0.5757458563535912,False,False,0.9034198437166142,0.5,0.5,966,1448,0.6092213138065175,en,target_fpr,,,0.741479634247714,0.03625497678507483,0.500,0.05,toxicity,encoder_minilm,EXP-002
fr,few_label_64_rand,0.8221095738707653,0.08834601775521841,25,0.6691178999381807,0.12154134715172074,0.04066298342541437,0.46209944751381216,0.9363751539236493,0.5379005524861878,0.2892817679558011,0.5379005524861878,False,False,0.9034198437166142,0.5,0.5,966,1448,0.6092213138065175,en,target_fpr,,,0.741479634247714,0.0723617343095333,0.500,0.05,toxicity,encoder_minilm,EXP-002
fr,few_label_128_strat,0.7879275523486418,0.07546001036237203,25,0.7216009502351571,0.06635806965128019,0.04917127071823204,0.4019889502762431,0.9276477665990954,0.598011049723757,0.3235911602209945,0.598011049723757,False,False,0.9034198437166142,0.5,0.5,966,1448,0.6092213138065175,en,target_fpr,,,0.741479634247714,0.01987868401255688,0.500,0.05,toxicity,encoder_minilm,EXP-002
fr,few_label_128_rand,0.7852024450741504,0.04391231546057028,25,0.7360834646093578,0.03529694328616724,0.04779005524861878,0.38806629834254147,0.9286510306258958,0.6119337016574585,0.32986187845303866,0.6119337016574585,False,False,0.9034198437166142,0.5,0.5,966,1448,0.6092213138065175,en,target_fpr,,,0.741479634247714,0.0053961696383562074,0.500,0.05,toxicity,encoder_minilm,EXP-002
fr,few_label_256_strat,0.7920752159958262,0.03815902800323384,25,0.7315762184267129,0.035354340277627315,0.045745856353591165,0.3952486187845304,0.9305300752162463,0.6047513812154697,0.3252486187845304,0.6047513812154697,False,False,0.9034198437166142,0.5,0.5,966,1448,0.6092213138065175,en,target_fpr,,,0.741479634247714,0.009903415821001071,0.500,0.05,toxicity,encoder_minilm,EXP-002
fr,few_label_256_rand,0.800543616466164,0.04601426263963178,25,0.7225287897842391,0.04378067875169865,0.044419889502762426,0.40685082872928185,0.9316857777969263,0.5931491712707182,0.3187845303867404,0.5931491712707182,False,False,0.9034198437166142,0.5,0.5,966,1448,0.6092213138065175,en,target_fpr,,,0.741479634247714,0.018950844463474947,0.500,0.05,toxicity,encoder_minilm,EXP-002
fr,target_full,0.7866226236482079,0.0,1,0.741479634247714,0.0,0.04558011049723757,0.3839779005524862,0.9311064718162839,0.6160220994475138,0.3308011049723757,0.6160220994475138,False,False,0.9034198437166142,0.5,0.5,966,1448,0.6092213138065175,en,target_fpr,0.7155476234471388,0.7677307111202826,0.741479634247714,0.0,0.500,0.05,toxicity,encoder_minilm,EXP-002
fr,test_oracle_unachievable,0.7817832894535028,0.0,1,0.7448389760528488,0.0,0.049723756906077346,0.3770718232044199,0.9260780287474333,0.6229281767955801,0.3363259668508287,0.6229281767955801,False,False,0.9034198437166142,0.5,0.5,966,1448,0.6092213138065175,en,target_fpr,,,0.741479634247714,-0.0033593418051347523,0.500,0.05,toxicity,encoder_minilm,EXP-002
he,fixed_half,0.5,0.0,1,0.6758349705304519,0.0,0.44635193133047213,0.26180257510729615,0.6231884057971014,0.7381974248927039,0.592274678111588,0.7381974248927039,False,False,0.6985761388126508,0.5,0.5,348,466,0.6092213138065175,en,target_fpr,,,0.3367697594501718,-0.33906521108028015,0.500,0.05,toxicity,encoder_minilm,EXP-002
he,source_global,0.6092213138065175,0.0,1,0.6367521367521368,0.0,0.36909871244635195,0.3605150214592275,0.6340425531914894,0.6394849785407726,0.5042918454935622,0.6394849785407726,False,False,0.6985761388126508,0.5,0.5,348,466,0.6092213138065175,en,target_fpr,0.5837561374795417,0.6886040006422661,0.3367697594501718,-0.29998237730196503,0.500,0.05,toxicity,encoder_minilm,EXP-002
he,pooled_global,0.8715922637297662,0.0,1,0.5175202156334233,0.0,0.18025751072961374,0.5879828326180258,0.6956521739130435,0.41201716738197425,0.296137339055794,0.41201716738197425,False,False,0.6985761388126508,0.5,0.5,348,466,0.6092213138065175,en,target_fpr,,,0.3367697594501718,-0.18075045618325153,0.500,0.05,toxicity,encoder_minilm,EXP-002
he,worstcase_global,0.9629305275356267,0.0,1,0.37873754152823924,0.0,0.04721030042918455,0.7553648068669528,0.8382352941176471,0.2446351931330472,0.1459227467811159,0.2446351931330472,False,False,0.6985761388126508,0.5,0.5,348,466,0.6092213138065175,en,target_fpr,,,0.3367697594501718,-0.04196778207806745,0.500,0.05,toxicity,encoder_minilm,EXP-002
he,quantile_match,0.7245610515945066,0.0,1,0.5944700460829493,0.0,0.3090128755364807,0.44635193133047213,0.6417910447761194,0.5536480686695279,0.4313304721030043,0.5536480686695279,False,False,0.6985761388126508,0.5,0.5,348,466,0.6092213138065175,en,target_fpr,,,0.3367697594501718,-0.2577002866327775,0.500,0.05,toxicity,encoder_minilm,EXP-002
he,sld_em,0.34383753329215,0.0,1,0.6773049645390071,0.0,0.6008583690987125,0.18025751072961374,0.5770392749244713,0.8197424892703863,0.7103004291845494,0.8197424892703863,False,False,0.6985761388126508,0.5,0.5,348,466,0.6092213138065175,en,target_fpr,,,0.3367697594501718,-0.34053520508883534,0.500,0.05,toxicity,encoder_minilm,EXP-002
he,bbse,0.5170690576665851,0.0,1,0.6693069306930693,0.0,0.44206008583690987,0.27467811158798283,0.6213235294117647,0.7253218884120172,0.5836909871244635,0.7253218884120172,False,False,0.6985761388126508,0.5,0.5,348,466,0.6092213138065175,en,target_fpr,,,0.3367697594501718,-0.33253717124289756,0.500,0.05,toxicity,encoder_minilm,EXP-002
he,few_label_8_strat,0.8836667682898163,0.10113270618667555,25,0.4521891944470932,0.12374354562131863,0.14180257510729613,0.6477253218884119,0.7501468734343385,0.35227467811158797,0.24703862660944206,0.35227467811158797,False,False,0.6985761388126508,0.5,0.5,348,466,0.6092213138065175,en,target_fpr,,,0.3367697594501718,-0.11541943499692142,0.500,0.05,toxicity,encoder_minilm,EXP-002
he,few_label_8_rand,0.8106127967948354,0.23464048434128704,25,0.45921487962530805,0.15427657714160684,0.2025751072961373,0.6012017167381974,0.7375474062931359,0.3987982832618025,0.30068669527896996,0.3987982832618025,False,False,0.6985761388126508,0.5,0.5,348,466,0.6092213138065175,en,target_fpr,,,0.3367697594501718,-0.12244512017513626,0.500,0.05,toxicity,encoder_minilm,EXP-002
he,few_label_16_strat,0.9221251265342757,0.1055887034723618,25,0.37128443971709324,0.14025533482391417,0.09150214592274677,0.7304721030042917,0.8004998175548159,0.26952789699570817,0.18051502145922746,0.26952789699570817,False,False,0.6985761388126508,0.5,0.5,348,466,0.6092213138065175,en,target_fpr,,,0.3367697594501718,-0.03451468026692145,0.500,0.05,toxicity,encoder_minilm,EXP-002
he,few_label_16_rand,0.9533670791986194,0.03678150858200331,25,0.3419266726105355,0.11686313289607414,0.061974248927038636,0.7708154506437768,0.8173293928802207,0.22918454935622318,0.1455793991416309,0.22918454935622318,False,False,0.6985761388126508,0.5,0.5,348,466,0.6092213138065175,en,target_fpr,,,0.3367697594501718,-0.0051569131603637075,0.500,0.05,toxicity,encoder_minilm,EXP-002
he,few_label_32_strat,0.9579024866268591,0.03813088350978067,25,0.32091374661836414,0.12264605473925752,0.05630901287553648,0.7871244635193133,0.825476979113287,0.21287553648068666,0.13459227467811158,0.21287553648068666,False,False,0.6985761388126508,0.5,0.5,348,466,0.6092213138065175,en,target_fpr,,,0.3367697594501718,0.015856012831807653,0.500,0.05,toxicity,encoder_minilm,EXP-002
he,few_label_32_rand,0.9736080957731541,0.034770171809115576,25,0.22992857821720072,0.13567957013501977,0.03381974248927039,0.854420600858369,0.8533065937966084,0.1455793991416309,0.08969957081545064,0.1455793991416309,False,False,0.6985761388126508,0.5,0.5,348,466,0.6092213138065175,en,target_fpr,,,0.3367697594501718,0.10684118123297107,0.500,0.05,toxicity,encoder_minilm,EXP-002
he,few_label_64_strat,0.9706773170275046,0.017437791328523376,25,0.30290212379564424,0.09519017060265082,0.03776824034334764,0.8096137339055793,0.8471662553448344,0.19038626609442058,0.11407725321888412,0.19038626609442058,False,False,0.6985761388126508,0.5,0.5,348,466,0.6092213138065175,en,target_fpr,,,0.3367697594501718,0.03386763565452755,0.500,0.05,toxicity,encoder_minilm,EXP-002
he,few_label_64_rand,0.9686687871492693,0.02462681179583971,25,0.30085188900053433,0.09784007791673345,0.04103004291845494,0.8094420600858367,0.843052388679606,0.1905579399141631,0.115793991416309,0.1905579399141631,False,False,0.6985761388126508,0.5,0.5,348,466,0.6092213138065175,en,target_fpr,,,0.3367697594501718,0.03591787044963746,0.500,0.05,toxicity,encoder_minilm,EXP-002
he,few_label_128_strat,0.9697360177923335,0.012338356030012949,25,0.32455307791062404,0.06761820850250076,0.0382832618025751,0.7962231759656652,0.8455716699665075,0.20377682403433475,0.12103004291845494,0.20377682403433475,False,False,0.6985761388126508,0.5,0.5,348,466,0.6092213138065175,en,target_fpr,,,0.3367697594501718,0.012216681539547747,0.500,0.05,toxicity,encoder_minilm,EXP-002
he,few_label_128_rand,0.9631439376412723,0.016185109153033988,25,0.3526027259013936,0.06358581179080568,0.04618025751072962,0.7733905579399142,0.8370389704120978,0.22660944206008582,0.13639484978540772,0.22660944206008582,False,False,0.6985761388126508,0.5,0.5,348,466,0.6092213138065175,en,target_fpr,,,0.3367697594501718,-0.015832966451221786,0.500,0.05,toxicity,encoder_minilm,EXP-002
he,few_label_256_strat,0.9685516188659953,0.008570500386647233,25,0.34409542432014156,0.039851295014779416,0.040343347639484974,0.7828326180257511,0.8449991190749447,0.21716738197424892,0.12875536480686697,0.21716738197424892,False,False,0.6985761388126508,0.5,0.5,348,466,0.6092213138065175,en,target_fpr,,,0.3367697594501718,-0.007325664869969772,0.500,0.05,toxicity,encoder_minilm,EXP-002
he,few_label_256_rand,0.9700681628989183,0.007385956788444612,25,0.33886735114730926,0.03990711750753851,0.03811158798283262,0.7872961373390558,0.8490749530882029,0.2127038626609442,0.1254077253218884,0.2127038626609442,False,False,0.6985761388126508,0.5,0.5,348,466,0.6092213138065175,en,target_fpr,,,0.3367697594501718,-0.0020975916971374686,0.500,0.05,toxicity,encoder_minilm,EXP-002
he,target_full,0.9706738292325466,0.0,1,0.3367697594501718,0.0,0.03862660944206009,0.7896995708154506,0.8448275862068966,0.21030042918454936,0.12446351931330472,0.21030042918454936,False,False,0.6985761388126508,0.5,0.5,348,466,0.6092213138065175,en,target_fpr,0.2692922817922818,0.41051405397243135,0.3367697594501718,0.0,0.500,0.05,toxicity,encoder_minilm,EXP-002
he,test_oracle_unachievable,0.9629688969850456,0.0,1,0.37873754152823924,0.0,0.04721030042918455,0.7553648068669528,0.8382352941176471,0.2446351931330472,0.1459227467811159,0.2446351931330472,False,False,0.6985761388126508,0.5,0.5,348,466,0.6092213138065175,en,target_fpr,,,0.3367697594501718,-0.04196778207806745,0.500,0.05,toxicity,encoder_minilm,EXP-002
hi,fixed_half,0.5,0.0,1,0.638888888888889,0.0,0.11214953271028037,0.4779706275033378,0.8231578947368421,0.5220293724966623,0.3170894526034713,0.5220293724966623,False,False,0.8244031650567468,0.5,0.5,962,1498,0.6092213138065175,en,target_fpr,,,0.5378787878787878,-0.1010101010101011,0.500,0.05,toxicity,encoder_minilm,EXP-002
hi,source_global,0.6092213138065175,0.0,1,0.5796064400715564,0.0,0.06008010680907877,0.5674232309746329,0.8780487804878049,0.4325767690253672,0.24632843791722298,0.4325767690253672,False,False,0.8244031650567468,0.5,0.5,962,1498,0.6092213138065175,en,target_fpr,0.5495218342015563,0.6120070113935144,0.5378787878787878,-0.04172765219276853,0.500,0.05,toxicity,encoder_minilm,EXP-002
hi,pooled_global,0.884922657565373,0.0,1,0.3069977426636569,0.0,0.0013351134846461949,0.8184245660881175,0.9927007299270073,0.18157543391188252,0.09145527369826435,0.18157543391188252,False,False,0.8244031650567468,0.5,0.5,962,1498,0.6092213138065175,en,target_fpr,,,0.5378787878787878,0.23088104521513092,0.500,0.05,toxicity,encoder_minilm,EXP-002
hi,worstcase_global,0.9706738292325466,0.0,1,0.14603960396039603,0.0,0.0,0.9212283044058746,1.0,0.0787716955941255,0.03938584779706275,0.0787716955941255,False,False,0.8244031650567468,0.5,0.5,962,1498,0.6092213138065175,en,target_fpr,,,0.5378787878787878,0.3918391839183918,0.500,0.05,toxicity,encoder_minilm,EXP-002
hi,quantile_match,0.28502862413289115,0.0,1,0.7316421895861148,0.0,0.2683578104138852,0.2683578104138852,0.7316421895861148,0.7316421895861148,0.5,0.7316421895861148,False,False,0.8244031650567468,0.5,0.5,962,1498,0.6092213138065175,en,target_fpr,,,0.5378787878787878,-0.19376340170732698,0.500,0.05,toxicity,encoder_minilm,EXP-002
hi,sld_em,0.8668879104654612,0.0,1,0.34033149171270716,0.0,0.0026702269692923898,0.794392523364486,0.9871794871794872,0.205607476635514,0.1041388518024032,0.205607476635514,False,False,0.8244031650567468,0.5,0.5,962,1498,0.6092213138065175,en,target_fpr,,,0.5378787878787878,0.1975472961660807,0.500,0.05,toxicity,encoder_minilm,EXP-002
hi,bbse,0.8414619802869918,0.0,1,0.37189189189189187,0.0,0.0053404539385847796,0.7703604806408545,0.9772727272727273,0.22963951935914553,0.11748998664886515,0.22963951935914553,False,False,0.8244031650567468,0.5,0.5,962,1498,0.6092213138065175,en,target_fpr,,,0.5378787878787878,0.16598689598689598,0.500,0.05,toxicity,encoder_minilm,EXP-002
hi,few_label_8_strat,0.540226203973955,0.2527934579144341,25,0.576833840727159,0.16558133767964422,0.14146862483311082,0.4980507343124166,0.8473072136122614,0.5019492656875834,0.32170894526034716,0.5019492656875834,False,False,0.8244031650567468,0.5,0.5,962,1498,0.6092213138065175,en,target_fpr,,,0.5378787878787878,-0.0389550528483712,0.500,0.05,toxicity,encoder_minilm,EXP-002
hi,few_label_8_rand,0.5055924583608352,0.21885538736163207,25,0.6117403995077296,0.10780758384610281,0.1586648865153538,0.46510013351134843,0.8290697030780474,0.5348998664886515,0.34678237650200266,0.5348998664886515,False,False,0.8244031650567468,0.5,0.5,962,1498,0.6092213138065175,en,target_fpr,,,0.5378787878787878,-0.07386161162894178,0.500,0.05,toxicity,encoder_minilm,EXP-002
hi,few_label_16_strat,0.6541058970127959,0.1679731359561755,25,0.5277205718323886,0.12495110475101374,0.06120160213618156,0.6026702269692924,0.899805981699982,0.3973297730307076,0.2292656875834446,0.3973297730307076,False,False,0.8244031650567468,0.5,0.5,962,1498,0.6092213138065175,en,target_fpr,,,0.5378787878787878,0.010158216046399215,0.500,0.05,toxicity,encoder_minilm,EXP-002
hi,few_label_16_rand,0.6513231244641147,0.24070844349339426,25,0.5049653044461556,0.1676507312672134,0.08405874499332443,0.5992523364485981,0.8962387350525267,0.40074766355140184,0.24240320427236317,0.40074766355140184,False,False,0.8244031650567468,0.5,0.5,962,1498,0.6092213138065175,en,target_fpr,,,0.5378787878787878,0.03291348343263223,0.500,0.05,toxicity,encoder_minilm,EXP-002
hi,few_label_32_strat,0.7849633034862887,0.12700877204321953,25,0.41357340584212277,0.13115319107166779,0.022002670226969293,0.7218157543391187,0.9515937396835595,0.2781842456608812,0.1500934579439252,0.2781842456608812,False,False,0.8244031650567468,0.5,0.5,962,1498,0.6092213138065175,en,target_fpr,,,0.5378787878787878,0.12430538203666508,0.500,0.05,toxicity,encoder_minilm,EXP-002
hi,few_label_32_rand,0.6235209296859431,0.1835800336240044,25,0.5466071512155559,0.13685054298530228,0.07412550066755674,0.5753271028037383,0.8883277841718495,0.4246728971962616,0.2493991989319092,0.4246728971962616,False,False,0.8244031650567468,0.5,0.5,962,1498,0.6092213138065175,en,target_fpr,,,0.5378787878787878,-0.008728363336768075,0.500,0.05,toxicity,encoder_minilm,EXP-002
hi,few_label_64_strat,0.6629676240409412,0.12299639450760923,25,0.5330243119255234,0.09554346902654345,0.05020026702269693,0.6093991989319093,0.9051206220604732,0.39060080106809075,0.22040053404539386,0.39060080106809075,False,False,0.8244031650567468,0.5,0.5,962,1498,0.6092213138065175,en,target_fpr,,,0.5378787878787878,0.004854475953264492,0.500,0.05,toxicity,encoder_minilm,EXP-002
hi,few_label_64_rand,0.6937436157175373,0.1474814678853684,25,0.49962763709608704,0.12413355006473488,0.04528704939919893,0.6380240320427236,0.9167650787845629,0.3619759679572763,0.2036315086782377,0.3619759679572763,False,False,0.8244031650567468,0.5,0.5,962,1498,0.6092213138065175,en,target_fpr,,,0.5378787878787878,0.038251150782700805,0.500,0.05,toxicity,encoder_minilm,EXP-002
hi,few_label_128_strat,0.6726067715727866,0.09354459008008954,25,0.5349383612826413,0.06315569059533513,0.04304405874499333,0.614419225634179,0.9119686875933296,0.38558077436582117,0.2143124165554072,0.38558077436582117,False,False,0.8244031650567468,0.5,0.5,962,1498,0.6092213138065175,en,target_fpr,,,0.5378787878787878,0.0029404265961465725,0.500,0.05,toxicity,encoder_minilm,EXP-002
hi,few_label_128_rand,0.6657309367279016,0.097242122229741,25,0.5404211135922147,0.06635149822745033,0.044112149532710275,0.6082242990654206,0.911945257417364,0.39177570093457936,0.21794392523364486,0.39177570093457936,False,False,0.8244031650567468,0.5,0.5,962,1498,0.6092213138065175,en,target_fpr,,,0.5378787878787878,-0.0025423257134268296,0.500,0.05,toxicity,encoder_minilm,EXP-002
hi,few_label_256_strat,0.6929389249085335,0.08682720868611428,25,0.5210026559124786,0.0618571656925245,0.035300400534045394,0.6310814419225634,0.9239017224307703,0.3689185580774366,0.202109479305741,0.3689185580774366,False,False,0.8244031650567468,0.5,0.5,962,1498,0.6092213138065175,en,target_fpr,,,0.5378787878787878,0.016876131966309216,0.500,0.05,toxicity,encoder_minilm,EXP-002
hi,few_label_256_rand,0.6930133679962277,0.0629007119081845,25,0.5253152893917323,0.04578556990434794,0.032309746328437916,0.6300667556742323,0.9257580820346776,0.36993324432576763,0.2011214953271028,0.36993324432576763,False,False,0.8244031650567468,0.5,0.5,962,1498,0.6092213138065175,en,target_fpr,,,0.5378787878787878,0.012563498487055513,0.500,0.05,toxicity,encoder_minilm,EXP-002
hi,target_full,0.6864597301548125,0.0,1,0.5378787878787878,0.0,0.030707610146862484,0.6208277703604806,0.9250814332247557,0.37917222963951935,0.2049399198931909,0.37917222963951935,False,False,0.8244031650567468,0.5,0.5,962,1498,0.6092213138065175,en,target_fpr,0.5,0.5723915466104539,0.5378787878787878,0.0,0.500,0.05,toxicity,encoder_minilm,EXP-002
hi,test_oracle_unachievable,0.624638011295465,0.0,1,0.5722070844686648,0.0,0.049399198931909215,0.5794392523364486,0.8948863636363636,0.4205607476635514,0.2349799732977303,0.4205607476635514,False,False,0.8244031650567468,0.5,0.5,962,1498,0.6092213138065175,en,target_fpr,,,0.5378787878787878,-0.034328296589876905,0.500,0.05,toxicity,encoder_minilm,EXP-002
hin,fixed_half,0.5,0.0,1,0.36486486486486486,0.0,0.13971742543171115,0.7456828885400314,0.6454183266932271,0.2543171114599686,0.1970172684458399,0.2543171114599686,False,False,0.5857088639102543,0.5,0.5,850,1274,0.6092213138065175,en,target_fpr,,,0.13960113960113962,-0.22526372526372523,0.500,0.05,toxicity,encoder_minilm,EXP-002
hin,source_global,0.6092213138065175,0.0,1,0.2891859052247874,0.0,0.10518053375196232,0.8131868131868132,0.6397849462365591,0.18681318681318682,0.14599686028257458,0.18681318681318682,False,False,0.5857088639102543,0.5,0.5,850,1274,0.6092213138065175,en,target_fpr,0.24811030741410492,0.32981517268034116,0.13960113960113962,-0.14958476562364775,0.500,0.05,toxicity,encoder_minilm,EXP-002
hin,pooled_global,0.8822785509059414,0.0,1,0.10510948905109489,0.0,0.018838304552590265,0.9434850863422292,0.75,0.0565149136577708,0.03767660910518053,0.0565149136577708,False,False,0.5857088639102543,0.5,0.5,850,1274,0.6092213138065175,en,target_fpr,,,0.13960113960113962,0.03449165055004473,0.500,0.05,toxicity,encoder_minilm,EXP-002
hin,worstcase_global,0.9706738292325466,0.0,1,0.024729520865533233,0.0,0.0031397174254317113,0.9874411302982732,0.8,0.012558869701726845,0.007849293563579277,0.012558869701726845,True,False,0.5857088639102543,0.5,0.5,850,1274,0.6092213138065175,en,target_fpr,,,0.13960113960113962,0.11487161873560639,0.500,0.05,toxicity,encoder_minilm,EXP-002
hin,quantile_match,0.1796576550509106,0.0,1,0.5358851674641149,0.0,0.4411302982731554,0.4725274725274725,0.5445705024311183,0.5274725274725275,0.48430141287284145,0.5274725274725275,False,False,0.5857088639102543,0.5,0.5,850,1274,0.6092213138065175,en,target_fpr,,,0.13960113960113962,-0.39628402786297523,0.500,0.05,toxicity,encoder_minilm,EXP-002
hin,sld_em,0.9631873533484384,0.0,1,0.02773497688751926,0.0,0.004709576138147566,0.9858712715855573,0.75,0.0141287284144427,0.009419152276295133,0.0141287284144427,True,False,0.5857088639102543,0.5,0.5,850,1274,0.6092213138065175,en,target_fpr,,,0.13960113960113962,0.11186616271362036,0.500,0.05,toxicity,encoder_minilm,EXP-002
hin,bbse,0.9148137490932462,0.0,1,0.08035714285714285,0.0,0.012558869701726845,0.957613814756672,0.7714285714285715,0.0423861852433281,0.027472527472527472,0.0423861852433281,False,False,0.5857088639102543,0.5,0.5,850,1274,0.6092213138065175,en,target_fpr,,,0.13960113960113962,0.059243996743996774,0.500,0.05,toxicity,encoder_minilm,EXP-002
hin,few_label_8_strat,0.6461732336229126,0.24517522939188033,25,0.25345191776212656,0.16173004414787473,0.1205651491365777,0.8121193092621664,0.6679482375195894,0.1878806907378336,0.15422291993720566,0.1878806907378336,False,False,0.5857088639102543,0.5,0.5,850,1274,0.6092213138065175,en,target_fpr,,,0.13960113960113962,-0.11385077816098693,0.500,0.05,toxicity,encoder_minilm,EXP-002
hin,few_label_8_rand,0.593841475647427,0.26649963504273033,25,0.2900505867005418,0.1736478352016595,0.15585557299843014,0.7694819466248037,0.6585478415339735,0.23051805337519624,0.19318681318681322,0.23051805337519624,False,False,0.5857088639102543,0.5,0.5,850,1274,0.6092213138065175,en,target_fpr,,,0.13960113960113962,-0.15044944709940217,0.500,0.05,toxicity,encoder_minilm,EXP-002
hin,few_label_16_strat,0.7001071819280855,0.2350946115352644,25,0.2231709742330261,0.15439061824955308,0.09425431711145997,0.8406907378335948,0.7043249078129565,0.15930926216640504,0.1267817896389325,0.15930926216640504,False,False,0.5857088639102543,0.5,0.5,850,1274,0.6092213138065175,en,target_fpr,,,0.13960113960113962,-0.08356983463188647,0.500,0.05,toxicity,encoder_minilm,EXP-002
hin,few_label_16_rand,0.7189502125020689,0.20631530584406307,25,0.20921649061880565,0.13707847399642228,0.08012558869701726,0.858524332810047,0.7057483366231324,0.14147566718995291,0.11080062794348511,0.14147566718995291,False,False,0.5857088639102543,0.5,0.5,850,1274,0.6092213138065175,en,target_fpr,,,0.13960113960113962,-0.06961535101766603,0.500,0.05,toxicity,encoder_minilm,EXP-002
hin,few_label_32_strat,0.7836650494209126,0.14659058869610145,25,0.1703886942718501,0.09955651898347748,0.05130298273155416,0.8953846153846154,0.7130248737285614,0.10461538461538461,0.07795918367346939,0.10461538461538461,False,False,0.5857088639102543,0.5,0.5,850,1274,0.6092213138065175,en,target_fpr,,,0.13960113960113962,-0.030787554670710482,0.500,0.05,toxicity,encoder_minilm,EXP-002
hin,few_label_32_rand,0.8305500577487538,0.13689214024314866,25,0.1336569364594549,0.10215057937170878,0.03849293563579278,0.9198744113029826,0.7365440670356743,0.08012558869701726,0.05930926216640502,0.08012558869701726,False,False,0.5857088639102543,0.5,0.5,850,1274,0.6092213138065175,en,target_fpr,,,0.13960113960113962,0.0059442031416847285,0.500,0.05,toxicity,encoder_minilm,EXP-002
hin,few_label_64_strat,0.8095097138469992,0.10927174261673175,25,0.15330389634368616,0.07831777073824503,0.041507064364207216,0.9098273155416012,0.7211541428442887,0.09017268445839875,0.06583987441130298,0.09017268445839875,False,False,0.5857088639102543,0.5,0.5,850,1274,0.6092213138065175,en,target_fpr,,,0.13960113960113962,-0.013702756742546535,0.500,0.05,toxicity,encoder_minilm,EXP-002
hin,few_label_64_rand,0.7925524657780614,0.10945984206617909,25,0.16791635967630572,0.07586379438239907,0.045965463108320254,0.9004709576138148,0.7103819786150953,0.09952904238618525,0.07274725274725274,0.09952904238618525,False,False,0.5857088639102543,0.5,0.5,850,1274,0.6092213138065175,en,target_fpr,,,0.13960113960113962,-0.028315220075166098,0.500,0.05,toxicity,encoder_minilm,EXP-002
hin,few_label_128_strat,0.806592993231488,0.0652125052495162,25,0.15979682951102597,0.045523616807481036,0.03974882260596547,0.9085086342229199,0.7155498574933493,0.09149136577708009,0.06562009419152276,0.09149136577708009,False,False,0.5857088639102543,0.5,0.5,850,1274,0.6092213138065175,en,target_fpr,,,0.13960113960113962,-0.02019568990988635,0.500,0.05,toxicity,encoder_minilm,EXP-002
hin,few_label_128_rand,0.8019845167632343,0.08738694798949892,25,0.1598568493070328,0.060958451636130145,0.04207221350078493,0.9073155416012559,0.7124328083265155,0.09268445839874412,0.06737833594976453,0.09268445839874412,False,False,0.5857088639102543,0.5,0.5,850,1274,0.6092213138065175,en,target_fpr,,,0.13960113960113962,-0.020255709705893188,0.500,0.05,toxicity,encoder_minilm,EXP-002
hin,few_label_256_strat,0.8408691862019634,0.03628364230449464,25,0.13930200563037728,0.027097109332688964,0.02813186813186813,0.9226373626373626,0.7399535508311743,0.07736263736263736,0.05274725274725275,0.07736263736263736,False,False,0.5857088639102543,0.5,0.5,850,1274,0.6092213138065175,en,target_fpr,,,0.13960113960113962,0.0002991339707623386,0.500,0.05,toxicity,encoder_minilm,EXP-002
hin,few_label_256_rand,0.8292128355268258,0.045637601387160366,25,0.14678071617777888,0.03141656509764406,0.03189952904238619,0.9176766091051806,0.7299226265529772,0.08232339089481946,0.057111459968602826,0.08232339089481946,False,False,0.5857088639102543,0.5,0.5,850,1274,0.6092213138065175,en,target_fpr,,,0.13960113960113962,-0.007179576576639257,0.500,0.05,toxicity,encoder_minilm,EXP-002
hin,target_full,0.8390894856381333,0.0,1,0.13960113960113962,0.0,0.02511773940345369,0.9230769230769231,0.7538461538461538,0.07692307692307693,0.05102040816326531,0.07692307692307693,False,False,0.5857088639102543,0.5,0.5,850,1274,0.6092213138065175,en,target_fpr,0.10721623052933313,0.17362093788564376,0.13960113960113962,0.0,0.500,0.05,toxicity,encoder_minilm,EXP-002
hin,test_oracle_unachievable,0.7810273431527575,0.0,1,0.18256130790190736,0.0,0.04709576138147567,0.8948194662480377,0.6907216494845361,0.10518053375196232,0.076138147566719,0.10518053375196232,False,False,0.5857088639102543,0.5,0.5,850,1274,0.6092213138065175,en,target_fpr,,,0.13960113960113962,-0.04296016830076774,0.500,0.05,toxicity,encoder_minilm,EXP-002
it,fixed_half,0.5,0.0,1,0.6514285714285715,0.0,0.2896174863387978,0.3770491803278688,0.6826347305389222,0.6229508196721312,0.4562841530054645,0.6229508196721312,False,False,0.7140236346262953,0.5,0.5,994,1464,0.6092213138065175,en,target_fpr,,,0.36634717784877535,-0.2850813935797961,0.500,0.05,toxicity,encoder_minilm,EXP-002
it,source_global,0.6092213138065175,0.0,1,0.5857940941739823,0.0,0.2103825136612022,0.49863387978142076,0.7044145873320538,0.5013661202185792,0.3558743169398907,0.5013661202185792,False,False,0.7140236346262953,0.5,0.5,994,1464,0.6092213138065175,en,target_fpr,0.5541666666666667,0.6222227763002364,0.36634717784877535,-0.21944691632520696,0.500,0.05,toxicity,encoder_minilm,EXP-002
it,pooled_global,0.8819042424379795,0.0,1,0.34594594594594597,0.0,0.045081967213114756,0.7814207650273224,0.8290155440414507,0.2185792349726776,0.13183060109289618,0.2185792349726776,False,False,0.7140236346262953,0.5,0.5,994,1464,0.6092213138065175,en,target_fpr,,,0.36634717784877535,0.020401231902829386,0.500,0.05,toxicity,encoder_minilm,EXP-002
it,worstcase_global,0.9706738292325466,0.0,1,0.13400758533501897,0.0,0.00819672131147541,0.9275956284153005,0.8983050847457628,0.07240437158469945,0.040300546448087435,0.07240437158469945,False,False,0.7140236346262953,0.5,0.5,994,1464,0.6092213138065175,en,target_fpr,,,0.36634717784877535,0.23233959251375638,0.500,0.05,toxicity,encoder_minilm,EXP-002
it,quantile_match,0.47602237693639804,0.0,1,0.6606397774687065,0.0,0.3155737704918033,0.3510928961748634,0.6728045325779037,0.6489071038251366,0.4822404371584699,0.6489071038251366,False,False,0.7140236346262953,0.5,0.5,994,1464,0.6092213138065175,en,target_fpr,,,0.36634717784877535,-0.29429259961993115,0.500,0.05,toxicity,encoder_minilm,EXP-002
it,sld_em,0.6988591182948967,0.0,1,0.527336860670194,0.0,0.1407103825136612,0.5915300546448088,0.7437810945273632,0.40846994535519127,0.27459016393442626,0.40846994535519127,False,False,0.7140236346262953,0.5,0.5,994,1464,0.6092213138065175,en,target_fpr,,,0.36634717784877535,-0.16098968282141868,0.500,0.05,toxicity,encoder_minilm,EXP-002
it,bbse,0.7219837044084418,0.0,1,0.5185185185185185,0.0,0.12021857923497267,0.6079234972677595,0.7653333333333333,0.39207650273224043,0.25614754098360654,0.39207650273224043,False,False,0.7140236346262953,0.5,0.5,994,1464,0.6092213138065175,en,target_fpr,,,0.36634717784877535,-0.15217134066974314,0.500,0.05,toxicity,encoder_minilm,EXP-002
it,few_label_8_strat,0.7582952176119029,0.1702779565636566,25,0.4343429659206668,0.15913952942942183,0.12169398907103826,0.6610382513661202,0.7818514902878166,0.3389617486338798,0.230327868852459,0.3389617486338798,False,False,0.7140236346262953,0.5,0.5,994,1464,0.6092213138065175,en,target_fpr,,,0.36634717784877535,-0.06799578807189144,0.500,0.05,toxicity,encoder_minilm,EXP-002
it,few_label_8_rand,0.676468750071547,0.21817577913895492,25,0.49742719220577897,0.13091858517914298,0.18469945355191253,0.5774863387978142,0.7465630759291022,0.42251366120218575,0.3036065573770492,0.42251366120218575,False,False,0.7140236346262953,0.5,0.5,994,1464,0.6092213138065175,en,target_fpr,,,0.36634717784877535,-0.13108001435700362,0.500,0.05,toxicity,encoder_minilm,EXP-002
it,few_label_16_strat,0.8308914860711628,0.12387229463766698,25,0.3692304361333839,0.14563694117051448,0.07655737704918032,0.738142076502732,0.8067333135383713,0.2618579234972678,0.16920765027322404,0.2618579234972678,False,False,0.7140236346262953,0.5,0.5,994,1464,0.6092213138065175,en,target_fpr,,,0.36634717784877535,-0.0028832582846085586,0.500,0.05,toxicity,encoder_minilm,EXP-002
it,few_label_16_rand,0.8377694032664513,0.119514617549434,25,0.35179404566750455,0.16295777818391513,0.07114754098360657,0.7516939890710382,0.8174657616014845,0.24830601092896173,0.15972677595628415,0.24830601092896173,False,False,0.7140236346262953,0.5,0.5,994,1464,0.6092213138065175,en,target_fpr,,,0.36634717784877535,0.0145531321812708,0.500,0.05,toxicity,encoder_minilm,EXP-002
it,few_label_32_strat,0.8952390967516652,0.07455355636119342,25,0.2894483838911494,0.1216532972705736,0.04125683060109289,0.8146448087431695,0.8446672382593593,0.18535519125683064,0.11330601092896175,0.18535519125683064,False,False,0.7140236346262953,0.5,0.5,994,1464,0.6092213138065175,en,target_fpr,,,0.36634717784877535,0.07689879395762594,0.500,0.05,toxicity,encoder_minilm,EXP-002
it,few_label_32_rand,0.872477837077122,0.0839268829876543,25,0.32868392596347024,0.1228901911861325,0.05174863387978143,0.7828415300546447,0.8320486176760482,0.2171584699453552,0.13445355191256828,0.2171584699453552,False,False,0.7140236346262953,0.5,0.5,994,1464,0.6092213138065175,en,target_fpr,,,0.36634717784877535,0.037663251885305116,0.500,0.05,toxicity,encoder_minilm,EXP-002
it,few_label_64_strat,0.8425964096522032,0.07886543343664941,25,0.37681496662271696,0.10234000222538976,0.06562841530054644,0.7445355191256832,0.812883015719239,0.25546448087431695,0.1605464480874317,0.25546448087431695,False,False,0.7140236346262953,0.5,0.5,994,1464,0.6092213138065175,en,target_fpr,,,0.36634717784877535,-0.010467788773941611,0.500,0.05,toxicity,encoder_minilm,EXP-002
it,few_label_64_rand,0.8689836978314004,0.07015819604956189,25,0.34666291046745384,0.08224584920888535,0.05311475409836066,0.7735519125683061,0.8240385843385135,0.22644808743169398,0.13978142076502734,0.22644808743169398,False,False,0.7140236346262953,0.5,0.5,994,1464,0.6092213138065175,en,target_fpr,,,0.36634717784877535,0.019684267381321507,0.500,0.05,toxicity,encoder_minilm,EXP-002
it,few_label_128_strat,0.86355268527655,0.053324680879472876,25,0.3577366001362406,0.07611169451937554,0.05415300546448087,0.7662841530054645,0.8209066845798099,0.23371584699453554,0.1439344262295082,0.23371584699453554,False,False,0.7140236346262953,0.5,0.5,994,1464,0.6092213138065175,en,target_fpr,,,0.36634717784877535,0.008610577712534762,0.500,0.05,toxicity,encoder_minilm,EXP-002
it,few_label_128_rand,0.8395446583689057,0.060241580098632536,25,0.3884436426037019,0.07339116528163202,0.0669945355191257,0.7384153005464481,0.8045592856457623,0.26158469945355195,0.16428961748633877,0.26158469945355195,False,False,0.7140236346262953,0.5,0.5,994,1464,0.6092213138065175,en,target_fpr,,,0.36634717784877535,-0.022096464754926548,0.500,0.05,toxicity,encoder_minilm,EXP-002
it,few_label_256_strat,0.8692198496459963,0.027497336479091753,25,0.3572497649760857,0.03964441187452467,0.051748633879781424,0.7701639344262295,0.8186102937659271,0.22983606557377048,0.14079234972677596,0.22983606557377048,False,False,0.7140236346262953,0.5,0.5,994,1464,0.6092213138065175,en,target_fpr,,,0.36634717784877535,0.00909741287268967,0.500,0.05,toxicity,encoder_minilm,EXP-002
it,few_label_256_rand,0.8673541019719166,0.031221731705398787,25,0.3597967621521248,0.04309085504816834,0.053224043715847,0.7675956284153006,0.8166109677438665,0.23240437158469945,0.14281420765027322,0.23240437158469945,False,False,0.7140236346262953,0.5,0.5,994,1464,0.6092213138065175,en,target_fpr,,,0.36634717784877535,0.006550415696650547,0.500,0.05,toxicity,encoder_minilm,EXP-002
it,target_full,0.8679559783911529,0.0,1,0.36634717784877535,0.0,0.04781420765027322,0.7650273224043715,0.8309178743961353,0.23497267759562843,0.1413934426229508,0.23497267759562843,False,False,0.7140236346262953,0.5,0.5,994,1464,0.6092213138065175,en,target_fpr,0.3257225648265102,0.4072693955274582,0.36634717784877535,0.0,0.500,0.05,toxicity,encoder_minilm,EXP-002
it,test_oracle_unachievable,0.8664472742141818,0.0,1,0.37288135593220334,0.0,0.04918032786885246,0.7595628415300546,0.8301886792452831,0.24043715846994534,0.1448087431693989,0.24043715846994534,False,False,0.7140236346262953,0.5,0.5,994,1464,0.6092213138065175,en,target_fpr,,,0.36634717784877535,-0.006534178083427988,0.500,0.05,toxicity,encoder_minilm,EXP-002
ja,fixed_half,0.5,0.0,1,0.5718608169440241,0.0,0.2774018944519621,0.4884979702300406,0.6483704974271012,0.5115020297699594,0.3944519621109608,0.5115020297699594,False,False,0.6574284819664507,0.5,0.5,984,1478,0.6092213138065175,en,target_fpr,,,0.31624863685932386,-0.25561218008470027,0.500,0.05,toxicity,encoder_minilm,EXP-002
ja,source_global,0.6092213138065175,0.0,1,0.5218855218855218,0.0,0.1880920162381597,0.5805142083897158,0.6904231625835189,0.41948579161028415,0.3037889039242219,0.41948579161028415,False,False,0.6574284819664507,0.5,0.5,984,1478,0.6092213138065175,en,target_fpr,0.4861522336004749,0.5570078372791711,0.31624863685932386,-0.20563688502619798,0.500,0.05,toxicity,encoder_minilm,EXP-002
ja,pooled_global,0.8819963191937561,0.0,1,0.30176211453744495,0.0,0.04330175913396482,0.8146143437077131,0.8106508875739645,0.18538565629228687,0.11434370771312584,0.18538565629228687,False,False,0.6574284819664507,0.5,0.5,984,1478,0.6092213138065175,en,target_fpr,,,0.31624863685932386,0.014486522321878914,0.500,0.05,toxicity,encoder_minilm,EXP-002
ja,worstcase_global,0.9706738292325466,0.0,1,0.11210191082802548,0.0,0.0027063599458728013,0.9404600811907984,0.9565217391304348,0.05953991880920163,0.03112313937753721,0.05953991880920163,False,False,0.6574284819664507,0.5,0.5,984,1478,0.6092213138065175,en,target_fpr,,,0.31624863685932386,0.20414672603129838,0.500,0.05,toxicity,encoder_minilm,EXP-002
ja,quantile_match,0.43020023294398163,0.0,1,0.5977337110481585,0.0,0.33964817320703655,0.428958051420839,0.6270430906389302,0.571041948579161,0.4553450608930988,0.571041948579161,False,False,0.6574284819664507,0.5,0.5,984,1478,0.6092213138065175,en,target_fpr,,,0.31624863685932386,-0.28148507418883467,0.500,0.05,toxicity,encoder_minilm,EXP-002
ja,sld_em,0.7556309287442335,0.0,1,0.4328502415458937,0.0,0.09742895805142084,0.6968876860622463,0.7567567567567568,0.30311231393775373,0.20027063599458728,0.30311231393775373,False,False,0.6574284819664507,0.5,0.5,984,1478,0.6092213138065175,en,target_fpr,,,0.31624863685932386,-0.11660160468656983,0.500,0.05,toxicity,encoder_minilm,EXP-002
ja,bbse,0.7646721802134521,0.0,1,0.42801556420233455,0.0,0.09336941813261164,0.7023004059539919,0.7612456747404844,0.2976995940460081,0.1955345060893099,0.2976995940460081,False,False,0.6574284819664507,0.5,0.5,984,1478,0.6092213138065175,en,target_fpr,,,0.31624863685932386,-0.11176692734301069,0.500,0.05,toxicity,encoder_minilm,EXP-002
ja,few_label_8_strat,0.7562197206335232,0.18809684038608881,25,0.3738318411522625,0.16290147327584603,0.12027063599458726,0.7148037889039243,0.7721183199672454,0.2851962110960758,0.20273342354533153,0.2851962110960758,False,False,0.6574284819664507,0.5,0.5,984,1478,0.6092213138065175,en,target_fpr,,,0.31624863685932386,-0.05758320429293862,0.500,0.05,toxicity,encoder_minilm,EXP-002
ja,few_label_8_rand,0.7001960901249729,0.15785724812150856,25,0.4404856448807128,0.12384329155909485,0.14630581867388362,0.6582408660351827,0.7357998496959047,0.34175913396481733,0.2440324763193505,0.34175913396481733,False,False,0.6574284819664507,0.5,0.5,984,1478,0.6092213138065175,en,target_fpr,,,0.31624863685932386,-0.12423700802138893,0.500,0.05,toxicity,encoder_minilm,EXP-002
ja,few_label_16_strat,0.7756914131909959,0.1325541339991329,25,0.38369103792413384,0.12297151117052174,0.09818673883626522,0.7250338294993235,0.7704170117197097,0.27496617050067657,0.1865764546684709,0.27496617050067657,False,False,0.6574284819664507,0.5,0.5,984,1478,0.6092213138065175,en,target_fpr,,,0.31624863685932386,-0.06744240106480998,0.500,0.05,toxicity,encoder_minilm,EXP-002
ja,few_label_16_rand,0.8004326655547572,0.13434959009641326,25,0.35452244173993175,0.13626462023115685,0.08606224627875507,0.7499323410013532,0.7886096542228687,0.2500676589986468,0.16806495263870094,0.2500676589986468,False,False,0.6574284819664507,0.5,0.5,984,1478,0.6092213138065175,en,target_fpr,,,0.31624863685932386,-0.03827380488060789,0.500,0.05,toxicity,encoder_minilm,EXP-002
ja,few_label_32_strat,0.8885571015647769,0.07104753224482464,25,0.2659160217506383,0.10511812538634306,0.039512855209742896,0.8338294993234101,0.8369963840742604,0.16617050067658998,0.10284167794316644,0.16617050067658998,False,False,0.6574284819664507,0.5,0.5,984,1478,0.6092213138065175,en,target_fpr,,,0.31624863685932386,0.050332615108685586,0.500,0.05,toxicity,encoder_minilm,EXP-002
ja,few_label_32_rand,0.8768262455702868,0.0789366050872469,25,0.280619688110559,0.11032109194272226,0.04535859269282815,0.8216508795669826,0.8293286187282257,0.1783491204330176,0.11185385656292286,0.1783491204330176,False,False,0.6574284819664507,0.5,0.5,984,1478,0.6092213138065175,en,target_fpr,,,0.31624863685932386,0.03562894874876488,0.500,0.05,toxicity,encoder_minilm,EXP-002
ja,few_label_64_strat,0.8686087573407216,0.06952793717940142,25,0.29815357747260124,0.09738132702665683,0.04876860622462788,0.8102300405953992,0.8150681792178588,0.1897699594046008,0.11926928281461434,0.1897699594046008,False,False,0.6574284819664507,0.5,0.5,984,1478,0.6092213138065175,en,target_fpr,,,0.31624863685932386,0.018095059386722623,0.500,0.05,toxicity,encoder_minilm,EXP-002
ja,few_label_64_rand,0.8791462749160432,0.06181994544484922,25,0.2864417594083748,0.0918545282376242,0.04362652232746956,0.8203518267929634,0.8215509709911618,0.17964817320703652,0.11163734776725304,0.17964817320703652,False,False,0.6574284819664507,0.5,0.5,984,1478,0.6092213138065175,en,target_fpr,,,0.31624863685932386,0.029806877450949065,0.500,0.05,toxicity,encoder_minilm,EXP-002
ja,few_label_128_strat,0.864690573493134,0.04906511210877538,25,0.31630388891691635,0.06472175857039436,0.04968876860622463,0.7999999999999998,0.8094737877160207,0.2,0.12484438430311233,0.2,False,False,0.6574284819664507,0.5,0.5,984,1478,0.6092213138065175,en,target_fpr,,,0.31624863685932386,-5.5252057592491965e-05,0.500,0.05,toxicity,encoder_minilm,EXP-002
ja,few_label_128_rand,0.8485519161323315,0.046376914534644584,25,0.34017754209761714,0.059482632278944715,0.05629228687415426,0.7811096075778078,0.8008604474531553,0.21889039242219213,0.1375913396481732,0.21889039242219213,False,False,0.6574284819664507,0.5,0.5,984,1478,0.6092213138065175,en,target_fpr,,,0.31624863685932386,-0.023928905238293274,0.500,0.05,toxicity,encoder_minilm,EXP-002
ja,few_label_256_strat,0.8683748568364613,0.02221466382174873,25,0.32086622902095535,0.030859237627878757,0.04844384303112314,0.7990257104194859,0.8072483258941276,0.2009742895805142,0.12470906630581867,0.2009742895805142,False,False,0.6574284819664507,0.5,0.5,984,1478,0.6092213138065175,en,target_fpr,,,0.31624863685932386,-0.00461759216163149,0.500,0.05,toxicity,encoder_minilm,EXP-002
ja,few_label_256_rand,0.8634142438758381,0.028281729479458482,25,0.3264268933287113,0.03538822720339757,0.049851150202977,0.7943707713125846,0.806771137754202,0.20562922868741546,0.12774018944519622,0.20562922868741546,False,False,0.6574284819664507,0.5,0.5,984,1478,0.6092213138065175,en,target_fpr,,,0.31624863685932386,-0.010178256469387414,0.500,0.05,toxicity,encoder_minilm,EXP-002
ja,target_full,0.8738850150025557,0.0,1,0.31624863685932386,0.0,0.044654939106901215,0.803788903924222,0.8146067415730337,0.19621109607577808,0.12043301759133965,0.19621109607577808,False,False,0.6574284819664507,0.5,0.5,984,1478,0.6092213138065175,en,target_fpr,0.27887476292081553,0.35487607676940547,0.31624863685932386,0.0,0.500,0.05,toxicity,encoder_minilm,EXP-002
ja,test_oracle_unachievable,0.8690223307907337,0.0,1,0.32793959007551243,0.0,0.04871447902571042,0.7943166441136671,0.8085106382978723,0.20568335588633288,0.12719891745602166,0.20568335588633288,False,False,0.6574284819664507,0.5,0.5,984,1478,0.6092213138065175,en,target_fpr,,,0.31624863685932386,-0.011690953216188571,0.500,0.05,toxicity,encoder_minilm,EXP-002
ru,fixed_half,0.5,0.0,1,0.8291098115659519,0.0,0.21921515561569688,0.13667117726657646,0.7975,0.8633288227334236,0.5412719891745602,0.8633288227334236,False,False,0.9061178749764246,0.5,0.5,984,1478,0.6092213138065175,en,target_fpr,,,0.7076663858466723,-0.12144342571927957,0.500,0.05,toxicity,encoder_minilm,EXP-002
ru,source_global,0.6092213138065175,0.0,1,0.8223140495867769,0.0,0.15696887686062247,0.19215155615696888,0.8373071528751753,0.8078484438430311,0.4824086603518268,0.8078484438430311,False,False,0.9061178749764246,0.5,0.5,984,1478,0.6092213138065175,en,target_fpr,0.8008085698974238,0.8447688407054226,0.7076663858466723,-0.1146476637401046,0.500,0.05,toxicity,encoder_minilm,EXP-002
ru,pooled_global,0.8816254861974766,0.0,1,0.6928327645051194,0.0,0.036535859269282815,0.4506089309878214,0.9376443418013857,0.5493910690121786,0.2929634641407307,0.5493910690121786,False,False,0.9061178749764246,0.5,0.5,984,1478,0.6092213138065175,en,target_fpr,,,0.7076663858466723,0.01483362134155286,0.500,0.05,toxicity,encoder_minilm,EXP-002
ru,worstcase_global,0.9706738292325466,0.0,1,0.4244984160506864,0.0,0.009472259810554804,0.7280108254397835,0.9663461538461539,0.2719891745602165,0.14073071718538566,0.2719891745602165,False,False,0.9061178749764246,0.5,0.5,984,1478,0.6092213138065175,en,target_fpr,,,0.7076663858466723,0.2831679697959859,0.500,0.05,toxicity,encoder_minilm,EXP-002
ru,quantile_match,0.6331467178879814,0.0,1,0.8206559665038381,0.0,0.14343707713125844,0.20433017591339647,0.8472622478386167,0.7956698240866035,0.469553450608931,0.7956698240866035,False,False,0.9061178749764246,0.5,0.5,984,1478,0.6092213138065175,en,target_fpr,,,0.7076663858466723,-0.1129895806571658,0.500,0.05,toxicity,encoder_minilm,EXP-002
ru,sld_em,0.5075580316978934,0.0,1,0.8302872062663185,0.0,0.2124492557510149,0.13937753721244925,0.8020176544766708,0.8606224627875507,0.5365358592692828,0.8606224627875507,False,False,0.9061178749764246,0.5,0.5,984,1478,0.6092213138065175,en,target_fpr,,,0.7076663858466723,-0.12262082041964617,0.500,0.05,toxicity,encoder_minilm,EXP-002
ru,bbse,0.5973327240424399,0.0,1,0.8246575342465753,0.0,0.16102841677943167,0.18538565629228687,0.8349514563106796,0.8146143437077131,0.4878213802435724,0.8146143437077131,False,False,0.9061178749764246,0.5,0.5,984,1478,0.6092213138065175,en,target_fpr,,,0.7076663858466723,-0.11699114839990299,0.500,0.05,toxicity,encoder_minilm,EXP-002
ru,few_label_8_strat,0.7240635105510023,0.21734621591019376,25,0.7143998834168813,0.13256255997045185,0.12081190798376185,0.3481461434370771,0.876912928674536,0.6518538565629228,0.38633288227334234,0.6518538565629228,False,False,0.9061178749764246,0.5,0.5,984,1478,0.6092213138065175,en,target_fpr,,,0.7076663858466723,-0.006733497570209024,0.500,0.05,toxicity,encoder_minilm,EXP-002
ru,few_label_8_rand,0.6956727531980388,0.23564235427048272,25,0.7192054935026284,0.14090287485473804,0.13791610284167793,0.3302841677943166,0.8686193296151576,0.6697158322056833,0.4038159675236807,0.6697158322056833,False,False,0.9061178749764246,0.5,0.5,984,1478,0.6092213138065175,en,target_fpr,,,0.7076663858466723,-0.011539107655956116,0.500,0.05,toxicity,encoder_minilm,EXP-002
ru,few_label_16_strat,0.8018042895250717,0.139979574609846,25,0.7246520436570886,0.09865910326611405,0.07366711772665764,0.37580514208389715,0.9101178370169254,0.6241948579161029,0.3489309878213802,0.6241948579161029,False,False,0.9061178749764246,0.5,0.5,984,1478,0.6092213138065175,en,target_fpr,,,0.7076663858466723,-0.016985657810416277,0.500,0.05,toxicity,encoder_minilm,EXP-002
ru,few_label_16_rand,0.7719832156310636,0.14950540244820784,25,0.7259101177163079,0.13095422777779275,0.08584573748308527,0.35891745602165087,0.8995406393007217,0.6410825439783491,0.36346414073071714,0.6410825439783491,False,False,0.9061178749764246,0.5,0.5,984,1478,0.6092213138065175,en,target_fpr,,,0.7076663858466723,-0.01824373186963557,0.500,0.05,toxicity,encoder_minilm,EXP-002
ru,few_label_32_strat,0.8619292295608951,0.11675668296214287,25,0.6395324548944956,0.14667425774063422,0.04844384303112314,0.48422192151556154,0.9296698932285019,0.5157780784844385,0.2821109607577808,0.5157780784844385,False,False,0.9061178749764246,0.5,0.5,984,1478,0.6092213138065175,en,target_fpr,,,0.7076663858466723,0.06813393095217668,0.500,0.05,toxicity,encoder_minilm,EXP-002
ru,few_label_32_rand,0.8564161305358293,0.1127914718743349,25,0.6408668540811262,0.16488650413763298,0.04968876860622463,0.47783491204330175,0.9296523439511286,0.5221650879566982,0.28592692828146143,0.5221650879566982,False,False,0.9061178749764246,0.5,0.5,984,1478,0.6092213138065175,en,target_fpr,,,0.7076663858466723,0.0667995317655461,0.500,0.05,toxicity,encoder_minilm,EXP-002
ru,few_label_64_strat,0.8611498975702907,0.06419490234443698,25,0.6963328996673578,0.08921798957222041,0.04454668470906631,0.4326387009472259,0.9313880030347543,0.567361299052774,0.30595399188092015,0.567361299052774,False,False,0.9061178749764246,0.5,0.5,984,1478,0.6092213138065175,en,target_fpr,,,0.7076663858466723,0.011333486179314511,0.500,0.05,toxicity,encoder_minilm,EXP-002
ru,few_label_64_rand,0.8526296013322516,0.10690020925518857,25,0.675072629890416,0.11717648575871625,0.0503382949932341,0.4483355886332882,0.9272496591677256,0.5516644113667118,0.3010013531799729,0.5516644113667118,False,False,0.9061178749764246,0.5,0.5,984,1478,0.6092213138065175,en,target_fpr,,,0.7076663858466723,0.03259375595625624,0.500,0.05,toxicity,encoder_minilm,EXP-002
ru,few_label_128_strat,0.8332057389229264,0.061012168758409,25,0.7373321823496505,0.07795956526579662,0.05412719891745603,0.37656292286874155,0.9234523079201716,0.6234370771312584,0.3387821380243572,0.6234370771312584,False,False,0.9061178749764246,0.5,0.5,984,1478,0.6092213138065175,en,target_fpr,,,0.7076663858466723,-0.02966579650297818,0.500,0.05,toxicity,encoder_minilm,EXP-002
ru,few_label_128_rand,0.8676873645639794,0.045991597370610864,25,0.7017324676387511,0.06314838082328005,0.04097428958051421,0.4323680649526388,0.9348502618643176,0.5676319350473612,0.30430311231393775,0.5676319350473612,False,False,0.9061178749764246,0.5,0.5,984,1478,0.6092213138065175,en,target_fpr,,,0.7076663858466723,0.005933918207921218,0.500,0.05,toxicity,encoder_minilm,EXP-002
ru,few_label_256_strat,0.8632165654372056,0.03464836416140934,25,0.7158271185108959,0.04920763274583156,0.04243572395128552,0.41580514208389724,0.9336545882200133,0.5841948579161028,0.3133152909336942,0.5841948579161028,False,False,0.9061178749764246,0.5,0.5,984,1478,0.6092213138065175,en,target_fpr,,,0.7076663858466723,-0.008160732664223569,0.500,0.05,toxicity,encoder_minilm,EXP-002
ru,few_label_256_rand,0.8674615210094765,0.030281515320736044,25,0.7109816903606876,0.04417498686748717,0.04140730717185386,0.4230581867388363,0.9341444578808702,0.5769418132611637,0.3091745602165088,0.5769418132611637,False,False,0.9061178749764246,0.5,0.5,984,1478,0.6092213138065175,en,target_fpr,,,0.7076663858466723,-0.0033153045140152937,0.500,0.05,toxicity,encoder_minilm,EXP-002
ru,target_full,0.8722487759555844,0.0,1,0.7076663858466723,0.0,0.037889039242219216,0.4316644113667118,0.9375,0.5683355886332883,0.30311231393775373,0.5683355886332883,False,False,0.9061178749764246,0.5,0.5,984,1478,0.6092213138065175,en,target_fpr,0.6756096517498075,0.7348343428146816,0.7076663858466723,0.0,0.500,0.05,toxicity,encoder_minilm,EXP-002
ru,test_oracle_unachievable,0.8483859522129522,0.0,1,0.7459546925566343,0.0,0.04871447902571042,0.3761840324763194,0.9275653923541247,0.6238159675236806,0.33626522327469555,0.6238159675236806,False,False,0.9061178749764246,0.5,0.5,984,1478,0.6092213138065175,en,target_fpr,,,0.7076663858466723,-0.03828830670996197,0.500,0.05,toxicity,encoder_minilm,EXP-002
tt,fixed_half,0.5,0.0,1,0.5445665445665446,0.0,0.5957161981258366,0.4029451137884873,0.500561167227834,0.5970548862115127,0.5963855421686747,0.5970548862115127,False,False,0.5188267572745242,0.5,0.5,908,1494,0.6092213138065175,en,target_fpr,,,0.15474794841735054,-0.3898185961491941,0.500,0.05,toxicity,encoder_minilm,EXP-002
tt,source_global,0.6092213138065175,0.0,1,0.5067024128686328,0.0,0.49129852744310576,0.4939759036144578,0.5073825503355704,0.5060240963855421,0.49866131191432395,0.5060240963855421,False,False,0.5188267572745242,0.5,0.5,908,1494,0.6092213138065175,en,target_fpr,0.47316454522576457,0.5362803986294502,0.15474794841735054,-0.3519544644512823,0.500,0.05,toxicity,encoder_minilm,EXP-002
tt,pooled_global,0.8540177720232236,0.0,1,0.35714285714285715,0.0,0.23159303882195448,0.7322623828647925,0.5361930294906166,0.2677376171352075,0.249665327978581,0.2677376171352075,False,False,0.5188267572745242,0.5,0.5,908,1494,0.6092213138065175,en,target_fpr,,,0.15474794841735054,-0.2023949087255066,0.500,0.05,toxicity,encoder_minilm,EXP-002
tt,worstcase_global,0.9706738292325466,0.0,1,0.12575574365175332,0.0,0.03748326639892905,0.9303882195448461,0.65,0.06961178045515395,0.0535475234270415,0.06961178045515395,False,False,0.5188267572745242,0.5,0.5,908,1494,0.6092213138065175,en,target_fpr,,,0.15474794841735054,0.028992204765597218,0.500,0.05,toxicity,encoder_minilm,EXP-002
tt,quantile_match,0.6365707400850331,0.0,1,0.5006839945280438,0.0,0.46720214190093706,0.5100401606425703,0.5118881118881119,0.4899598393574297,0.4785809906291834,0.4899598393574297,False,False,0.5188267572745242,0.5,0.5,908,1494,0.6092213138065175,en,target_fpr,,,0.15474794841735054,-0.3459360461106933,0.500,0.05,toxicity,encoder_minilm,EXP-002
tt,sld_em,0.42229990157741193,0.0,1,0.5770567786790267,0.0,0.643908969210174,0.3333333333333333,0.508682328907048,0.6666666666666666,0.6552878179384204,0.6666666666666666,False,False,0.5188267572745242,0.5,0.5,908,1494,0.6092213138065175,en,target_fpr,,,0.15474794841735054,-0.4223088302616762,0.500,0.05,toxicity,encoder_minilm,EXP-002
tt,bbse,0.5808836723746414,0.0,1,0.5162548764629389,0.0,0.5274431057563588,0.4685408299866131,0.5018963337547409,0.5314591700133868,0.5294511378848729,0.5314591700133868,False,False,0.5188267572745242,0.5,0.5,908,1494,0.6092213138065175,en,target_fpr,,,0.15474794841735054,-0.36150692804558837,0.500,0.05,toxicity,encoder_minilm,EXP-002
tt,few_label_8_strat,0.864467083314604,0.1729464740351213,25,0.2642188775068822,0.14698053335787353,0.1814190093708166,0.7887550200803213,0.5840303507506481,0.21124497991967867,0.19633199464524767,0.21124497991967867,False,False,0.5188267572745242,0.5,0.5,908,1494,0.6092213138065175,en,target_fpr,,,0.15474794841735054,-0.10947092908953168,0.500,0.05,toxicity,encoder_minilm,EXP-002
tt,few_label_8_rand,0.8710710549063433,0.15982908102900895,25,0.2748825881808642,0.1367922251232632,0.18254350736278446,0.7859705488621153,0.5925526793976152,0.2140294511378849,0.19828647925033466,0.2140294511378849,False,False,0.5188267572745242,0.5,0.5,908,1494,0.6092213138065175,en,target_fpr,,,0.15474794841735054,-0.12013463976351366,0.500,0.05,toxicity,encoder_minilm,EXP-002
tt,few_label_16_strat,0.9176329629471703,0.07107377934688955,25,0.22671711308799827,0.1174648522717291,0.12674698795180722,0.8423560910307899,0.6111354501077016,0.15764390896921018,0.1421954484605087,0.15764390896921018,False,False,0.5188267572745242,0.5,0.5,908,1494,0.6092213138065175,en,target_fpr,,,0.15474794841735054,-0.07196916467064773,0.500,0.05,toxicity,encoder_minilm,EXP-002
tt,few_label_16_rand,0.9357825139538789,0.06159710186245749,25,0.18983045237308388,0.11283614610467559,0.0961178045515395,0.873360107095047,0.6438964939876766,0.12663989290495314,0.11137884872824631,0.12663989290495314,False,False,0.5188267572745242,0.5,0.5,908,1494,0.6092213138065175,en,target_fpr,,,0.15474794841735054,-0.03508250395573334,0.500,0.05,toxicity,encoder_minilm,EXP-002
tt,few_label_32_strat,0.9638881125111081,0.019764921162624603,25,0.14311601278720795,0.06389641076668698,0.05242302543507362,0.91619812583668,0.6717644989060583,0.08380187416331994,0.06811244979919678,0.08380187416331994,False,False,0.5188267572745242,0.5,0.5,908,1494,0.6092213138065175,en,target_fpr,,,0.15474794841735054,0.011631935630142587,0.500,0.05,toxicity,encoder_minilm,EXP-002
tt,few_label_32_rand,0.9525241582092806,0.05593579591239147,25,0.15649056949106555,0.09231650731957877,0.06623828647925034,0.9014725568942437,0.6621470114401561,0.09852744310575635,0.08238286479250334,0.09852744310575635,False,False,0.5188267572745242,0.5,0.5,908,1494,0.6092213138065175,en,target_fpr,,,0.15474794841735054,-0.001742621073715006,0.500,0.05,toxicity,encoder_minilm,EXP-002
tt,few_label_64_strat,0.9634962505262034,0.017137396538991108,25,0.1456746395175374,0.051426006065962544,0.05178045515394913,0.9154484605087014,0.6572061698793737,0.08455153949129852,0.06816599732262384,0.08455153949129852,False,False,0.5188267572745242,0.5,0.5,908,1494,0.6092213138065175,en,target_fpr,,,0.15474794841735054,0.009073308899813143,0.500,0.05,toxicity,encoder_minilm,EXP-002
tt,few_label_64_rand,0.9658992549901206,0.01942211949300414,25,0.1378396972409707,0.05406403693836015,0.047764390896921013,0.9203212851405624,0.6709032866837036,0.07967871485943774,0.06372155287817939,0.07967871485943774,False,False,0.5188267572745242,0.5,0.5,908,1494,0.6092213138065175,en,target_fpr,,,0.15474794841735054,0.01690825117637984,0.500,0.05,toxicity,encoder_minilm,EXP-002
tt,few_label_128_strat,0.964338266704316,0.014054284455509658,25,0.14642363737058933,0.04284875542656436,0.05049531459170014,0.9157161981258366,0.6503698281378683,0.08428380187416332,0.06738955823293173,0.08428380187416332,False,False,0.5188267572745242,0.5,0.5,908,1494,0.6092213138065175,en,target_fpr,,,0.15474794841735054,0.008324311046761207,0.500,0.05,toxicity,encoder_minilm,EXP-002
tt,few_label_128_rand,0.9629621374833366,0.013682183909585444,25,0.15122083206750134,0.03753436520519938,0.05386880856760375,0.9127175368139224,0.632111147150884,0.08728246318607764,0.0705756358768407,0.08728246318607764,False,False,0.5188267572745242,0.5,0.5,908,1494,0.6092213138065175,en,target_fpr,,,0.15474794841735054,0.003527116349849202,0.500,0.05,toxicity,encoder_minilm,EXP-002
tt,few_label_256_strat,0.9620025497514645,0.008404381569524387,25,0.15443282559619118,0.022688981690972707,0.0557429718875502,0.9112717536813923,0.6215742093985568,0.08872824631860776,0.07223560910307898,0.08872824631860776,False,False,0.5188267572745242,0.5,0.5,908,1494,0.6092213138065175,en,target_fpr,,,0.15474794841735054,0.00031512282115936374,0.500,0.05,toxicity,encoder_minilm,EXP-002
tt,few_label_256_rand,0.9632077718226648,0.007548007586327402,25,0.15169708048879563,0.021611358546625412,0.05397590361445783,0.9131459170013386,0.6218329996540051,0.08685408299866132,0.07041499330655956,0.08685408299866132,False,False,0.5188267572745242,0.5,0.5,908,1494,0.6092213138065175,en,target_fpr,,,0.15474794841735054,0.0030508679285549123,0.500,0.05,toxicity,encoder_minilm,EXP-002
tt,target_full,0.9629305275356267,0.0,1,0.15474794841735054,0.0,0.0535475234270415,0.9116465863453815,0.6226415094339622,0.08835341365461848,0.07095046854082998,0.08835341365461848,False,False,0.5188267572745242,0.5,0.5,908,1494,0.6092213138065175,en,target_fpr,0.12335235333014899,0.1871484778802135,0.15474794841735054,0.0,0.500,0.05,toxicity,encoder_minilm,EXP-002
tt,test_oracle_unachievable,0.9673645171928428,0.0,1,0.1447212336892052,0.0,0.04685408299866131,0.9183400267737617,0.6354166666666666,0.08165997322623829,0.0642570281124498,0.08165997322623829,False,False,0.5188267572745242,0.5,0.5,908,1494,0.6092213138065175,en,target_fpr,,,0.15474794841735054,0.010026714728145342,0.500,0.05,toxicity,encoder_minilm,EXP-002
uk,fixed_half,0.5,0.0,1,0.6713384723195515,0.0,0.2810810810810811,0.3527027027027027,0.6972343522561864,0.6472972972972973,0.46418918918918917,0.6472972972972973,False,False,0.7608144631117604,0.5,0.5,988,1480,0.6092213138065175,en,target_fpr,,,0.4199796126401631,-0.25135885967938837,0.500,0.05,toxicity,encoder_minilm,EXP-002
uk,source_global,0.6092213138065175,0.0,1,0.6321401370906321,0.0,0.21351351351351353,0.4391891891891892,0.7242582897033158,0.5608108108108109,0.38716216216216215,0.5608108108108109,False,False,0.7608144631117604,0.5,0.5,988,1480,0.6092213138065175,en,target_fpr,0.6020068958771457,0.6622940641402415,0.4199796126401631,-0.212160524450469,0.500,0.05,toxicity,encoder_minilm,EXP-002
uk,pooled_global,0.87978699808248,0.0,1,0.4330312185297079,0.0,0.051351351351351354,0.7094594594594594,0.849802371541502,0.2905405405405405,0.17094594594594595,0.2905405405405405,False,False,0.7608144631117604,0.5,0.5,988,1480,0.6092213138065175,en,target_fpr,,,0.4199796126401631,-0.013051605889544793,0.500,0.05,toxicity,encoder_minilm,EXP-002
uk,worstcase_global,0.9706738292325466,0.0,1,0.18359853121175032,0.0,0.002702702702702703,0.8986486486486487,0.974025974025974,0.10135135135135136,0.05202702702702703,0.10135135135135136,False,False,0.7608144631117604,0.5,0.5,988,1480,0.6092213138065175,en,target_fpr,,,0.4199796126401631,0.23638108142841277,0.500,0.05,toxicity,encoder_minilm,EXP-002
uk,quantile_match,0.47376499316968534,0.0,1,0.6857532379004773,0.0,0.3027027027027027,0.3202702702702703,0.6918844566712518,0.6797297297297298,0.4912162162162162,0.6797297297297298,False,False,0.7608144631117604,0.5,0.5,988,1480,0.6092213138065175,en,target_fpr,,,0.4199796126401631,-0.2657736252603142,0.500,0.05,toxicity,encoder_minilm,EXP-002
uk,sld_em,0.6812065221163879,0.0,1,0.6122778675282714,0.0,0.1608108108108108,0.48783783783783785,0.7610441767068273,0.5121621621621621,0.3364864864864865,0.5121621621621621,False,False,0.7608144631117604,0.5,0.5,988,1480,0.6092213138065175,en,target_fpr,,,0.4199796126401631,-0.1922982548881083,0.500,0.05,toxicity,encoder_minilm,EXP-002
uk,bbse,0.7167206636559791,0.0,1,0.5911740216486261,0.0,0.14324324324324325,0.5202702702702703,0.7700650759219089,0.4797297297297297,0.31148648648648647,0.4797297297297297,False,False,0.7608144631117604,0.5,0.5,988,1480,0.6092213138065175,en,target_fpr,,,0.4199796126401631,-0.171194409008463,0.500,0.05,toxicity,encoder_minilm,EXP-002
uk,few_label_8_strat,0.7223816110012361,0.2227977406373136,25,0.49070205466200706,0.19256781888326627,0.1510810810810811,0.5806486486486486,0.8032089656804332,0.41935135135135126,0.28521621621621623,0.41935135135135126,False,False,0.7608144631117604,0.5,0.5,988,1480,0.6092213138065175,en,target_fpr,,,0.4199796126401631,-0.07072244202184397,0.500,0.05,toxicity,encoder_minilm,EXP-002
uk,few_label_8_rand,0.6782851813935215,0.21712167283592773,25,0.536353164731953,0.17493122687609358,0.1825945945945946,0.5285945945945947,0.7736888028743567,0.4714054054054053,0.327,0.4714054054054053,False,False,0.7608144631117604,0.5,0.5,988,1480,0.6092213138065175,en,target_fpr,,,0.4199796126401631,-0.11637355209178996,0.500,0.05,toxicity,encoder_minilm,EXP-002
uk,few_label_16_strat,0.8530765976961082,0.15472905530552344,25,0.3611867892731895,0.1949952757052,0.06945945945945946,0.7317837837837838,0.8738071649364189,0.2682162162162162,0.16883783783783785,0.2682162162162162,False,False,0.7608144631117604,0.5,0.5,988,1480,0.6092213138065175,en,target_fpr,,,0.4199796126401631,0.05879282336697361,0.500,0.05,toxicity,encoder_minilm,EXP-002
uk,few_label_16_rand,0.7500749010761706,0.20817691780878947,25,0.4945440336152641,0.14700038197012982,0.1355135135135135,0.5963243243243244,0.8072251541525834,0.4036756756756757,0.2695945945945946,0.4036756756756757,False,False,0.7608144631117604,0.5,0.5,988,1480,0.6092213138065175,en,target_fpr,,,0.4199796126401631,-0.07456442097510102,0.500,0.05,toxicity,encoder_minilm,EXP-002
uk,few_label_32_strat,0.8870060758886247,0.09532272490298223,25,0.3527530169243133,0.1543999365912833,0.048378378378378384,0.757945945945946,0.8801801315334447,0.24205405405405409,0.1452162162162162,0.24205405405405409,False,False,0.7608144631117604,0.5,0.5,988,1480,0.6092213138065175,en,target_fpr,,,0.4199796126401631,0.06722659571584977,0.500,0.05,toxicity,encoder_minilm,EXP-002
uk,few_label_32_rand,0.8880391042505414,0.08282419170641807,25,0.3572196405921072,0.15776288022616675,0.04837837837837838,0.7554054054054054,0.8768872845426136,0.24459459459459457,0.1464864864864865,0.24459459459459457,False,False,0.7608144631117604,0.5,0.5,988,1480,0.6092213138065175,en,target_fpr,,,0.4199796126401631,0.06275997204805589,0.500,0.05,toxicity,encoder_minilm,EXP-002
uk,few_label_64_strat,0.8517294127389623,0.08893167081470399,25,0.4272973294436339,0.12697434038198033,0.06654054054054054,0.6967567567567567,0.8471408036057949,0.30324324324324325,0.18489189189189187,0.30324324324324325,False,False,0.7608144631117604,0.5,0.5,988,1480,0.6092213138065175,en,target_fpr,,,0.4199796126401631,-0.0073177168034708195,0.500,0.05,toxicity,encoder_minilm,EXP-002
uk,few_label_64_rand,0.8615301562235187,0.06960666790977507,25,0.4223725213105181,0.11665345896788315,0.06151351351351352,0.7055135135135134,0.8484206393553968,0.29448648648648645,0.17800000000000002,0.29448648648648645,False,False,0.7608144631117604,0.5,0.5,988,1480,0.6092213138065175,en,target_fpr,,,0.4199796126401631,-0.0023929086703550206,0.500,0.05,toxicity,encoder_minilm,EXP-002
uk,few_label_128_strat,0.8463805173011384,0.06831240909852096,25,0.45275801955824213,0.08255846351703472,0.06924324324324325,0.6805405405405405,0.8345807151852028,0.3194594594594594,0.19435135135135137,0.3194594594594594,False,False,0.7608144631117604,0.5,0.5,988,1480,0.6092213138065175,en,target_fpr,,,0.4199796126401631,-0.03277840691807904,0.500,0.05,toxicity,encoder_minilm,EXP-002
uk,few_label_128_rand,0.8748822198251722,0.07512780011635607,25,0.4002293281573994,0.11859128669818512,0.05443243243243243,0.7255675675675676,0.8575600846911293,0.2744324324324324,0.1644324324324324,0.2744324324324324,False,False,0.7608144631117604,0.5,0.5,988,1480,0.6092213138065175,en,target_fpr,,,0.4199796126401631,0.01975028448276367,0.500,0.05,toxicity,encoder_minilm,EXP-002
uk,few_label_256_strat,0.8880938844513581,0.02794838656142667,25,0.4083987042443857,0.04566602412417223,0.04654054054054054,0.7298918918918919,0.8562815879129431,0.2701081081081081,0.15832432432432433,0.2701081081081081,False,False,0.7608144631117604,0.5,0.5,988,1480,0.6092213138065175,en,target_fpr,,,0.4199796126401631,0.011580908395777412,0.500,0.05,toxicity,encoder_minilm,EXP-002
uk,few_label_256_rand,0.8789294093045182,0.031242569230885198,25,0.4237011082171191,0.047617925180446954,0.05097297297297297,0.7156756756756758,0.8517174679106525,0.28432432432432436,0.1676486486486487,0.28432432432432436,False,False,0.7608144631117604,0.5,0.5,988,1480,0.6092213138065175,en,target_fpr,,,0.4199796126401631,-0.003721495576956002,0.500,0.05,toxicity,encoder_minilm,EXP-002
uk,target_full,0.8874264721890373,0.0,1,0.4199796126401631,0.0,0.0472972972972973,0.7216216216216216,0.8547717842323651,0.27837837837837837,0.16283783783783784,0.27837837837837837,False,False,0.7608144631117604,0.5,0.5,988,1480,0.6092213138065175,en,target_fpr,0.37768685976412975,0.45491687301025824,0.4199796126401631,0.0,0.500,0.05,toxicity,encoder_minilm,EXP-002
uk,test_oracle_unachievable,0.8832911980390041,0.0,1,0.4287158746208291,0.0,0.05,0.7135135135135136,0.8514056224899599,0.2864864864864865,0.16824324324324325,0.2864864864864865,False,False,0.7608144631117604,0.5,0.5,988,1480,0.6092213138065175,en,target_fpr,,,0.4199796126401631,-0.008736261980666016,0.500,0.05,toxicity,encoder_minilm,EXP-002
zh,fixed_half,0.5,0.0,1,0.5311812179016875,0.0,0.3418230563002681,0.514745308310992,0.586709886547812,0.48525469168900803,0.41353887399463807,0.48525469168900803,False,False,0.6017437054819628,0.5,0.5,990,1492,0.6092213138065175,en,target_fpr,,,0.1914648212226067,-0.3397163966790808,0.500,0.05,toxicity,encoder_minilm,EXP-002
zh,source_global,0.6092213138065175,0.0,1,0.46166529266281947,0.0,0.25067024128686327,0.6246648793565683,0.5995717344753747,0.3753351206434316,0.31300268096514744,0.3753351206434316,False,False,0.6017437054819628,0.5,0.5,990,1492,0.6092213138065175,en,target_fpr,0.42696945586806917,0.4990400161681487,0.1914648212226067,-0.27020047144021275,0.500,0.05,toxicity,encoder_minilm,EXP-002
zh,pooled_global,0.8751892898219678,0.0,1,0.23684210526315794,0.0,0.0777479892761394,0.8552278820375335,0.6506024096385542,0.1447721179624665,0.11126005361930295,0.1447721179624665,False,False,0.6017437054819628,0.5,0.5,990,1492,0.6092213138065175,en,target_fpr,,,0.1914648212226067,-0.04537728404055125,0.500,0.05,toxicity,encoder_minilm,EXP-002
zh,worstcase_global,0.9706738292325466,0.0,1,0.05188067444876783,0.0,0.006702412868632708,0.9731903485254692,0.8,0.02680965147453083,0.01675603217158177,0.02680965147453083,False,False,0.6017437054819628,0.5,0.5,990,1492,0.6092213138065175,en,target_fpr,,,0.1914648212226067,0.13958414677383885,0.500,0.05,toxicity,encoder_minilm,EXP-002
zh,quantile_match,0.4401577841264902,0.0,1,0.5638520586182834,0.0,0.37935656836461124,0.4584450402144772,0.5880640465793304,0.5415549597855228,0.460455764075067,0.5415549597855228,False,False,0.6017437054819628,0.5,0.5,990,1492,0.6092213138065175,en,target_fpr,,,0.1914648212226067,-0.3723872373956767,0.500,0.05,toxicity,encoder_minilm,EXP-002
zh,sld_em,0.7234185038337845,0.0,1,0.3856749311294766,0.0,0.17828418230563003,0.7184986595174263,0.6122448979591837,0.28150134048257375,0.22989276139410186,0.28150134048257375,False,False,0.6017437054819628,0.5,0.5,990,1492,0.6092213138065175,en,target_fpr,,,0.1914648212226067,-0.1942101099068699,0.500,0.05,toxicity,encoder_minilm,EXP-002
zh,bbse,0.7569321491803875,0.0,1,0.36174242424242425,0.0,0.15951742627345844,0.7439678284182306,0.6161290322580645,0.25603217158176944,0.20777479892761394,0.25603217158176944,False,False,0.6017437054819628,0.5,0.5,990,1492,0.6092213138065175,en,target_fpr,,,0.1914648212226067,-0.17027760301981756,0.500,0.05,toxicity,encoder_minilm,EXP-002
zh,few_label_8_strat,0.7249699025391194,0.15712853590628797,25,0.3605814930942216,0.13731219662373298,0.1779088471849866,0.7204825737265417,0.6301566130859202,0.27951742627345844,0.22871313672922253,0.27951742627345844,False,False,0.6017437054819628,0.5,0.5,990,1492,0.6092213138065175,en,target_fpr,,,0.1914648212226067,-0.16911667187161492,0.500,0.05,toxicity,encoder_minilm,EXP-002
zh,few_label_8_rand,0.6839313820406807,0.21498619009314388,25,0.3771627356551493,0.16005242090806887,0.21571045576407502,0.6832171581769438,0.6285452814040532,0.3167828418230563,0.26624664879356563,0.3167828418230563,False,False,0.6017437054819628,0.5,0.5,990,1492,0.6092213138065175,en,target_fpr,,,0.1914648212226067,-0.1856979144325426,0.500,0.05,toxicity,encoder_minilm,EXP-002
zh,few_label_16_strat,0.853395011790679,0.093855500386374,25,0.24459204678816648,0.1162153187718754,0.09142091152815013,0.8377479892761392,0.6698710230856887,0.16225201072386056,0.12683646112600536,0.16225201072386056,False,False,0.6017437054819628,0.5,0.5,990,1492,0.6092213138065175,en,target_fpr,,,0.1914648212226067,-0.053127225565559794,0.500,0.05,toxicity,encoder_minilm,EXP-002
zh,few_label_16_rand,0.8718932842810163,0.10585060104173029,25,0.2194095317148571,0.1165213994099428,0.07758713136729223,0.8564075067024128,0.682916773147381,0.14359249329758714,0.11058981233243967,0.14359249329758714,False,False,0.6017437054819628,0.5,0.5,990,1492,0.6092213138065175,en,target_fpr,,,0.1914648212226067,-0.02794471049225042,0.500,0.05,toxicity,encoder_minilm,EXP-002
zh,few_label_32_strat,0.938321902823125,0.046239020297013635,25,0.12618013364277966,0.0877334976112066,0.034530831099195705,0.9263270777479893,0.7160733413356859,0.07367292225201073,0.05410187667560321,0.07367292225201073,False,False,0.6017437054819628,0.5,0.5,990,1492,0.6092213138065175,en,target_fpr,,,0.1914648212226067,0.06528468757982703,0.500,0.05,toxicity,encoder_minilm,EXP-002
zh,few_label_32_rand,0.9417855849689478,0.049006447705046204,25,0.11887127889800139,0.09007204347742508,0.03195710455764075,0.930455764075067,0.7223529298474695,0.06954423592493297,0.05075067024128686,0.06954423592493297,False,False,0.6017437054819628,0.5,0.5,990,1492,0.6092213138065175,en,target_fpr,,,0.1914648212226067,0.0725935423246053,0.500,0.05,toxicity,encoder_minilm,EXP-002
zh,few_label_64_strat,0.9225292798496513,0.0420819855178634,25,0.16089414699966917,0.07634938121298862,0.04455764075067024,0.9054155495978552,0.6999209832236373,0.09458445040214478,0.0695710455764075,0.09458445040214478,False,False,0.6017437054819628,0.5,0.5,990,1492,0.6092213138065175,en,target_fpr,,,0.1914648212226067,0.03057067422293752,0.500,0.05,toxicity,encoder_minilm,EXP-002
zh,few_label_64_rand,0.9169381627610433,0.04988706030624404,25,0.1660751732612863,0.08561642778627572,0.04798927613941018,0.900911528150134,0.6995442308823566,0.09908847184986595,0.07353887399463807,0.09908847184986595,False,False,0.6017437054819628,0.5,0.5,990,1492,0.6092213138065175,en,target_fpr,,,0.1914648212226067,0.0253896479613204,0.500,0.05,toxicity,encoder_minilm,EXP-002
zh,few_label_128_strat,0.9019638548918691,0.04358077111734654,25,0.19930958578722774,0.06182730396220095,0.059142091152815005,0.8803217158176944,0.6798893414536937,0.11967828418230562,0.08941018766756033,0.11967828418230562,False,False,0.6017437054819628,0.5,0.5,990,1492,0.6092213138065175,en,target_fpr,,,0.1914648212226067,-0.007844764564621048,0.500,0.05,toxicity,encoder_minilm,EXP-002
zh,few_label_128_rand,0.9226518968887163,0.04137214015059102,25,0.162111100766536,0.07179773480640138,0.04466487935656836,0.9049329758713138,0.7025383660073653,0.09506702412868634,0.06986595174262733,0.09506702412868634,False,False,0.6017437054819628,0.5,0.5,990,1492,0.6092213138065175,en,target_fpr,,,0.1914648212226067,0.02935372045607068,0.500,0.05,toxicity,encoder_minilm,EXP-002
zh,few_label_256_strat,0.9130718431600937,0.026276421518898262,25,0.18735730709590726,0.03966558541138333,0.05109919571045576,0.8904021447721181,0.6888976359798371,0.10959785522788204,0.08034852546916892,0.10959785522788204,False,False,0.6017437054819628,0.5,0.5,990,1492,0.6092213138065175,en,target_fpr,,,0.1914648212226067,0.004107514126699435,0.500,0.05,toxicity,encoder_minilm,EXP-002
zh,few_label_256_rand,0.9096033691767507,0.026991078003920903,25,0.19412145191822297,0.0345599783106905,0.054262734584450405,0.8858981233243969,0.6824870872970734,0.11410187667560322,0.08418230563002681,0.11410187667560322,False,False,0.6017437054819628,0.5,0.5,990,1492,0.6092213138065175,en,target_fpr,,,0.1914648212226067,-0.00265663069561628,0.500,0.05,toxicity,encoder_minilm,EXP-002
zh,target_full,0.9138237166335826,0.0,1,0.1914648212226067,0.0,0.05093833780160858,0.8887399463806971,0.6859504132231405,0.11126005361930295,0.08109919571045576,0.11126005361930295,False,False,0.6017437054819628,0.5,0.5,990,1492,0.6092213138065175,en,target_fpr,0.155188679245283,0.22505056885396738,0.1914648212226067,0.0,0.500,0.05,toxicity,encoder_minilm,EXP-002
zh,test_oracle_unachievable,0.9172039504475259,0.0,1,0.18959537572254337,0.0,0.049597855227882036,0.8900804289544236,0.6890756302521008,0.10991957104557641,0.07975871313672922,0.10991957104557641,False,False,0.6017437054819628,0.5,0.5,990,1492,0.6092213138065175,en,target_fpr,,,0.1914648212226067,0.0018694455000633214,0.500,0.05,toxicity,encoder_minilm,EXP-002
am,fixed_half,0.5,0.0,1,0.2725173210161663,0.0,0.1441326530612245,0.7739463601532567,0.3430232558139535,0.2260536398467433,0.1645933014354067,0.2260536398467433,False,False,0.576950895300649,0.24976076555023924,0.25,652,1045,0.6109261417773237,en,target_fpr,,,0.08524590163934426,-0.18727141937682207,0.250,0.05,toxicity,encoder_minilm,EXP-002
am,source_global,0.6109261417773237,0.0,1,0.18378378378378377,0.0,0.09566326530612244,0.8697318007662835,0.3119266055045872,0.13026819923371646,0.10430622009569378,0.13026819923371646,False,False,0.576950895300649,0.24976076555023924,0.25,652,1045,0.6109261417773237,en,target_fpr,0.13175824356279559,0.2334641640522964,0.08524590163934426,-0.09853788214443951,0.250,0.05,toxicity,encoder_minilm,EXP-002
am,pooled_global,0.8872941638872547,0.0,1,0.03597122302158273,0.0,0.015306122448979591,0.9808429118773946,0.29411764705882354,0.019157088122605363,0.016267942583732056,0.019157088122605363,False,False,0.576950895300649,0.24976076555023924,0.25,652,1045,0.6109261417773237,en,target_fpr,,,0.08524590163934426,0.049274678617761525,0.250,0.05,toxicity,encoder_minilm,EXP-002
am,worstcase_global,0.9688718380734942,0.0,1,0.01509433962264151,0.0,0.002551020408163265,0.9923371647509579,0.5,0.007662835249042145,0.003827751196172249,0.007662835249042145,True,False,0.576950895300649,0.24976076555023924,0.25,652,1045,0.6109261417773237,en,target_fpr,,,0.08524590163934426,0.07015156201670275,0.250,0.05,toxicity,encoder_minilm,EXP-002
am,quantile_match,0.3367303565704228,0.0,1,0.32103321033210336,0.0,0.24744897959183673,0.6666666666666666,0.3096085409252669,0.3333333333333333,0.26889952153110047,0.3333333333333333,False,False,0.576950895300649,0.24976076555023924,0.25,652,1045,0.6109261417773237,en,target_fpr,,,0.08524590163934426,-0.2357873086927591,0.250,0.05,toxicity,encoder_minilm,EXP-002
am,sld_em,0.9884000430620669,0.0,1,0.0,0.0,0.0012755102040816326,1.0,0.0,0.0,0.0009569377990430622,0.0,True,False,0.576950895300649,0.24976076555023924,0.25,652,1045,0.6109261417773237,en,target_fpr,,,0.08524590163934426,0.08524590163934426,0.250,0.05,toxicity,encoder_minilm,EXP-002
am,bbse,0.8528139516969432,0.0,1,0.04946996466431095,0.0,0.01913265306122449,0.9731800766283525,0.3181818181818182,0.02681992337164751,0.021052631578947368,0.02681992337164751,False,False,0.576950895300649,0.24976076555023924,0.25,652,1045,0.6109261417773237,en,target_fpr,,,0.08524590163934426,0.035775936975033305,0.250,0.05,toxicity,encoder_minilm,EXP-002
am,few_label_8_strat,0.6314228625904782,0.21543091223065733,25,0.18119547675630912,0.10985320960197555,0.11484693877551021,0.841992337164751,0.3237214751106548,0.15800766283524903,0.12562679425837323,0.15800766283524903,False,False,0.576950895300649,0.24976076555023924,0.25,652,1045,0.6109261417773237,en,target_fpr,,,0.08524590163934426,-0.09594957511696486,0.250,0.05,toxicity,encoder_minilm,EXP-002
am,few_label_8_rand,0.6325707904555149,0.18024182751250054,25,0.1804158319098658,0.09644066796706485,0.10709183673469388,0.8510344827586208,0.3173239183817637,0.1489655172413793,0.11755023923444975,0.1489655172413793,False,False,0.576950895300649,0.24976076555023924,0.25,652,1045,0.6109261417773237,en,target_fpr,,,0.08524590163934426,-0.09516993027052154,0.250,0.05,toxicity,encoder_minilm,EXP-002
am,few_label_16_strat,0.684626954890631,0.1681146509197817,25,0.1559314892715031,0.09242241618370957,0.08459183673469386,0.8798467432950191,0.3226406615093801,0.12015325670498084,0.09347368421052632,0.12015325670498084,False,False,0.576950895300649,0.24976076555023924,0.25,652,1045,0.6109261417773237,en,target_fpr,,,0.08524590163934426,-0.07068558763215885,0.250,0.05,toxicity,encoder_minilm,EXP-002
am,few_label_16_rand,0.7316254759179992,0.13799734196495744,25,0.1287145073427809,0.08044150399772718,0.06270408163265306,0.9100383141762453,0.3139855235770272,0.08996168582375479,0.06951196172248804,0.08996168582375479,False,False,0.576950895300649,0.24976076555023924,0.25,652,1045,0.6109261417773237,en,target_fpr,,,0.08524590163934426,-0.043468605703436636,0.250,0.05,toxicity,encoder_minilm,EXP-002
am,few_label_32_strat,0.7823579443089339,0.14437310070130774,25,0.09983722337767864,0.08531041707634043,0.04816326530612245,0.9304214559386973,0.3210170540765705,0.06957854406130268,0.053511961722488045,0.06957854406130268,False,False,0.576950895300649,0.24976076555023924,0.25,652,1045,0.6109261417773237,en,target_fpr,,,0.08524590163934426,-0.014591321738334384,0.250,0.05,toxicity,encoder_minilm,EXP-002
am,few_label_32_rand,0.7279146360370315,0.13509825913998239,25,0.13182396031553428,0.07704437973247612,0.06484693877551022,0.9077394636015326,0.3198654882356674,0.09226053639846743,0.07169377990430621,0.09226053639846743,False,False,0.576950895300649,0.24976076555023924,0.25,652,1045,0.6109261417773237,en,target_fpr,,,0.08524590163934426,-0.046578058676190026,0.250,0.05,toxicity,encoder_minilm,EXP-002
am,few_label_64_strat,0.8341952595935664,0.09218376508734137,25,0.07056921781730847,0.05244139391235594,0.03163265306122449,0.9567816091954023,0.3157512040724354,0.0432183908045977,0.03452631578947368,0.0432183908045977,False,False,0.576950895300649,0.24976076555023924,0.25,652,1045,0.6109261417773237,en,target_fpr,,,0.08524590163934426,0.014676683822035783,0.250,0.05,toxicity,encoder_minilm,EXP-002
am,few_label_64_rand,0.8128249917886365,0.07948030600878457,25,0.08117990840556923,0.04712609126790124,0.03673469387755102,0.9504980842911877,0.31374025637890796,0.049501915708812266,0.039923444976076555,0.049501915708812266,False,False,0.576950895300649,0.24976076555023924,0.25,652,1045,0.6109261417773237,en,target_fpr,,,0.08524590163934426,0.004065993233775031,0.250,0.05,toxicity,encoder_minilm,EXP-002
am,few_label_128_strat,0.7649101665640607,0.08687404371745165,25,0.1055662098821434,0.0544795179036934,0.049846938775510205,0.9322605363984674,0.30799940996221326,0.06773946360153257,0.05431578947368422,0.06773946360153257,False,False,0.576950895300649,0.24976076555023924,0.25,652,1045,0.6109261417773237,en,target_fpr,,,0.08524590163934426,-0.020320308242799137,0.250,0.05,toxicity,encoder_minilm,EXP-002
am,few_label_128_rand,0.8241374345242727,0.06139073434000698,25,0.06553996252550284,0.03673887145629069,0.03096938775510204,0.9613793103448276,0.2913205387908461,0.03862068965517242,0.032880382775119614,0.03862068965517242,False,False,0.576950895300649,0.24976076555023924,0.25,652,1045,0.6109261417773237,en,target_fpr,,,0.08524590163934426,0.019705939113841414,0.250,0.05,toxicity,encoder_minilm,EXP-002
am,few_label_256_strat,0.7743022618912156,0.062205979855477,25,0.10071538021648321,0.03796897740740814,0.0475,0.937624521072797,0.3031517626387149,0.062375478927203055,0.051215311004784686,0.062375478927203055,False,False,0.576950895300649,0.24976076555023924,0.25,652,1045,0.6109261417773237,en,target_fpr,,,0.08524590163934426,-0.015469478577138956,0.250,0.05,toxicity,encoder_minilm,EXP-002
am,few_label_256_rand,0.798200680107729,0.033650332094712805,25,0.08610166873126107,0.02515703620164253,0.0398469387755102,0.9489655172413793,0.2959829622977545,0.051034482758620686,0.04264114832535885,0.051034482758620686,False,False,0.576950895300649,0.24976076555023924,0.25,652,1045,0.6109261417773237,en,target_fpr,,,0.08524590163934426,-0.0008557670919168148,0.250,0.05,toxicity,encoder_minilm,EXP-002
am,target_full,0.796865772303853,0.0,1,0.08524590163934426,0.0,0.039540816326530615,0.9501915708812261,0.29545454545454547,0.04980842911877394,0.042105263157894736,0.04980842911877394,False,False,0.576950895300649,0.24976076555023924,0.25,652,1045,0.6109261417773237,en,target_fpr,0.04522434960537854,0.13333333333333333,0.08524590163934426,0.0,0.250,0.05,toxicity,encoder_minilm,EXP-002
am,test_oracle_unachievable,0.7655849349952408,0.0,1,0.11320754716981131,0.0,0.04974489795918367,0.9310344827586207,0.3157894736842105,0.06896551724137931,0.05454545454545454,0.06896551724137931,False,False,0.576950895300649,0.24976076555023924,0.25,652,1045,0.6109261417773237,en,target_fpr,,,0.08524590163934426,-0.027961645530467052,0.250,0.05,toxicity,encoder_minilm,EXP-002
ar,fixed_half,0.5,0.0,1,0.354639175257732,0.0,0.20053475935828877,0.6546184738955824,0.3644067796610169,0.3453815261044177,0.23671013039117353,0.3453815261044177,False,False,0.6239181324227391,0.24974924774322968,0.24924471299093656,662,997,0.6109261417773237,en,target_fpr,,,0.22012578616352202,-0.13451338909420996,0.250,0.05,toxicity,encoder_minilm,EXP-002
ar,source_global,0.6109261417773237,0.0,1,0.3177570093457944,0.0,0.1483957219251337,0.7269076305220884,0.37988826815642457,0.27309236947791166,0.17953861584754263,0.27309236947791166,False,False,0.6239181324227391,0.24974924774322968,0.24924471299093656,662,997,0.6109261417773237,en,target_fpr,0.2646329261954262,0.3767221908526256,0.22012578616352202,-0.09763122318227235,0.250,0.05,toxicity,encoder_minilm,EXP-002
ar,pooled_global,0.8846673630934114,0.0,1,0.21725239616613418,0.0,0.040106951871657755,0.8634538152610441,0.53125,0.13654618473895583,0.0641925777331996,0.13654618473895583,False,False,0.6239181324227391,0.24974924774322968,0.24924471299093656,662,997,0.6109261417773237,en,target_fpr,,,0.22012578616352202,0.002873389997387843,0.250,0.05,toxicity,encoder_minilm,EXP-002
ar,worstcase_global,0.9688718380734942,0.0,1,0.052830188679245285,0.0,0.012032085561497326,0.9718875502008032,0.4375,0.028112449799196786,0.0160481444332999,0.028112449799196786,False,False,0.6239181324227391,0.24974924774322968,0.24924471299093656,662,997,0.6109261417773237,en,target_fpr,,,0.22012578616352202,0.16729559748427675,0.250,0.05,toxicity,encoder_minilm,EXP-002
ar,quantile_match,0.4603135096642107,0.0,1,0.3603960396039604,0.0,0.22058823529411764,0.6345381526104418,0.35546875,0.3654618473895582,0.2567703109327984,0.3654618473895582,False,False,0.6239181324227391,0.24974924774322968,0.24924471299093656,662,997,0.6109261417773237,en,target_fpr,,,0.22012578616352202,-0.14027025344043836,0.250,0.05,toxicity,encoder_minilm,EXP-002
ar,sld_em,0.8126180784851499,0.0,1,0.23391812865497072,0.0,0.07085561497326204,0.8393574297188755,0.43010752688172044,0.1606425702811245,0.09327983951855567,0.1606425702811245,False,False,0.6239181324227391,0.24974924774322968,0.24924471299093656,662,997,0.6109261417773237,en,target_fpr,,,0.22012578616352202,-0.0137923424914487,0.250,0.05,toxicity,encoder_minilm,EXP-002
ar,bbse,0.7317124574448189,0.0,1,0.2532981530343008,0.0,0.10962566844919786,0.8072289156626506,0.36923076923076925,0.1927710843373494,0.13039117352056168,0.1927710843373494,False,False,0.6239181324227391,0.24974924774322968,0.24924471299093656,662,997,0.6109261417773237,en,target_fpr,,,0.22012578616352202,-0.03317236687077879,0.250,0.05,toxicity,encoder_minilm,EXP-002
ar,few_label_8_strat,0.7015826644765335,0.21052700492430096,25,0.2661361794353851,0.07853261556524341,0.12395721925133689,0.7704417670682732,0.4277029381161767,0.22955823293172692,0.15033099297893682,0.22955823293172692,False,False,0.6239181324227391,0.24974924774322968,0.24924471299093656,662,997,0.6109261417773237,en,target_fpr,,,0.22012578616352202,-0.04601039327186307,0.250,0.05,toxicity,encoder_minilm,EXP-002
ar,few_label_8_rand,0.7175281750545776,0.1819350850650168,25,0.26000569077414254,0.07956286342611471,0.11213903743315506,0.786024096385542,0.4179585003806477,0.21397590361445784,0.13757271815446337,0.21397590361445784,False,False,0.6239181324227391,0.24974924774322968,0.24924471299093656,662,997,0.6109261417773237,en,target_fpr,,,0.22012578616352202,-0.03987990461062052,0.250,0.05,toxicity,encoder_minilm,EXP-002
ar,few_label_16_strat,0.7913843823281396,0.16333300447185908,25,0.23213937668405696,0.07424945094624652,0.07989304812834223,0.8257028112449799,0.46502547645897496,0.1742971887550201,0.10347041123370111,0.1742971887550201,False,False,0.6239181324227391,0.24974924774322968,0.24924471299093656,662,997,0.6109261417773237,en,target_fpr,,,0.22012578616352202,-0.01201359052053494,0.250,0.05,toxicity,encoder_minilm,EXP-002
ar,few_label_16_rand,0.8351838363907335,0.13253128472476242,25,0.19797894092836704,0.09098239457990247,0.06272727272727271,0.8583132530120481,0.44275351317015166,0.14168674698795183,0.08244734202607823,0.14168674698795183,False,False,0.6239181324227391,0.24974924774322968,0.24924471299093656,662,997,0.6109261417773237,en,target_fpr,,,0.22012578616352202,0.022146845235154977,0.250,0.05,toxicity,encoder_minilm,EXP-002
ar,few_label_32_strat,0.8691194749026003,0.10706556069410414,25,0.17336893893832428,0.08505204278335916,0.04951871657754011,0.8824096385542168,0.457357165932445,0.11759036144578314,0.06651955867602809,0.11759036144578314,False,False,0.6239181324227391,0.24974924774322968,0.24924471299093656,662,997,0.6109261417773237,en,target_fpr,,,0.22012578616352202,0.04675684722519774,0.250,0.05,toxicity,encoder_minilm,EXP-002
ar,few_label_32_rand,0.8719728546115525,0.08108024478344308,25,0.18461118185247294,0.07187464233818726,0.04711229946524064,0.8785542168674698,0.47689658280560104,0.12144578313253013,0.06567703109327984,0.12144578313253013,False,False,0.6239181324227391,0.24974924774322968,0.24924471299093656,662,997,0.6109261417773237,en,target_fpr,,,0.22012578616352202,0.03551460431104908,0.250,0.05,toxicity,encoder_minilm,EXP-002
ar,few_label_64_strat,0.8729809324933643,0.10134444751661936,25,0.17895991927753316,0.07071929867115223,0.04743315508021391,0.8811244979919678,0.48421457734062445,0.11887550200803214,0.06527582748244735,0.11887550200803214,False,False,0.6239181324227391,0.24974924774322968,0.24924471299093656,662,997,0.6109261417773237,en,target_fpr,,,0.22012578616352202,0.04116586688598886,0.250,0.05,toxicity,encoder_minilm,EXP-002
ar,few_label_64_rand,0.8763225175689587,0.09087594487290555,25,0.17856548404271724,0.06534486451929886,0.045828877005347594,0.8830522088353415,0.4862595447405242,0.11694779116465864,0.06359077231695084,0.11694779116465864,False,False,0.6239181324227391,0.24974924774322968,0.24924471299093656,662,997,0.6109261417773237,en,target_fpr,,,0.22012578616352202,0.041560302120804776,0.250,0.05,toxicity,encoder_minilm,EXP-002
ar,few_label_128_strat,0.8580558944166633,0.05277164989470101,25,0.2137670704312931,0.03734234400647572,0.05192513368983957,0.8599196787148594,0.4883513598014085,0.14008032128514056,0.07394182547642929,0.14008032128514056,False,False,0.6239181324227391,0.24974924774322968,0.24924471299093656,662,997,0.6109261417773237,en,target_fpr,,,0.22012578616352202,0.006358715732228931,0.250,0.05,toxicity,encoder_minilm,EXP-002
ar,few_label_128_rand,0.8893543052402079,0.035244490790352696,25,0.19339787815573703,0.04015092931278755,0.038930481283422455,0.8790361445783132,0.5128793110957132,0.12096385542168676,0.059418254764292876,0.12096385542168676,False,False,0.6239181324227391,0.24974924774322968,0.24924471299093656,662,997,0.6109261417773237,en,target_fpr,,,0.22012578616352202,0.02672790800778499,0.250,0.05,toxicity,encoder_minilm,EXP-002
ar,few_label_256_strat,0.8603191462709475,0.03300641551935632,25,0.2189816846695818,0.013206761695506523,0.05010695187165774,0.858152610441767,0.4933617346066964,0.14184738955823295,0.07301905717151454,0.14184738955823295,False,False,0.6239181324227391,0.24974924774322968,0.24924471299093656,662,997,0.6109261417773237,en,target_fpr,,,0.22012578616352202,0.0011441014939402305,0.250,0.05,toxicity,encoder_minilm,EXP-002
ar,few_label_256_rand,0.863601160389832,0.02737997524160435,25,0.2196610272948777,0.011721066736093973,0.049090909090909095,0.858152610441767,0.4963718531585385,0.14184738955823295,0.07225677031093279,0.14184738955823295,False,False,0.6239181324227391,0.24974924774322968,0.24924471299093656,662,997,0.6109261417773237,en,target_fpr,,,0.22012578616352202,0.0004647588686443327,0.250,0.05,toxicity,encoder_minilm,EXP-002
ar,target_full,0.8729546272720108,0.0,1,0.22012578616352202,0.0,0.045454545454545456,0.8594377510040161,0.5072463768115942,0.14056224899598393,0.06920762286860582,0.14056224899598393,False,False,0.6239181324227391,0.24974924774322968,0.24924471299093656,662,997,0.6109261417773237,en,target_fpr,0.15483870967741933,0.2797933386837881,0.22012578616352202,0.0,0.250,0.05,toxicity,encoder_minilm,EXP-002
ar,test_oracle_unachievable,0.8709973193626671,0.0,1,0.219435736677116,0.0,0.04679144385026738,0.8594377510040161,0.5,0.14056224899598393,0.07021063189568706,0.14056224899598393,False,False,0.6239181324227391,0.24974924774322968,0.24924471299093656,662,997,0.6109261417773237,en,target_fpr,,,0.22012578616352202,0.0006900494864060247,0.250,0.05,toxicity,encoder_minilm,EXP-002
de,fixed_half,0.5,0.0,1,0.5763239875389409,0.0,0.2752659574468085,0.26,0.4719387755102041,0.74,0.3912175648702595,0.74,False,False,0.8238829787234042,0.249500998003992,0.25,656,1002,0.6109261417773237,en,target_fpr,,,0.4602739726027397,-0.11605001493620115,0.250,0.05,toxicity,encoder_minilm,EXP-002
de,source_global,0.6109261417773237,0.0,1,0.585278276481149,0.0,0.19148936170212766,0.348,0.5309446254071661,0.652,0.3063872255489022,0.652,False,False,0.8238829787234042,0.249500998003992,0.25,656,1002,0.6109261417773237,en,target_fpr,0.5317989465709441,0.636419006050987,0.4602739726027397,-0.12500430387840933,0.250,0.05,toxicity,encoder_minilm,EXP-002
de,pooled_global,0.8845049402928282,0.0,1,0.3834808259587021,0.0,0.031914893617021274,0.74,0.7303370786516854,0.26,0.08882235528942116,0.26,False,False,0.8238829787234042,0.249500998003992,0.25,656,1002,0.6109261417773237,en,target_fpr,,,0.4602739726027397,0.07679314664403764,0.250,0.05,toxicity,encoder_minilm,EXP-002
de,worstcase_global,0.9688718380734942,0.0,1,0.08955223880597014,0.0,0.007978723404255319,0.952,0.6666666666666666,0.048,0.017964071856287425,0.048,False,False,0.8238829787234042,0.249500998003992,0.25,656,1002,0.6109261417773237,en,target_fpr,,,0.4602739726027397,0.3707217337967696,0.250,0.05,toxicity,encoder_minilm,EXP-002
de,quantile_match,0.6894109312117189,0.0,1,0.596,0.0,0.13430851063829788,0.404,0.596,0.596,0.249500998003992,0.596,False,False,0.8238829787234042,0.249500998003992,0.25,656,1002,0.6109261417773237,en,target_fpr,,,0.4602739726027397,-0.13572602739726025,0.250,0.05,toxicity,encoder_minilm,EXP-002
de,sld_em,0.5351006701457754,0.0,1,0.580226904376013,0.0,0.25,0.284,0.4877384196185286,0.716,0.3662674650698603,0.716,False,False,0.8238829787234042,0.249500998003992,0.25,656,1002,0.6109261417773237,en,target_fpr,,,0.4602739726027397,-0.11995293177327326,0.250,0.05,toxicity,encoder_minilm,EXP-002
de,bbse,0.5411932947329263,0.0,1,0.5799011532125206,0.0,0.24069148936170212,0.296,0.49299719887955185,0.704,0.3562874251497006,0.704,False,False,0.8238829787234042,0.249500998003992,0.25,656,1002,0.6109261417773237,en,target_fpr,,,0.4602739726027397,-0.11962718060978084,0.250,0.05,toxicity,encoder_minilm,EXP-002
de,few_label_8_strat,0.6788650133091031,0.20092622708976443,25,0.4940839596125728,0.11056372861441222,0.16388297872340424,0.47600000000000003,0.5821037886547028,0.524,0.2537325349301397,0.524,False,False,0.8238829787234042,0.249500998003992,0.25,656,1002,0.6109261417773237,en,target_fpr,,,0.4602739726027397,-0.033809987009833065,0.250,0.05,toxicity,encoder_minilm,EXP-002
de,few_label_8_rand,0.7542702103958239,0.15254946115958617,25,0.4580996924580289,0.154730712872397,0.11196808510638298,0.56224,0.6151448309375467,0.43776000000000004,0.1932534930139721,0.43776000000000004,False,False,0.8238829787234042,0.249500998003992,0.25,656,1002,0.6109261417773237,en,target_fpr,,,0.4602739726027397,0.0021742801447108273,0.250,0.05,toxicity,encoder_minilm,EXP-002
de,few_label_16_strat,0.776817528656924,0.13321790759184934,25,0.47232231588214857,0.11354490120264596,0.09553191489361704,0.57744,0.6413830495289481,0.42256,0.17712574850299403,0.42256,False,False,0.8238829787234042,0.249500998003992,0.25,656,1002,0.6109261417773237,en,target_fpr,,,0.4602739726027397,-0.012048343279408846,0.250,0.05,toxicity,encoder_minilm,EXP-002
de,few_label_16_rand,0.8684322853448593,0.0707602045902738,25,0.36161395971915056,0.13856376710303378,0.044946808510638286,0.72976,0.6886142066215403,0.27024,0.10115768463073853,0.27024,False,False,0.8238829787234042,0.249500998003992,0.25,656,1002,0.6109261417773237,en,target_fpr,,,0.4602739726027397,0.09866001288358917,0.250,0.05,toxicity,encoder_minilm,EXP-002
de,few_label_32_strat,0.8497820565118199,0.10176777790186688,25,0.3734624842474249,0.16778502971400588,0.057234042553191485,0.7008,0.6116607682752071,0.2992,0.11760479041916166,0.2992,False,False,0.8238829787234042,0.249500998003992,0.25,656,1002,0.6109261417773237,en,target_fpr,,,0.4602739726027397,0.08681148835531483,0.250,0.05,toxicity,encoder_minilm,EXP-002
de,few_label_32_rand,0.8071956076673992,0.07738532282311748,25,0.4660717134277391,0.10730969026016048,0.07606382978723404,0.6103999999999999,0.6479241293181575,0.3896,0.15429141716566866,0.3896,False,False,0.8238829787234042,0.249500998003992,0.25,656,1002,0.6109261417773237,en,target_fpr,,,0.4602739726027397,-0.005797740824999398,0.250,0.05,toxicity,encoder_minilm,EXP-002
de,few_label_64_strat,0.8205743640977833,0.07040527832561055,25,0.45315260290956016,0.10090845243974676,0.06797872340425531,0.63216,0.6607511361605144,0.36784,0.14279441117764471,0.36784,False,False,0.8238829787234042,0.249500998003992,0.25,656,1002,0.6109261417773237,en,target_fpr,,,0.4602739726027397,0.007121369693179558,0.250,0.05,toxicity,encoder_minilm,EXP-002
de,few_label_64_rand,0.8383486158698535,0.05879240527277545,25,0.4428333670732939,0.08102949929861458,0.05696808510638299,0.65712,0.6826392225502788,0.34287999999999996,0.12830339321357284,0.34287999999999996,False,False,0.8238829787234042,0.249500998003992,0.25,656,1002,0.6109261417773237,en,target_fpr,,,0.4602739726027397,0.01744060552944582,0.250,0.05,toxicity,encoder_minilm,EXP-002
de,few_label_128_strat,0.8319518917860982,0.04194446024431544,25,0.4680156929604788,0.0527444176088442,0.059787234042553185,0.6350399999999999,0.6803441658322152,0.36496,0.13592814371257486,0.36496,False,False,0.8238829787234042,0.249500998003992,0.25,656,1002,0.6109261417773237,en,target_fpr,,,0.4602739726027397,-0.007741720357739068,0.250,0.05,toxicity,encoder_minilm,EXP-002
de,few_label_128_rand,0.8487253744295267,0.037988934076255886,25,0.4424322151373608,0.06539906136436426,0.05132978723404255,0.66688,0.6917381495903457,0.33311999999999997,0.12163672654690619,0.33311999999999997,False,False,0.8238829787234042,0.249500998003992,0.25,656,1002,0.6109261417773237,en,target_fpr,,,0.4602739726027397,0.017841757465378916,0.250,0.05,toxicity,encoder_minilm,EXP-002
de,few_label_256_strat,0.8531424493969969,0.030882914964451936,25,0.444335072720724,0.051594742387043355,0.04696808510638298,0.67072,0.7064390366498579,0.32927999999999996,0.11740518962075848,0.32927999999999996,False,False,0.8238829787234042,0.249500998003992,0.25,656,1002,0.6109261417773237,en,target_fpr,,,0.4602739726027397,0.015938899882015745,0.250,0.05,toxicity,encoder_minilm,EXP-002
de,few_label_256_rand,0.8638488261507851,0.0219778358413576,25,0.4264848566642112,0.051793801875913065,0.04143617021276595,0.6926399999999999,0.713111558111307,0.30736,0.10778443113772455,0.30736,False,False,0.8238829787234042,0.249500998003992,0.25,656,1002,0.6109261417773237,en,target_fpr,,,0.4602739726027397,0.03378911593852851,0.250,0.05,toxicity,encoder_minilm,EXP-002
de,target_full,0.8595435064412243,0.0,1,0.4602739726027397,0.0,0.041223404255319146,0.664,0.7304347826086957,0.336,0.11477045908183632,0.336,False,False,0.8238829787234042,0.249500998003992,0.25,656,1002,0.6109261417773237,en,target_fpr,0.39647428709438126,0.5181842174716284,0.4602739726027397,0.0,0.250,0.05,toxicity,encoder_minilm,EXP-002
de,test_oracle_unachievable,0.8386600773615223,0.0,1,0.48677248677248686,0.0,0.047872340425531915,0.632,0.71875,0.368,0.1277445109780439,0.368,False,False,0.8238829787234042,0.249500998003992,0.25,656,1002,0.6109261417773237,en,target_fpr,,,0.4602739726027397,-0.026498514169747134,0.250,0.05,toxicity,encoder_minilm,EXP-002
en,fixed_half,0.5,0.0,1,0.9158878504672898,0.0,0.048748353096179184,0.03162055335968379,0.8687943262411347,0.9683794466403162,0.27865612648221344,0.9683794466403162,False,True,0.9915897243616784,0.25,0.25,696,1012,0.6109261417773237,en,target_fpr,,,0.9126213592233009,-0.0032664912439889227,0.250,0.05,toxicity,encoder_minilm,EXP-002
en,source_global,0.6109261417773237,0.0,1,0.9126213592233009,0.0,0.03557312252964427,0.07114624505928854,0.8969465648854962,0.9288537549407114,0.25889328063241107,0.9288537549407114,False,True,0.9915897243616784,0.25,0.25,696,1012,0.6109261417773237,en,target_fpr,0.8825781701484096,0.9372092778070638,0.9126213592233009,0.0,0.250,0.05,toxicity,encoder_minilm,EXP-002
en,pooled_global,0.888344195622345,0.0,1,0.8229885057471265,0.0,0.003952569169960474,0.2924901185770751,0.9835164835164835,0.7075098814229249,0.17984189723320157,0.7075098814229249,False,True,0.9915897243616784,0.25,0.25,696,1012,0.6109261417773237,en,target_fpr,,,0.9126213592233009,0.08963285347617445,0.250,0.05,toxicity,encoder_minilm,EXP-002
en,worstcase_global,0.9688718380734942,0.0,1,0.6043956043956044,0.0,0.0013175230566534915,0.5652173913043478,0.990990990990991,0.43478260869565216,0.10968379446640317,0.43478260869565216,False,True,0.9915897243616784,0.25,0.25,696,1012,0.6109261417773237,en,target_fpr,,,0.9126213592233009,0.30822575482769654,0.250,0.05,toxicity,encoder_minilm,EXP-002
en,quantile_match,0.611655351027726,0.0,1,0.9126213592233009,0.0,0.03557312252964427,0.07114624505928854,0.8969465648854962,0.9288537549407114,0.25889328063241107,0.9288537549407114,False,True,0.9915897243616784,0.25,0.25,696,1012,0.6109261417773237,en,target_fpr,,,0.9126213592233009,0.0,0.250,0.05,toxicity,encoder_minilm,EXP-002
en,sld_em,0.6109261417773236,0.0,1,0.9126213592233009,0.0,0.03557312252964427,0.07114624505928854,0.8969465648854962,0.9288537549407114,0.25889328063241107,0.9288537549407114,False,True,0.9915897243616784,0.25,0.25,696,1012,0.6109261417773237,en,target_fpr,,,0.9126213592233009,0.0,0.250,0.05,toxicity,encoder_minilm,EXP-002
en,bbse,0.6109261417773236,0.0,1,0.9126213592233009,0.0,0.03557312252964427,0.07114624505928854,0.8969465648854962,0.9288537549407114,0.25889328063241107,0.9288537549407114,False,True,0.9915897243616784,0.25,0.25,696,1012,0.6109261417773237,en,target_fpr,,,0.9126213592233009,0.0,0.250,0.05,toxicity,encoder_minilm,EXP-002
en,few_label_8_strat,0.5091880310850735,0.18019347375978742,25,0.8811055920991131,0.04701887569124636,0.06635046113306982,0.06086956521739131,0.8424483217159953,0.9391304347826086,0.28454545454545455,0.9391304347826086,False,True,0.9915897243616784,0.25,0.25,696,1012,0.6109261417773237,en,target_fpr,,,0.9126213592233009,0.0315157671241878,0.250,0.05,toxicity,encoder_minilm,EXP-002
en,few_label_8_rand,0.612523369028044,0.16797005469377527,25,0.8856445850754311,0.05458021921929856,0.039578392621870885,0.10434782608695653,0.8925008531616747,0.8956521739130436,0.25359683794466403,0.8956521739130436,False,True,0.9915897243616784,0.25,0.25,696,1012,0.6109261417773237,en,target_fpr,,,0.9126213592233009,0.02697677414786981,0.250,0.05,toxicity,encoder_minilm,EXP-002
en,few_label_16_strat,0.6361456014403878,0.20044319115492065,25,0.8796525770863025,0.03327411281577736,0.03704874835309618,0.12316205533596838,0.9012967558112481,0.8768379446640318,0.24699604743083006,0.8768379446640318,False,True,0.9915897243616784,0.25,0.25,696,1012,0.6109261417773237,en,target_fpr,,,0.9126213592233009,0.03296878213699839,0.250,0.05,toxicity,encoder_minilm,EXP-002
en,few_label_16_rand,0.6766782941982175,0.18539738679934176,25,0.8804622943253619,0.03466137652592223,0.03125164690382081,0.1359683794466403,0.9143687642898817,0.8640316205533598,0.23944664031620552,0.8640316205533598,False,True,0.9915897243616784,0.25,0.25,696,1012,0.6109261417773237,en,target_fpr,,,0.9126213592233009,0.03215906489793896,0.250,0.05,toxicity,encoder_minilm,EXP-002
en,few_label_32_strat,0.7575048058073457,0.16371936794568243,25,0.8643273325210056,0.0514414886189985,0.02039525691699605,0.1867193675889328,0.9408362265865432,0.8132806324110672,0.21861660079051382,0.8132806324110672,False,True,0.9915897243616784,0.25,0.25,696,1012,0.6109261417773237,en,target_fpr,,,0.9126213592233009,0.04829402670229532,0.250,0.05,toxicity,encoder_minilm,EXP-002
en,few_label_32_rand,0.6023915833669371,0.1812108338615977,25,0.8923897292545355,0.025630200510570165,0.044479578392621864,0.08837944664031619,0.8848688046039436,0.9116205533596837,0.2612648221343874,0.9116205533596837,False,True,0.9915897243616784,0.25,0.25,696,1012,0.6109261417773237,en,target_fpr,,,0.9126213592233009,0.020231629968765374,0.250,0.05,toxicity,encoder_minilm,EXP-002
en,few_label_64_strat,0.588787848068233,0.1442060722132665,25,0.9006390660700273,0.018002184277312504,0.04158102766798419,0.07747035573122531,0.8867685739262956,0.9225296442687748,0.2618181818181818,0.9225296442687748,False,True,0.9915897243616784,0.25,0.25,696,1012,0.6109261417773237,en,target_fpr,,,0.9126213592233009,0.011982293153273593,0.250,0.05,toxicity,encoder_minilm,EXP-002
en,few_label_64_rand,0.6210433206194679,0.13193762642768778,25,0.901695594175808,0.013117394161253938,0.035942028985507246,0.08964426877470355,0.8990971363792687,0.9103557312252964,0.2545454545454545,0.9103557312252964,False,True,0.9915897243616784,0.25,0.25,696,1012,0.6109261417773237,en,target_fpr,,,0.9126213592233009,0.010925765047492875,0.250,0.05,toxicity,encoder_minilm,EXP-002
en,few_label_128_strat,0.5851339566178462,0.12928396283468752,25,0.9024999157278997,0.014300301518932324,0.041739130434782605,0.0741501976284585,0.8859123770978585,0.9258498023715416,0.2627667984189723,0.9258498023715416,False,True,0.9915897243616784,0.25,0.25,696,1012,0.6109261417773237,en,target_fpr,,,0.9126213592233009,0.010121443495401228,0.250,0.05,toxicity,encoder_minilm,EXP-002
en,few_label_128_rand,0.6122609017801983,0.11728234326913627,25,0.9054085168812489,0.00941261068600437,0.0369433465085639,0.08063241106719367,0.8957886246405202,0.9193675889328063,0.2575494071146245,0.9193675889328063,False,True,0.9915897243616784,0.25,0.25,696,1012,0.6109261417773237,en,target_fpr,,,0.9126213592233009,0.007212842342051995,0.250,0.05,toxicity,encoder_minilm,EXP-002
en,few_label_256_strat,0.5978905973929953,0.09840807128332593,25,0.9071781731806701,0.010067076316309419,0.03910408432147563,0.0724110671936759,0.890343479086294,0.9275889328063243,0.2612252964426877,0.9275889328063243,False,True,0.9915897243616784,0.25,0.25,696,1012,0.6109261417773237,en,target_fpr,,,0.9126213592233009,0.005443186042630832,0.250,0.05,toxicity,encoder_minilm,EXP-002
en,few_label_256_rand,0.6293661783202011,0.06292052564297089,25,0.9075929817387771,0.005966760815122143,0.03462450592885376,0.08268774703557312,0.8990379497355541,0.9173122529644269,0.25529644268774704,0.9173122529644269,False,True,0.9915897243616784,0.25,0.25,696,1012,0.6109261417773237,en,target_fpr,,,0.9126213592233009,0.005028377484523783,0.250,0.05,toxicity,encoder_minilm,EXP-002
en,target_full,0.6109261417773237,0.0,1,0.9126213592233009,0.0,0.03557312252964427,0.07114624505928854,0.8969465648854962,0.9288537549407114,0.25889328063241107,0.9288537549407114,False,True,0.9915897243616784,0.25,0.25,696,1012,0.6109261417773237,en,target_fpr,0.8873172163842151,0.936894366197183,0.9126213592233009,0.0,0.250,0.05,toxicity,encoder_minilm,EXP-002
en,test_oracle_unachievable,0.5041440265883927,0.0,1,0.9158878504672898,0.0,0.048748353096179184,0.03162055335968379,0.8687943262411347,0.9683794466403162,0.27865612648221344,0.9683794466403162,False,True,0.9915897243616784,0.25,0.25,696,1012,0.6109261417773237,en,target_fpr,,,0.9126213592233009,-0.0032664912439889227,0.250,0.05,toxicity,encoder_minilm,EXP-002
es,fixed_half,0.5,0.0,1,0.5919732441471571,0.0,0.19798234552332913,0.32954545454545453,0.5299401197604791,0.6704545454545454,0.31598864711447494,0.6704545454545454,False,False,0.8333476632656961,0.24976348155156103,0.24923076923076923,650,1057,0.6109261417773237,en,target_fpr,,,0.5156626506024097,-0.07631059354474745,0.250,0.05,toxicity,encoder_minilm,EXP-002
es,source_global,0.6109261417773237,0.0,1,0.5747126436781609,0.0,0.13619167717528374,0.4318181818181818,0.5813953488372093,0.5681818181818182,0.24408703878902555,0.5681818181818182,False,False,0.8333476632656961,0.24976348155156103,0.24923076923076923,650,1057,0.6109261417773237,en,target_fpr,0.5213731811448986,0.6282694327731092,0.5156626506024097,-0.059049993075751206,0.250,0.05,toxicity,encoder_minilm,EXP-002
es,pooled_global,0.8860877501451534,0.0,1,0.39541547277936956,0.0,0.0201765447667087,0.7386363636363636,0.8117647058823529,0.26136363636363635,0.0804162724692526,0.26136363636363635,False,False,0.8333476632656961,0.24976348155156103,0.24923076923076923,650,1057,0.6109261417773237,en,target_fpr,,,0.5156626506024097,0.12024717782304012,0.250,0.05,toxicity,encoder_minilm,EXP-002
es,worstcase_global,0.9688718380734942,0.0,1,0.2033898305084746,0.0,0.0012610340479192938,0.8863636363636364,0.967741935483871,0.11363636363636363,0.0293282876064333,0.11363636363636363,False,False,0.8333476632656961,0.24976348155156103,0.24923076923076923,650,1057,0.6109261417773237,en,target_fpr,,,0.5156626506024097,0.3122728200939351,0.250,0.05,toxicity,encoder_minilm,EXP-002
es,quantile_match,0.5246015107393999,0.0,1,0.5896551724137931,0.0,0.1828499369482976,0.3522727272727273,0.5411392405063291,0.6477272727272727,0.2989593188268685,0.6477272727272727,False,False,0.8333476632656961,0.24976348155156103,0.24923076923076923,650,1057,0.6109261417773237,en,target_fpr,,,0.5156626506024097,-0.07399252181138338,0.250,0.05,toxicity,encoder_minilm,EXP-002
es,sld_em,0.7467211961147278,0.0,1,0.5138888888888888,0.0,0.07187894073139975,0.5795454545454546,0.6607142857142857,0.42045454545454547,0.15894039735099338,0.42045454545454547,False,False,0.8333476632656961,0.24976348155156103,0.24923076923076923,650,1057,0.6109261417773237,en,target_fpr,,,0.5156626506024097,0.0017737617135208383,0.250,0.05,toxicity,encoder_minilm,EXP-002
es,bbse,0.6981349030183597,0.0,1,0.5470085470085471,0.0,0.09583858764186633,0.5151515151515151,0.6274509803921569,0.48484848484848486,0.19299905392620625,0.48484848484848486,False,False,0.8333476632656961,0.24976348155156103,0.24923076923076923,650,1057,0.6109261417773237,en,target_fpr,,,0.5156626506024097,-0.031345896406137386,0.250,0.05,toxicity,encoder_minilm,EXP-002
es,few_label_8_strat,0.5632625339394582,0.219033705233774,25,0.5337027303449446,0.1108616347216315,0.17825977301387133,0.41030303030303034,0.5942262899059707,0.5896969696969697,0.2810217596972564,0.5896969696969697,False,False,0.8333476632656961,0.24976348155156103,0.24923076923076923,650,1057,0.6109261417773237,en,target_fpr,,,0.5156626506024097,-0.018040079742534965,0.250,0.05,toxicity,encoder_minilm,EXP-002
es,few_label_8_rand,0.6189342396154263,0.23412055613697255,25,0.5181131654584256,0.09301925462404173,0.15203026481715007,0.4642424242424243,0.6263568422279847,0.5357575757575758,0.24787133396404917,0.5357575757575758,False,False,0.8333476632656961,0.24976348155156103,0.24923076923076923,650,1057,0.6109261417773237,en,target_fpr,,,0.5156626506024097,-0.002450514856015884,0.250,0.05,toxicity,encoder_minilm,EXP-002
es,few_label_16_strat,0.6631673674463197,0.16706602441559312,25,0.5194418907329762,0.10753697989438497,0.12070617906683481,0.4953030303030303,0.6404302957440016,0.5046969696969696,0.21661305581835383,0.5046969696969696,False,False,0.8333476632656961,0.24976348155156103,0.24923076923076923,650,1057,0.6109261417773237,en,target_fpr,,,0.5156626506024097,-0.003779240130566519,0.250,0.05,toxicity,encoder_minilm,EXP-002
es,few_label_16_rand,0.792512822077762,0.16304038075644603,25,0.423418331473522,0.1575139180276273,0.06421185372005044,0.645909090909091,0.7499529835428583,0.3540909090909091,0.13661305581835384,0.3540909090909091,False,False,0.8333476632656961,0.24976348155156103,0.24923076923076923,650,1057,0.6109261417773237,en,target_fpr,,,0.5156626506024097,0.0922443191288877,0.250,0.05,toxicity,encoder_minilm,EXP-002
es,few_label_32_strat,0.841482419519449,0.10304938944109793,25,0.40634659418665725,0.14384955858864576,0.0409079445145019,0.6934848484848485,0.7787292037960084,0.30651515151515146,0.10724692526017028,0.30651515151515146,False,False,0.8333476632656961,0.24976348155156103,0.24923076923076923,650,1057,0.6109261417773237,en,target_fpr,,,0.5156626506024097,0.10931605641575243,0.250,0.05,toxicity,encoder_minilm,EXP-002
es,few_label_32_rand,0.753549664940155,0.12218688241634837,25,0.48815724460643684,0.10332706038164394,0.07515762925598991,0.5869696969696969,0.6964673680351645,0.413030303030303,0.15954588457899715,0.413030303030303,False,False,0.8333476632656961,0.24976348155156103,0.24923076923076923,650,1057,0.6109261417773237,en,target_fpr,,,0.5156626506024097,0.027505405995972843,0.250,0.05,toxicity,encoder_minilm,EXP-002
es,few_label_64_strat,0.768230822252025,0.12635558309840103,25,0.4803963455646166,0.08961124958129955,0.06895334174022699,0.6027272727272728,0.7070517051587291,0.3972727272727273,0.15095553453169347,0.3972727272727273,False,False,0.8333476632656961,0.24976348155156103,0.24923076923076923,650,1057,0.6109261417773237,en,target_fpr,,,0.5156626506024097,0.0352663050377931,0.250,0.05,toxicity,encoder_minilm,EXP-002
es,few_label_64_rand,0.7740528783443734,0.11637466847092738,25,0.4832812824574586,0.08178479094966166,0.06638083228247163,0.6036363636363636,0.7126804346488942,0.3963636363636364,0.14879848628193,0.3963636363636364,False,False,0.8333476632656961,0.24976348155156103,0.24923076923076923,650,1057,0.6109261417773237,en,target_fpr,,,0.5156626506024097,0.03238136814495107,0.250,0.05,toxicity,encoder_minilm,EXP-002
es,few_label_128_strat,0.7160745279549051,0.10796425282986458,25,0.522365438009889,0.05851218672563783,0.0899873896595208,0.5412121212121211,0.6578645895399469,0.4587878787878788,0.18210028382213816,0.4587878787878788,False,False,0.8333476632656961,0.24976348155156103,0.24923076923076923,650,1057,0.6109261417773237,en,target_fpr,,,0.5156626506024097,-0.006702787407479316,0.250,0.05,toxicity,encoder_minilm,EXP-002
es,few_label_128_rand,0.7770345189683173,0.08679359126090246,25,0.4939019423303849,0.053625830432172526,0.06194199243379571,0.6040909090909091,0.706332398636575,0.3959090909090909,0.14535477767265845,0.3959090909090909,False,False,0.8333476632656961,0.24976348155156103,0.24923076923076923,650,1057,0.6109261417773237,en,target_fpr,,,0.5156626506024097,0.021760708272024754,0.250,0.05,toxicity,encoder_minilm,EXP-002
es,few_label_256_strat,0.737062850303497,0.09298958397958369,25,0.5174198457569339,0.05281156522736763,0.08025220680958388,0.558939393939394,0.6709380936457502,0.44106060606060604,0.17036896877956478,0.44106060606060604,False,False,0.8333476632656961,0.24976348155156103,0.24923076923076923,650,1057,0.6109261417773237,en,target_fpr,,,0.5156626506024097,-0.001757195154524216,0.250,0.05,toxicity,encoder_minilm,EXP-002
es,few_label_256_rand,0.7849181889536833,0.05085203707908206,25,0.4921011630564313,0.034358045825636986,0.05735182849936949,0.6148484848484849,0.7016833674114855,0.3851515151515151,0.13922421948912014,0.3851515151515151,False,False,0.8333476632656961,0.24976348155156103,0.24923076923076923,650,1057,0.6109261417773237,en,target_fpr,,,0.5156626506024097,0.023561487545978366,0.250,0.05,toxicity,encoder_minilm,EXP-002
es,target_full,0.7759428546690623,0.0,1,0.5156626506024097,0.0,0.05548549810844893,0.5946969696969697,0.7086092715231788,0.4053030303030303,0.14285714285714285,0.4053030303030303,False,False,0.8333476632656961,0.24976348155156103,0.24923076923076923,650,1057,0.6109261417773237,en,target_fpr,0.4535170693954768,0.5750901047603538,0.5156626506024097,0.0,0.250,0.05,toxicity,encoder_minilm,EXP-002
es,test_oracle_unachievable,0.7994909791760766,0.0,1,0.4874371859296482,0.0,0.04665825977301387,0.6325757575757576,0.7238805970149254,0.36742424242424243,0.12677388836329234,0.36742424242424243,False,False,0.8333476632656961,0.24976348155156103,0.24923076923076923,650,1057,0.6109261417773237,en,target_fpr,,,0.5156626506024097,0.02822546467276149,0.250,0.05,toxicity,encoder_minilm,EXP-002
fr,fixed_half,0.5,0.0,1,0.7050847457627119,0.0,0.15979381443298968,0.1937984496124031,0.6265060240963856,0.8062015503875969,0.32108317214700194,0.8062015503875969,False,False,0.8981709022616479,0.2495164410058027,0.25,644,1034,0.6109261417773237,en,target_fpr,,,0.6831460674157304,-0.02193867834698149,0.250,0.05,toxicity,encoder_minilm,EXP-002
fr,source_global,0.6109261417773237,0.0,1,0.6971428571428572,0.0,0.10824742268041238,0.29069767441860467,0.6853932584269663,0.7093023255813954,0.25822050290135395,0.7093023255813954,False,False,0.8981709022616479,0.2495164410058027,0.25,644,1034,0.6109261417773237,en,target_fpr,0.6521675817339099,0.7359269481804916,0.6831460674157304,-0.013996789727126813,0.250,0.05,toxicity,encoder_minilm,EXP-002
fr,pooled_global,0.8857303116177604,0.0,1,0.5918367346938775,0.0,0.023195876288659795,0.5503875968992248,0.8656716417910447,0.4496124031007752,0.12959381044487428,0.4496124031007752,False,False,0.8981709022616479,0.2495164410058027,0.25,644,1034,0.6109261417773237,en,target_fpr,,,0.6831460674157304,0.09130933272185282,0.250,0.05,toxicity,encoder_minilm,EXP-002
fr,worstcase_global,0.9688718380734942,0.0,1,0.32051282051282054,0.0,0.005154639175257732,0.8062015503875969,0.9259259259259259,0.1937984496124031,0.05222437137330754,0.1937984496124031,False,False,0.8981709022616479,0.2495164410058027,0.25,644,1034,0.6109261417773237,en,target_fpr,,,0.6831460674157304,0.3626332469029098,0.250,0.05,toxicity,encoder_minilm,EXP-002
fr,quantile_match,0.6819768673767915,0.0,1,0.7082494969818914,0.0,0.08118556701030928,0.3178294573643411,0.7364016736401674,0.6821705426356589,0.2311411992263056,0.6821705426356589,False,False,0.8981709022616479,0.2495164410058027,0.25,644,1034,0.6109261417773237,en,target_fpr,,,0.6831460674157304,-0.025103429566161073,0.250,0.05,toxicity,encoder_minilm,EXP-002
fr,sld_em,0.5536731356247422,0.0,1,0.7119856887298748,0.0,0.13144329896907217,0.22868217054263565,0.6611295681063123,0.7713178294573644,0.2911025145067698,0.7713178294573644,False,False,0.8981709022616479,0.2495164410058027,0.25,644,1034,0.6109261417773237,en,target_fpr,,,0.6831460674157304,-0.028839621314144415,0.250,0.05,toxicity,encoder_minilm,EXP-002
fr,bbse,0.5650273580062958,0.0,1,0.704174228675136,0.0,0.12757731958762886,0.24806201550387597,0.6621160409556314,0.751937984496124,0.28336557059961315,0.751937984496124,False,False,0.8981709022616479,0.2495164410058027,0.25,644,1034,0.6109261417773237,en,target_fpr,,,0.6831460674157304,-0.021028161259405653,0.250,0.05,toxicity,encoder_minilm,EXP-002
fr,few_label_8_strat,0.6425801076100102,0.20327625991881051,25,0.6510609927766131,0.09138375888703058,0.11768041237113401,0.3325581395348837,0.7106559530493943,0.6674418604651163,0.25485493230174083,0.6674418604651163,False,False,0.8981709022616479,0.2495164410058027,0.25,644,1034,0.6109261417773237,en,target_fpr,,,0.6831460674157304,0.03208507463911725,0.250,0.05,toxicity,encoder_minilm,EXP-002
fr,few_label_8_rand,0.6457577800501626,0.1875630888410955,25,0.6403936338711929,0.11460562197748009,0.11118556701030928,0.34775193798449616,0.7128099210919551,0.6522480620155038,0.24618955512572532,0.6522480620155038,False,False,0.8981709022616479,0.2495164410058027,0.25,644,1034,0.6109261417773237,en,target_fpr,,,0.6831460674157304,0.042752433544537505,0.250,0.05,toxicity,encoder_minilm,EXP-002
fr,few_label_16_strat,0.780443403718026,0.16319934538993885,25,0.5895974754008725,0.1493324226446448,0.05953608247422681,0.47612403100775197,0.7984152836998494,0.5238759689922481,0.17539651837524176,0.5238759689922481,False,False,0.8981709022616479,0.2495164410058027,0.25,644,1034,0.6109261417773237,en,target_fpr,,,0.6831460674157304,0.09354859201485788,0.250,0.05,toxicity,encoder_minilm,EXP-002
fr,few_label_16_rand,0.8212228890625579,0.10291358984299916,25,0.6089436911780468,0.11329099999337024,0.04149484536082475,0.49131782945736435,0.8253263300969971,0.5086821705426356,0.15806576402321082,0.5086821705426356,False,False,0.8981709022616479,0.2495164410058027,0.25,644,1034,0.6109261417773237,en,target_fpr,,,0.6831460674157304,0.07420237623768355,0.250,0.05,toxicity,encoder_minilm,EXP-002
fr,few_label_32_strat,0.7898361941193596,0.14320707817741637,25,0.5969127074449965,0.14151632197548608,0.053350515463917524,0.4782945736434108,0.805003373951972,0.5217054263565892,0.1702127659574468,0.5217054263565892,False,False,0.8981709022616479,0.2495164410058027,0.25,644,1034,0.6109261417773237,en,target_fpr,,,0.6831460674157304,0.08623335997073389,0.250,0.05,toxicity,encoder_minilm,EXP-002
fr,few_label_32_rand,0.7725952532573779,0.10875381174168969,25,0.6608264055388966,0.0597710266830621,0.056237113402061854,0.4151937984496124,0.794911136559518,0.5848062015503875,0.18812379110251454,0.5848062015503875,False,False,0.8981709022616479,0.2495164410058027,0.25,644,1034,0.6109261417773237,en,target_fpr,,,0.6831460674157304,0.022319661876833763,0.250,0.05,toxicity,encoder_minilm,EXP-002
fr,few_label_64_strat,0.8047709954842049,0.1005512794766249,25,0.6255623316483606,0.11284162678544017,0.04587628865979381,0.4652713178294573,0.8161948213713174,0.5347286821705427,0.16785299806576404,0.5347286821705427,False,False,0.8981709022616479,0.2495164410058027,0.25,644,1034,0.6109261417773237,en,target_fpr,,,0.6831460674157304,0.05758373576736975,0.250,0.05,toxicity,encoder_minilm,EXP-002
fr,few_label_64_rand,0.7971498046031755,0.0658230300069584,25,0.6650699417529572,0.03294418507542829,0.046546391752577326,0.42945736434108533,0.8105766620916571,0.5705426356589147,0.17729206963249514,0.5705426356589147,False,False,0.8981709022616479,0.2495164410058027,0.25,644,1034,0.6109261417773237,en,target_fpr,,,0.6831460674157304,0.018076125662773168,0.250,0.05,toxicity,encoder_minilm,EXP-002
fr,few_label_128_strat,0.7867726759261982,0.06353979297471647,25,0.670770582155333,0.04118484881581289,0.04891752577319588,0.4178294573643411,0.8053908462219606,0.5821705426356589,0.18197292069632495,0.5821705426356589,False,False,0.8981709022616479,0.2495164410058027,0.25,644,1034,0.6109261417773237,en,target_fpr,,,0.6831460674157304,0.012375485260397334,0.250,0.05,toxicity,encoder_minilm,EXP-002
fr,few_label_128_rand,0.7958962530932772,0.05794552492967505,25,0.6679071805260697,0.0325756175173978,0.045412371134020614,0.4277519379844961,0.8130316400310039,0.5722480620155038,0.17686653771760152,0.5722480620155038,False,False,0.8981709022616479,0.2495164410058027,0.25,644,1034,0.6109261417773237,en,target_fpr,,,0.6831460674157304,0.015238886889660685,0.250,0.05,toxicity,encoder_minilm,EXP-002
fr,few_label_256_strat,0.7889415622427083,0.038842624512542445,25,0.6779388241320041,0.014264528980569386,0.04695876288659794,0.4141085271317829,0.8080801093504074,0.5858914728682171,0.181431334622824,0.5858914728682171,False,False,0.8981709022616479,0.2495164410058027,0.25,644,1034,0.6109261417773237,en,target_fpr,,,0.6831460674157304,0.005207243283726237,0.250,0.05,toxicity,encoder_minilm,EXP-002
fr,few_label_256_rand,0.8077636984735723,0.027995417159037292,25,0.6696459909725456,0.02275237385885254,0.04231958762886598,0.4316279069767442,0.8184387814971658,0.5683720930232558,0.17357833655705998,0.5683720930232558,False,False,0.8981709022616479,0.2495164410058027,0.25,644,1034,0.6109261417773237,en,target_fpr,,,0.6831460674157304,0.013500076443184739,0.250,0.05,toxicity,encoder_minilm,EXP-002
fr,target_full,0.7878744533507869,0.0,1,0.6831460674157304,0.0,0.045103092783505154,0.4108527131782946,0.8128342245989305,0.5891472868217055,0.18085106382978725,0.5891472868217055,False,False,0.8981709022616479,0.2495164410058027,0.25,644,1034,0.6109261417773237,en,target_fpr,0.6385778977571404,0.7287192393736017,0.6831460674157304,0.0,0.250,0.05,toxicity,encoder_minilm,EXP-002
fr,test_oracle_unachievable,0.78628795174639,0.0,1,0.6816143497757847,0.0,0.04639175257731959,0.4108527131782946,0.8085106382978723,0.5891472868217055,0.18181818181818182,0.5891472868217055,False,False,0.8981709022616479,0.2495164410058027,0.25,644,1034,0.6109261417773237,en,target_fpr,,,0.6831460674157304,0.00153171763994564,0.250,0.05,toxicity,encoder_minilm,EXP-002
he,fixed_half,0.5,0.0,1,0.48000000000000004,0.0,0.43783783783783786,0.2682926829268293,0.35714285714285715,0.7317073170731707,0.5111561866125761,0.7317073170731707,False,False,0.7049219951658976,0.24949290060851928,0.25,304,493,0.6109261417773237,en,target_fpr,,,0.3604651162790698,-0.11953488372093024,0.250,0.05,toxicity,encoder_minilm,EXP-002
he,source_global,0.6109261417773237,0.0,1,0.47164179104477616,0.0,0.35945945945945945,0.35772357723577236,0.37264150943396224,0.6422764227642277,0.4300202839756592,0.6422764227642277,False,False,0.7049219951658976,0.24949290060851928,0.25,304,493,0.6109261417773237,en,target_fpr,0.40290927021696255,0.5312598870056496,0.3604651162790698,-0.11117667476570636,0.250,0.05,toxicity,encoder_minilm,EXP-002
he,pooled_global,0.8762727006851359,0.0,1,0.4541484716157206,0.0,0.14594594594594595,0.5772357723577236,0.49056603773584906,0.42276422764227645,0.2150101419878296,0.42276422764227645,False,False,0.7049219951658976,0.24949290060851928,0.25,304,493,0.6109261417773237,en,target_fpr,,,0.3604651162790698,-0.09368335533665079,0.250,0.05,toxicity,encoder_minilm,EXP-002
he,worstcase_global,0.9688718380734942,0.0,1,0.31707317073170727,0.0,0.04054054054054054,0.7886178861788617,0.6341463414634146,0.21138211382113822,0.08316430020283976,0.21138211382113822,False,False,0.7049219951658976,0.24949290060851928,0.25,304,493,0.6109261417773237,en,target_fpr,,,0.3604651162790698,0.04339194554736253,0.250,0.05,toxicity,encoder_minilm,EXP-002
he,quantile_match,0.8576823930964372,0.0,1,0.4615384615384615,0.0,0.15405405405405406,0.5609756097560976,0.4864864864864865,0.43902439024390244,0.22515212981744423,0.43902439024390244,False,False,0.7049219951658976,0.24949290060851928,0.25,304,493,0.6109261417773237,en,target_fpr,,,0.3604651162790698,-0.10107334525939171,0.250,0.05,toxicity,encoder_minilm,EXP-002
he,sld_em,0.252550931464978,0.0,1,0.44580777096114516,0.0,0.6945945945945946,0.11382113821138211,0.2978142076502732,0.8861788617886179,0.742393509127789,0.8861788617886179,False,False,0.7049219951658976,0.24949290060851928,0.25,304,493,0.6109261417773237,en,target_fpr,,,0.3604651162790698,-0.08534265468207536,0.250,0.05,toxicity,encoder_minilm,EXP-002
he,bbse,0.3580303068367902,0.0,1,0.4449438202247191,0.0,0.6027027027027027,0.1951219512195122,0.30745341614906835,0.8048780487804879,0.6531440162271805,0.8048780487804879,False,False,0.7049219951658976,0.24949290060851928,0.25,304,493,0.6109261417773237,en,target_fpr,,,0.3604651162790698,-0.08447870394564932,0.250,0.05,toxicity,encoder_minilm,EXP-002
he,few_label_8_strat,0.8509796659964725,0.13367077510409744,25,0.39780101276464724,0.08368609804484387,0.15643243243243243,0.6117073170731707,0.5257848345535807,0.3882926829268293,0.21427991886409736,0.3882926829268293,False,False,0.7049219951658976,0.24949290060851928,0.25,304,493,0.6109261417773237,en,target_fpr,,,0.3604651162790698,-0.03733589648557745,0.250,0.05,toxicity,encoder_minilm,EXP-002
he,few_label_8_rand,0.8637882773840445,0.1344912881435391,25,0.3762735832226541,0.1256521141470958,0.14054054054054055,0.63869918699187,0.5469111740890688,0.3613008130081301,0.19561866125760652,0.3613008130081301,False,False,0.7049219951658976,0.24949290060851928,0.25,304,493,0.6109261417773237,en,target_fpr,,,0.3604651162790698,-0.015808466943584287,0.250,0.05,toxicity,encoder_minilm,EXP-002
he,few_label_16_strat,0.9053563567782412,0.12139010654499192,25,0.3157282375251823,0.14632037294947586,0.09902702702702702,0.7203252032520324,0.6145713417943689,0.27967479674796747,0.14409736308316431,0.27967479674796747,False,False,0.7049219951658976,0.24949290060851928,0.25,304,493,0.6109261417773237,en,target_fpr,,,0.3604651162790698,0.04473687875388749,0.250,0.05,toxicity,encoder_minilm,EXP-002
he,few_label_16_rand,0.9572152765870721,0.03577068852419268,25,0.31810027539765834,0.09652077029948285,0.04994594594594595,0.7717073170731708,0.6537235404133276,0.2282926829268293,0.09444219066937119,0.2282926829268293,False,False,0.7049219951658976,0.24949290060851928,0.25,304,493,0.6109261417773237,en,target_fpr,,,0.3604651162790698,0.04236484088141146,0.250,0.05,toxicity,encoder_minilm,EXP-002
he,few_label_32_strat,0.9610880804024237,0.03811142064981505,25,0.2723327529288209,0.12795302962382432,0.04475675675675676,0.8035772357723577,0.6724547609016761,0.1964227642276423,0.08259634888438133,0.1964227642276423,False,False,0.7049219951658976,0.24949290060851928,0.25,304,493,0.6109261417773237,en,target_fpr,,,0.3604651162790698,0.08813236335024888,0.250,0.05,toxicity,encoder_minilm,EXP-002
he,few_label_32_rand,0.9474456608538753,0.034174573034496725,25,0.34181059304484945,0.08432655141750546,0.061621621621621624,0.7453658536585366,0.6197713437733144,0.2546341463414634,0.10977687626774849,0.2546341463414634,False,False,0.7049219951658976,0.24949290060851928,0.25,304,493,0.6109261417773237,en,target_fpr,,,0.3604651162790698,0.018654523234220344,0.250,0.05,toxicity,encoder_minilm,EXP-002
he,few_label_64_strat,0.9500624194707358,0.03162117246870032,25,0.336554167591226,0.08150543066082992,0.05794594594594595,0.7531707317073171,0.6186880314359253,0.24682926829268292,0.1050709939148073,0.24682926829268292,False,False,0.7049219951658976,0.24949290060851928,0.25,304,493,0.6109261417773237,en,target_fpr,,,0.3604651162790698,0.023910948687843825,0.250,0.05,toxicity,encoder_minilm,EXP-002
he,few_label_64_rand,0.952430919071629,0.0287912598172447,25,0.34368503584781834,0.08091148662757942,0.056648648648648645,0.7489430894308944,0.6284142697999449,0.2510569105691057,0.1051521298174442,0.2510569105691057,False,False,0.7049219951658976,0.24949290060851928,0.25,304,493,0.6109261417773237,en,target_fpr,,,0.3604651162790698,0.016780080431251454,0.250,0.05,toxicity,encoder_minilm,EXP-002
he,few_label_128_strat,0.9593496291742575,0.015706665244530283,25,0.3461031984438175,0.04243395285882729,0.048432432432432435,0.7577235772357723,0.637173324922972,0.24227642276422764,0.09679513184584179,0.24227642276422764,False,False,0.7049219951658976,0.24949290060851928,0.25,304,493,0.6109261417773237,en,target_fpr,,,0.3604651162790698,0.014361917835252314,0.250,0.05,toxicity,encoder_minilm,EXP-002
he,few_label_128_rand,0.9610046600737047,0.014798284306915417,25,0.34492876082066964,0.04174185732264709,0.04724324324324324,0.7596747967479673,0.6388531880335404,0.24032520325203252,0.09541582150101419,0.24032520325203252,False,False,0.7049219951658976,0.24949290060851928,0.25,304,493,0.6109261417773237,en,target_fpr,,,0.3604651162790698,0.015536355458400153,0.250,0.05,toxicity,encoder_minilm,EXP-002
he,few_label_256_strat,0.959147385060693,0.0059720527129424735,25,0.36230126325885365,0.011039813401214217,0.05091891891891892,0.7447154471544714,0.6262897158863546,0.2552845528455284,0.10190669371196755,0.2552845528455284,False,False,0.7049219951658976,0.24949290060851928,0.25,304,493,0.6109261417773237,en,target_fpr,,,0.3604651162790698,-0.0018361469797838481,0.250,0.05,toxicity,encoder_minilm,EXP-002
he,few_label_256_rand,0.9637386365865239,0.005020260291814806,25,0.35077462552743116,0.01802802986146835,0.045621621621621616,0.7577235772357723,0.6402135290479828,0.24227642276422764,0.09468559837728195,0.24227642276422764,False,False,0.7049219951658976,0.24949290060851928,0.25,304,493,0.6109261417773237,en,target_fpr,,,0.3604651162790698,0.009690490751638636,0.250,0.05,toxicity,encoder_minilm,EXP-002
he,target_full,0.9623849971146405,0.0,1,0.3604651162790698,0.0,0.04864864864864865,0.7479674796747967,0.6326530612244898,0.25203252032520324,0.09939148073022312,0.25203252032520324,False,False,0.7049219951658976,0.24949290060851928,0.25,304,493,0.6109261417773237,en,target_fpr,0.26369149849720913,0.443844696969697,0.3604651162790698,0.0,0.250,0.05,toxicity,encoder_minilm,EXP-002
he,test_oracle_unachievable,0.9630670129293992,0.0,1,0.3604651162790698,0.0,0.04864864864864865,0.7479674796747967,0.6326530612244898,0.25203252032520324,0.09939148073022312,0.25203252032520324,False,False,0.7049219951658976,0.24949290060851928,0.25,304,493,0.6109261417773237,en,target_fpr,,,0.3604651162790698,0.0,0.250,0.05,toxicity,encoder_minilm,EXP-002
hi,fixed_half,0.5,0.0,1,0.5677419354838711,0.0,0.11214953271028037,0.46987951807228917,0.6111111111111112,0.5301204819277109,0.21643286573146292,0.5301204819277109,False,False,0.8321349483380787,0.24949899799599198,0.24960998439937598,641,998,0.6109261417773237,en,target_fpr,,,0.5376344086021505,-0.03010752688172058,0.250,0.05,toxicity,encoder_minilm,EXP-002
hi,source_global,0.6109261417773237,0.0,1,0.5580246913580247,0.0,0.05740987983978638,0.5461847389558233,0.7243589743589743,0.4538152610441767,0.156312625250501,0.4538152610441767,False,False,0.8321349483380787,0.24949899799599198,0.24960998439937598,641,998,0.6109261417773237,en,target_fpr,0.5075377838535734,0.6190674399882904,0.5376344086021505,-0.02039028275587418,0.250,0.05,toxicity,encoder_minilm,EXP-002
hi,pooled_global,0.8877592960142473,0.0,1,0.27586206896551724,0.0,0.0013351134846461949,0.8393574297188755,0.975609756097561,0.1606425702811245,0.041082164328657314,0.1606425702811245,False,False,0.8321349483380787,0.24949899799599198,0.24960998439937598,641,998,0.6109261417773237,en,target_fpr,,,0.5376344086021505,0.26177233963663327,0.250,0.05,toxicity,encoder_minilm,EXP-002
hi,worstcase_global,0.9688718380734942,0.0,1,0.1348314606741573,0.0,0.0,0.927710843373494,1.0,0.07228915662650602,0.018036072144288578,0.07228915662650602,False,False,0.8321349483380787,0.24949899799599198,0.24960998439937598,641,998,0.6109261417773237,en,target_fpr,,,0.5376344086021505,0.4028029479279932,0.250,0.05,toxicity,encoder_minilm,EXP-002
hi,quantile_match,0.40415417143456983,0.0,1,0.5961538461538461,0.0,0.1548731642189586,0.37751004016064255,0.5719557195571956,0.6224899598393574,0.2715430861723447,0.6224899598393574,False,False,0.8321349483380787,0.24949899799599198,0.24960998439937598,641,998,0.6109261417773237,en,target_fpr,,,0.5376344086021505,-0.05851943755169564,0.250,0.05,toxicity,encoder_minilm,EXP-002
hi,sld_em,0.8805272546108586,0.0,1,0.2993197278911564,0.0,0.0013351134846461949,0.8232931726907631,0.9777777777777777,0.17670682730923695,0.045090180360721446,0.17670682730923695,False,False,0.8321349483380787,0.24949899799599198,0.24960998439937598,641,998,0.6109261417773237,en,target_fpr,,,0.5376344086021505,0.2383146807109941,0.250,0.05,toxicity,encoder_minilm,EXP-002
hi,bbse,0.7830326310944569,0.0,1,0.46290801186943625,0.0,0.01335113484646195,0.6867469879518072,0.8863636363636364,0.3132530120481928,0.08817635270541083,0.3132530120481928,False,False,0.8321349483380787,0.24949899799599198,0.24960998439937598,641,998,0.6109261417773237,en,target_fpr,,,0.5376344086021505,0.07472639673271425,0.250,0.05,toxicity,encoder_minilm,EXP-002
hi,few_label_8_strat,0.5878154800133037,0.20839789476547704,25,0.516376791561367,0.08451280182634696,0.09559412550066756,0.5293172690763053,0.7279734240806427,0.4706827309236947,0.18917835671342684,0.4706827309236947,False,False,0.8321349483380787,0.24949899799599198,0.24960998439937598,641,998,0.6109261417773237,en,target_fpr,,,0.5376344086021505,0.02125761704078355,0.250,0.05,toxicity,encoder_minilm,EXP-002
hi,few_label_8_rand,0.5889027117275145,0.18411618495641066,25,0.518234361291562,0.09813010660219856,0.09190921228304406,0.5334939759036145,0.7107698550787218,0.4665060240963856,0.18537074148296592,0.4665060240963856,False,False,0.8321349483380787,0.24949899799599198,0.24960998439937598,641,998,0.6109261417773237,en,target_fpr,,,0.5376344086021505,0.01940004731058853,0.250,0.05,toxicity,encoder_minilm,EXP-002
hi,few_label_16_strat,0.6595505967832475,0.18554571030404718,25,0.4849994048714386,0.09857820049513137,0.06360480640854473,0.5985542168674699,0.7827497267427593,0.40144578313253015,0.14789579158316632,0.40144578313253015,False,False,0.8321349483380787,0.24949899799599198,0.24960998439937598,641,998,0.6109261417773237,en,target_fpr,,,0.5376344086021505,0.05263500373071189,0.250,0.05,toxicity,encoder_minilm,EXP-002
hi,few_label_16_rand,0.6868843115029587,0.14136344809971815,25,0.4836868078408558,0.09423229600856702,0.046034712950600805,0.6229718875502008,0.7992287221486921,0.37702811244979917,0.12861723446893789,0.37702811244979917,False,False,0.8321349483380787,0.24949899799599198,0.24960998439937598,641,998,0.6109261417773237,en,target_fpr,,,0.5376344086021505,0.05394760076129468,0.250,0.05,toxicity,encoder_minilm,EXP-002
hi,few_label_32_strat,0.723002838313294,0.18391637433798183,25,0.4337111825376087,0.12664078763804562,0.04534045393858478,0.6608835341365462,0.8369473386820172,0.33911646586345384,0.11863727454909818,0.33911646586345384,False,False,0.8321349483380787,0.24949899799599198,0.24960998439937598,641,998,0.6109261417773237,en,target_fpr,,,0.5376344086021505,0.1039232260645418,0.250,0.05,toxicity,encoder_minilm,EXP-002
hi,few_label_32_rand,0.6321397962843985,0.12205528407563844,25,0.5286670281750627,0.05222913324028427,0.060240320427236316,0.5681927710843374,0.7500960954826817,0.43180722891566264,0.15294589178356713,0.43180722891566264,False,False,0.8321349483380787,0.24949899799599198,0.24960998439937598,641,998,0.6109261417773237,en,target_fpr,,,0.5376344086021505,0.008967380427087779,0.250,0.05,toxicity,encoder_minilm,EXP-002
hi,few_label_64_strat,0.6723008327957171,0.12436153554994077,25,0.5027039296696603,0.07185509788704275,0.04774365821094793,0.606425702811245,0.7867364359982147,0.3935742971887551,0.13402805611222443,0.3935742971887551,False,False,0.8321349483380787,0.24949899799599198,0.24960998439937598,641,998,0.6109261417773237,en,target_fpr,,,0.5376344086021505,0.03493047893249024,0.250,0.05,toxicity,encoder_minilm,EXP-002
hi,few_label_64_rand,0.7025578440467375,0.09738984121076731,25,0.4944996024598815,0.06759173478205202,0.03535380507343124,0.6298795180722891,0.8124441027652581,0.37012048192771085,0.11887775551102203,0.37012048192771085,False,False,0.8321349483380787,0.24949899799599198,0.24960998439937598,641,998,0.6109261417773237,en,target_fpr,,,0.5376344086021505,0.043134806142269,0.250,0.05,toxicity,encoder_minilm,EXP-002
hi,few_label_128_strat,0.6630870586318592,0.11396067319647606,25,0.5190980122626602,0.041356414474514186,0.047369826435246995,0.5937349397590361,0.7870404321245927,0.40626506024096387,0.13691382765531063,0.40626506024096387,False,False,0.8321349483380787,0.24949899799599198,0.24960998439937598,641,998,0.6109261417773237,en,target_fpr,,,0.5376344086021505,0.018536396339490335,0.250,0.05,toxicity,encoder_minilm,EXP-002
hi,few_label_128_rand,0.7031862275266811,0.07367806701976067,25,0.5071064175502856,0.04861045333176688,0.03097463284379172,0.6250602409638555,0.8217947541342917,0.37493975903614457,0.11679358717434868,0.37493975903614457,False,False,0.8321349483380787,0.24949899799599198,0.24960998439937598,641,998,0.6109261417773237,en,target_fpr,,,0.5376344086021505,0.030527991051864878,0.250,0.05,toxicity,encoder_minilm,EXP-002
hi,few_label_256_strat,0.6661316375591124,0.06828627706868408,25,0.5288939293877949,0.027922780626871573,0.041495327102803736,0.5934136546184738,0.7858811990410518,0.4065863453815261,0.13258517034068137,0.4065863453815261,False,False,0.8321349483380787,0.24949899799599198,0.24960998439937598,641,998,0.6109261417773237,en,target_fpr,,,0.5376344086021505,0.008740479214355612,0.250,0.05,toxicity,encoder_minilm,EXP-002
hi,few_label_256_rand,0.6969898278499851,0.05288381034897578,25,0.5158421142984527,0.026768740147024843,0.03001335113484646,0.6194377510040161,0.8220334083036925,0.38056224899598395,0.11747494989979959,0.38056224899598395,False,False,0.8321349483380787,0.24949899799599198,0.24960998439937598,641,998,0.6109261417773237,en,target_fpr,,,0.5376344086021505,0.02179229430369778,0.250,0.05,toxicity,encoder_minilm,EXP-002
hi,target_full,0.6864597301548125,0.0,1,0.5376344086021505,0.0,0.030707610146862484,0.5983935742971888,0.8130081300813008,0.40160642570281124,0.12324649298597194,0.40160642570281124,False,False,0.8321349483380787,0.24949899799599198,0.24960998439937598,641,998,0.6109261417773237,en,target_fpr,0.4820324078648355,0.5975986427110975,0.5376344086021505,0.0,0.250,0.05,toxicity,encoder_minilm,EXP-002
hi,test_oracle_unachievable,0.6250921686721408,0.0,1,0.5532994923857868,0.0,0.04806408544726302,0.5622489959839357,0.7517241379310344,0.43775100401606426,0.14529058116232466,0.43775100401606426,False,False,0.8321349483380787,0.24949899799599198,0.24960998439937598,641,998,0.6109261417773237,en,target_fpr,,,0.5376344086021505,-0.01566508378363629,0.250,0.05,toxicity,encoder_minilm,EXP-002
hin,fixed_half,0.5,0.0,1,0.27507163323782235,0.0,0.13971742543171115,0.7735849056603774,0.35036496350364965,0.22641509433962265,0.16136631330977622,0.22641509433962265,False,False,0.5729799176564675,0.2497055359246172,0.24958123953098826,597,849,0.6109261417773237,en,target_fpr,,,0.14516129032258066,-0.1299103429152417,0.250,0.05,toxicity,encoder_minilm,EXP-002
hin,source_global,0.6109261417773237,0.0,1,0.22857142857142856,0.0,0.10518053375196232,0.8301886792452831,0.34951456310679613,0.16981132075471697,0.12131919905771496,0.16981132075471697,False,False,0.5729799176564675,0.2497055359246172,0.24958123953098826,597,849,0.6109261417773237,en,target_fpr,0.16612121212121211,0.2849112426035503,0.14516129032258066,-0.08341013824884791,0.250,0.05,toxicity,encoder_minilm,EXP-002
hin,pooled_global,0.8855475123237345,0.0,1,0.10970464135021095,0.0,0.018838304552590265,0.9386792452830188,0.52,0.06132075471698113,0.02944640753828033,0.06132075471698113,False,False,0.5729799176564675,0.2497055359246172,0.24958123953098826,597,849,0.6109261417773237,en,target_fpr,,,0.14516129032258066,0.035456648972369706,0.250,0.05,toxicity,encoder_minilm,EXP-002
hin,worstcase_global,0.9688718380734942,0.0,1,0.018518518518518517,0.0,0.0031397174254317113,0.9905660377358491,0.5,0.009433962264150943,0.004711425206124852,0.009433962264150943,True,False,0.5729799176564675,0.2497055359246172,0.24958123953098826,597,849,0.6109261417773237,en,target_fpr,,,0.14516129032258066,0.12664277180406214,0.250,0.05,toxicity,encoder_minilm,EXP-002
hin,quantile_match,0.33252229951267503,0.0,1,0.3101851851851852,0.0,0.2401883830455259,0.6839622641509434,0.30454545454545456,0.3160377358490566,0.2591283863368669,0.3160377358490566,False,False,0.5729799176564675,0.2497055359246172,0.24958123953098826,597,849,0.6109261417773237,en,target_fpr,,,0.14516129032258066,-0.16502389486260452,0.250,0.05,toxicity,encoder_minilm,EXP-002
hin,sld_em,0.9449739787906921,0.0,1,0.04545454545454545,0.0,0.004709576138147566,0.9764150943396226,0.625,0.02358490566037736,0.009422850412249705,0.02358490566037736,True,False,0.5729799176564675,0.2497055359246172,0.24958123953098826,597,849,0.6109261417773237,en,target_fpr,,,0.14516129032258066,0.09970674486803521,0.250,0.05,toxicity,encoder_minilm,EXP-002
hin,bbse,0.8382879497477284,0.0,1,0.145748987854251,0.0,0.026687598116169546,0.9150943396226415,0.5142857142857142,0.08490566037735849,0.04122497055359246,0.08490566037735849,False,False,0.5729799176564675,0.2497055359246172,0.24958123953098826,597,849,0.6109261417773237,en,target_fpr,,,0.14516129032258066,-0.0005876975316703448,0.250,0.05,toxicity,encoder_minilm,EXP-002
hin,few_label_8_strat,0.5456394297062732,0.2632652955620223,25,0.2347368880616411,0.10183037570401264,0.1767032967032967,0.7616981132075473,0.36939547364194053,0.23830188679245282,0.19208480565371025,0.23830188679245282,False,False,0.5729799176564675,0.2497055359246172,0.24958123953098826,597,849,0.6109261417773237,en,target_fpr,,,0.14516129032258066,-0.08957559773906046,0.250,0.05,toxicity,encoder_minilm,EXP-002
hin,few_label_8_rand,0.6630597606003424,0.219418638986994,25,0.19257088625455268,0.09248921516534601,0.10392464678178964,0.840943396226415,0.4147537242383777,0.1590566037735849,0.1176914016489988,0.1590566037735849,False,False,0.5729799176564675,0.2497055359246172,0.24958123953098826,597,849,0.6109261417773237,en,target_fpr,,,0.14516129032258066,-0.047409595931972026,0.250,0.05,toxicity,encoder_minilm,EXP-002
hin,few_label_16_strat,0.7008449559642347,0.18429915631526805,25,0.18198831613912636,0.07821976908636383,0.08119309262166405,0.8633962264150944,0.4064677053467125,0.13660377358490566,0.09502944640753828,0.13660377358490566,False,False,0.5729799176564675,0.2497055359246172,0.24958123953098826,597,849,0.6109261417773237,en,target_fpr,,,0.14516129032258066,-0.036827025816545705,0.250,0.05,toxicity,encoder_minilm,EXP-002
hin,few_label_16_rand,0.7878249047697432,0.16146216470634542,25,0.1464230437124775,0.07956749007046598,0.05180533751962323,0.8981132075471697,0.4810589480118157,0.1018867924528302,0.06431095406360424,0.1018867924528302,False,False,0.5729799176564675,0.2497055359246172,0.24958123953098826,597,849,0.6109261417773237,en,target_fpr,,,0.14516129032258066,-0.0012617533898968414,0.250,0.05,toxicity,encoder_minilm,EXP-002
hin,few_label_32_strat,0.8315556955367369,0.15423203187399798,25,0.11908357956838994,0.08159224804991985,0.03704866562009419,0.9209433962264151,0.5187359988306403,0.07905660377358491,0.047538280329799766,0.07905660377358491,False,False,0.5729799176564675,0.2497055359246172,0.24958123953098826,597,849,0.6109261417773237,en,target_fpr,,,0.14516129032258066,0.026077710754190714,0.250,0.05,toxicity,encoder_minilm,EXP-002
hin,few_label_32_rand,0.8119979403546287,0.12888430435931814,25,0.13187838747465738,0.07259285684370348,0.04232339089481948,0.9139622641509433,0.45888252221595854,0.08603773584905662,0.05323910482921084,0.08603773584905662,False,False,0.5729799176564675,0.2497055359246172,0.24958123953098826,597,849,0.6109261417773237,en,target_fpr,,,0.14516129032258066,0.013282902847923272,0.250,0.05,toxicity,encoder_minilm,EXP-002
hin,few_label_64_strat,0.8388408631161047,0.11912378816633898,25,0.11828022231252637,0.071290600879905,0.034160125588697014,0.9249056603773586,0.47430527147754586,0.0750943396226415,0.04438162544169611,0.0750943396226415,False,False,0.5729799176564675,0.2497055359246172,0.24958123953098826,597,849,0.6109261417773237,en,target_fpr,,,0.14516129032258066,0.026881068010054285,0.250,0.05,toxicity,encoder_minilm,EXP-002
hin,few_label_64_rand,0.8426315718059427,0.08831715717247177,25,0.12528135378612715,0.05622836258001467,0.030141287284144426,0.9237735849056604,0.49634617274320425,0.07622641509433963,0.0416489988221437,0.07622641509433963,False,False,0.5729799176564675,0.2497055359246172,0.24958123953098826,597,849,0.6109261417773237,en,target_fpr,,,0.14516129032258066,0.019879936536453507,0.250,0.05,toxicity,encoder_minilm,EXP-002
hin,few_label_128_strat,0.80418715117868,0.07157564411370902,25,0.1492025053804464,0.03571213383418245,0.04081632653061225,0.9077358490566038,0.456822733513426,0.09226415094339624,0.05366313309776207,0.09226415094339624,False,False,0.5729799176564675,0.2497055359246172,0.24958123953098826,597,849,0.6109261417773237,en,target_fpr,,,0.14516129032258066,-0.004041215057865755,0.250,0.05,toxicity,encoder_minilm,EXP-002
hin,few_label_128_rand,0.826251229762793,0.07682490276333193,25,0.13366684745139357,0.04248505031400676,0.03497645211930926,0.9186792452830188,0.46993153515812836,0.08132075471698114,0.04654888103651355,0.08132075471698114,False,False,0.5729799176564675,0.2497055359246172,0.24958123953098826,597,849,0.6109261417773237,en,target_fpr,,,0.14516129032258066,0.011494442871187088,0.250,0.05,toxicity,encoder_minilm,EXP-002
hin,few_label_256_strat,0.8224085440269251,0.05647775705545822,25,0.14248292489689837,0.031542457240823545,0.03472527472527473,0.9141509433962264,0.4749283082556401,0.08584905660377357,0.04749116607773852,0.08584905660377357,False,False,0.5729799176564675,0.2497055359246172,0.24958123953098826,597,849,0.6109261417773237,en,target_fpr,,,0.14516129032258066,0.002678365425682283,0.250,0.05,toxicity,encoder_minilm,EXP-002
hin,few_label_256_rand,0.8470493318678036,0.04551900427460533,25,0.12929231254478,0.030022353946792566,0.027315541601255888,0.9243396226415095,0.4934618996898653,0.07566037735849057,0.039387514723203766,0.07566037735849057,False,False,0.5729799176564675,0.2497055359246172,0.24958123953098826,597,849,0.6109261417773237,en,target_fpr,,,0.14516129032258066,0.015868977777800664,0.250,0.05,toxicity,encoder_minilm,EXP-002
hin,target_full,0.827846302094007,0.0,1,0.14516129032258066,0.0,0.0282574568288854,0.9150943396226415,0.5,0.08490566037735849,0.04240282685512368,0.08490566037735849,False,False,0.5729799176564675,0.2497055359246172,0.24958123953098826,597,849,0.6109261417773237,en,target_fpr,0.08351744186046513,0.2070258620689655,0.14516129032258066,0.0,0.250,0.05,toxicity,encoder_minilm,EXP-002
hin,test_oracle_unachievable,0.7874315323477206,0.0,1,0.1673003802281369,0.0,0.04552590266875981,0.8962264150943396,0.43137254901960786,0.10377358490566038,0.06007067137809187,0.10377358490566038,False,False,0.5729799176564675,0.2497055359246172,0.24958123953098826,597,849,0.6109261417773237,en,target_fpr,,,0.14516129032258066,-0.022139089905556242,0.250,0.05,toxicity,encoder_minilm,EXP-002
it,fixed_half,0.5,0.0,1,0.5031645569620253,0.0,0.2825520833333333,0.37890625,0.4228723404255319,0.62109375,0.3671875,0.62109375,False,False,0.7152862548828125,0.25,0.24925373134328357,670,1024,0.6109261417773237,en,target_fpr,,,0.3559322033898305,-0.14723235357219483,0.250,0.05,toxicity,encoder_minilm,EXP-002
it,source_global,0.6109261417773237,0.0,1,0.48250460405156537,0.0,0.203125,0.48828125,0.4564459930313589,0.51171875,0.2802734375,0.51171875,False,False,0.7152862548828125,0.25,0.24925373134328357,670,1024,0.6109261417773237,en,target_fpr,0.43368028449995666,0.5330883869724156,0.3559322033898305,-0.12657240066173486,0.250,0.05,toxicity,encoder_minilm,EXP-002
it,pooled_global,0.8846374350615693,0.0,1,0.3246376811594203,0.0,0.04296875,0.78125,0.6292134831460674,0.21875,0.0869140625,0.21875,False,False,0.7152862548828125,0.25,0.24925373134328357,670,1024,0.6109261417773237,en,target_fpr,,,0.3559322033898305,0.03129452223041018,0.250,0.05,toxicity,encoder_minilm,EXP-002
it,worstcase_global,0.9688718380734942,0.0,1,0.16783216783216784,0.0,0.0078125,0.90625,0.8,0.09375,0.029296875,0.09375,False,False,0.7152862548828125,0.25,0.24925373134328357,670,1024,0.6109261417773237,en,target_fpr,,,0.3559322033898305,0.18810003555766266,0.250,0.05,toxicity,encoder_minilm,EXP-002
it,quantile_match,0.6453203176989397,0.0,1,0.47450980392156855,0.0,0.17317708333333334,0.52734375,0.4763779527559055,0.47265625,0.248046875,0.47265625,False,False,0.7152862548828125,0.25,0.24925373134328357,670,1024,0.6109261417773237,en,target_fpr,,,0.3559322033898305,-0.11857760053173805,0.250,0.05,toxicity,encoder_minilm,EXP-002
it,sld_em,0.5895013898328396,0.0,1,0.4883303411131059,0.0,0.21484375,0.46875,0.45182724252491696,0.53125,0.2939453125,0.53125,False,False,0.7152862548828125,0.25,0.24925373134328357,670,1024,0.6109261417773237,en,target_fpr,,,0.3559322033898305,-0.1323981377232754,0.250,0.05,toxicity,encoder_minilm,EXP-002
it,bbse,0.5748338717010736,0.0,1,0.4866785079928952,0.0,0.22135416666666666,0.46484375,0.44625407166123776,0.53515625,0.2998046875,0.53515625,False,False,0.7152862548828125,0.25,0.24925373134328357,670,1024,0.6109261417773237,en,target_fpr,,,0.3559322033898305,-0.1307463046030647,0.250,0.05,toxicity,encoder_minilm,EXP-002
it,few_label_8_strat,0.66188204431662,0.20564296395025392,25,0.41985641089617703,0.10036669020740197,0.1864583333333333,0.55859375,0.5128015257329068,0.44140625,0.2501953125,0.44140625,False,False,0.7152862548828125,0.25,0.24925373134328357,670,1024,0.6109261417773237,en,target_fpr,,,0.3559322033898305,-0.06392420750634653,0.250,0.05,toxicity,encoder_minilm,EXP-002
it,few_label_8_rand,0.7971447866995913,0.135135193566232,25,0.364830919036817,0.11144657499715267,0.09234374999999999,0.6915625,0.5864751769303286,0.3084375,0.1463671875,0.3084375,False,False,0.7152862548828125,0.25,0.24925373134328357,670,1024,0.6109261417773237,en,target_fpr,,,0.3559322033898305,-0.008898715646986521,0.250,0.05,toxicity,encoder_minilm,EXP-002
it,few_label_16_strat,0.8204715823161757,0.1265377356909703,25,0.3523043599016652,0.10222607873755389,0.0790625,0.71640625,0.6061133168773533,0.28359375,0.1301953125,0.28359375,False,False,0.7152862548828125,0.25,0.24925373134328357,670,1024,0.6109261417773237,en,target_fpr,,,0.3559322033898305,0.0036278434881653054,0.250,0.05,toxicity,encoder_minilm,EXP-002
it,few_label_16_rand,0.8394388815539862,0.1141145297236889,25,0.33014548637409186,0.12175988385959992,0.0675,0.7415625,0.6227297458086931,0.2584375,0.115234375,0.2584375,False,False,0.7152862548828125,0.25,0.24925373134328357,670,1024,0.6109261417773237,en,target_fpr,,,0.3559322033898305,0.025786717015738647,0.250,0.05,toxicity,encoder_minilm,EXP-002
it,few_label_32_strat,0.8556152401917487,0.10335001676203633,25,0.318304423158131,0.11476197919470096,0.06067708333333334,0.7584375,0.6328015277835513,0.2415625,0.1058984375,0.2415625,False,False,0.7152862548828125,0.25,0.24925373134328357,670,1024,0.6109261417773237,en,target_fpr,,,0.3559322033898305,0.03762778023169949,0.250,0.05,toxicity,encoder_minilm,EXP-002
it,few_label_32_rand,0.8704596512831284,0.06793892895789322,25,0.32745998850389163,0.07414353543908161,0.05015625,0.7671875,0.6332722969324746,0.2328125,0.0958203125,0.2328125,False,False,0.7152862548828125,0.25,0.24925373134328357,670,1024,0.6109261417773237,en,target_fpr,,,0.3559322033898305,0.028472214885938874,0.250,0.05,toxicity,encoder_minilm,EXP-002
it,few_label_64_strat,0.8523916806298587,0.09041753248424642,25,0.33729746108663006,0.0851970132497855,0.05984375,0.74921875,0.619876416225222,0.25078125,0.107578125,0.25078125,False,False,0.7152862548828125,0.25,0.24925373134328357,670,1024,0.6109261417773237,en,target_fpr,,,0.3559322033898305,0.018634742303200447,0.250,0.05,toxicity,encoder_minilm,EXP-002
it,few_label_64_rand,0.8727108625535778,0.06369448985468293,25,0.3224107004250786,0.07862010239386118,0.04979166666666667,0.77125,0.6291649476157407,0.22875,0.09453125,0.22875,False,False,0.7152862548828125,0.25,0.24925373134328357,670,1024,0.6109261417773237,en,target_fpr,,,0.3559322033898305,0.033521502964751926,0.250,0.05,toxicity,encoder_minilm,EXP-002
it,few_label_128_strat,0.8607714825840079,0.03413103977348803,25,0.3531570200759344,0.04283641114682165,0.05515624999999999,0.74765625,0.6100923311903499,0.25234375,0.104453125,0.25234375,False,False,0.7152862548828125,0.25,0.24925373134328357,670,1024,0.6109261417773237,en,target_fpr,,,0.3559322033898305,0.00277518331389609,0.250,0.05,toxicity,encoder_minilm,EXP-002
it,few_label_128_rand,0.8718161636232121,0.03860825396387015,25,0.3353356107222128,0.04689770385123925,0.04953124999999999,0.76578125,0.6192867392560276,0.23421875,0.095703125,0.23421875,False,False,0.7152862548828125,0.25,0.24925373134328357,670,1024,0.6109261417773237,en,target_fpr,,,0.3559322033898305,0.020596592667617708,0.250,0.05,toxicity,encoder_minilm,EXP-002
it,few_label_256_strat,0.8536790329088858,0.02919563977362953,25,0.3617288637503732,0.030260524229641365,0.05760416666666667,0.7396875,0.6056640454939697,0.2603125,0.10828125,0.2603125,False,False,0.7152862548828125,0.25,0.24925373134328357,670,1024,0.6109261417773237,en,target_fpr,,,0.3559322033898305,-0.005796660360542716,0.250,0.05,toxicity,encoder_minilm,EXP-002
it,few_label_256_rand,0.8741532250936508,0.021895554648891886,25,0.3422889646593491,0.03298544526276823,0.04739583333333333,0.76296875,0.6277438274023358,0.23703125,0.0948046875,0.23703125,False,False,0.7152862548828125,0.25,0.24925373134328357,670,1024,0.6109261417773237,en,target_fpr,,,0.3559322033898305,0.0136432387304814,0.250,0.05,toxicity,encoder_minilm,EXP-002
it,target_full,0.8717186151152694,0.0,1,0.3559322033898305,0.0,0.045572916666666664,0.75390625,0.6428571428571429,0.24609375,0.095703125,0.24609375,False,False,0.7152862548828125,0.25,0.24925373134328357,670,1024,0.6109261417773237,en,target_fpr,0.29115584415584417,0.4200749779476624,0.3559322033898305,0.0,0.250,0.05,toxicity,encoder_minilm,EXP-002
it,test_oracle_unachievable,0.8654845985810203,0.0,1,0.36666666666666664,0.0,0.049479166666666664,0.7421875,0.6346153846153846,0.2578125,0.1015625,0.2578125,False,False,0.7152862548828125,0.25,0.24925373134328357,670,1024,0.6109261417773237,en,target_fpr,,,0.3559322033898305,-0.010734463276836137,0.250,0.05,toxicity,encoder_minilm,EXP-002
ja,fixed_half,0.5,0.0,1,0.4738562091503268,0.0,0.2812089356110381,0.4268774703557312,0.403899721448468,0.5731225296442688,0.35404339250493094,0.5731225296442688,False,False,0.6959352422701562,0.2495069033530572,0.25,656,1014,0.6109261417773237,en,target_fpr,,,0.3076923076923077,-0.16616390145801907,0.250,0.05,toxicity,encoder_minilm,EXP-002
ja,source_global,0.6109261417773237,0.0,1,0.4630350194552529,0.0,0.18659658344283836,0.5296442687747036,0.4559386973180077,0.47035573122529645,0.257396449704142,0.47035573122529645,False,False,0.6959352422701562,0.2495069033530572,0.25,656,1014,0.6109261417773237,en,target_fpr,0.40882259703312335,0.5116580086580087,0.3076923076923077,-0.15534271176294517,0.250,0.05,toxicity,encoder_minilm,EXP-002
ja,pooled_global,0.8844005696841919,0.0,1,0.28398791540785495,0.0,0.040735873850197106,0.8142292490118577,0.6025641025641025,0.1857707509881423,0.07692307692307693,0.1857707509881423,False,False,0.6959352422701562,0.2495069033530572,0.25,656,1014,0.6109261417773237,en,target_fpr,,,0.3076923076923077,0.023704392284452758,0.250,0.05,toxicity,encoder_minilm,EXP-002
ja,worstcase_global,0.9688718380734942,0.0,1,0.13186813186813187,0.0,0.002628120893561104,0.9288537549407114,0.9,0.07114624505928854,0.01972386587771203,0.07114624505928854,False,False,0.6959352422701562,0.2495069033530572,0.25,656,1014,0.6109261417773237,en,target_fpr,,,0.3076923076923077,0.17582417582417584,0.250,0.05,toxicity,encoder_minilm,EXP-002
ja,quantile_match,0.6221947411001079,0.0,1,0.45759368836291914,0.0,0.18134034165571616,0.541501976284585,0.4566929133858268,0.45849802371541504,0.2504930966469428,0.45849802371541504,False,False,0.6959352422701562,0.2495069033530572,0.25,656,1014,0.6109261417773237,en,target_fpr,,,0.3076923076923077,-0.14990138067061143,0.250,0.05,toxicity,encoder_minilm,EXP-002
ja,sld_em,0.630660715260422,0.0,1,0.4609218436873747,0.0,0.1721419185282523,0.5454545454545454,0.46747967479674796,0.45454545454545453,0.24260355029585798,0.45454545454545453,False,False,0.6959352422701562,0.2495069033530572,0.25,656,1014,0.6109261417773237,en,target_fpr,,,0.3076923076923077,-0.153229535995067,0.250,0.05,toxicity,encoder_minilm,EXP-002
ja,bbse,0.602985303258627,0.0,1,0.4624277456647399,0.0,0.19185282522996058,0.525691699604743,0.45112781954887216,0.4743083003952569,0.26232741617357,0.4743083003952569,False,False,0.6959352422701562,0.2495069033530572,0.25,656,1014,0.6109261417773237,en,target_fpr,,,0.3076923076923077,-0.15473543797243217,0.250,0.05,toxicity,encoder_minilm,EXP-002
ja,few_label_8_strat,0.6762400518642104,0.1924070472075231,25,0.3945372461625575,0.09985075650929444,0.1709855453350854,0.6006324110671937,0.5040459085109587,0.39936758893280633,0.22796844181459566,0.39936758893280633,False,False,0.6959352422701562,0.2495069033530572,0.25,656,1014,0.6109261417773237,en,target_fpr,,,0.3076923076923077,-0.08684493847024977,0.250,0.05,toxicity,encoder_minilm,EXP-002
ja,few_label_8_rand,0.7493920187213486,0.17020816171922964,25,0.3651182998130733,0.10539122836366575,0.11936925098554532,0.6711462450592885,0.5460006875940857,0.3288537549407115,0.17163708086785012,0.3288537549407115,False,False,0.6959352422701562,0.2495069033530572,0.25,656,1014,0.6109261417773237,en,target_fpr,,,0.3076923076923077,-0.0574259921207656,0.250,0.05,toxicity,encoder_minilm,EXP-002
ja,few_label_16_strat,0.7897920454794527,0.15691011721936698,25,0.3272192217618186,0.12327058710263052,0.0961892247043364,0.7187351778656127,0.5777295355992211,0.28126482213438736,0.14236686390532546,0.28126482213438736,False,False,0.6959352422701562,0.2495069033530572,0.25,656,1014,0.6109261417773237,en,target_fpr,,,0.3076923076923077,-0.019526914069510903,0.250,0.05,toxicity,encoder_minilm,EXP-002
ja,few_label_16_rand,0.8414869704006975,0.10229834649061119,25,0.3102587078531673,0.09464153368862518,0.06312746386333772,0.7674308300395256,0.596371141813667,0.2325691699604743,0.10540433925049308,0.2325691699604743,False,False,0.6959352422701562,0.2495069033530572,0.25,656,1014,0.6109261417773237,en,target_fpr,,,0.3076923076923077,-0.002566400160859572,0.250,0.05,toxicity,encoder_minilm,EXP-002
ja,few_label_32_strat,0.8829046428242617,0.11532543341141104,25,0.24305392257762162,0.11251096979648967,0.04541392904073588,0.8243478260869566,0.6716648090913953,0.17565217391304344,0.07790927021696252,0.17565217391304344,False,False,0.6959352422701562,0.2495069033530572,0.25,656,1014,0.6109261417773237,en,target_fpr,,,0.3076923076923077,0.06463838511468609,0.250,0.05,toxicity,encoder_minilm,EXP-002
ja,few_label_32_rand,0.8513667704552946,0.10256285424609528,25,0.29465442195738595,0.10879687128917381,0.05771353482260183,0.7808695652173914,0.6138512777798081,0.2191304347826087,0.09798816568047337,0.2191304347826087,False,False,0.6959352422701562,0.2495069033530572,0.25,656,1014,0.6109261417773237,en,target_fpr,,,0.3076923076923077,0.013037885734921761,0.250,0.05,toxicity,encoder_minilm,EXP-002
ja,few_label_64_strat,0.8757255155791003,0.05604132089797359,25,0.28837213119092503,0.0815801288570538,0.04388961892247043,0.8023715415019764,0.6224420219240908,0.19762845849802368,0.08224852071005916,0.19762845849802368,False,False,0.6959352422701562,0.2495069033530572,0.25,656,1014,0.6109261417773237,en,target_fpr,,,0.3076923076923077,0.01932017650138268,0.250,0.05,toxicity,encoder_minilm,EXP-002
ja,few_label_64_rand,0.8790564746203,0.0595214844197658,25,0.28205055474655394,0.08218879855129578,0.04236530880420499,0.807588932806324,0.6288528474766713,0.19241106719367587,0.07980276134122287,0.19241106719367587,False,False,0.6959352422701562,0.2495069033530572,0.25,656,1014,0.6109261417773237,en,target_fpr,,,0.3076923076923077,0.02564175294575377,0.250,0.05,toxicity,encoder_minilm,EXP-002
ja,few_label_128_strat,0.8680154076127171,0.047048880177764534,25,0.30508981464295365,0.06303788779423632,0.04762155059132721,0.7897233201581026,0.607273629061089,0.21027667984189724,0.08820512820512821,0.21027667984189724,False,False,0.6959352422701562,0.2495069033530572,0.25,656,1014,0.6109261417773237,en,target_fpr,,,0.3076923076923077,0.00260249304935406,0.250,0.05,toxicity,encoder_minilm,EXP-002
ja,few_label_128_rand,0.8806922334916196,0.028086467517232178,25,0.2912957961865567,0.04697657754614902,0.041576872536136664,0.8061660079051385,0.6125202799432048,0.19383399209486163,0.07956607495069033,0.19383399209486163,False,False,0.6959352422701562,0.2495069033530572,0.25,656,1014,0.6109261417773237,en,target_fpr,,,0.3076923076923077,0.016396511505751,0.250,0.05,toxicity,encoder_minilm,EXP-002
ja,few_label_256_strat,0.8701998003444287,0.025885230894624606,25,0.3075949193946949,0.03607677643195483,0.0466754270696452,0.791304347826087,0.600513588139951,0.20869565217391306,0.08710059171597635,0.20869565217391306,False,False,0.6959352422701562,0.2495069033530572,0.25,656,1014,0.6109261417773237,en,target_fpr,,,0.3076923076923077,9.738829761279932e-05,0.250,0.05,toxicity,encoder_minilm,EXP-002
ja,few_label_256_rand,0.8726067988248678,0.018285798689874892,25,0.30469017101663887,0.02673647773742078,0.04541392904073588,0.7949407114624505,0.6020778038025715,0.2050592885375494,0.0852465483234714,0.2050592885375494,False,False,0.6959352422701562,0.2495069033530572,0.25,656,1014,0.6109261417773237,en,target_fpr,,,0.3076923076923077,0.003002136675668843,0.250,0.05,toxicity,encoder_minilm,EXP-002
ja,target_full,0.8738850150025557,0.0,1,0.3076923076923077,0.0,0.04336399474375821,0.7944664031620553,0.611764705882353,0.20553359683794467,0.08382642998027613,0.20553359683794467,False,False,0.6959352422701562,0.2495069033530572,0.25,656,1014,0.6109261417773237,en,target_fpr,0.24382240853658535,0.3711420636986896,0.3076923076923077,0.0,0.250,0.05,toxicity,encoder_minilm,EXP-002
ja,test_oracle_unachievable,0.8638207915134329,0.0,1,0.31791907514450873,0.0,0.04993429697766097,0.782608695652174,0.5913978494623656,0.21739130434782608,0.09171597633136094,0.21739130434782608,False,False,0.6959352422701562,0.2495069033530572,0.25,656,1014,0.6109261417773237,en,target_fpr,,,0.3076923076923077,-0.010226767452201024,0.250,0.05,toxicity,encoder_minilm,EXP-002
ru,fixed_half,0.5,0.0,1,0.6886792452830188,0.0,0.21550591327201052,0.13438735177865613,0.5718015665796344,0.8656126482213439,0.3777120315581854,0.8656126482213439,False,False,0.9093402170017607,0.2495069033530572,0.25,656,1014,0.6109261417773237,en,target_fpr,,,0.6713947990543735,-0.017284446228645334,0.250,0.05,toxicity,encoder_minilm,EXP-002
ru,source_global,0.6109261417773237,0.0,1,0.7062937062937064,0.0,0.15374507227332457,0.2015810276679842,0.6332288401253918,0.7984189723320159,0.3145956607495069,0.7984189723320159,False,False,0.9093402170017607,0.2495069033530572,0.25,656,1014,0.6109261417773237,en,target_fpr,0.6617445512515465,0.7450131639486733,0.6713947990543735,-0.034898907239332866,0.250,0.05,toxicity,encoder_minilm,EXP-002
ru,pooled_global,0.8843224254806534,0.0,1,0.6407766990291263,0.0,0.035479632063074903,0.4782608695652174,0.8301886792452831,0.5217391304347826,0.15680473372781065,0.5217391304347826,False,False,0.9093402170017607,0.2495069033530572,0.25,656,1014,0.6109261417773237,en,target_fpr,,,0.6713947990543735,0.03061810002524723,0.250,0.05,toxicity,encoder_minilm,EXP-002
ru,worstcase_global,0.9688718380734942,0.0,1,0.4085365853658537,0.0,0.010512483574244415,0.7351778656126482,0.8933333333333333,0.2648221343873518,0.07396449704142012,0.2648221343873518,False,False,0.9093402170017607,0.2495069033530572,0.25,656,1014,0.6109261417773237,en,target_fpr,,,0.6713947990543735,0.2628582136885198,0.250,0.05,toxicity,encoder_minilm,EXP-002
ru,quantile_match,0.7631862922495971,0.0,1,0.7346938775510204,0.0,0.07490144546649145,0.2885375494071146,0.759493670886076,0.7114624505928854,0.23372781065088757,0.7114624505928854,False,False,0.9093402170017607,0.2495069033530572,0.25,656,1014,0.6109261417773237,en,target_fpr,,,0.6713947990543735,-0.06329907849664695,0.250,0.05,toxicity,encoder_minilm,EXP-002
ru,sld_em,0.4344685665465146,0.0,1,0.672566371681416,0.0,0.2588699080157687,0.09881422924901186,0.5364705882352941,0.9011857707509882,0.41913214990138065,0.9011857707509882,False,False,0.9093402170017607,0.2495069033530572,0.25,656,1014,0.6109261417773237,en,target_fpr,,,0.6713947990543735,-0.001171572627042483,0.250,0.05,toxicity,encoder_minilm,EXP-002
ru,bbse,0.48948958350136607,0.0,1,0.6865203761755485,0.0,0.21813403416557162,0.13438735177865613,0.5688311688311688,0.8656126482213439,0.3796844181459566,0.8656126482213439,False,False,0.9093402170017607,0.2495069033530572,0.25,656,1014,0.6109261417773237,en,target_fpr,,,0.6713947990543735,-0.015125577121175016,0.250,0.05,toxicity,encoder_minilm,EXP-002
ru,few_label_8_strat,0.766625175486632,0.16152821610672863,25,0.6484941008321691,0.1027778586766839,0.08783180026281208,0.37296442687747033,0.7539074636634876,0.6270355731225297,0.22236686390532545,0.6270355731225297,False,False,0.9093402170017607,0.2495069033530572,0.25,656,1014,0.6109261417773237,en,target_fpr,,,0.6713947990543735,0.02290069822220442,0.250,0.05,toxicity,encoder_minilm,EXP-002
ru,few_label_8_rand,0.7957639937221458,0.12001887316151506,25,0.6607463660224093,0.12541587285616754,0.07090670170827856,0.3792885375494071,0.7822564364096624,0.6207114624505929,0.20808678500986194,0.6207114624505929,False,False,0.9093402170017607,0.2495069033530572,0.25,656,1014,0.6109261417773237,en,target_fpr,,,0.6713947990543735,0.010648433031964166,0.250,0.05,toxicity,encoder_minilm,EXP-002
ru,few_label_16_strat,0.8315787638655533,0.11848491982801103,25,0.6344764804849298,0.11341294591716301,0.0566622864651774,0.4349407114624506,0.8013268810657275,0.5650592885375494,0.18351084812623275,0.5650592885375494,False,False,0.9093402170017607,0.2495069033530572,0.25,656,1014,0.6109261417773237,en,target_fpr,,,0.6713947990543735,0.03691831856944372,0.250,0.05,toxicity,encoder_minilm,EXP-002
ru,few_label_16_rand,0.8820029473911238,0.0864050780537234,25,0.5760042585169609,0.14722714044086543,0.037687253613666226,0.52300395256917,0.8398388680152571,0.47699604743083,0.14729783037475344,0.47699604743083,False,False,0.9093402170017607,0.2495069033530572,0.25,656,1014,0.6109261417773237,en,target_fpr,,,0.6713947990543735,0.09539054053741258,0.250,0.05,toxicity,encoder_minilm,EXP-002
ru,few_label_32_strat,0.8759276732048317,0.06811182953021495,25,0.6134187759216683,0.09983236694836058,0.039211563731931666,0.49090909090909085,0.8261765262257047,0.5090909090909091,0.15644970414201184,0.5090909090909091,False,False,0.9093402170017607,0.2495069033530572,0.25,656,1014,0.6109261417773237,en,target_fpr,,,0.6713947990543735,0.05797602313270522,0.250,0.05,toxicity,encoder_minilm,EXP-002
ru,few_label_32_rand,0.8423073375458934,0.08602940281399435,25,0.6509877360495993,0.10150388532360642,0.05109067017082786,0.4268774703557312,0.8072727405204035,0.5731225296442688,0.1813412228796844,0.5731225296442688,False,False,0.9093402170017607,0.2495069033530572,0.25,656,1014,0.6109261417773237,en,target_fpr,,,0.6713947990543735,0.02040706300477424,0.250,0.05,toxicity,encoder_minilm,EXP-002
ru,few_label_64_strat,0.844023198334132,0.08072253130333377,25,0.6510579369770363,0.07958388351599947,0.050407358738501974,0.43241106719367595,0.8055374207399708,0.567588932806324,0.17944773175542408,0.567588932806324,False,False,0.9093402170017607,0.2495069033530572,0.25,656,1014,0.6109261417773237,en,target_fpr,,,0.6713947990543735,0.020336862077337203,0.250,0.05,toxicity,encoder_minilm,EXP-002
ru,few_label_64_rand,0.8701391732518441,0.07229145236295553,25,0.6173991422331447,0.10147951673529489,0.040893561103810774,0.48284584980237155,0.8236894015087164,0.5171541501976284,0.15972386587771203,0.5171541501976284,False,False,0.9093402170017607,0.2495069033530572,0.25,656,1014,0.6109261417773237,en,target_fpr,,,0.6713947990543735,0.053995656821228755,0.250,0.05,toxicity,encoder_minilm,EXP-002
ru,few_label_128_strat,0.8643153428105218,0.04466765918879682,25,0.6545110028102141,0.06348869198678249,0.04099868593955322,0.446798418972332,0.8230786293923837,0.5532015810276679,0.16879684418145957,0.5532015810276679,False,False,0.9093402170017607,0.2495069033530572,0.25,656,1014,0.6109261417773237,en,target_fpr,,,0.6713947990543735,0.016883796244159366,0.250,0.05,toxicity,encoder_minilm,EXP-002
ru,few_label_128_rand,0.8729668840948648,0.0412082350679979,25,0.644727364556746,0.06124144053430722,0.03773981603153745,0.46434782608695657,0.8296191598086959,0.5356521739130435,0.16197238658777122,0.5356521739130435,False,False,0.9093402170017607,0.2495069033530572,0.25,656,1014,0.6109261417773237,en,target_fpr,,,0.6713947990543735,0.02666743449762754,0.250,0.05,toxicity,encoder_minilm,EXP-002
ru,few_label_256_strat,0.8580717097288456,0.03544122556060073,25,0.6762636270274703,0.05196764126014441,0.043258869908015765,0.4180237154150197,0.8205741922900367,0.5819762845849803,0.17767258382643,0.5819762845849803,False,False,0.9093402170017607,0.2495069033530572,0.25,656,1014,0.6109261417773237,en,target_fpr,,,0.6713947990543735,-0.004868827973096845,0.250,0.05,toxicity,encoder_minilm,EXP-002
ru,few_label_256_rand,0.8707780721079398,0.025950046782445533,25,0.6635720439388865,0.04641661007301079,0.038370565045992115,0.4428458498023715,0.8303347565482482,0.5571541501976285,0.16781065088757394,0.5571541501976285,False,False,0.9093402170017607,0.2495069033530572,0.25,656,1014,0.6109261417773237,en,target_fpr,,,0.6713947990543735,0.007822755115487023,0.250,0.05,toxicity,encoder_minilm,EXP-002
ru,target_full,0.8728873316896486,0.0,1,0.6713947990543735,0.0,0.03679369250985545,0.43873517786561267,0.8352941176470589,0.5612648221343873,0.16765285996055226,0.5612648221343873,False,False,0.9093402170017607,0.2495069033530572,0.25,656,1014,0.6109261417773237,en,target_fpr,0.6189650725562328,0.7226955387846478,0.6713947990543735,0.0,0.250,0.05,toxicity,encoder_minilm,EXP-002
ru,test_oracle_unachievable,0.8427012017012263,0.0,1,0.7208791208791209,0.0,0.04993429697766097,0.35177865612648224,0.8118811881188119,0.6482213438735178,0.1992110453648915,0.6482213438735178,False,False,0.9093402170017607,0.2495069033530572,0.25,656,1014,0.6109261417773237,en,target_fpr,,,0.6713947990543735,-0.04948432182474738,0.250,0.05,toxicity,encoder_minilm,EXP-002
tt,fixed_half,0.5,0.0,1,0.3486454652532391,0.0,0.5976095617529881,0.4103585657370518,0.24749163879598662,0.5896414342629482,0.5956175298804781,0.5896414342629482,False,False,0.5264784156865235,0.25,0.25,728,1004,0.6109261417773237,en,target_fpr,,,0.12624584717607973,-0.22239961807715936,0.250,0.05,toxicity,encoder_minilm,EXP-002
tt,source_global,0.6109261417773237,0.0,1,0.348404255319149,0.0,0.4913678618857902,0.47808764940239046,0.26147704590818366,0.5219123505976095,0.499003984063745,0.5219123505976095,False,False,0.5264784156865235,0.25,0.25,728,1004,0.6109261417773237,en,target_fpr,0.30172868167294303,0.3910197478639638,0.12624584717607973,-0.22215840814306925,0.250,0.05,toxicity,encoder_minilm,EXP-002
tt,pooled_global,0.8547620892098757,0.0,1,0.2909090909090909,0.0,0.22841965471447542,0.7131474103585658,0.29508196721311475,0.2868525896414343,0.24302788844621515,0.2868525896414343,False,False,0.5264784156865235,0.25,0.25,728,1004,0.6109261417773237,en,target_fpr,,,0.12624584717607973,-0.16466324373301117,0.250,0.05,toxicity,encoder_minilm,EXP-002
tt,worstcase_global,0.9623849971146405,0.0,1,0.134185303514377,0.0,0.05444887118193891,0.9163346613545816,0.3387096774193548,0.08366533864541832,0.061752988047808766,0.08366533864541832,False,False,0.5264784156865235,0.25,0.25,728,1004,0.6109261417773237,en,target_fpr,,,0.12624584717607973,-0.007939456338297263,0.250,0.05,toxicity,encoder_minilm,EXP-002
tt,quantile_match,0.8393733160340333,0.0,1,0.30078125,0.0,0.24435590969455512,0.6932270916334662,0.2950191570881226,0.30677290836653387,0.2599601593625498,0.30677290836653387,False,False,0.5264784156865235,0.25,0.25,728,1004,0.6109261417773237,en,target_fpr,,,0.12624584717607973,-0.17453540282392027,0.250,0.05,toxicity,encoder_minilm,EXP-002
tt,sld_em,0.21902071249588956,0.0,1,0.38934802571166205,0.0,0.8313413014608234,0.1553784860557769,0.2529832935560859,0.8446215139442231,0.8346613545816733,0.8446215139442231,True,False,0.5264784156865235,0.25,0.25,728,1004,0.6109261417773237,en,target_fpr,,,0.12624584717607973,-0.2631021785355823,0.250,0.05,toxicity,encoder_minilm,EXP-002
tt,bbse,0.34939902026150593,0.0,1,0.3720452209660843,0.0,0.7184594953519257,0.2788844621513944,0.25069252077562326,0.7211155378486056,0.7191235059760956,0.7211155378486056,False,False,0.5264784156865235,0.25,0.25,728,1004,0.6109261417773237,en,target_fpr,,,0.12624584717607973,-0.24579937379000455,0.250,0.05,toxicity,encoder_minilm,EXP-002
tt,few_label_8_strat,0.8740024356959866,0.10965443752459,25,0.22577502117663373,0.08452763750898747,0.18220451527224435,0.7786454183266933,0.30758993049289546,0.2213545816733068,0.19199203187250993,0.2213545816733068,False,False,0.5264784156865235,0.25,0.25,728,1004,0.6109261417773237,en,target_fpr,,,0.12624584717607973,-0.099529174000554,0.250,0.05,toxicity,encoder_minilm,EXP-002
tt,few_label_8_rand,0.9072068013014415,0.09812962835646283,25,0.18391149138369756,0.09172907764486028,0.13136786188579017,0.8318725099601594,0.3460985429777428,0.16812749003984062,0.1405577689243028,0.16812749003984062,False,False,0.5264784156865235,0.25,0.25,728,1004,0.6109261417773237,en,target_fpr,,,0.12624584717607973,-0.05766564420761783,0.250,0.05,toxicity,encoder_minilm,EXP-002
tt,few_label_16_strat,0.9107660802142757,0.09629124792452745,25,0.17547072621638954,0.09562111024978491,0.12664010624169986,0.8395219123505976,0.3530808524945472,0.16047808764940238,0.1350996015936255,0.16047808764940238,False,False,0.5264784156865235,0.25,0.25,728,1004,0.6109261417773237,en,target_fpr,,,0.12624584717607973,-0.04922487904030981,0.250,0.05,toxicity,encoder_minilm,EXP-002
tt,few_label_16_rand,0.9409843587975069,0.07340590350632419,25,0.1491776085564107,0.07072116778439658,0.0845152722443559,0.8849402390438247,0.36971861740472894,0.1150597609561753,0.09215139442231075,0.1150597609561753,False,False,0.5264784156865235,0.25,0.25,728,1004,0.6109261417773237,en,target_fpr,,,0.12624584717607973,-0.022931761380330984,0.250,0.05,toxicity,encoder_minilm,EXP-002
tt,few_label_32_strat,0.9637820283399542,0.02638427295950908,25,0.11838279404508163,0.05783449337561028,0.052377158034528554,0.9212749003984064,0.4593560895279712,0.07872509960159361,0.05896414342629482,0.07872509960159361,False,False,0.5264784156865235,0.25,0.25,728,1004,0.6109261417773237,en,target_fpr,,,0.12624584717607973,0.007863053130998096,0.250,0.05,toxicity,encoder_minilm,EXP-002
tt,few_label_32_rand,0.9605102417180896,0.02504090150360269,25,0.12957584293992183,0.051228726088869574,0.05763612217795483,0.9136254980079681,0.39847319055588637,0.08637450199203187,0.06482071713147411,0.08637450199203187,False,False,0.5264784156865235,0.25,0.25,728,1004,0.6109261417773237,en,target_fpr,,,0.12624584717607973,-0.003329995763842103,0.250,0.05,toxicity,encoder_minilm,EXP-002
tt,few_label_64_strat,0.9648691214087841,0.017546509705121373,25,0.12428599214303507,0.03582773750997926,0.04924302788844621,0.9214342629482072,0.39141011932531006,0.07856573705179283,0.05657370517928286,0.07856573705179283,False,False,0.5264784156865235,0.25,0.25,728,1004,0.6109261417773237,en,target_fpr,,,0.12624584717607973,0.0019598550330446607,0.250,0.05,toxicity,encoder_minilm,EXP-002
tt,few_label_64_rand,0.9662077902332693,0.015949027073724614,25,0.11959291963594765,0.03208126170178985,0.04722443559096945,0.925418326693227,0.4112921096426323,0.0745816733067729,0.05406374501992031,0.0745816733067729,False,False,0.5264784156865235,0.25,0.25,728,1004,0.6109261417773237,en,target_fpr,,,0.12624584717607973,0.006652927540132081,0.250,0.05,toxicity,encoder_minilm,EXP-002
tt,few_label_128_strat,0.9663074551979832,0.009387556214442656,25,0.12284482704113701,0.017183140110159888,0.04658698539176626,0.9247808764940239,0.3692843756932941,0.0752191235059761,0.05374501992031873,0.0752191235059761,False,False,0.5264784156865235,0.25,0.25,728,1004,0.6109261417773237,en,target_fpr,,,0.12624584717607973,0.0034010201349427144,0.250,0.05,toxicity,encoder_minilm,EXP-002
tt,few_label_128_rand,0.971327380178418,0.0076042383646126675,25,0.11195386809277404,0.017679461007295016,0.03649402390438247,0.9337051792828686,0.399710126399701,0.06629482071713147,0.043944223107569715,0.06629482071713147,False,False,0.5264784156865235,0.25,0.25,728,1004,0.6109261417773237,en,target_fpr,,,0.12624584717607973,0.014291979083305692,0.250,0.05,toxicity,encoder_minilm,EXP-002
tt,few_label_256_strat,0.9689161721860274,0.004796268220100838,25,0.12010177648456008,0.0100837713026127,0.04154050464807437,0.9279681274900398,0.37278028059731644,0.07203187250996015,0.049163346613545815,0.07203187250996015,False,False,0.5264784156865235,0.25,0.25,728,1004,0.6109261417773237,en,target_fpr,,,0.12624584717607973,0.006144070691519649,0.250,0.05,toxicity,encoder_minilm,EXP-002
tt,few_label_256_rand,0.9690219082208642,0.005643432485910871,25,0.11744954246574558,0.010520627498190868,0.041009296148738376,0.9297211155378485,0.3710529098561049,0.07027888446215139,0.048326693227091634,0.07027888446215139,False,False,0.5264784156865235,0.25,0.25,728,1004,0.6109261417773237,en,target_fpr,,,0.12624584717607973,0.008796304710334144,0.250,0.05,toxicity,encoder_minilm,EXP-002
tt,target_full,0.9688718380734942,0.0,1,0.12624584717607973,0.0,0.041168658698539175,0.9243027888446215,0.38,0.07569721115537849,0.049800796812749,0.07569721115537849,False,False,0.5264784156865235,0.25,0.25,728,1004,0.6109261417773237,en,target_fpr,0.08106831022085259,0.17805034129692832,0.12624584717607973,0.0,0.250,0.05,toxicity,encoder_minilm,EXP-002
tt,test_oracle_unachievable,0.9675089698360404,0.0,1,0.13114754098360656,0.0,0.0451527224435591,0.9203187250996016,0.37037037037037035,0.0796812749003984,0.053784860557768925,0.0796812749003984,False,False,0.5264784156865235,0.25,0.25,728,1004,0.6109261417773237,en,target_fpr,,,0.12624584717607973,-0.004901693807526836,0.250,0.05,toxicity,encoder_minilm,EXP-002
uk,fixed_half,0.5,0.0,1,0.5199362041467305,0.0,0.2776315789473684,0.3557312252964427,0.4358288770053476,0.6442687747035574,0.36920039486673245,0.6442687747035574,False,False,0.7576138964010818,0.24975320829220138,0.24925816023738873,674,1013,0.6109261417773237,en,target_fpr,,,0.37288135593220345,-0.14705484821452702,0.250,0.05,toxicity,encoder_minilm,EXP-002
uk,source_global,0.6109261417773237,0.0,1,0.5099457504520795,0.0,0.20921052631578949,0.4426877470355731,0.47,0.5573122529644269,0.29615004935834155,0.5573122529644269,False,False,0.7576138964010818,0.24975320829220138,0.24925816023738873,674,1013,0.6109261417773237,en,target_fpr,0.453348857608287,0.5589633763092993,0.37288135593220345,-0.137064394519876,0.250,0.05,toxicity,encoder_minilm,EXP-002
uk,pooled_global,0.884326842187165,0.0,1,0.37535014005602246,0.0,0.04868421052631579,0.7351778656126482,0.6442307692307693,0.2648221343873518,0.10266535044422508,0.2648221343873518,False,False,0.7576138964010818,0.24975320829220138,0.24925816023738873,674,1013,0.6109261417773237,en,target_fpr,,,0.37288135593220345,-0.0024687841238190122,0.250,0.05,toxicity,encoder_minilm,EXP-002
uk,worstcase_global,0.9688718380734942,0.0,1,0.1516245487364621,0.0,0.003947368421052632,0.9169960474308301,0.875,0.08300395256916997,0.023692003948667325,0.08300395256916997,False,False,0.7576138964010818,0.24975320829220138,0.24925816023738873,674,1013,0.6109261417773237,en,target_fpr,,,0.37288135593220345,0.22125680719574134,0.250,0.05,toxicity,encoder_minilm,EXP-002
uk,quantile_match,0.6351093864134566,0.0,1,0.5141776937618149,0.0,0.18421052631578946,0.4624505928853755,0.4927536231884058,0.5375494071146245,0.2724580454096742,0.5375494071146245,False,False,0.7576138964010818,0.24975320829220138,0.24925816023738873,674,1013,0.6109261417773237,en,target_fpr,,,0.37288135593220345,-0.14129633782961143,0.250,0.05,toxicity,encoder_minilm,EXP-002
uk,sld_em,0.5985756789747247,0.0,1,0.5150976909413854,0.0,0.21710526315789475,0.4268774703557312,0.46774193548387094,0.5731225296442688,0.3060217176702863,0.5731225296442688,False,False,0.7576138964010818,0.24975320829220138,0.24925816023738873,674,1013,0.6109261417773237,en,target_fpr,,,0.37288135593220345,-0.1422163350091819,0.250,0.05,toxicity,encoder_minilm,EXP-002
uk,bbse,0.5919883743923982,0.0,1,0.5177304964539007,0.0,0.21710526315789475,0.42292490118577075,0.4694533762057878,0.5770750988142292,0.3070088845014807,0.5770750988142292,False,False,0.7576138964010818,0.24975320829220138,0.24925816023738873,674,1013,0.6109261417773237,en,target_fpr,,,0.37288135593220345,-0.14484914052169723,0.250,0.05,toxicity,encoder_minilm,EXP-002
uk,few_label_8_strat,0.7094532914960006,0.21690361923342574,25,0.4362618929098088,0.0919024197500891,0.162,0.5607905138339921,0.5595563065203423,0.4392094861660079,0.23123395853899306,0.4392094861660079,False,False,0.7576138964010818,0.24975320829220138,0.24925816023738873,674,1013,0.6109261417773237,en,target_fpr,,,0.37288135593220345,-0.06338053697760537,0.250,0.05,toxicity,encoder_minilm,EXP-002
uk,few_label_8_rand,0.7357898557814461,0.17080586127490827,25,0.42561685188050113,0.12275906263063187,0.1355263157894737,0.5865612648221343,0.5840369689248996,0.41343873517786567,0.20493583415597236,0.41343873517786567,False,False,0.7576138964010818,0.24975320829220138,0.24925816023738873,674,1013,0.6109261417773237,en,target_fpr,,,0.37288135593220345,-0.052735495948297684,0.250,0.05,toxicity,encoder_minilm,EXP-002
uk,few_label_16_strat,0.848500975356033,0.12481415321179247,25,0.3485995674151063,0.13820761134713253,0.06947368421052631,0.7182608695652174,0.6772930756474755,0.2817391304347826,0.12248766041461007,0.2817391304347826,False,False,0.7576138964010818,0.24975320829220138,0.24925816023738873,674,1013,0.6109261417773237,en,target_fpr,,,0.37288135593220345,0.02428178851709717,0.250,0.05,toxicity,encoder_minilm,EXP-002
uk,few_label_16_rand,0.8705328819038054,0.10567187973129122,25,0.3250356960119717,0.14264198136608805,0.056947368421052635,0.7484584980237153,0.6946222357462883,0.25154150197628455,0.10554787759131293,0.25154150197628455,False,False,0.7576138964010818,0.24975320829220138,0.24925816023738873,674,1013,0.6109261417773237,en,target_fpr,,,0.37288135593220345,0.047845659920231765,0.250,0.05,toxicity,encoder_minilm,EXP-002
uk,few_label_32_strat,0.8583780594869936,0.11716091430769203,25,0.3386250666378131,0.13645154873871307,0.06305263157894737,0.7321739130434781,0.6829132090680039,0.26782608695652177,0.11419545903257651,0.26782608695652177,False,False,0.7576138964010818,0.24975320829220138,0.24925816023738873,674,1013,0.6109261417773237,en,target_fpr,,,0.37288135593220345,0.03425628929439034,0.250,0.05,toxicity,encoder_minilm,EXP-002
uk,few_label_32_rand,0.8815881414263363,0.058646794493157524,25,0.36302758891711945,0.0668921285223785,0.04957894736842105,0.7383399209486167,0.6674728746357337,0.2616600790513834,0.10254689042448172,0.2616600790513834,False,False,0.7576138964010818,0.24975320829220138,0.24925816023738873,674,1013,0.6109261417773237,en,target_fpr,,,0.37288135593220345,0.009853767015084003,0.250,0.05,toxicity,encoder_minilm,EXP-002
uk,few_label_64_strat,0.8565285997549259,0.08616222467957592,25,0.3642431295476454,0.11203477758051517,0.06347368421052631,0.7187351778656127,0.65460242301736,0.28126482213438736,0.11786771964461995,0.28126482213438736,False,False,0.7576138964010818,0.24975320829220138,0.24925816023738873,674,1013,0.6109261417773237,en,target_fpr,,,0.37288135593220345,0.008638226384558079,0.250,0.05,toxicity,encoder_minilm,EXP-002
uk,few_label_64_rand,0.8699051640189446,0.0759993474240764,25,0.3572133032076053,0.09763675356386081,0.05563157894736842,0.7332806324110672,0.6656974267798148,0.26671936758893283,0.10835143139190524,0.26671936758893283,False,False,0.7576138964010818,0.24975320829220138,0.24925816023738873,674,1013,0.6109261417773237,en,target_fpr,,,0.37288135593220345,0.015668052724598147,0.250,0.05,toxicity,encoder_minilm,EXP-002
uk,few_label_128_strat,0.8806833400420231,0.04293392768083873,25,0.36965394191080264,0.06584382685387348,0.04894736842105263,0.734703557312253,0.6635268974216112,0.26529644268774705,0.1029812438302073,0.26529644268774705,False,False,0.7576138964010818,0.24975320829220138,0.24925816023738873,674,1013,0.6109261417773237,en,target_fpr,,,0.37288135593220345,0.0032274140214008096,0.250,0.05,toxicity,encoder_minilm,EXP-002
uk,few_label_128_rand,0.8929131085297857,0.04151293931901487,25,0.3452610016334671,0.07258513385677612,0.044526315789473685,0.7577865612648221,0.6687149538173123,0.2422134387351779,0.09389930898321816,0.2422134387351779,False,False,0.7576138964010818,0.24975320829220138,0.24925816023738873,674,1013,0.6109261417773237,en,target_fpr,,,0.37288135593220345,0.027620354298736327,0.250,0.05,toxicity,encoder_minilm,EXP-002
uk,few_label_256_strat,0.8796780297410268,0.03474909334205753,25,0.37753181472219116,0.04239026515576773,0.04968421052631578,0.7299604743083005,0.6542950421656297,0.2700395256916996,0.10471865745310958,0.2700395256916996,False,False,0.7576138964010818,0.24975320829220138,0.24925816023738873,674,1013,0.6109261417773237,en,target_fpr,,,0.37288135593220345,-0.00465045878998771,0.250,0.05,toxicity,encoder_minilm,EXP-002
uk,few_label_256_rand,0.899026904534617,0.02556324389966497,25,0.3532906073788889,0.04610356406787774,0.03952631578947368,0.7577865612648221,0.6791925152033752,0.24221343873517787,0.09014807502467917,0.24221343873517787,False,False,0.7576138964010818,0.24975320829220138,0.24925816023738873,674,1013,0.6109261417773237,en,target_fpr,,,0.37288135593220345,0.019590748553314552,0.250,0.05,toxicity,encoder_minilm,EXP-002
uk,target_full,0.8880004289494137,0.0,1,0.37288135593220345,0.0,0.046052631578947366,0.7391304347826086,0.6534653465346535,0.2608695652173913,0.09970384995064166,0.2608695652173913,False,False,0.7576138964010818,0.24975320829220138,0.24925816023738873,674,1013,0.6109261417773237,en,target_fpr,0.30891999494438827,0.43950162513542795,0.37288135593220345,0.0,0.250,0.05,toxicity,encoder_minilm,EXP-002
uk,test_oracle_unachievable,0.8781536709156117,0.0,1,0.3878116343490305,0.0,0.05,0.7233201581027668,0.6481481481481481,0.2766798418972332,0.10661401776900296,0.2766798418972332,False,False,0.7576138964010818,0.24975320829220138,0.24925816023738873,674,1013,0.6109261417773237,en,target_fpr,,,0.37288135593220345,-0.014930278416827036,0.250,0.05,toxicity,encoder_minilm,EXP-002
zh,fixed_half,0.5,0.0,1,0.40188383045525905,0.0,0.3421750663129973,0.4900398406374502,0.3316062176165803,0.5099601593625498,0.38407960199004976,0.5099601593625498,False,False,0.6217041647732676,0.24975124378109453,0.24962852897473997,673,1005,0.6109261417773237,en,target_fpr,,,0.21052631578947367,-0.19135751466578538,0.250,0.05,toxicity,encoder_minilm,EXP-002
zh,source_global,0.6109261417773237,0.0,1,0.4021739130434783,0.0,0.2519893899204244,0.5577689243027888,0.3687707641196013,0.44223107569721115,0.29950248756218906,0.44223107569721115,False,False,0.6217041647732676,0.24975124378109453,0.24962852897473997,673,1005,0.6109261417773237,en,target_fpr,0.3518300848088082,0.45128528878528873,0.21052631578947367,-0.19164759725400465,0.250,0.05,toxicity,encoder_minilm,EXP-002
zh,pooled_global,0.8820081521058005,0.0,1,0.23563218390804594,0.0,0.07427055702917772,0.8366533864541833,0.422680412371134,0.16334661354581673,0.09651741293532339,0.16334661354581673,False,False,0.6217041647732676,0.24975124378109453,0.24962852897473997,673,1005,0.6109261417773237,en,target_fpr,,,0.21052631578947367,-0.025105868118572267,0.250,0.05,toxicity,encoder_minilm,EXP-002
zh,worstcase_global,0.9688718380734942,0.0,1,0.06741573033707866,0.0,0.009283819628647215,0.9641434262948207,0.5625,0.035856573705179286,0.015920398009950248,0.035856573705179286,False,False,0.6217041647732676,0.24975124378109453,0.24962852897473997,673,1005,0.6109261417773237,en,target_fpr,,,0.21052631578947367,0.14311058545239502,0.250,0.05,toxicity,encoder_minilm,EXP-002
zh,quantile_match,0.6634217074386508,0.0,1,0.3984526112185687,0.0,0.21618037135278514,0.5896414342629482,0.38721804511278196,0.4103585657370518,0.2646766169154229,0.4103585657370518,False,False,0.6217041647732676,0.24975124378109453,0.24962852897473997,673,1005,0.6109261417773237,en,target_fpr,,,0.21052631578947367,-0.187926295429095,0.250,0.05,toxicity,encoder_minilm,EXP-002
zh,sld_em,0.5253832478048057,0.0,1,0.41042345276872966,0.0,0.31432360742705573,0.49800796812749004,0.34710743801652894,0.50199203187251,0.3611940298507463,0.50199203187251,False,False,0.6217041647732676,0.24975124378109453,0.24962852897473997,673,1005,0.6109261417773237,en,target_fpr,,,0.21052631578947367,-0.19989713697925598,0.250,0.05,toxicity,encoder_minilm,EXP-002
zh,bbse,0.5499228504476119,0.0,1,0.4107744107744108,0.0,0.29310344827586204,0.5139442231075697,0.3556851311953353,0.4860557768924303,0.34129353233830845,0.4860557768924303,False,False,0.6217041647732676,0.24975124378109453,0.24962852897473997,673,1005,0.6109261417773237,en,target_fpr,,,0.21052631578947367,-0.20024809498493712,0.250,0.05,toxicity,encoder_minilm,EXP-002
zh,few_label_8_strat,0.8059360227418317,0.12518445713583384,25,0.27509868541587,0.09200467576990594,0.12424403183023872,0.7620717131474105,0.4220392502263534,0.23792828685258965,0.15263681592039802,0.23792828685258965,False,False,0.6217041647732676,0.24975124378109453,0.24962852897473997,673,1005,0.6109261417773237,en,target_fpr,,,0.21052631578947367,-0.06457236962639634,0.250,0.05,toxicity,encoder_minilm,EXP-002
zh,few_label_8_rand,0.7853881341045775,0.1864881312694123,25,0.2677987827079419,0.11518216947141248,0.14153846153846153,0.7462948207171314,0.41928309476347225,0.25370517928286856,0.16955223880597015,0.25370517928286856,False,False,0.6217041647732676,0.24975124378109453,0.24962852897473997,673,1005,0.6109261417773237,en,target_fpr,,,0.21052631578947367,-0.05727246691846821,0.250,0.05,toxicity,encoder_minilm,EXP-002
zh,few_label_16_strat,0.8554527257474427,0.11325066403551043,25,0.2319419705416525,0.11548614348920637,0.09029177718832891,0.8119521912350598,0.4305906980435804,0.1880478087649402,0.11470646766169156,0.1880478087649402,False,False,0.6217041647732676,0.24975124378109453,0.24962852897473997,673,1005,0.6109261417773237,en,target_fpr,,,0.21052631578947367,-0.021415654752178825,0.250,0.05,toxicity,encoder_minilm,EXP-002
zh,few_label_16_rand,0.8991277107865281,0.08298402841552402,25,0.17799048014622884,0.11971578507916934,0.060530503978779834,0.867410358565737,0.4401807595274985,0.13258964143426294,0.07852736318407959,0.13258964143426294,False,False,0.6217041647732676,0.24975124378109453,0.24962852897473997,673,1005,0.6109261417773237,en,target_fpr,,,0.21052631578947367,0.03253583564324483,0.250,0.05,toxicity,encoder_minilm,EXP-002
zh,few_label_32_strat,0.9180495047316047,0.060378882888583,25,0.16891078070700427,0.09286519038010511,0.048328912466843496,0.8846215139442231,0.48004103567561623,0.1153784860557769,0.06507462686567166,0.1153784860557769,False,False,0.6217041647732676,0.24975124378109453,0.24962852897473997,673,1005,0.6109261417773237,en,target_fpr,,,0.21052631578947367,0.0416155350824694,0.250,0.05,toxicity,encoder_minilm,EXP-002
zh,few_label_32_rand,0.9026185544439769,0.08255599348091089,25,0.1978908759247485,0.08081706056838985,0.05952254641909815,0.8603984063745019,0.4666288877637313,0.13960159362549798,0.0795223880597015,0.13960159362549798,False,False,0.6217041647732676,0.24975124378109453,0.24962852897473997,673,1005,0.6109261417773237,en,target_fpr,,,0.21052631578947367,0.012635439864725179,0.250,0.05,toxicity,encoder_minilm,EXP-002
zh,few_label_64_strat,0.9098787087475229,0.05342323366339042,25,0.18925147529210767,0.08386566978583081,0.05427055702917772,0.8705976095617531,0.46189238800109417,0.129402390438247,0.07303482587064676,0.129402390438247,False,False,0.6217041647732676,0.24975124378109453,0.24962852897473997,673,1005,0.6109261417773237,en,target_fpr,,,0.21052631578947367,0.021274840497366,0.250,0.05,toxicity,encoder_minilm,EXP-002
zh,few_label_64_rand,0.91568375016739,0.052399303337416464,25,0.18780791339467368,0.07504752342431477,0.05087533156498674,0.8739442231075698,0.47444302005104655,0.12605577689243028,0.06965174129353234,0.12605577689243028,False,False,0.6217041647732676,0.24975124378109453,0.24962852897473997,673,1005,0.6109261417773237,en,target_fpr,,,0.21052631578947367,0.022718402394799997,0.250,0.05,toxicity,encoder_minilm,EXP-002
zh,few_label_128_strat,0.9061990706986943,0.03388659976531651,25,0.21475407102580812,0.04639681173180379,0.057082228116710876,0.8564143426294821,0.47066162251101246,0.14358565737051793,0.0786865671641791,0.14358565737051793,False,False,0.6217041647732676,0.24975124378109453,0.24962852897473997,673,1005,0.6109261417773237,en,target_fpr,,,0.21052631578947367,-0.004227755236334452,0.250,0.05,toxicity,encoder_minilm,EXP-002
zh,few_label_128_rand,0.9261316337738517,0.025958708064197745,25,0.1916468410604861,0.05023333030849058,0.043819628647214844,0.8776095617529882,0.4924110104045527,0.12239043824701196,0.06344278606965174,0.12239043824701196,False,False,0.6217041647732676,0.24975124378109453,0.24962852897473997,673,1005,0.6109261417773237,en,target_fpr,,,0.21052631578947367,0.018879474728987572,0.250,0.05,toxicity,encoder_minilm,EXP-002
zh,few_label_256_strat,0.9113315012964027,0.021229414120922916,25,0.22013774366411845,0.02829733284224087,0.05342175066312997,0.8554581673306773,0.48049841697540185,0.14454183266932272,0.07617910447761193,0.14454183266932272,False,False,0.6217041647732676,0.24975124378109453,0.24962852897473997,673,1005,0.6109261417773237,en,target_fpr,,,0.21052631578947367,-0.009611427874644779,0.250,0.05,toxicity,encoder_minilm,EXP-002
zh,few_label_256_rand,0.9264681482054126,0.019579767910187142,25,0.19982078324434652,0.03522624854472986,0.04429708222811671,0.8729880478087649,0.49234364860239793,0.12701195219123507,0.06495522388059702,0.12701195219123507,False,False,0.6217041647732676,0.24975124378109453,0.24962852897473997,673,1005,0.6109261417773237,en,target_fpr,,,0.21052631578947367,0.010705532545127155,0.250,0.05,toxicity,encoder_minilm,EXP-002
zh,target_full,0.916961155314258,0.0,1,0.21052631578947367,0.0,0.050397877984084884,0.8645418326693227,0.4722222222222222,0.13545816733067728,0.07164179104477612,0.13545816733067728,False,False,0.6217041647732676,0.24975124378109453,0.24962852897473997,673,1005,0.6109261417773237,en,target_fpr,0.1461788617886179,0.26808580139372823,0.21052631578947367,0.0,0.250,0.05,toxicity,encoder_minilm,EXP-002
zh,test_oracle_unachievable,0.923524678838413,0.0,1,0.21249999999999997,0.0,0.046419098143236075,0.8645418326693227,0.4927536231884058,0.13545816733067728,0.06865671641791045,0.13545816733067728,False,False,0.6217041647732676,0.24975124378109453,0.24962852897473997,673,1005,0.6109261417773237,en,target_fpr,,,0.21052631578947367,-0.001973684210526294,0.250,0.05,toxicity,encoder_minilm,EXP-002
am,fixed_half,0.5,0.0,1,0.17351598173515984,0.0,0.1441326530612245,0.7816091954022989,0.14393939393939395,0.21839080459770116,0.1515499425947187,0.21839080459770116,False,False,0.5562543983110485,0.09988518943742825,0.09944751381215469,543,871,0.6085951208395735,en,target_fpr,,,0.1176470588235294,-0.05586892291163044,0.100,0.05,toxicity,encoder_minilm,EXP-002
am,source_global,0.6085951208395735,0.0,1,0.1590909090909091,0.0,0.09566326530612244,0.8390804597701149,0.15730337078651685,0.16091954022988506,0.10218140068886337,0.16091954022988506,False,False,0.5562543983110485,0.09988518943742825,0.09944751381215469,543,871,0.6085951208395735,en,target_fpr,0.08695652173913043,0.23685012748032366,0.1176470588235294,-0.04144385026737969,0.100,0.05,toxicity,encoder_minilm,EXP-002
am,pooled_global,0.8873267415718907,0.0,1,0.09615384615384616,0.0,0.015306122448979591,0.9425287356321839,0.29411764705882354,0.05747126436781609,0.01951779563719862,0.05747126436781609,False,False,0.5562543983110485,0.09988518943742825,0.09944751381215469,543,871,0.6085951208395735,en,target_fpr,,,0.1176470588235294,0.021493212669683237,0.100,0.05,toxicity,encoder_minilm,EXP-002
am,worstcase_global,0.9717538627302131,0.0,1,0.022222222222222223,0.0,0.002551020408163265,0.9885057471264368,0.3333333333333333,0.011494252873563218,0.003444316877152698,0.011494252873563218,True,False,0.5562543983110485,0.09988518943742825,0.09944751381215469,543,871,0.6085951208395735,en,target_fpr,,,0.1176470588235294,0.09542483660130717,0.100,0.05,toxicity,encoder_minilm,EXP-002
am,quantile_match,0.5434396450402894,0.0,1,0.16915422885572137,0.0,0.12372448979591837,0.8045977011494253,0.14912280701754385,0.19540229885057472,0.13088404133180254,0.19540229885057472,False,False,0.5562543983110485,0.09988518943742825,0.09944751381215469,543,871,0.6085951208395735,en,target_fpr,,,0.1176470588235294,-0.051507170032191976,0.100,0.05,toxicity,encoder_minilm,EXP-002
am,sld_em,0.999991787690753,0.0,1,0.0,0.0,0.0,1.0,0.0,0.0,0.0,0.0,True,False,0.5562543983110485,0.09988518943742825,0.09944751381215469,543,871,0.6085951208395735,en,target_fpr,,,0.1176470588235294,0.1176470588235294,0.100,0.05,toxicity,encoder_minilm,EXP-002
am,bbse,0.70825380754293,0.0,1,0.13333333333333333,0.0,0.06760204081632654,0.8850574712643678,0.15873015873015872,0.11494252873563218,0.07233065442020666,0.11494252873563218,False,False,0.5562543983110485,0.09988518943742825,0.09944751381215469,543,871,0.6085951208395735,en,target_fpr,,,0.1176470588235294,-0.015686274509803935,0.100,0.05,toxicity,encoder_minilm,EXP-002
am,few_label_8_strat,0.5779563464026743,0.2484938192742566,25,0.1336037994421542,0.05086779428062857,0.15183673469387757,0.8087356321839079,0.17634099595145217,0.19126436781609193,0.15577497129735934,0.19126436781609193,False,False,0.5562543983110485,0.09988518943742825,0.09944751381215469,543,871,0.6085951208395735,en,target_fpr,,,0.1176470588235294,-0.0159567406186248,0.100,0.05,toxicity,encoder_minilm,EXP-002
am,few_label_8_rand,0.6240258689620198,0.06769837859047437,25,0.15528182998760343,0.01135241084610577,0.09341836734693879,0.8436781609195403,0.1597263597092682,0.15632183908045977,0.09970149253731343,0.15632183908045977,False,False,0.5562543983110485,0.09988518943742825,0.09944751381215469,543,871,0.6085951208395735,en,target_fpr,,,0.1176470588235294,-0.03763477116407403,0.100,0.05,toxicity,encoder_minilm,EXP-002
am,few_label_16_strat,0.6633768848800295,0.16465226513682887,25,0.14382621620627353,0.01994367415601731,0.09122448979591835,0.8537931034482759,0.1879028806716341,0.14620689655172414,0.09671641791044777,0.14620689655172414,False,False,0.5562543983110485,0.09988518943742825,0.09944751381215469,543,871,0.6085951208395735,en,target_fpr,,,0.1176470588235294,-0.026179157382744137,0.100,0.05,toxicity,encoder_minilm,EXP-002
am,few_label_16_rand,0.7246700277099314,0.16265140424330554,25,0.12859493023261273,0.04163455873664982,0.06535714285714285,0.8809195402298851,0.21263987632393533,0.11908045977011493,0.07072330654420206,0.11908045977011493,False,False,0.5562543983110485,0.09988518943742825,0.09944751381215469,543,871,0.6085951208395735,en,target_fpr,,,0.1176470588235294,-0.010947871409083335,0.100,0.05,toxicity,encoder_minilm,EXP-002
am,few_label_32_strat,0.827970275058968,0.11000051928571614,25,0.10413145870514554,0.043124027424320026,0.03464285714285714,0.92183908045977,0.24462273917437746,0.07816091954022988,0.03898966704936854,0.07816091954022988,False,False,0.5562543983110485,0.09988518943742825,0.09944751381215469,543,871,0.6085951208395735,en,target_fpr,,,0.1176470588235294,0.013515600118383861,0.100,0.05,toxicity,encoder_minilm,EXP-002
am,few_label_32_rand,0.8352433415639625,0.10854654451168642,25,0.1028252348556957,0.04330212907195108,0.032499999999999994,0.9241379310344828,0.24194708708088541,0.07586206896551724,0.03683122847301952,0.07586206896551724,False,False,0.5562543983110485,0.09988518943742825,0.09944751381215469,543,871,0.6085951208395735,en,target_fpr,,,0.1176470588235294,0.0148218239678337,0.100,0.05,toxicity,encoder_minilm,EXP-002
am,few_label_64_strat,0.825503534313516,0.0810909783901421,25,0.1085417298120345,0.03352969157867628,0.033265306122448976,0.9222988505747126,0.23674944458576255,0.07770114942528736,0.037703788748564865,0.07770114942528736,False,False,0.5562543983110485,0.09988518943742825,0.09944751381215469,543,871,0.6085951208395735,en,target_fpr,,,0.1176470588235294,0.009105329011494898,0.100,0.05,toxicity,encoder_minilm,EXP-002
am,few_label_64_rand,0.857392196263184,0.06774042012913642,25,0.10088246279445949,0.03414163027279459,0.024642857142857143,0.9324137931034483,0.25549094257857885,0.06758620689655172,0.02893226176808266,0.06758620689655172,False,False,0.5562543983110485,0.09988518943742825,0.09944751381215469,543,871,0.6085951208395735,en,target_fpr,,,0.1176470588235294,0.016764596029069906,0.100,0.05,toxicity,encoder_minilm,EXP-002
am,few_label_128_strat,0.8236042127089614,0.058794613694872995,25,0.11989942258533119,0.023975718490095412,0.03183673469387756,0.9167816091954023,0.24782762120973692,0.0832183908045977,0.036969001148105626,0.0832183908045977,False,False,0.5562543983110485,0.09988518943742825,0.09944751381215469,543,871,0.6085951208395735,en,target_fpr,,,0.1176470588235294,-0.0022523637618017955,0.100,0.05,toxicity,encoder_minilm,EXP-002
am,few_label_128_rand,0.8402809622696163,0.05494322390296965,25,0.11487140945939656,0.02017696296819918,0.027244897959183674,0.9227586206896551,0.2605341586553992,0.07724137931034482,0.03223880597014925,0.07724137931034482,False,False,0.5562543983110485,0.09988518943742825,0.09944751381215469,543,871,0.6085951208395735,en,target_fpr,,,0.1176470588235294,0.00277564936413284,0.100,0.05,toxicity,encoder_minilm,EXP-002
am,few_label_256_strat,0.7961053066496565,0.061028582809813735,25,0.12818260641068302,0.00998856156211435,0.04096938775510204,0.9052873563218391,0.2212667927737203,0.09471264367816092,0.046337543053960956,0.09471264367816092,False,False,0.5562543983110485,0.09988518943742825,0.09944751381215469,543,871,0.6085951208395735,en,target_fpr,,,0.1176470588235294,-0.010535547587153624,0.100,0.05,toxicity,encoder_minilm,EXP-002
am,few_label_256_rand,0.8300590626681935,0.032429925112058715,25,0.12292355701128525,0.007685343224726973,0.02974489795918367,0.9167816091954023,0.24980529962970976,0.0832183908045977,0.035086107921928816,0.0832183908045977,False,False,0.5562543983110485,0.09988518943742825,0.09944751381215469,543,871,0.6085951208395735,en,target_fpr,,,0.1176470588235294,-0.005276498187755857,0.100,0.05,toxicity,encoder_minilm,EXP-002
am,target_full,0.8319319959415772,0.0,1,0.1176470588235294,0.0,0.03188775510204082,0.9195402298850575,0.21875,0.08045977011494253,0.03673938002296211,0.08045977011494253,False,False,0.5562543983110485,0.09988518943742825,0.09944751381215469,543,871,0.6085951208395735,en,target_fpr,0.04079975007810059,0.19999999999999998,0.1176470588235294,0.0,0.100,0.05,toxicity,encoder_minilm,EXP-002
am,test_oracle_unachievable,0.7704300542100762,0.0,1,0.13432835820895522,0.0,0.04846938775510204,0.896551724137931,0.19148936170212766,0.10344827586206896,0.0539609644087256,0.10344827586206896,False,False,0.5562543983110485,0.09988518943742825,0.09944751381215469,543,871,0.6085951208395735,en,target_fpr,,,0.1176470588235294,-0.016681299385425827,0.100,0.05,toxicity,encoder_minilm,EXP-002
ar,fixed_half,0.5,0.0,1,0.21455938697318006,0.0,0.20053475935828877,0.6626506024096386,0.15730337078651685,0.3373493975903614,0.21419975932611313,0.3373493975903614,False,False,0.6306294697506604,0.09987966305655836,0.09963768115942029,552,831,0.6085951208395735,en,target_fpr,,,0.208955223880597,-0.005604163092583048,0.100,0.05,toxicity,encoder_minilm,EXP-002
ar,source_global,0.6085951208395735,0.0,1,0.21004566210045664,0.0,0.15106951871657753,0.7228915662650602,0.16911764705882354,0.27710843373493976,0.16365824308062576,0.27710843373493976,False,False,0.6306294697506604,0.09987966305655836,0.09963768115942029,552,831,0.6085951208395735,en,target_fpr,0.14145527369826436,0.2765029761904762,0.208955223880597,-0.0010904382198596296,0.100,0.05,toxicity,encoder_minilm,EXP-002
ar,pooled_global,0.8846084342191669,0.0,1,0.20634920634920637,0.0,0.040106951871657755,0.8433734939759037,0.3023255813953488,0.1566265060240964,0.05174488567990373,0.1566265060240964,False,False,0.6306294697506604,0.09987966305655836,0.09963768115942029,552,831,0.6085951208395735,en,target_fpr,,,0.208955223880597,0.002606017531390642,0.100,0.05,toxicity,encoder_minilm,EXP-002
ar,worstcase_global,0.9717538627302131,0.0,1,0.04255319148936171,0.0,0.012032085561497326,0.9759036144578314,0.18181818181818182,0.024096385542168676,0.013237063778580024,0.024096385542168676,False,False,0.6306294697506604,0.09987966305655836,0.09963768115942029,552,831,0.6085951208395735,en,target_fpr,,,0.208955223880597,0.1664020323912353,0.100,0.05,toxicity,encoder_minilm,EXP-002
ar,quantile_match,0.7036680591634339,0.0,1,0.21052631578947364,0.0,0.1163101604278075,0.7590361445783133,0.18691588785046728,0.24096385542168675,0.12876052948255115,0.24096385542168675,False,False,0.6306294697506604,0.09987966305655836,0.09963768115942029,552,831,0.6085951208395735,en,target_fpr,,,0.208955223880597,-0.0015710919088766373,0.100,0.05,toxicity,encoder_minilm,EXP-002
ar,sld_em,0.6432172182380937,0.0,1,0.2146341463414634,0.0,0.13368983957219252,0.7349397590361446,0.18032786885245902,0.26506024096385544,0.14681107099879662,0.26506024096385544,False,False,0.6306294697506604,0.09987966305655836,0.09963768115942029,552,831,0.6085951208395735,en,target_fpr,,,0.208955223880597,-0.0056789224608664035,0.100,0.05,toxicity,encoder_minilm,EXP-002
ar,bbse,0.5045656166177992,0.0,1,0.21455938697318006,0.0,0.20053475935828877,0.6626506024096386,0.15730337078651685,0.3373493975903614,0.21419975932611313,0.3373493975903614,False,False,0.6306294697506604,0.09987966305655836,0.09963768115942029,552,831,0.6085951208395735,en,target_fpr,,,0.208955223880597,-0.005604163092583048,0.100,0.05,toxicity,encoder_minilm,EXP-002
ar,few_label_8_strat,0.5783690391699775,0.2323221231316141,25,0.19925864724460596,0.05131518853208097,0.18898395721925138,0.6828915662650601,0.17572999816467874,0.31710843373493974,0.20178098676293618,0.31710843373493974,False,False,0.6306294697506604,0.09987966305655836,0.09963768115942029,552,831,0.6085951208395735,en,target_fpr,,,0.208955223880597,0.00969657663599105,0.100,0.05,toxicity,encoder_minilm,EXP-002
ar,few_label_8_rand,0.7083374931329718,0.13055190017150642,25,0.20491721351447267,0.014897690986959073,0.11304812834224601,0.7667469879518072,0.20614752060322666,0.2332530120481928,0.12505415162454875,0.2332530120481928,False,False,0.6306294697506604,0.09987966305655836,0.09963768115942029,552,831,0.6085951208395735,en,target_fpr,,,0.208955223880597,0.004038010366124334,0.100,0.05,toxicity,encoder_minilm,EXP-002
ar,few_label_16_strat,0.7323897751710713,0.19385366961994402,25,0.17476119642012425,0.07004491735205591,0.10759358288770055,0.788433734939759,0.19379987915351687,0.21156626506024095,0.11797833935018051,0.21156626506024095,False,False,0.6306294697506604,0.09987966305655836,0.09963768115942029,552,831,0.6085951208395735,en,target_fpr,,,0.208955223880597,0.03419402746047276,0.100,0.05,toxicity,encoder_minilm,EXP-002
ar,few_label_16_rand,0.8215886385401007,0.11990474910110467,25,0.17345982820940872,0.060506140605254624,0.06657754010695188,0.8371084337349397,0.22718839599017188,0.16289156626506024,0.07619735258724428,0.16289156626506024,False,False,0.6306294697506604,0.09987966305655836,0.09963768115942029,552,831,0.6085951208395735,en,target_fpr,,,0.208955223880597,0.035495395671188285,0.100,0.05,toxicity,encoder_minilm,EXP-002
ar,few_label_32_strat,0.8782711398271071,0.08663973988668343,25,0.1577010728936697,0.07545524845799668,0.04502673796791443,0.8693975903614458,0.23042689109765938,0.1306024096385542,0.0535740072202166,0.1306024096385542,False,False,0.6306294697506604,0.09987966305655836,0.09963768115942029,552,831,0.6085951208395735,en,target_fpr,,,0.208955223880597,0.051254150986927316,0.100,0.05,toxicity,encoder_minilm,EXP-002
ar,few_label_32_rand,0.877666834653725,0.10151328507850459,25,0.14675731333712969,0.06194430167508356,0.04502673796791444,0.8785542168674698,0.24162043755069262,0.12144578313253013,0.05265944645006017,0.12144578313253013,False,False,0.6306294697506604,0.09987966305655836,0.09963768115942029,552,831,0.6085951208395735,en,target_fpr,,,0.208955223880597,0.06219791054346732,0.100,0.05,toxicity,encoder_minilm,EXP-002
ar,few_label_64_strat,0.8465385214993664,0.10674850314498231,25,0.17617607997232163,0.058252978289804254,0.05684491978609626,0.8457831325301206,0.2436241381118871,0.1542168674698795,0.06657039711191336,0.1542168674698795,False,False,0.6306294697506604,0.09987966305655836,0.09963768115942029,552,831,0.6085951208395735,en,target_fpr,,,0.208955223880597,0.03277914390827538,0.100,0.05,toxicity,encoder_minilm,EXP-002
ar,few_label_64_rand,0.9103281054435597,0.03562113503100729,25,0.14945190861930746,0.0661170505404185,0.0320855614973262,0.8901204819277109,0.2529392338528779,0.10987951807228916,0.03985559566787003,0.10987951807228916,False,False,0.6306294697506604,0.09987966305655836,0.09963768115942029,552,831,0.6085951208395735,en,target_fpr,,,0.208955223880597,0.05950331526128955,0.100,0.05,toxicity,encoder_minilm,EXP-002
ar,few_label_128_strat,0.8650122672372512,0.05511592417976735,25,0.1917886656543457,0.02859707817930262,0.05005347593582887,0.8438554216867469,0.2702383513369429,0.156144578313253,0.06064981949458484,0.156144578313253,False,False,0.6306294697506604,0.09987966305655836,0.09963768115942029,552,831,0.6085951208395735,en,target_fpr,,,0.208955223880597,0.017166558226251294,0.100,0.05,toxicity,encoder_minilm,EXP-002
ar,few_label_128_rand,0.8949732892897323,0.03987453144347881,25,0.16670228322342054,0.04916446599338407,0.03716577540106952,0.8746987951807229,0.26958215188440887,0.12530120481927712,0.04596871239470517,0.12530120481927712,False,False,0.6306294697506604,0.09987966305655836,0.09963768115942029,552,831,0.6085951208395735,en,target_fpr,,,0.208955223880597,0.04225294065717647,0.100,0.05,toxicity,encoder_minilm,EXP-002
ar,few_label_256_strat,0.8595195244045171,0.02473016811870375,25,0.20948700040741894,0.010844790050916498,0.05171122994652407,0.828433734939759,0.27337416980845947,0.17156626506024097,0.06368231046931408,0.17156626506024097,False,False,0.6306294697506604,0.09987966305655836,0.09963768115942029,552,831,0.6085951208395735,en,target_fpr,,,0.208955223880597,-0.000531776526821931,0.100,0.05,toxicity,encoder_minilm,EXP-002
ar,few_label_256_rand,0.8802084569427248,0.01833330468262512,25,0.20529330426114814,0.01460133785100413,0.04229946524064171,0.8414457831325302,0.2957514337686856,0.1585542168674699,0.053910950661853196,0.1585542168674699,False,False,0.6306294697506604,0.09987966305655836,0.09963768115942029,552,831,0.6085951208395735,en,target_fpr,,,0.208955223880597,0.003661919619448867,0.100,0.05,toxicity,encoder_minilm,EXP-002
ar,target_full,0.8700044310202599,0.0,1,0.208955223880597,0.0,0.04946524064171123,0.8313253012048193,0.27450980392156865,0.1686746987951807,0.061371841155234655,0.1686746987951807,False,False,0.6306294697506604,0.09987966305655836,0.09963768115942029,552,831,0.6085951208395735,en,target_fpr,0.125,0.3043478260869565,0.208955223880597,0.0,0.100,0.05,toxicity,encoder_minilm,EXP-002
ar,test_oracle_unachievable,0.8666953448981483,0.0,1,0.2222222222222222,0.0,0.04946524064171123,0.8192771084337349,0.28846153846153844,0.18072289156626506,0.06257521058965103,0.18072289156626506,False,False,0.6306294697506604,0.09987966305655836,0.09963768115942029,552,831,0.6085951208395735,en,target_fpr,,,0.208955223880597,-0.013266998341625202,0.100,0.05,toxicity,encoder_minilm,EXP-002
de,fixed_half,0.5,0.0,1,0.3707865168539326,0.0,0.2752659574468085,0.20481927710843373,0.24175824175824176,0.7951807228915663,0.3269461077844311,0.7951807228915663,False,False,0.837910151243271,0.09940119760479042,0.0989010989010989,546,835,0.6085951208395735,en,target_fpr,,,0.39436619718309857,0.023579680329165964,0.100,0.05,toxicity,encoder_minilm,EXP-002
de,source_global,0.6085951208395735,0.0,1,0.40418118466898956,0.0,0.19414893617021275,0.30120481927710846,0.28431372549019607,0.6987951807228916,0.24431137724550897,0.6987951807228916,False,False,0.837910151243271,0.09940119760479042,0.0989010989010989,546,835,0.6085951208395735,en,target_fpr,0.3321264367816092,0.4685853246663119,0.39436619718309857,-0.009814987485890991,0.100,0.05,toxicity,encoder_minilm,EXP-002
de,pooled_global,0.8845940176717804,0.0,1,0.328125,0.0,0.031914893617021274,0.7469879518072289,0.4666666666666667,0.25301204819277107,0.05389221556886228,0.25301204819277107,False,False,0.837910151243271,0.09940119760479042,0.0989010989010989,546,835,0.6085951208395735,en,target_fpr,,,0.39436619718309857,0.06624119718309857,0.100,0.05,toxicity,encoder_minilm,EXP-002
de,worstcase_global,0.9717538627302131,0.0,1,0.06666666666666667,0.0,0.005319148936170213,0.963855421686747,0.42857142857142855,0.03614457831325301,0.008383233532934131,0.03614457831325301,True,False,0.837910151243271,0.09940119760479042,0.0989010989010989,546,835,0.6085951208395735,en,target_fpr,,,0.39436619718309857,0.3276995305164319,0.100,0.05,toxicity,encoder_minilm,EXP-002
de,quantile_match,0.7826478260124661,0.0,1,0.39999999999999997,0.0,0.09175531914893617,0.5421686746987951,0.35514018691588783,0.4578313253012048,0.1281437125748503,0.4578313253012048,False,False,0.837910151243271,0.09940119760479042,0.0989010989010989,546,835,0.6085951208395735,en,target_fpr,,,0.39436619718309857,-0.005633802816901401,0.100,0.05,toxicity,encoder_minilm,EXP-002
de,sld_em,0.3926704930806187,0.0,1,0.3356643356643357,0.0,0.36436170212765956,0.13253012048192772,0.20809248554913296,0.8674698795180723,0.41437125748502995,0.8674698795180723,False,False,0.837910151243271,0.09940119760479042,0.0989010989010989,546,835,0.6085951208395735,en,target_fpr,,,0.39436619718309857,0.05870186151876289,0.100,0.05,toxicity,encoder_minilm,EXP-002
de,bbse,0.3351990404799396,0.0,1,0.31157894736842107,0.0,0.4228723404255319,0.10843373493975904,0.18877551020408162,0.891566265060241,0.4694610778443114,0.891566265060241,False,False,0.837910151243271,0.09940119760479042,0.0989010989010989,546,835,0.6085951208395735,en,target_fpr,,,0.39436619718309857,0.0827872498146775,0.100,0.05,toxicity,encoder_minilm,EXP-002
de,few_label_8_strat,0.6238326570231904,0.17379362524803663,25,0.37055759363612795,0.043788005356571874,0.1950531914893617,0.371566265060241,0.3080551674664922,0.6284337349397591,0.23813173652694608,0.6284337349397591,False,False,0.837910151243271,0.09940119760479042,0.0989010989010989,546,835,0.6085951208395735,en,target_fpr,,,0.39436619718309857,0.02380860354697062,0.100,0.05,toxicity,encoder_minilm,EXP-002
de,few_label_8_rand,0.6921542071412619,0.12492446583655922,25,0.3864297113412904,0.04351121391773665,0.14489361702127657,0.4313253012048193,0.33814661411923935,0.5686746987951807,0.18701796407185628,0.5686746987951807,False,False,0.837910151243271,0.09940119760479042,0.0989010989010989,546,835,0.6085951208395735,en,target_fpr,,,0.39436619718309857,0.007936485841808172,0.100,0.05,toxicity,encoder_minilm,EXP-002
de,few_label_16_strat,0.7672650679964845,0.16003584185061037,25,0.35722743291007225,0.07153787006094481,0.105,0.5628915662650603,0.38474148196917574,0.43710843373493974,0.1380119760479042,0.43710843373493974,False,False,0.837910151243271,0.09940119760479042,0.0989010989010989,546,835,0.6085951208395735,en,target_fpr,,,0.39436619718309857,0.037138764273026315,0.100,0.05,toxicity,encoder_minilm,EXP-002
de,few_label_16_rand,0.8099305458194302,0.10522112882344689,25,0.3614432338329656,0.06376284113507971,0.0751063829787234,0.6115662650602409,0.4143252362467862,0.388433734939759,0.10625149700598804,0.388433734939759,False,False,0.837910151243271,0.09940119760479042,0.0989010989010989,546,835,0.6085951208395735,en,target_fpr,,,0.39436619718309857,0.03292296335013295,0.100,0.05,toxicity,encoder_minilm,EXP-002
de,few_label_32_strat,0.8678562044874361,0.09064301994193372,25,0.2859181994541411,0.14453890235633163,0.04835106382978724,0.7209638554216867,0.35808882434983835,0.2790361445783132,0.07128143712574851,0.2790361445783132,False,False,0.837910151243271,0.09940119760479042,0.0989010989010989,546,835,0.6085951208395735,en,target_fpr,,,0.39436619718309857,0.10844799772895747,0.100,0.05,toxicity,encoder_minilm,EXP-002
de,few_label_32_rand,0.8611276248662773,0.07024979013583504,25,0.32967086349865554,0.07083600090282934,0.04824468085106383,0.7007228915662651,0.43987967002356465,0.29927710843373495,0.07319760479041917,0.29927710843373495,False,False,0.837910151243271,0.09940119760479042,0.0989010989010989,546,835,0.6085951208395735,en,target_fpr,,,0.39436619718309857,0.06469533368444302,0.100,0.05,toxicity,encoder_minilm,EXP-002
de,few_label_64_strat,0.8433393583953408,0.059420573095196785,25,0.3591339210891424,0.06210095108273261,0.055478723404255324,0.6602409638554216,0.42210461911519187,0.33975903614457836,0.08373652694610778,0.33975903614457836,False,False,0.837910151243271,0.09940119760479042,0.0989010989010989,546,835,0.6085951208395735,en,target_fpr,,,0.39436619718309857,0.03523227609395618,0.100,0.05,toxicity,encoder_minilm,EXP-002
de,few_label_64_rand,0.8660007493250113,0.0446268897510359,25,0.33983688625930747,0.06192142705144931,0.044627659574468084,0.7040963855421687,0.4378312742988517,0.29590361445783137,0.06960479041916168,0.29590361445783137,False,False,0.837910151243271,0.09940119760479042,0.0989010989010989,546,835,0.6085951208395735,en,target_fpr,,,0.39436619718309857,0.0545293109237911,0.100,0.05,toxicity,encoder_minilm,EXP-002
de,few_label_128_strat,0.8499840179371528,0.040411815431505786,25,0.36409158700078265,0.045436596826054776,0.05175531914893617,0.6679518072289157,0.42984976335703445,0.3320481927710843,0.07961676646706586,0.3320481927710843,False,False,0.837910151243271,0.09940119760479042,0.0989010989010989,546,835,0.6085951208395735,en,target_fpr,,,0.39436619718309857,0.03027461018231592,0.100,0.05,toxicity,encoder_minilm,EXP-002
de,few_label_128_rand,0.8773556903622769,0.023676349239758712,25,0.340796447511255,0.05806070575247771,0.03617021276595745,0.7228915662650602,0.4553839185526365,0.27710843373493976,0.06011976047904191,0.27710843373493976,False,False,0.837910151243271,0.09940119760479042,0.0989010989010989,546,835,0.6085951208395735,en,target_fpr,,,0.39436619718309857,0.05356974967184358,0.100,0.05,toxicity,encoder_minilm,EXP-002
de,few_label_256_strat,0.8439441006534572,0.02543292698347122,25,0.3854296465172785,0.020613793989810926,0.053510638297872344,0.6453012048192771,0.43470809247714653,0.3546987951807229,0.08344910179640719,0.3546987951807229,False,False,0.837910151243271,0.09940119760479042,0.0989010989010989,546,835,0.6085951208395735,en,target_fpr,,,0.39436619718309857,0.008936550665820053,0.100,0.05,toxicity,encoder_minilm,EXP-002
de,few_label_256_rand,0.8647047067178836,0.018646810162665485,25,0.3735924436283625,0.042353120259633316,0.0401595744680851,0.6843373493975904,0.4642336394800136,0.3156626506024096,0.06754491017964072,0.3156626506024096,False,False,0.837910151243271,0.09940119760479042,0.0989010989010989,546,835,0.6085951208395735,en,target_fpr,,,0.39436619718309857,0.02077375355473604,0.100,0.05,toxicity,encoder_minilm,EXP-002
de,target_full,0.8621352230938905,0.0,1,0.39436619718309857,0.0,0.041223404255319146,0.6626506024096386,0.4745762711864407,0.3373493975903614,0.07065868263473053,0.3373493975903614,False,False,0.837910151243271,0.09940119760479042,0.0989010989010989,546,835,0.6085951208395735,en,target_fpr,0.28556132188021954,0.4942448552493895,0.39436619718309857,0.0,0.100,0.05,toxicity,encoder_minilm,EXP-002
de,test_oracle_unachievable,0.8386600773615223,0.0,1,0.41333333333333333,0.0,0.047872340425531915,0.6265060240963856,0.4626865671641791,0.37349397590361444,0.08023952095808383,0.37349397590361444,False,False,0.837910151243271,0.09940119760479042,0.0989010989010989,546,835,0.6085951208395735,en,target_fpr,,,0.39436619718309857,-0.018967136150234765,0.100,0.05,toxicity,encoder_minilm,EXP-002
en,fixed_half,0.5,0.0,1,0.7777777777777777,0.0,0.048748353096179184,0.08333333333333333,0.6754385964912281,0.9166666666666666,0.13523131672597866,0.9166666666666666,False,True,0.9842995169082126,0.099644128113879,0.1,580,843,0.6085951208395735,en,target_fpr,,,0.8128342245989305,0.03505644682115283,0.100,0.05,toxicity,encoder_minilm,EXP-002
en,source_global,0.6085951208395735,0.0,1,0.8128342245989305,0.0,0.03557312252964427,0.09523809523809523,0.7378640776699029,0.9047619047619048,0.1221826809015421,0.9047619047619048,False,True,0.9842995169082126,0.099644128113879,0.1,580,843,0.6085951208395735,en,target_fpr,0.7477915632754342,0.8749779658029261,0.8128342245989305,0.0,0.100,0.05,toxicity,encoder_minilm,EXP-002
en,pooled_global,0.8880624403988715,0.0,1,0.7659574468085106,0.0,0.003952569169960474,0.35714285714285715,0.9473684210526315,0.6428571428571429,0.06761565836298933,0.6428571428571429,False,True,0.9842995169082126,0.099644128113879,0.1,580,843,0.6085951208395735,en,target_fpr,,,0.8128342245989305,0.04687677779041988,0.100,0.05,toxicity,encoder_minilm,EXP-002
en,worstcase_global,0.9717538627302131,0.0,1,0.559322033898305,0.0,0.0013175230566534915,0.6071428571428571,0.9705882352941176,0.39285714285714285,0.04033214709371293,0.39285714285714285,False,True,0.9842995169082126,0.099644128113879,0.1,580,843,0.6085951208395735,en,target_fpr,,,0.8128342245989305,0.2535121907006255,0.100,0.05,toxicity,encoder_minilm,EXP-002
en,quantile_match,0.6080984757732373,0.0,1,0.8128342245989305,0.0,0.03557312252964427,0.09523809523809523,0.7378640776699029,0.9047619047619048,0.1221826809015421,0.9047619047619048,False,True,0.9842995169082126,0.099644128113879,0.1,580,843,0.6085951208395735,en,target_fpr,,,0.8128342245989305,0.0,0.100,0.05,toxicity,encoder_minilm,EXP-002
en,sld_em,0.6085951208395735,0.0,1,0.8128342245989305,0.0,0.03557312252964427,0.09523809523809523,0.7378640776699029,0.9047619047619048,0.1221826809015421,0.9047619047619048,False,True,0.9842995169082126,0.099644128113879,0.1,580,843,0.6085951208395735,en,target_fpr,,,0.8128342245989305,0.0,0.100,0.05,toxicity,encoder_minilm,EXP-002
en,bbse,0.6085951208395735,0.0,1,0.8128342245989305,0.0,0.03557312252964427,0.09523809523809523,0.7378640776699029,0.9047619047619048,0.1221826809015421,0.9047619047619048,False,True,0.9842995169082126,0.099644128113879,0.1,580,843,0.6085951208395735,en,target_fpr,,,0.8128342245989305,0.0,0.100,0.05,toxicity,encoder_minilm,EXP-002
en,few_label_8_strat,0.509694985548431,0.22010401996341825,25,0.7216236580555103,0.10523429856605743,0.07409749670619237,0.10666666666666666,0.6429522842818378,0.8933333333333333,0.15572953736654804,0.8933333333333333,False,True,0.9842995169082126,0.099644128113879,0.1,580,843,0.6085951208395735,en,target_fpr,,,0.8128342245989305,0.09121056654342019,0.100,0.05,toxicity,encoder_minilm,EXP-002
en,few_label_8_rand,0.6261320181161568,0.09080462142051779,25,0.8044692790576549,0.03066521471671645,0.0346772068511199,0.11571428571428571,0.7472257332386721,0.8842857142857145,0.11933570581257415,0.8842857142857145,False,True,0.9842995169082126,0.099644128113879,0.1,580,843,0.6085951208395735,en,target_fpr,,,0.8128342245989305,0.008364945541275648,0.100,0.05,toxicity,encoder_minilm,EXP-002
en,few_label_16_strat,0.5298423183271254,0.21598775461952077,25,0.7343526953413836,0.09531245526658493,0.06587615283267458,0.11476190476190476,0.6662299109645338,0.8852380952380952,0.14752075919335705,0.8852380952380952,False,True,0.9842995169082126,0.099644128113879,0.1,580,843,0.6085951208395735,en,target_fpr,,,0.8128342245989305,0.07848152925754692,0.100,0.05,toxicity,encoder_minilm,EXP-002
en,few_label_16_rand,0.6730590212387041,0.13379967327374126,25,0.8036796477991694,0.03501122011526916,0.029038208168642953,0.15333333333333332,0.7842391666691149,0.8466666666666666,0.1105100830367734,0.8466666666666666,False,True,0.9842995169082126,0.099644128113879,0.1,580,843,0.6085951208395735,en,target_fpr,,,0.8128342245989305,0.00915457679976106,0.100,0.05,toxicity,encoder_minilm,EXP-002
en,few_label_32_strat,0.6362634893207568,0.20775650171556173,25,0.77468867261981,0.07162672149336503,0.04100131752305665,0.1580952380952381,0.7561823911014787,0.8419047619047619,0.12080664294187425,0.8419047619047619,False,True,0.9842995169082126,0.099644128113879,0.1,580,843,0.6085951208395735,en,target_fpr,,,0.8128342245989305,0.03814555197912051,0.100,0.05,toxicity,encoder_minilm,EXP-002
en,few_label_32_rand,0.6849151725179371,0.14021477994742687,25,0.8076943596275329,0.03222165287677782,0.02772068511198946,0.1576190476190476,0.7944804294023952,0.8423809523809522,0.10889679715302492,0.8423809523809522,False,True,0.9842995169082126,0.099644128113879,0.1,580,843,0.6085951208395735,en,target_fpr,,,0.8128342245989305,0.005139864971397623,0.100,0.05,toxicity,encoder_minilm,EXP-002
en,few_label_64_strat,0.6080672686165708,0.1282328518080824,25,0.795378118052397,0.036734534824518994,0.03810276679841897,0.11857142857142858,0.7357898984647779,0.8814285714285713,0.12213523131672596,0.8814285714285713,False,True,0.9842995169082126,0.099644128113879,0.1,580,843,0.6085951208395735,en,target_fpr,,,0.8128342245989305,0.017456106546533512,0.100,0.05,toxicity,encoder_minilm,EXP-002
en,few_label_64_rand,0.697714987817698,0.12691791789207665,25,0.8147435250193653,0.03590717736625847,0.02645586297760211,0.15476190476190477,0.8025511212149068,0.8452380952380952,0.10804270462633453,0.8452380952380952,False,True,0.9842995169082126,0.099644128113879,0.1,580,843,0.6085951208395735,en,target_fpr,,,0.8128342245989305,-0.0019093004204348007,0.100,0.05,toxicity,encoder_minilm,EXP-002
en,few_label_128_strat,0.6425658480014558,0.11180202963517656,25,0.8080113377258822,0.03075049964579369,0.032779973649538864,0.12571428571428572,0.7594312879531806,0.8742857142857143,0.11663107947805455,0.8742857142857143,False,True,0.9842995169082126,0.099644128113879,0.1,580,843,0.6085951208395735,en,target_fpr,,,0.8128342245989305,0.0048228868730483265,0.100,0.05,toxicity,encoder_minilm,EXP-002
en,few_label_128_rand,0.7002598632879458,0.09400005645480526,25,0.819369299731755,0.017307803166508377,0.02513833992094862,0.15047619047619049,0.8011850000243483,0.8495238095238095,0.10728351126927638,0.8495238095238095,False,True,0.9842995169082126,0.099644128113879,0.1,580,843,0.6085951208395735,en,target_fpr,,,0.8128342245989305,-0.006535075132824475,0.100,0.05,toxicity,encoder_minilm,EXP-002
en,few_label_256_strat,0.5995281455620636,0.07857706424802752,25,0.8010974254433181,0.024429733588384853,0.038208168642951255,0.10333333333333333,0.7265449004223932,0.8966666666666667,0.1237485172004745,0.8966666666666667,False,True,0.9842995169082126,0.099644128113879,0.1,580,843,0.6085951208395735,en,target_fpr,,,0.8128342245989305,0.011736799155612432,0.100,0.05,toxicity,encoder_minilm,EXP-002
en,few_label_256_rand,0.6064341826432919,0.058185107613339136,25,0.8074746081790053,0.0151968540767696,0.03657444005270092,0.1,0.7334120156561285,0.9,0.12260972716488733,0.9,False,True,0.9842995169082126,0.099644128113879,0.1,580,843,0.6085951208395735,en,target_fpr,,,0.8128342245989305,0.005359616419925217,0.100,0.05,toxicity,encoder_minilm,EXP-002
en,target_full,0.6085951208395735,0.0,1,0.8128342245989305,0.0,0.03557312252964427,0.09523809523809523,0.7378640776699029,0.9047619047619048,0.1221826809015421,0.9047619047619048,False,True,0.9842995169082126,0.099644128113879,0.1,580,843,0.6085951208395735,en,target_fpr,0.7441265101498507,0.8720650705954572,0.8128342245989305,0.0,0.100,0.05,toxicity,encoder_minilm,EXP-002
en,test_oracle_unachievable,0.5094828104742466,0.0,1,0.7777777777777777,0.0,0.048748353096179184,0.08333333333333333,0.6754385964912281,0.9166666666666666,0.13523131672597866,0.9166666666666666,False,True,0.9842995169082126,0.099644128113879,0.1,580,843,0.6085951208395735,en,target_fpr,,,0.8128342245989305,0.03505644682115283,0.100,0.05,toxicity,encoder_minilm,EXP-002
es,fixed_half,0.5,0.0,1,0.3774834437086092,0.0,0.19798234552332913,0.3522727272727273,0.26635514018691586,0.6477272727272727,0.24290578887627695,0.6477272727272727,False,False,0.8099134472085292,0.09988649262202043,0.0996309963099631,542,881,0.6085951208395735,en,target_fpr,,,0.38036809815950917,0.0028846544508999705,0.100,0.05,toxicity,encoder_minilm,EXP-002
es,source_global,0.6085951208395735,0.0,1,0.37344398340248963,0.0,0.13619167717528374,0.48863636363636365,0.29411764705882354,0.5113636363636364,0.17366628830874006,0.5113636363636364,False,False,0.8099134472085292,0.09988649262202043,0.0996309963099631,542,881,0.6085951208395735,en,target_fpr,0.2895927601809955,0.44759837398373986,0.38036809815950917,0.006924114757019539,0.100,0.05,toxicity,encoder_minilm,EXP-002
es,pooled_global,0.8858712996269587,0.0,1,0.3089430894308943,0.0,0.0201765447667087,0.7840909090909091,0.5428571428571428,0.2159090909090909,0.039727582292849034,0.2159090909090909,False,False,0.8099134472085292,0.09988649262202043,0.0996309963099631,542,881,0.6085951208395735,en,target_fpr,,,0.38036809815950917,0.07142500872861485,0.100,0.05,toxicity,encoder_minilm,EXP-002
es,worstcase_global,0.9717538627302131,0.0,1,0.20408163265306123,0.0,0.0,0.8863636363636364,1.0,0.11363636363636363,0.011350737797956867,0.11363636363636363,False,False,0.8099134472085292,0.09988649262202043,0.0996309963099631,542,881,0.6085951208395735,en,target_fpr,,,0.38036809815950917,0.17628646550644794,0.100,0.05,toxicity,encoder_minilm,EXP-002
es,quantile_match,0.6312635032667431,0.0,1,0.37974683544303794,0.0,0.13114754098360656,0.48863636363636365,0.30201342281879195,0.5113636363636364,0.16912599318955732,0.5113636363636364,False,False,0.8099134472085292,0.09988649262202043,0.0996309963099631,542,881,0.6085951208395735,en,target_fpr,,,0.38036809815950917,0.000621262716471227,0.100,0.05,toxicity,encoder_minilm,EXP-002
es,sld_em,0.6963229709450404,0.0,1,0.39215686274509803,0.0,0.09583858764186633,0.5454545454545454,0.3448275862068966,0.45454545454545453,0.13166855845629966,0.45454545454545453,False,False,0.8099134472085292,0.09988649262202043,0.0996309963099631,542,881,0.6085951208395735,en,target_fpr,,,0.38036809815950917,-0.011788764585588862,0.100,0.05,toxicity,encoder_minilm,EXP-002
es,bbse,0.5695599635925368,0.0,1,0.37121212121212116,0.0,0.1601513240857503,0.4431818181818182,0.2784090909090909,0.5568181818181818,0.19977298524404086,0.5568181818181818,False,False,0.8099134472085292,0.09988649262202043,0.0996309963099631,542,881,0.6085951208395735,en,target_fpr,,,0.38036809815950917,0.009155976947388011,0.100,0.05,toxicity,encoder_minilm,EXP-002
es,few_label_8_strat,0.6282722416599764,0.22969220936006385,25,0.33958147057144933,0.05399038839259952,0.1448171500630517,0.5177272727272727,0.3734618948839277,0.48227272727272735,0.17852440408626563,0.48227272727272735,False,False,0.8099134472085292,0.09988649262202043,0.0996309963099631,542,881,0.6085951208395735,en,target_fpr,,,0.38036809815950917,0.04078662758805984,0.100,0.05,toxicity,encoder_minilm,EXP-002
es,few_label_8_rand,0.6744706753683823,0.14415479855523897,25,0.35309498227875985,0.04591130059367278,0.11177805800756621,0.5545454545454546,0.37466121714705997,0.4454545454545455,0.14510783200908056,0.4454545454545455,False,False,0.8099134472085292,0.09988649262202043,0.0996309963099631,542,881,0.6085951208395735,en,target_fpr,,,0.38036809815950917,0.02727311588074932,0.100,0.05,toxicity,encoder_minilm,EXP-002
es,few_label_16_strat,0.6608002047658527,0.1753121020255195,25,0.3479381581921175,0.05046094579153971,0.12206809583858766,0.5422727272727272,0.3726720361632703,0.45772727272727276,0.15559591373439274,0.45772727272727276,False,False,0.8099134472085292,0.09988649262202043,0.0996309963099631,542,881,0.6085951208395735,en,target_fpr,,,0.38036809815950917,0.032429939967391685,0.100,0.05,toxicity,encoder_minilm,EXP-002
es,few_label_16_rand,0.7564683774407476,0.16981102264643938,25,0.31524709456511857,0.09523179900758721,0.07924337957124843,0.6481818181818181,0.4774775195365577,0.35181818181818186,0.10646992054483541,0.35181818181818186,False,False,0.8099134472085292,0.09988649262202043,0.0996309963099631,542,881,0.6085951208395735,en,target_fpr,,,0.38036809815950917,0.0651210035943906,0.100,0.05,toxicity,encoder_minilm,EXP-002
es,few_label_32_strat,0.81495321735362,0.16590203503486778,25,0.2877598916947726,0.10015841521759032,0.057049180327868855,0.7104545454545454,0.57163575744069,0.2895454545454545,0.08027241770715098,0.2895454545454545,False,False,0.8099134472085292,0.09988649262202043,0.0996309963099631,542,881,0.6085951208395735,en,target_fpr,,,0.38036809815950917,0.09260820646473655,0.100,0.05,toxicity,encoder_minilm,EXP-002
es,few_label_32_rand,0.7656248855079784,0.11958846223337719,25,0.34277060909227486,0.0488887157575873,0.070718789407314,0.6472727272727273,0.43242184025633923,0.3527272727272728,0.09888762769580023,0.3527272727272728,False,False,0.8099134472085292,0.09988649262202043,0.0996309963099631,542,881,0.6085951208395735,en,target_fpr,,,0.38036809815950917,0.03759748906723431,0.100,0.05,toxicity,encoder_minilm,EXP-002
es,few_label_64_strat,0.7589522318313435,0.1256126755268183,25,0.3462916605448993,0.0474862941451779,0.07334174022698613,0.6390909090909092,0.41778227854118166,0.36090909090909096,0.10206583427922816,0.36090909090909096,False,False,0.8099134472085292,0.09988649262202043,0.0996309963099631,542,881,0.6085951208395735,en,target_fpr,,,0.38036809815950917,0.03407643761460988,0.100,0.05,toxicity,encoder_minilm,EXP-002
es,few_label_64_rand,0.7816405530513193,0.10697513140858028,25,0.34283227563943064,0.04862515206468973,0.06290037831021439,0.6631818181818183,0.4420110785587474,0.3368181818181818,0.09026106696935302,0.3368181818181818,False,False,0.8099134472085292,0.09988649262202043,0.0996309963099631,542,881,0.6085951208395735,en,target_fpr,,,0.38036809815950917,0.03753582252007853,0.100,0.05,toxicity,encoder_minilm,EXP-002
es,few_label_128_strat,0.7417346032197678,0.09904383485484766,25,0.36270143123391985,0.03213355749965524,0.07878940731399747,0.6131818181818182,0.3907597578748029,0.3868181818181818,0.10955732122587969,0.3868181818181818,False,False,0.8099134472085292,0.09988649262202043,0.0996309963099631,542,881,0.6085951208395735,en,target_fpr,,,0.38036809815950917,0.017666666925589325,0.100,0.05,toxicity,encoder_minilm,EXP-002
es,few_label_128_rand,0.7902069153731468,0.07726141330405813,25,0.35494622143460547,0.03196458741785497,0.05639344262295082,0.6681818181818181,0.42823937188545164,0.33181818181818185,0.08390465380249718,0.33181818181818185,False,False,0.8099134472085292,0.09988649262202043,0.0996309963099631,542,881,0.6085951208395735,en,target_fpr,,,0.38036809815950917,0.025421876724903703,0.100,0.05,toxicity,encoder_minilm,EXP-002
es,few_label_256_strat,0.7634931799719459,0.05820528450583612,25,0.36861255910826385,0.017032472348592825,0.06547288776796974,0.6381818181818182,0.3935148674153864,0.3618181818181818,0.09507377979568671,0.3618181818181818,False,False,0.8099134472085292,0.09988649262202043,0.0996309963099631,542,881,0.6085951208395735,en,target_fpr,,,0.38036809815950917,0.011755539051245323,0.100,0.05,toxicity,encoder_minilm,EXP-002
es,few_label_256_rand,0.7734595667825036,0.04765446445565593,25,0.36273758132646805,0.015974667512106785,0.061790668348045405,0.6531818181818181,0.39633796220765566,0.34681818181818186,0.09026106696935302,0.34681818181818186,False,False,0.8099134472085292,0.09988649262202043,0.0996309963099631,542,881,0.6085951208395735,en,target_fpr,,,0.38036809815950917,0.01763051683304112,0.100,0.05,toxicity,encoder_minilm,EXP-002
es,target_full,0.7759428546690623,0.0,1,0.38036809815950917,0.0,0.05548549810844893,0.6477272727272727,0.41333333333333333,0.3522727272727273,0.0851305334846765,0.3522727272727273,False,False,0.8099134472085292,0.09988649262202043,0.0996309963099631,542,881,0.6085951208395735,en,target_fpr,0.2847007722007722,0.4702515946137491,0.38036809815950917,0.0,0.100,0.05,toxicity,encoder_minilm,EXP-002
es,test_oracle_unachievable,0.7991153174072407,0.0,1,0.36363636363636365,0.0,0.04791929382093316,0.6818181818181818,0.42424242424242425,0.3181818181818182,0.07491486946651532,0.3181818181818182,False,False,0.8099134472085292,0.09988649262202043,0.0996309963099631,542,881,0.6085951208395735,en,target_fpr,,,0.38036809815950917,0.016731734523145525,0.100,0.05,toxicity,encoder_minilm,EXP-002
fr,fixed_half,0.5,0.0,1,0.5159010600706714,0.0,0.15979381443298968,0.1511627906976744,0.37055837563451777,0.8488372093023255,0.228538283062645,0.8488372093023255,False,False,0.9263665787580916,0.09976798143851508,0.09888059701492537,536,862,0.6085951208395735,en,target_fpr,,,0.5930232558139535,0.07712219574328216,0.100,0.05,toxicity,encoder_minilm,EXP-002
fr,source_global,0.6085951208395735,0.0,1,0.5654008438818565,0.0,0.10824742268041238,0.22093023255813954,0.44370860927152317,0.7790697674418605,0.1751740139211137,0.7790697674418605,False,False,0.9263665787580916,0.09976798143851508,0.09888059701492537,536,862,0.6085951208395735,en,target_fpr,0.4896150865409455,0.6328597828597828,0.5930232558139535,0.027622411932097024,0.100,0.05,toxicity,encoder_minilm,EXP-002
fr,pooled_global,0.8856020942046161,0.0,1,0.5352112676056338,0.0,0.023195876288659795,0.5581395348837209,0.6785714285714286,0.4418604651162791,0.06496519721577726,0.4418604651162791,False,False,0.9263665787580916,0.09976798143851508,0.09888059701492537,536,862,0.6085951208395735,en,target_fpr,,,0.5930232558139535,0.05781198820831979,0.100,0.05,toxicity,encoder_minilm,EXP-002
fr,worstcase_global,0.9717538627302131,0.0,1,0.2524271844660194,0.0,0.005154639175257732,0.8488372093023255,0.7647058823529411,0.1511627906976744,0.019721577726218097,0.1511627906976744,False,False,0.9263665787580916,0.09976798143851508,0.09888059701492537,536,862,0.6085951208395735,en,target_fpr,,,0.5930232558139535,0.3405960713479341,0.100,0.05,toxicity,encoder_minilm,EXP-002
fr,quantile_match,0.7418593305709551,0.0,1,0.6137566137566137,0.0,0.05798969072164949,0.32558139534883723,0.5631067961165048,0.6744186046511628,0.11948955916473318,0.6744186046511628,False,False,0.9263665787580916,0.09976798143851508,0.09888059701492537,536,862,0.6085951208395735,en,target_fpr,,,0.5930232558139535,-0.02073335794266018,0.100,0.05,toxicity,encoder_minilm,EXP-002
fr,sld_em,0.5126110969505746,0.0,1,0.5217391304347826,0.0,0.15206185567010308,0.16279069767441862,0.37894736842105264,0.8372093023255814,0.22041763341067286,0.8372093023255814,False,False,0.9263665787580916,0.09976798143851508,0.09888059701492537,536,862,0.6085951208395735,en,target_fpr,,,0.5930232558139535,0.07128412537917095,0.100,0.05,toxicity,encoder_minilm,EXP-002
fr,bbse,0.4632455188505838,0.0,1,0.5033112582781457,0.0,0.18041237113402062,0.11627906976744186,0.35185185185185186,0.8837209302325582,0.2505800464037123,0.8837209302325582,False,False,0.9263665787580916,0.09976798143851508,0.09888059701492537,536,862,0.6085951208395735,en,target_fpr,,,0.5930232558139535,0.08971199753580783,0.100,0.05,toxicity,encoder_minilm,EXP-002
fr,few_label_8_strat,0.6453063812598201,0.1984978023466978,25,0.5271482826144722,0.09254507617987709,0.11876288659793816,0.29627906976744184,0.4865305302521169,0.7037209302325581,0.17712296983758702,0.7037209302325581,False,False,0.9263665787580916,0.09976798143851508,0.09888059701492537,536,862,0.6085951208395735,en,target_fpr,,,0.5930232558139535,0.06587497319948132,0.100,0.05,toxicity,encoder_minilm,EXP-002
fr,few_label_8_rand,0.7553116031835184,0.1187895376370563,25,0.5452761190653027,0.09253002222786073,0.06180412371134021,0.39627906976744187,0.5635560689371887,0.6037209302325581,0.11587006960556843,0.6037209302325581,False,False,0.9263665787580916,0.09976798143851508,0.09888059701492537,536,862,0.6085951208395735,en,target_fpr,,,0.5930232558139535,0.04774713674865083,0.100,0.05,toxicity,encoder_minilm,EXP-002
fr,few_label_16_strat,0.6946020244606506,0.22414431904538448,25,0.4799474401298809,0.12505906040231007,0.10041237113402061,0.38465116279069766,0.528025825582875,0.6153488372093023,0.15178654292343388,0.6153488372093023,False,False,0.9263665787580916,0.09976798143851508,0.09888059701492537,536,862,0.6085951208395735,en,target_fpr,,,0.5930232558139535,0.11307581568407266,0.100,0.05,toxicity,encoder_minilm,EXP-002
fr,few_label_16_rand,0.8129039391572414,0.15183602156542134,25,0.48839784906909306,0.12949485005745076,0.04927835051546391,0.5074418604651162,0.613995818976117,0.4925581395348837,0.09350348027842229,0.4925581395348837,False,False,0.9263665787580916,0.09976798143851508,0.09888059701492537,536,862,0.6085951208395735,en,target_fpr,,,0.5930232558139535,0.10462540674486048,0.100,0.05,toxicity,encoder_minilm,EXP-002
fr,few_label_32_strat,0.8087115133874211,0.1042817541160143,25,0.5362141323140213,0.09071025658704439,0.04494845360824743,0.46465116279069774,0.6108345664783732,0.5353488372093023,0.09387470997679814,0.5353488372093023,False,False,0.9263665787580916,0.09976798143851508,0.09888059701492537,536,862,0.6085951208395735,en,target_fpr,,,0.5930232558139535,0.05680912349993228,0.100,0.05,toxicity,encoder_minilm,EXP-002
fr,few_label_32_rand,0.8379826567970752,0.08226355137297134,25,0.5367029437821218,0.075127223675573,0.03654639175257732,0.5004651162790698,0.6321580094517764,0.49953488372093025,0.08273781902552203,0.49953488372093025,False,False,0.9263665787580916,0.09976798143851508,0.09888059701492537,536,862,0.6085951208395735,en,target_fpr,,,0.5930232558139535,0.05632031203183174,0.100,0.05,toxicity,encoder_minilm,EXP-002
fr,few_label_64_strat,0.8195002886906552,0.0917900015781034,25,0.5463017203658066,0.06345091495034076,0.04134020618556702,0.47441860465116276,0.6173865783522883,0.5255813953488372,0.08965197215777261,0.5255813953488372,False,False,0.9263665787580916,0.09976798143851508,0.09888059701492537,536,862,0.6085951208395735,en,target_fpr,,,0.5930232558139535,0.046721535448146945,0.100,0.05,toxicity,encoder_minilm,EXP-002
fr,few_label_64_rand,0.8484155212083446,0.04828215218128179,25,0.5484705507885194,0.05324730514353575,0.03257731958762886,0.5046511627906977,0.6408227097813303,0.49534883720930234,0.07874709976798143,0.49534883720930234,False,False,0.9263665787580916,0.09976798143851508,0.09888059701492537,536,862,0.6085951208395735,en,target_fpr,,,0.5930232558139535,0.04455270502543418,0.100,0.05,toxicity,encoder_minilm,EXP-002
fr,few_label_128_strat,0.790043348926893,0.0588129608536664,25,0.5856847147345495,0.02448352041153611,0.04768041237113402,0.4046511627906977,0.5926843326633209,0.5953488372093023,0.10232018561484921,0.5953488372093023,False,False,0.9263665787580916,0.09976798143851508,0.09888059701492537,536,862,0.6085951208395735,en,target_fpr,,,0.5930232558139535,0.007338541079404015,0.100,0.05,toxicity,encoder_minilm,EXP-002
fr,few_label_128_rand,0.8170250528754153,0.03769216263348695,25,0.577005643791797,0.017209513180079676,0.04072164948453608,0.44418604651162785,0.6079239145641319,0.555813953488372,0.09211136890951276,0.555813953488372,False,False,0.9263665787580916,0.09976798143851508,0.09888059701492537,536,862,0.6085951208395735,en,target_fpr,,,0.5930232558139535,0.01601761202215657,0.100,0.05,toxicity,encoder_minilm,EXP-002
fr,few_label_256_strat,0.7923973452458754,0.0235858087656899,25,0.5925946137110747,0.01648460350287343,0.046185567010309285,0.4027906976744186,0.589919735595644,0.5972093023255813,0.1011600928074246,0.5972093023255813,False,False,0.9263665787580916,0.09976798143851508,0.09888059701492537,536,862,0.6085951208395735,en,target_fpr,,,0.5930232558139535,0.0004286421028788512,0.100,0.05,toxicity,encoder_minilm,EXP-002
fr,few_label_256_rand,0.8140971436211853,0.028960072499945824,25,0.5761907689832182,0.014391509100043266,0.04149484536082475,0.4427906976744186,0.6013286619023006,0.5572093023255814,0.09294663573085847,0.5572093023255814,False,False,0.9263665787580916,0.09976798143851508,0.09888059701492537,536,862,0.6085951208395735,en,target_fpr,,,0.5930232558139535,0.01683248683073535,0.100,0.05,toxicity,encoder_minilm,EXP-002
fr,target_full,0.7988745289798829,0.0,1,0.5930232558139535,0.0,0.045103092783505154,0.4069767441860465,0.5930232558139535,0.5930232558139535,0.09976798143851508,0.5930232558139535,False,False,0.9263665787580916,0.09976798143851508,0.09888059701492537,536,862,0.6085951208395735,en,target_fpr,0.5012179487179487,0.6776155572176512,0.5930232558139535,0.0,0.100,0.05,toxicity,encoder_minilm,EXP-002
fr,test_oracle_unachievable,0.78628795174639,0.0,1,0.6057142857142856,0.0,0.04639175257731959,0.38372093023255816,0.5955056179775281,0.6162790697674418,0.10324825986078887,0.6162790697674418,False,False,0.9263665787580916,0.09976798143851508,0.09888059701492537,536,862,0.6085951208395735,en,target_fpr,,,0.5930232558139535,-0.012691029900332107,0.100,0.05,toxicity,encoder_minilm,EXP-002
he,fixed_half,0.5,0.0,1,0.23478260869565215,0.0,0.43783783783783786,0.34146341463414637,0.14285714285714285,0.6585365853658537,0.45985401459854014,0.6585365853658537,False,False,0.6746209624258405,0.09975669099756691,0.09881422924901186,253,411,0.6085951208395735,en,target_fpr,,,0.31884057971014496,0.0840579710144928,0.100,0.05,toxicity,encoder_minilm,EXP-002
he,source_global,0.6085951208395735,0.0,1,0.25125628140703515,0.0,0.35945945945945945,0.3902439024390244,0.15822784810126583,0.6097560975609756,0.3844282238442822,0.6097560975609756,False,False,0.6746209624258405,0.09975669099756691,0.09881422924901186,253,411,0.6085951208395735,en,target_fpr,0.16366300366300368,0.31848777092861397,0.31884057971014496,0.0675842983031098,0.100,0.05,toxicity,encoder_minilm,EXP-002
he,pooled_global,0.8763467519202472,0.0,1,0.31858407079646023,0.0,0.14594594594594595,0.5609756097560976,0.25,0.43902439024390244,0.17518248175182483,0.43902439024390244,False,False,0.6746209624258405,0.09975669099756691,0.09881422924901186,253,411,0.6085951208395735,en,target_fpr,,,0.31884057971014496,0.0002565089136847276,0.100,0.05,toxicity,encoder_minilm,EXP-002
he,worstcase_global,0.9717538627302131,0.0,1,0.3125,0.0,0.03513513513513514,0.7560975609756098,0.43478260869565216,0.24390243902439024,0.05596107055961071,0.24390243902439024,False,False,0.6746209624258405,0.09975669099756691,0.09881422924901186,253,411,0.6085951208395735,en,target_fpr,,,0.31884057971014496,0.006340579710144956,0.100,0.05,toxicity,encoder_minilm,EXP-002
he,quantile_match,0.9185581449675331,0.0,1,0.29545454545454547,0.0,0.0918918918918919,0.6829268292682927,0.2765957446808511,0.3170731707317073,0.11435523114355231,0.3170731707317073,False,False,0.6746209624258405,0.09975669099756691,0.09881422924901186,253,411,0.6085951208395735,en,target_fpr,,,0.31884057971014496,0.023386034255599486,0.100,0.05,toxicity,encoder_minilm,EXP-002
he,sld_em,0.10758615350171255,0.0,1,0.20050125313283204,0.0,0.8594594594594595,0.024390243902439025,0.11173184357541899,0.975609756097561,0.8710462287104623,0.975609756097561,True,False,0.6746209624258405,0.09975669099756691,0.09881422924901186,253,411,0.6085951208395735,en,target_fpr,,,0.31884057971014496,0.11833932657731291,0.100,0.05,toxicity,encoder_minilm,EXP-002
he,bbse,0.17098386309902927,0.0,1,0.2016348773841962,0.0,0.7810810810810811,0.0975609756097561,0.11349693251533742,0.9024390243902439,0.7931873479318735,0.9024390243902439,False,False,0.6746209624258405,0.09975669099756691,0.09881422924901186,253,411,0.6085951208395735,en,target_fpr,,,0.31884057971014496,0.11720570232594876,0.100,0.05,toxicity,encoder_minilm,EXP-002
he,few_label_8_strat,0.8478957750604316,0.1182035139889838,25,0.290146280255871,0.03632110398060742,0.16216216216216217,0.5863414634146342,0.2638534407954122,0.4136585365853659,0.18725060827250609,0.4136585365853659,False,False,0.6746209624258405,0.09975669099756691,0.09881422924901186,253,411,0.6085951208395735,en,target_fpr,,,0.31884057971014496,0.02869429945427393,0.100,0.05,toxicity,encoder_minilm,EXP-002
he,few_label_8_rand,0.7902698504554229,0.15813087215960328,25,0.271930338517321,0.03788694553792562,0.20497297297297298,0.5590243902439025,0.2495907837447471,0.4409756097560975,0.22851581508515814,0.4409756097560975,False,False,0.6746209624258405,0.09975669099756691,0.09881422924901186,253,411,0.6085951208395735,en,target_fpr,,,0.31884057971014496,0.04691024119282394,0.100,0.05,toxicity,encoder_minilm,EXP-002
he,few_label_16_strat,0.9577691220345865,0.038466105967755515,25,0.2429585256755604,0.08837744823054774,0.05005405405405405,0.7824390243902438,0.3788110079362639,0.21756097560975612,0.0667639902676399,0.21756097560975612,False,False,0.6746209624258405,0.09975669099756691,0.09881422924901186,253,411,0.6085951208395735,en,target_fpr,,,0.31884057971014496,0.07588205403458456,0.100,0.05,toxicity,encoder_minilm,EXP-002
he,few_label_16_rand,0.8237434663794325,0.17689822719654621,25,0.23308847771756494,0.06712808890490776,0.16605405405405402,0.6478048780487805,0.3068206498375151,0.3521951219512195,0.1846228710462287,0.3521951219512195,False,False,0.6746209624258405,0.09975669099756691,0.09881422924901186,253,411,0.6085951208395735,en,target_fpr,,,0.31884057971014496,0.08575210199258002,0.100,0.05,toxicity,encoder_minilm,EXP-002
he,few_label_32_strat,0.9683679697728981,0.026511833328619654,25,0.21495222679839063,0.09988011541129742,0.036108108108108106,0.822439024390244,0.4345695969066617,0.17756097560975612,0.05021897810218979,0.17756097560975612,False,False,0.6746209624258405,0.09975669099756691,0.09881422924901186,253,411,0.6085951208395735,en,target_fpr,,,0.31884057971014496,0.10388835291175433,0.100,0.05,toxicity,encoder_minilm,EXP-002
he,few_label_32_rand,0.9548613321086867,0.0731445748172659,25,0.25647260820510964,0.050656685203027255,0.04940540540540541,0.7814634146341463,0.3987547693853597,0.21853658536585369,0.06627737226277372,0.21853658536585369,False,False,0.6746209624258405,0.09975669099756691,0.09881422924901186,253,411,0.6085951208395735,en,target_fpr,,,0.31884057971014496,0.06236797150503531,0.100,0.05,toxicity,encoder_minilm,EXP-002
he,few_label_64_strat,0.9703737366346433,0.01693140453145029,25,0.2385526849319783,0.07310207229422473,0.03491891891891892,0.8117073170731708,0.39832303671937824,0.1882926829268293,0.05021897810218978,0.1882926829268293,False,False,0.6746209624258405,0.09975669099756691,0.09881422924901186,253,411,0.6085951208395735,en,target_fpr,,,0.31884057971014496,0.08028789477816667,0.100,0.05,toxicity,encoder_minilm,EXP-002
he,few_label_64_rand,0.967060640392492,0.017977200515154532,25,0.26139128182541904,0.06727437453153888,0.039027027027027025,0.7873170731707316,0.4039923482887599,0.21268292682926832,0.056350364963503645,0.21268292682926832,False,False,0.6746209624258405,0.09975669099756691,0.09881422924901186,253,411,0.6085951208395735,en,target_fpr,,,0.31884057971014496,0.057449297884725914,0.100,0.05,toxicity,encoder_minilm,EXP-002
he,few_label_128_strat,0.9627048051398436,0.01064296824611633,25,0.3045695790764469,0.02283019200532095,0.04616216216216216,0.744390243902439,0.38784573528066296,0.255609756097561,0.06705596107055961,0.255609756097561,False,False,0.6746209624258405,0.09975669099756691,0.09881422924901186,253,411,0.6085951208395735,en,target_fpr,,,0.31884057971014496,0.014271000633698072,0.100,0.05,toxicity,encoder_minilm,EXP-002
he,few_label_128_rand,0.9641769544857978,0.014890030416247216,25,0.28563842524983324,0.036317167247790064,0.0425945945945946,0.7658536585365853,0.3941621641521242,0.23414634146341468,0.061703163017031624,0.23414634146341468,False,False,0.6746209624258405,0.09975669099756691,0.09881422924901186,253,411,0.6085951208395735,en,target_fpr,,,0.31884057971014496,0.03320215446031172,0.100,0.05,toxicity,encoder_minilm,EXP-002
he,few_label_256_strat,0.9631601649646905,1.1102230246251565e-16,25,0.3188405797101449,5.551115123125783e-17,0.04594594594594595,0.7317073170731707,0.39285714285714285,0.2682926829268293,0.0681265206812652,0.2682926829268293,False,False,0.6746209624258405,0.09975669099756691,0.09881422924901186,253,411,0.6085951208395735,en,target_fpr,,,0.31884057971014496,5.551115123125783e-17,0.100,0.05,toxicity,encoder_minilm,EXP-002
he,few_label_256_rand,0.9631601649646905,1.1102230246251565e-16,25,0.3188405797101449,5.551115123125783e-17,0.04594594594594595,0.7317073170731707,0.39285714285714285,0.2682926829268293,0.0681265206812652,0.2682926829268293,False,False,0.6746209624258405,0.09975669099756691,0.09881422924901186,253,411,0.6085951208395735,en,target_fpr,,,0.31884057971014496,5.551115123125783e-17,0.100,0.05,toxicity,encoder_minilm,EXP-002
he,target_full,0.9631601649646904,0.0,1,0.31884057971014496,0.0,0.04594594594594595,0.7317073170731707,0.39285714285714285,0.2682926829268293,0.0681265206812652,0.2682926829268293,False,False,0.6746209624258405,0.09975669099756691,0.09881422924901186,253,411,0.6085951208395735,en,target_fpr,0.16666666666666666,0.45288095238095233,0.31884057971014496,0.0,0.100,0.05,toxicity,encoder_minilm,EXP-002
he,test_oracle_unachievable,0.9651761090819315,0.0,1,0.3235294117647059,0.0,0.043243243243243246,0.7317073170731707,0.4074074074074074,0.2682926829268293,0.06569343065693431,0.2682926829268293,False,False,0.6746209624258405,0.09975669099756691,0.09881422924901186,253,411,0.6085951208395735,en,target_fpr,,,0.31884057971014496,-0.004688832054560943,0.100,0.05,toxicity,encoder_minilm,EXP-002
hi,fixed_half,0.5,0.0,1,0.40952380952380946,0.0,0.11214953271028037,0.4819277108433735,0.33858267716535434,0.5180722891566265,0.15264423076923078,0.5180722891566265,False,False,0.814258368587836,0.09975961538461539,0.09925093632958802,534,832,0.6085951208395735,en,target_fpr,,,0.45255474452554745,0.04303093500173799,0.100,0.05,toxicity,encoder_minilm,EXP-002
hi,source_global,0.6085951208395735,0.0,1,0.4294478527607362,0.0,0.06008010680907877,0.5783132530120482,0.4375,0.42168674698795183,0.09615384615384616,0.42168674698795183,False,False,0.814258368587836,0.09975961538461539,0.09925093632958802,534,832,0.6085951208395735,en,target_fpr,0.3178256094882495,0.5232558139534884,0.45255474452554745,0.023106891764811233,0.100,0.05,toxicity,encoder_minilm,EXP-002
hi,pooled_global,0.888581737374154,0.0,1,0.25,0.0,0.0013351134846461949,0.8554216867469879,0.9230769230769231,0.14457831325301204,0.015625,0.14457831325301204,False,False,0.814258368587836,0.09975961538461539,0.09925093632958802,534,832,0.6085951208395735,en,target_fpr,,,0.45255474452554745,0.20255474452554745,0.100,0.05,toxicity,encoder_minilm,EXP-002
hi,worstcase_global,0.9717538627302131,0.0,1,0.11363636363636363,0.0,0.0,0.9397590361445783,1.0,0.060240963855421686,0.006009615384615385,0.060240963855421686,True,False,0.814258368587836,0.09975961538461539,0.09925093632958802,534,832,0.6085951208395735,en,target_fpr,,,0.45255474452554745,0.3389183808891838,0.100,0.05,toxicity,encoder_minilm,EXP-002
hi,quantile_match,0.5286866606053603,0.0,1,0.4183673469387755,0.0,0.09612817089452604,0.5060240963855421,0.36283185840707965,0.4939759036144578,0.13581730769230768,0.4939759036144578,False,False,0.814258368587836,0.09975961538461539,0.09925093632958802,534,832,0.6085951208395735,en,target_fpr,,,0.45255474452554745,0.03418739758677197,0.100,0.05,toxicity,encoder_minilm,EXP-002
hi,sld_em,0.9263079254328684,0.0,1,0.23404255319148937,0.0,0.0,0.8674698795180723,1.0,0.13253012048192772,0.013221153846153846,0.13253012048192772,False,False,0.814258368587836,0.09975961538461539,0.09925093632958802,534,832,0.6085951208395735,en,target_fpr,,,0.45255474452554745,0.21851219133405808,0.100,0.05,toxicity,encoder_minilm,EXP-002
hi,bbse,0.6940101837886351,0.0,1,0.4444444444444444,0.0,0.029372496662216287,0.6385542168674698,0.5769230769230769,0.3614457831325301,0.0625,0.3614457831325301,False,False,0.814258368587836,0.09975961538461539,0.09925093632958802,534,832,0.6085951208395735,en,target_fpr,,,0.45255474452554745,0.008110300081103028,0.100,0.05,toxicity,encoder_minilm,EXP-002
hi,few_label_8_strat,0.5207028974463338,0.2065244275186209,25,0.3868062870612065,0.04520841193806704,0.12881174899866488,0.4891566265060241,0.4346504448341424,0.5108433734939759,0.1669230769230769,0.5108433734939759,False,False,0.814258368587836,0.09975961538461539,0.09925093632958802,534,832,0.6085951208395735,en,target_fpr,,,0.45255474452554745,0.06574845746434094,0.100,0.05,toxicity,encoder_minilm,EXP-002
hi,few_label_8_rand,0.5803276357094106,0.15229257052901798,25,0.4003311648232552,0.053421873068120164,0.09062750333778372,0.5518072289156626,0.4486891255107309,0.44819277108433736,0.12629807692307693,0.44819277108433736,False,False,0.814258368587836,0.09975961538461539,0.09925093632958802,534,832,0.6085951208395735,en,target_fpr,,,0.45255474452554745,0.052223579702292244,0.100,0.05,toxicity,encoder_minilm,EXP-002
hi,few_label_16_strat,0.6624589555026958,0.19251178495198418,25,0.3703670674699626,0.0814592380313593,0.06472630173564753,0.6255421686746988,0.5854180247343068,0.3744578313253012,0.095625,0.3744578313253012,False,False,0.814258368587836,0.09975961538461539,0.09925093632958802,534,832,0.6085951208395735,en,target_fpr,,,0.45255474452554745,0.08218767705558483,0.100,0.05,toxicity,encoder_minilm,EXP-002
hi,few_label_16_rand,0.6819716360698221,0.15009591694041977,25,0.388222675963463,0.06241405534104225,0.04982643524699599,0.6414457831325301,0.5881667405028442,0.35855421686746985,0.080625,0.35855421686746985,False,False,0.814258368587836,0.09975961538461539,0.09925093632958802,534,832,0.6085951208395735,en,target_fpr,,,0.45255474452554745,0.06433206856208445,0.100,0.05,toxicity,encoder_minilm,EXP-002
hi,few_label_32_strat,0.6890320740568936,0.20287620508277399,25,0.3570799741069221,0.07578461949838897,0.05986648865153538,0.6501204819277109,0.6288795108743878,0.3498795180722892,0.08879807692307691,0.3498795180722892,False,False,0.814258368587836,0.09975961538461539,0.09925093632958802,534,832,0.6085951208395735,en,target_fpr,,,0.45255474452554745,0.09547477041862534,0.100,0.05,toxicity,encoder_minilm,EXP-002
hi,few_label_32_rand,0.721739126338948,0.09320923080521236,25,0.41363019392154327,0.041088871190135316,0.029692923898531377,0.6655421686746987,0.6300141363071403,0.33445783132530127,0.06009615384615384,0.33445783132530127,False,False,0.814258368587836,0.09975961538461539,0.09925093632958802,534,832,0.6085951208395735,en,target_fpr,,,0.45255474452554745,0.03892455060400418,0.100,0.05,toxicity,encoder_minilm,EXP-002
hi,few_label_64_strat,0.7164204745836003,0.11310826333878315,25,0.40102035842550215,0.05282998949803335,0.03369826435246996,0.6679518072289156,0.6273296007885457,0.3320481927710843,0.06346153846153846,0.3320481927710843,False,False,0.814258368587836,0.09975961538461539,0.09925093632958802,534,832,0.6085951208395735,en,target_fpr,,,0.45255474452554745,0.05153438610004529,0.100,0.05,toxicity,encoder_minilm,EXP-002
hi,few_label_64_rand,0.7506380201315601,0.10834074964721867,25,0.3812144196972788,0.07386274409879418,0.02451268357810414,0.7012048192771084,0.6919977410200521,0.2987951807228916,0.051875,0.2987951807228916,False,False,0.814258368587836,0.09975961538461539,0.09925093632958802,534,832,0.6085951208395735,en,target_fpr,,,0.45255474452554745,0.07134032482826863,0.100,0.05,toxicity,encoder_minilm,EXP-002
hi,few_label_128_strat,0.708246547966759,0.06172149562215546,25,0.4298042549003344,0.027103583608815346,0.027930574098798396,0.6559036144578313,0.6138829259789435,0.3440963855421687,0.05947115384615385,0.3440963855421687,False,False,0.814258368587836,0.09975961538461539,0.09925093632958802,534,832,0.6085951208395735,en,target_fpr,,,0.45255474452554745,0.022750489625213033,0.100,0.05,toxicity,encoder_minilm,EXP-002
hi,few_label_128_rand,0.6807210105681157,0.0556352599669225,25,0.4420961601856683,0.017098697754005344,0.03444592790387183,0.6284337349397591,0.5750315809095676,0.371566265060241,0.06807692307692308,0.371566265060241,False,False,0.814258368587836,0.09975961538461539,0.09925093632958802,534,832,0.6085951208395735,en,target_fpr,,,0.45255474452554745,0.010458584339879173,0.100,0.05,toxicity,encoder_minilm,EXP-002
hi,few_label_256_strat,0.6885073543091772,0.04488289110459937,25,0.44585020437089407,0.017476531063912327,0.03124165554072096,0.6327710843373494,0.5889126760803627,0.36722891566265065,0.06475961538461537,0.36722891566265065,False,False,0.814258368587836,0.09975961538461539,0.09925093632958802,534,832,0.6085951208395735,en,target_fpr,,,0.45255474452554745,0.006704540154653382,0.100,0.05,toxicity,encoder_minilm,EXP-002
hi,few_label_256_rand,0.6979141403989964,0.05254238557076343,25,0.4363874561094366,0.013548489470982007,0.029479305740987987,0.6467469879518072,0.5984529485825889,0.3532530120481928,0.06177884615384615,0.3532530120481928,False,False,0.814258368587836,0.09975961538461539,0.09925093632958802,534,832,0.6085951208395735,en,target_fpr,,,0.45255474452554745,0.01616728841611087,0.100,0.05,toxicity,encoder_minilm,EXP-002
hi,target_full,0.6864597301548125,0.0,1,0.45255474452554745,0.0,0.030707610146862484,0.6265060240963856,0.5740740740740741,0.37349397590361444,0.06490384615384616,0.37349397590361444,False,False,0.814258368587836,0.09975961538461539,0.09925093632958802,534,832,0.6085951208395735,en,target_fpr,0.343758506708147,0.5486542542928805,0.45255474452554745,0.0,0.100,0.05,toxicity,encoder_minilm,EXP-002
hi,test_oracle_unachievable,0.6289743541878844,0.0,1,0.45333333333333337,0.0,0.044058744993324434,0.5903614457831325,0.5074626865671642,0.40963855421686746,0.08052884615384616,0.40963855421686746,False,False,0.814258368587836,0.09975961538461539,0.09925093632958802,534,832,0.6085951208395735,en,target_fpr,,,0.45255474452554745,-0.0007785888077859182,0.100,0.05,toxicity,encoder_minilm,EXP-002
hin,fixed_half,0.5,0.0,1,0.18285714285714286,0.0,0.13971742543171115,0.7714285714285715,0.1523809523809524,0.22857142857142856,0.1485148514851485,0.22857142857142856,False,False,0.5360282574568289,0.09900990099009901,0.09859154929577464,497,707,0.6085951208395735,en,target_fpr,,,0.11111111111111112,-0.07174603174603174,0.100,0.05,toxicity,encoder_minilm,EXP-002
hin,source_global,0.6085951208395735,0.0,1,0.16,0.0,0.10675039246467818,0.8285714285714286,0.15,0.17142857142857143,0.11315417256011315,0.17142857142857143,False,False,0.5360282574568289,0.09900990099009901,0.09859154929577464,497,707,0.6085951208395735,en,target_fpr,0.08692958042325265,0.22929835265405732,0.11111111111111112,-0.048888888888888885,0.100,0.05,toxicity,encoder_minilm,EXP-002
hin,pooled_global,0.8855802679817317,0.0,1,0.024096385542168672,0.0,0.018838304552590265,0.9857142857142858,0.07692307692307693,0.014285714285714285,0.018387553041018388,0.014285714285714285,False,False,0.5360282574568289,0.09900990099009901,0.09859154929577464,497,707,0.6085951208395735,en,target_fpr,,,0.11111111111111112,0.08701472556894245,0.100,0.05,toxicity,encoder_minilm,EXP-002
hin,worstcase_global,0.9717538627302131,0.0,1,0.0273972602739726,0.0,0.0031397174254317113,0.9857142857142858,0.3333333333333333,0.014285714285714285,0.004243281471004243,0.014285714285714285,True,False,0.5360282574568289,0.09900990099009901,0.09859154929577464,497,707,0.6085951208395735,en,target_fpr,,,0.11111111111111112,0.08371385083713852,0.100,0.05,toxicity,encoder_minilm,EXP-002
hin,quantile_match,0.572740816483048,0.0,1,0.18633540372670807,0.0,0.11930926216640503,0.7857142857142857,0.16483516483516483,0.21428571428571427,0.12871287128712872,0.21428571428571427,False,False,0.5360282574568289,0.09900990099009901,0.09859154929577464,497,707,0.6085951208395735,en,target_fpr,,,0.11111111111111112,-0.07522429261559695,0.100,0.05,toxicity,encoder_minilm,EXP-002
hin,sld_em,0.862682891064701,0.0,1,0.0909090909090909,0.0,0.02197802197802198,0.9428571428571428,0.2222222222222222,0.05714285714285714,0.02545968882602546,0.05714285714285714,False,False,0.5360282574568289,0.09900990099009901,0.09859154929577464,497,707,0.6085951208395735,en,target_fpr,,,0.11111111111111112,0.02020202020202022,0.100,0.05,toxicity,encoder_minilm,EXP-002
hin,bbse,0.6291081848686364,0.0,1,0.1506849315068493,0.0,0.10204081632653061,0.8428571428571429,0.14473684210526316,0.15714285714285714,0.1074964639321075,0.15714285714285714,False,False,0.5360282574568289,0.09900990099009901,0.09859154929577464,497,707,0.6085951208395735,en,target_fpr,,,0.11111111111111112,-0.03957382039573819,0.100,0.05,toxicity,encoder_minilm,EXP-002
hin,few_label_8_strat,0.6008939748669448,0.22824541216948005,25,0.15017506881410445,0.05143698370751595,0.12414442700156986,0.8074285714285715,0.17378955770159796,0.1925714285714286,0.13091937765205092,0.1925714285714286,False,False,0.5360282574568289,0.09900990099009901,0.09859154929577464,497,707,0.6085951208395735,en,target_fpr,,,0.11111111111111112,-0.03906395770299333,0.100,0.05,toxicity,encoder_minilm,EXP-002
hin,few_label_8_rand,0.5977948750407067,0.21789058365879202,25,0.14839174134459757,0.0559248786967466,0.12408163265306124,0.8097142857142857,0.16291641807912047,0.19028571428571425,0.13063649222065063,0.19028571428571425,False,False,0.5360282574568289,0.09900990099009901,0.09859154929577464,497,707,0.6085951208395735,en,target_fpr,,,0.11111111111111112,-0.03728063023348645,0.100,0.05,toxicity,encoder_minilm,EXP-002
hin,few_label_16_strat,0.7238867774894843,0.19735355525004178,25,0.12450380741586577,0.05947525529400034,0.07937205651491366,0.8691428571428571,0.16903416172509886,0.13085714285714287,0.08446958981612447,0.13085714285714287,False,False,0.5360282574568289,0.09900990099009901,0.09859154929577464,497,707,0.6085951208395735,en,target_fpr,,,0.11111111111111112,-0.013392696304754648,0.100,0.05,toxicity,encoder_minilm,EXP-002
hin,few_label_16_rand,0.7689619965505635,0.19798518778950697,25,0.09016187953000805,0.07339598427467442,0.061161695447409736,0.9022857142857142,0.13830992157156813,0.0977142857142857,0.06478076379066477,0.0977142857142857,False,False,0.5360282574568289,0.09900990099009901,0.09859154929577464,497,707,0.6085951208395735,en,target_fpr,,,0.11111111111111112,0.020949231581103067,0.100,0.05,toxicity,encoder_minilm,EXP-002
hin,few_label_32_strat,0.8663838965598585,0.09127131937512509,25,0.07094178891429619,0.05905991439166702,0.025620094191522762,0.9468571428571428,0.168795888167809,0.05314285714285714,0.02834512022630835,0.05314285714285714,False,False,0.5360282574568289,0.09900990099009901,0.09859154929577464,497,707,0.6085951208395735,en,target_fpr,,,0.11111111111111112,0.04016932219681493,0.100,0.05,toxicity,encoder_minilm,EXP-002
hin,few_label_32_rand,0.8327097947325188,0.12218111559704335,25,0.09405731211804304,0.06005172516214637,0.03554160125588697,0.9245714285714284,0.21909320791246117,0.07542857142857143,0.03949080622347949,0.07542857142857143,False,False,0.5360282574568289,0.09900990099009901,0.09859154929577464,497,707,0.6085951208395735,en,target_fpr,,,0.11111111111111112,0.01705379899306808,0.100,0.05,toxicity,encoder_minilm,EXP-002
hin,few_label_64_strat,0.8101933132985738,0.10316164281335029,25,0.10667007107375254,0.06047512059929487,0.04144427001569859,0.9131428571428571,0.18594869354331023,0.08685714285714285,0.04594059405940594,0.08685714285714285,False,False,0.5360282574568289,0.09900990099009901,0.09859154929577464,497,707,0.6085951208395735,en,target_fpr,,,0.11111111111111112,0.004441040037358582,0.100,0.05,toxicity,encoder_minilm,EXP-002
hin,few_label_64_rand,0.8626096367192823,0.05205586538088867,25,0.07702562458438023,0.05506621794563866,0.02411302982731554,0.9468571428571428,0.1718062065213768,0.05314285714285713,0.026987270155586992,0.05314285714285713,False,False,0.5360282574568289,0.09900990099009901,0.09859154929577464,497,707,0.6085951208395735,en,target_fpr,,,0.11111111111111112,0.03408548652673089,0.100,0.05,toxicity,encoder_minilm,EXP-002
hin,few_label_128_strat,0.8456013150678668,0.05892237723577154,25,0.09809115704961067,0.05885215309366159,0.029073783359497646,0.9291428571428572,0.19490985942847303,0.07085714285714285,0.033210749646393214,0.07085714285714285,False,False,0.5360282574568289,0.09900990099009901,0.09859154929577464,497,707,0.6085951208395735,en,target_fpr,,,0.11111111111111112,0.013019954061500444,0.100,0.05,toxicity,encoder_minilm,EXP-002
hin,few_label_128_rand,0.8425428942559583,0.06363412540336905,25,0.0921200593803787,0.05178190594277358,0.02963893249607535,0.9337142857142858,0.18743472138830802,0.06628571428571428,0.03326732673267327,0.06628571428571428,False,False,0.5360282574568289,0.09900990099009901,0.09859154929577464,497,707,0.6085951208395735,en,target_fpr,,,0.11111111111111112,0.018991051730732414,0.100,0.05,toxicity,encoder_minilm,EXP-002
hin,few_label_256_strat,0.8243008275864454,0.034986370140930007,25,0.1313726239784691,0.03683313612687895,0.03353218210361068,0.9057142857142857,0.23400689945234235,0.09428571428571426,0.03954738330975956,0.09428571428571426,False,False,0.5360282574568289,0.09900990099009901,0.09859154929577464,497,707,0.6085951208395735,en,target_fpr,,,0.11111111111111112,-0.020261512867357986,0.100,0.05,toxicity,encoder_minilm,EXP-002
hin,few_label_256_rand,0.8433616654950871,0.03201034666869866,25,0.1064526916672939,0.043887390386081186,0.02800627943485087,0.9268571428571428,0.2120716619381575,0.07314285714285713,0.032475247524752476,0.07314285714285713,False,False,0.5360282574568289,0.09900990099009901,0.09859154929577464,497,707,0.6085951208395735,en,target_fpr,,,0.11111111111111112,0.004658419443817216,0.100,0.05,toxicity,encoder_minilm,EXP-002
hin,target_full,0.8473715179143959,0.0,1,0.11111111111111112,0.0,0.023547880690737835,0.9285714285714286,0.25,0.07142857142857142,0.028288543140028287,0.07142857142857142,False,False,0.5360282574568289,0.09900990099009901,0.09859154929577464,497,707,0.6085951208395735,en,target_fpr,0.02531645569620253,0.20432513914656772,0.11111111111111112,0.0,0.100,0.05,toxicity,encoder_minilm,EXP-002
hin,test_oracle_unachievable,0.7919974281401159,0.0,1,0.16822429906542052,0.0,0.04395604395604396,0.8714285714285714,0.24324324324324326,0.12857142857142856,0.05233380480905234,0.12857142857142856,False,False,0.5360282574568289,0.09900990099009901,0.09859154929577464,497,707,0.6085951208395735,en,target_fpr,,,0.11111111111111112,-0.057113187954309405,0.100,0.05,toxicity,encoder_minilm,EXP-002
it,fixed_half,0.5,0.0,1,0.33608815426997246,0.0,0.2825520833333333,0.2823529411764706,0.21942446043165467,0.7176470588235294,0.32590855803048063,0.7176470588235294,False,False,0.7786151960784313,0.09964830011723329,0.0985663082437276,558,853,0.6085951208395735,en,target_fpr,,,0.3561643835616438,0.020076229291671355,0.100,0.05,toxicity,encoder_minilm,EXP-002
it,source_global,0.6085951208395735,0.0,1,0.32525951557093424,0.0,0.20442708333333334,0.4470588235294118,0.23039215686274508,0.5529411764705883,0.2391559202813599,0.5529411764705883,False,False,0.7786151960784313,0.09964830011723329,0.0985663082437276,558,853,0.6085951208395735,en,target_fpr,0.25871994125925474,0.4,0.3561643835616438,0.030904867990709572,0.100,0.05,toxicity,encoder_minilm,EXP-002
it,pooled_global,0.884571403097896,0.0,1,0.326241134751773,0.0,0.04296875,0.7294117647058823,0.4107142857142857,0.27058823529411763,0.06565064478311841,0.27058823529411763,False,False,0.7786151960784313,0.09964830011723329,0.0985663082437276,558,853,0.6085951208395735,en,target_fpr,,,0.3561643835616438,0.029923248809870795,0.100,0.05,toxicity,encoder_minilm,EXP-002
it,worstcase_global,0.9717538627302131,0.0,1,0.14285714285714285,0.0,0.0078125,0.9176470588235294,0.5384615384615384,0.08235294117647059,0.015240328253223915,0.08235294117647059,False,False,0.7786151960784313,0.09964830011723329,0.0985663082437276,558,853,0.6085951208395735,en,target_fpr,,,0.3561643835616438,0.21330724070450097,0.100,0.05,toxicity,encoder_minilm,EXP-002
it,quantile_match,0.7719848782206804,0.0,1,0.35789473684210527,0.0,0.09244791666666667,0.6,0.3238095238095238,0.4,0.123094958968347,0.4,False,False,0.7786151960784313,0.09964830011723329,0.0985663082437276,558,853,0.6085951208395735,en,target_fpr,,,0.3561643835616438,-0.0017303532804614496,0.100,0.05,toxicity,encoder_minilm,EXP-002
it,sld_em,0.3712086732625669,0.0,1,0.2826552462526767,0.0,0.4114583333333333,0.2235294117647059,0.17277486910994763,0.7764705882352941,0.447831184056272,0.7764705882352941,False,False,0.7786151960784313,0.09964830011723329,0.0985663082437276,558,853,0.6085951208395735,en,target_fpr,,,0.3561643835616438,0.07350913730896713,0.100,0.05,toxicity,encoder_minilm,EXP-002
it,bbse,0.3538095480760711,0.0,1,0.2875,0.0,0.4244791666666667,0.18823529411764706,0.17468354430379746,0.8117647058823529,0.4630715123094959,0.8117647058823529,False,False,0.7786151960784313,0.09964830011723329,0.0985663082437276,558,853,0.6085951208395735,en,target_fpr,,,0.3561643835616438,0.06866438356164384,0.100,0.05,toxicity,encoder_minilm,EXP-002
it,few_label_8_strat,0.7231690177233364,0.18020670133137542,25,0.31548742853984607,0.0646392884602686,0.14270833333333333,0.5614117647058823,0.317790613720924,0.43858823529411767,0.17219226260257917,0.43858823529411767,False,False,0.7786151960784313,0.09964830011723329,0.0985663082437276,558,853,0.6085951208395735,en,target_fpr,,,0.3561643835616438,0.040676955021797745,0.100,0.05,toxicity,encoder_minilm,EXP-002
it,few_label_8_rand,0.7409204010921961,0.13937162313808737,25,0.3111924488808795,0.07411844789453989,0.12515624999999997,0.5882352941176471,0.3059104812103218,0.4117647058823529,0.15371629542790155,0.4117647058823529,False,False,0.7786151960784313,0.09964830011723329,0.0985663082437276,558,853,0.6085951208395735,en,target_fpr,,,0.3561643835616438,0.044971934680764325,0.100,0.05,toxicity,encoder_minilm,EXP-002
it,few_label_16_strat,0.8199533840847976,0.12642819459426696,25,0.30379280869319,0.08150451255997039,0.07890625,0.6705882352941177,0.37428209130712936,0.3294117647058824,0.10386869871043376,0.3294117647058824,False,False,0.7786151960784313,0.09964830011723329,0.0985663082437276,558,853,0.6085951208395735,en,target_fpr,,,0.3561643835616438,0.05237157486845384,0.100,0.05,toxicity,encoder_minilm,EXP-002
it,few_label_16_rand,0.8640975849028201,0.11049750592295328,25,0.27490469729955574,0.0946293273587337,0.05739583333333333,0.7345882352941178,0.41525775794914943,0.26541176470588235,0.07812426729191091,0.26541176470588235,False,False,0.7786151960784313,0.09964830011723329,0.0985663082437276,558,853,0.6085951208395735,en,target_fpr,,,0.3561643835616438,0.08125968626208807,0.100,0.05,toxicity,encoder_minilm,EXP-002
it,few_label_32_strat,0.8902038514421824,0.07940604998195461,25,0.2738119273233135,0.08924296900863019,0.04166666666666666,0.7628235294117647,0.4343430311515074,0.2371764705882353,0.061148886283704566,0.2371764705882353,False,False,0.7786151960784313,0.09964830011723329,0.0985663082437276,558,853,0.6085951208395735,en,target_fpr,,,0.3561643835616438,0.08235245623833032,0.100,0.05,toxicity,encoder_minilm,EXP-002
it,few_label_32_rand,0.8616799818734304,0.10024395016074639,25,0.3012808823052535,0.05483202330005612,0.0571875,0.7185882352941175,0.4151719542373861,0.28141176470588236,0.07953106682297773,0.28141176470588236,False,False,0.7786151960784313,0.09964830011723329,0.0985663082437276,558,853,0.6085951208395735,en,target_fpr,,,0.3561643835616438,0.0548835012563903,0.100,0.05,toxicity,encoder_minilm,EXP-002
it,few_label_64_strat,0.865809225468272,0.08095159619646657,25,0.3123859561723349,0.03255142160919969,0.05406249999999999,0.7190588235294119,0.4040935210331441,0.28094117647058825,0.07667057444314185,0.28094117647058825,False,False,0.7786151960784313,0.09964830011723329,0.0985663082437276,558,853,0.6085951208395735,en,target_fpr,,,0.3561643835616438,0.04377842738930893,0.100,0.05,toxicity,encoder_minilm,EXP-002
it,few_label_64_rand,0.896371409353308,0.047970300306808426,25,0.29342752550107715,0.06273120807019349,0.03838541666666667,0.76,0.4355778572378302,0.24000000000000005,0.0584759671746776,0.24000000000000005,False,False,0.7786151960784313,0.09964830011723329,0.0985663082437276,558,853,0.6085951208395735,en,target_fpr,,,0.3561643835616438,0.06273685806056667,0.100,0.05,toxicity,encoder_minilm,EXP-002
it,few_label_128_strat,0.8741039838288371,0.036468888792870274,25,0.32750946694042166,0.028312119985240927,0.04807291666666666,0.7162352941176471,0.4044444915591552,0.283764705882353,0.07155920281359907,0.283764705882353,False,False,0.7786151960784313,0.09964830011723329,0.0985663082437276,558,853,0.6085951208395735,en,target_fpr,,,0.3561643835616438,0.02865491662122216,0.100,0.05,toxicity,encoder_minilm,EXP-002
it,few_label_128_rand,0.8930145456152683,0.043545083672713474,25,0.3028916781442782,0.03678204323567075,0.04036458333333333,0.7515294117647059,0.42458957972755895,0.24847058823529417,0.06110199296600234,0.24847058823529417,False,False,0.7786151960784313,0.09964830011723329,0.0985663082437276,558,853,0.6085951208395735,en,target_fpr,,,0.3561643835616438,0.05327270541736562,0.100,0.05,toxicity,encoder_minilm,EXP-002
it,few_label_256_strat,0.8686972177507809,0.017298556176786124,25,0.33674177628672125,0.012632507844166033,0.05041666666666666,0.7049411764705882,0.396289799569732,0.29505882352941176,0.07479484173505276,0.29505882352941176,False,False,0.7786151960784313,0.09964830011723329,0.0985663082437276,558,853,0.6085951208395735,en,target_fpr,,,0.3561643835616438,0.019422607274922565,0.100,0.05,toxicity,encoder_minilm,EXP-002
it,few_label_256_rand,0.8770542850535066,0.022900390818522194,25,0.331101598639204,0.022637431438295476,0.04682291666666666,0.7162352941176471,0.404935191213183,0.283764705882353,0.07043376318874561,0.283764705882353,False,False,0.7786151960784313,0.09964830011723329,0.0985663082437276,558,853,0.6085951208395735,en,target_fpr,,,0.3561643835616438,0.025062784922439796,0.100,0.05,toxicity,encoder_minilm,EXP-002
it,target_full,0.8717186151152694,0.0,1,0.3561643835616438,0.0,0.045572916666666664,0.6941176470588235,0.4262295081967213,0.3058823529411765,0.07151230949589683,0.3058823529411765,False,False,0.7786151960784313,0.09964830011723329,0.0985663082437276,558,853,0.6085951208395735,en,target_fpr,0.2605568790946992,0.4592137052492861,0.3561643835616438,0.0,0.100,0.05,toxicity,encoder_minilm,EXP-002
it,test_oracle_unachievable,0.8675140573361161,0.0,1,0.35374149659863946,0.0,0.046875,0.6941176470588235,0.41935483870967744,0.3058823529411765,0.07268464243845252,0.3058823529411765,False,False,0.7786151960784313,0.09964830011723329,0.0985663082437276,558,853,0.6085951208395735,en,target_fpr,,,0.3561643835616438,0.002422886963004356,0.100,0.05,toxicity,encoder_minilm,EXP-002
ja,fixed_half,0.5,0.0,1,0.23668639053254434,0.0,0.2812089356110381,0.5238095238095238,0.15748031496062992,0.47619047619047616,0.3005917159763314,0.47619047619047616,False,False,0.6717351855328202,0.09940828402366864,0.0989010989010989,546,845,0.6085951208395735,en,target_fpr,,,0.26865671641791045,0.03197032588536611,0.100,0.05,toxicity,encoder_minilm,EXP-002
ja,source_global,0.6085951208395735,0.0,1,0.2265625,0.0,0.18791064388961892,0.6547619047619048,0.1686046511627907,0.34523809523809523,0.20355029585798817,0.34523809523809523,False,False,0.6717351855328202,0.09940828402366864,0.0989010989010989,546,845,0.6085951208395735,en,target_fpr,0.15928132483194368,0.2956006823272045,0.26865671641791045,0.042094216417910446,0.100,0.05,toxicity,encoder_minilm,EXP-002
ja,pooled_global,0.8845007865559115,0.0,1,0.27067669172932335,0.0,0.040735873850197106,0.7857142857142857,0.3673469387755102,0.21428571428571427,0.05798816568047337,0.21428571428571427,False,False,0.6717351855328202,0.09940828402366864,0.0989010989010989,546,845,0.6085951208395735,en,target_fpr,,,0.26865671641791045,-0.0020199753114129027,0.100,0.05,toxicity,encoder_minilm,EXP-002
ja,worstcase_global,0.9717538627302131,0.0,1,0.10989010989010989,0.0,0.002628120893561104,0.9404761904761905,0.7142857142857143,0.05952380952380952,0.008284023668639054,0.05952380952380952,True,False,0.6717351855328202,0.09940828402366864,0.0989010989010989,546,845,0.6085951208395735,en,target_fpr,,,0.26865671641791045,0.15876660652780056,0.100,0.05,toxicity,encoder_minilm,EXP-002
ja,quantile_match,0.7517691155099536,0.0,1,0.2841530054644809,0.0,0.09592641261498029,0.6904761904761905,0.26262626262626265,0.30952380952380953,0.11715976331360947,0.30952380952380953,False,False,0.6717351855328202,0.09940828402366864,0.0989010989010989,546,845,0.6085951208395735,en,target_fpr,,,0.26865671641791045,-0.015496289046570466,0.100,0.05,toxicity,encoder_minilm,EXP-002
ja,sld_em,0.42114544154416805,0.0,1,0.2406015037593985,0.0,0.3508541392904074,0.42857142857142855,0.1523809523809524,0.5714285714285714,0.3727810650887574,0.5714285714285714,False,False,0.6717351855328202,0.09940828402366864,0.0989010989010989,546,845,0.6085951208395735,en,target_fpr,,,0.26865671641791045,0.028055212658511935,0.100,0.05,toxicity,encoder_minilm,EXP-002
ja,bbse,0.3891330906401605,0.0,1,0.24355971896955503,0.0,0.3823915900131406,0.38095238095238093,0.15160349854227406,0.6190476190476191,0.4059171597633136,0.6190476190476191,False,False,0.6717351855328202,0.09940828402366864,0.0989010989010989,546,845,0.6085951208395735,en,target_fpr,,,0.26865671641791045,0.025096997448355418,0.100,0.05,toxicity,encoder_minilm,EXP-002
ja,few_label_8_strat,0.7604739937917999,0.13549762478560554,25,0.25626346423337937,0.03273892657814807,0.1073850197109067,0.7133333333333333,0.2958858219852971,0.2866666666666667,0.125207100591716,0.2866666666666667,False,False,0.6717351855328202,0.09940828402366864,0.0989010989010989,546,845,0.6085951208395735,en,target_fpr,,,0.26865671641791045,0.012393252184531078,0.100,0.05,toxicity,encoder_minilm,EXP-002
ja,few_label_8_rand,0.7074832328694569,0.1562624403282421,25,0.23256033265311346,0.02806225987615635,0.13918528252299606,0.7009523809523809,0.2631554460475028,0.299047619047619,0.15507692307692308,0.299047619047619,False,False,0.6717351855328202,0.09940828402366864,0.0989010989010989,546,845,0.6085951208395735,en,target_fpr,,,0.26865671641791045,0.036096383764796985,0.100,0.05,toxicity,encoder_minilm,EXP-002
ja,few_label_16_strat,0.8154588820381629,0.1044596800903783,25,0.2525838114579356,0.05407449996638469,0.07553219448094611,0.750952380952381,0.33605808553186883,0.24904761904761905,0.09278106508875739,0.24904761904761905,False,False,0.6717351855328202,0.09940828402366864,0.0989010989010989,546,845,0.6085951208395735,en,target_fpr,,,0.26865671641791045,0.01607290495997482,0.100,0.05,toxicity,encoder_minilm,EXP-002
ja,few_label_16_rand,0.8520999102277425,0.11052238435948346,25,0.24575570522732182,0.04186239350565004,0.05766097240473062,0.7833333333333333,0.40079253732289305,0.21666666666666667,0.07346745562130176,0.21666666666666667,False,False,0.6717351855328202,0.09940828402366864,0.0989010989010989,546,845,0.6085951208395735,en,target_fpr,,,0.26865671641791045,0.022901011190588627,0.100,0.05,toxicity,encoder_minilm,EXP-002
ja,few_label_32_strat,0.9024080733261347,0.07958896287959163,25,0.21662112227952096,0.05473722242619797,0.033692509855453356,0.8328571428571427,0.4638027447875583,0.16714285714285712,0.0469585798816568,0.16714285714285712,False,False,0.6717351855328202,0.09940828402366864,0.0989010989010989,546,845,0.6085951208395735,en,target_fpr,,,0.26865671641791045,0.052035594138389485,0.100,0.05,toxicity,encoder_minilm,EXP-002
ja,few_label_32_rand,0.8407784160262861,0.11677886776410296,25,0.24560299402296434,0.03872391312587756,0.06507227332457294,0.7757142857142857,0.3530641204266778,0.2242857142857143,0.08089940828402367,0.2242857142857143,False,False,0.6717351855328202,0.09940828402366864,0.0989010989010989,546,845,0.6085951208395735,en,target_fpr,,,0.26865671641791045,0.023053722394946102,0.100,0.05,toxicity,encoder_minilm,EXP-002
ja,few_label_64_strat,0.859348755568651,0.09020222632136418,25,0.25893867726048353,0.0250807398724291,0.0542969776609724,0.7766666666666666,0.3752534897728579,0.22333333333333336,0.07110059171597634,0.22333333333333336,False,False,0.6717351855328202,0.09940828402366864,0.0989010989010989,546,845,0.6085951208395735,en,target_fpr,,,0.26865671641791045,0.009718039157426916,0.100,0.05,toxicity,encoder_minilm,EXP-002
ja,few_label_64_rand,0.8892562417569816,0.03973367829325166,25,0.2599366583693874,0.028748332551303546,0.03779237844940867,0.7966666666666665,0.40093786251440927,0.2033333333333333,0.054248520710059166,0.2033333333333333,False,False,0.6717351855328202,0.09940828402366864,0.0989010989010989,546,845,0.6085951208395735,en,target_fpr,,,0.26865671641791045,0.00872005804852305,0.100,0.05,toxicity,encoder_minilm,EXP-002
ja,few_label_128_strat,0.8750587184370829,0.03100501367713884,25,0.2674973911277964,0.024914294850888526,0.04504599211563732,0.7804761904761905,0.3648822680678443,0.21952380952380954,0.06239053254437869,0.21952380952380954,False,False,0.6717351855328202,0.09940828402366864,0.0989010989010989,546,845,0.6085951208395735,en,target_fpr,,,0.26865671641791045,0.0011593252901140327,0.100,0.05,toxicity,encoder_minilm,EXP-002
ja,few_label_128_rand,0.8821339829632534,0.02930256626009595,25,0.26251169363393323,0.025126862725319735,0.04189224704336399,0.7895238095238095,0.3718707500793153,0.21047619047619048,0.0586508875739645,0.21047619047619048,False,False,0.6717351855328202,0.09940828402366864,0.0989010989010989,546,845,0.6085951208395735,en,target_fpr,,,0.26865671641791045,0.0061450227839772165,0.100,0.05,toxicity,encoder_minilm,EXP-002
ja,few_label_256_strat,0.8644736928115475,0.023430445291689504,25,0.2761451036152709,0.011683398600758906,0.0493035479632063,0.7676190476190476,0.3501667318699656,0.23238095238095238,0.06750295857988166,0.23238095238095238,False,False,0.6717351855328202,0.09940828402366864,0.0989010989010989,546,845,0.6085951208395735,en,target_fpr,,,0.26865671641791045,-0.0074883871973604466,0.100,0.05,toxicity,encoder_minilm,EXP-002
ja,few_label_256_rand,0.8766966543828868,0.015030275538073656,25,0.2726585984335348,0.017280736018285822,0.04404730617608409,0.7785714285714285,0.35814026973870466,0.22142857142857142,0.06168047337278106,0.22142857142857142,False,False,0.6717351855328202,0.09940828402366864,0.0989010989010989,546,845,0.6085951208395735,en,target_fpr,,,0.26865671641791045,-0.004001882015624347,0.100,0.05,toxicity,encoder_minilm,EXP-002
ja,target_full,0.8807444880980413,0.0,1,0.26865671641791045,0.0,0.04204993429697766,0.7857142857142857,0.36,0.21428571428571427,0.05917159763313609,0.21428571428571427,False,False,0.6717351855328202,0.09940828402366864,0.0989010989010989,546,845,0.6085951208395735,en,target_fpr,0.1672709923664122,0.3637534904227697,0.26865671641791045,0.0,0.100,0.05,toxicity,encoder_minilm,EXP-002
ja,test_oracle_unachievable,0.8692599568825314,0.0,1,0.2877697841726619,0.0,0.045992115637319315,0.7619047619047619,0.36363636363636365,0.23809523809523808,0.0650887573964497,0.23809523809523808,False,False,0.6717351855328202,0.09940828402366864,0.0989010989010989,546,845,0.6085951208395735,en,target_fpr,,,0.26865671641791045,-0.019113067754751467,0.100,0.05,toxicity,encoder_minilm,EXP-002
ru,fixed_half,0.5,0.0,1,0.445141065830721,0.0,0.21550591327201052,0.15476190476190477,0.3021276595744681,0.8452380952380952,0.2781065088757396,0.8452380952380952,False,False,0.9147268631499906,0.09940828402366864,0.0989010989010989,546,845,0.6085951208395735,en,target_fpr,,,0.5641025641025642,0.11896149827184321,0.100,0.05,toxicity,encoder_minilm,EXP-002
ru,source_global,0.6085951208395735,0.0,1,0.5037037037037038,0.0,0.15505913272010513,0.19047619047619047,0.3655913978494624,0.8095238095238095,0.22011834319526627,0.8095238095238095,False,False,0.9147268631499906,0.09940828402366864,0.0989010989010989,546,845,0.6085951208395735,en,target_fpr,0.4254371817980584,0.5770491803278689,0.5641025641025642,0.06039886039886044,0.100,0.05,toxicity,encoder_minilm,EXP-002
ru,pooled_global,0.8844573699091384,0.0,1,0.5584415584415584,0.0,0.035479632063074903,0.4880952380952381,0.6142857142857143,0.5119047619047619,0.08284023668639054,0.5119047619047619,False,False,0.9147268631499906,0.09940828402366864,0.0989010989010989,546,845,0.6085951208395735,en,target_fpr,,,0.5641025641025642,0.005661005661005802,0.100,0.05,toxicity,encoder_minilm,EXP-002
ru,worstcase_global,0.9717538627302131,0.0,1,0.375,0.0,0.009198423127463863,0.75,0.75,0.25,0.033136094674556214,0.25,False,False,0.9147268631499906,0.09940828402366864,0.0989010989010989,546,845,0.6085951208395735,en,target_fpr,,,0.5641025641025642,0.1891025641025642,0.100,0.05,toxicity,encoder_minilm,EXP-002
ru,quantile_match,0.8180865421237916,0.0,1,0.6162162162162163,0.0,0.05781865965834428,0.32142857142857145,0.5643564356435643,0.6785714285714286,0.11952662721893491,0.6785714285714286,False,False,0.9147268631499906,0.09940828402366864,0.0989010989010989,546,845,0.6085951208395735,en,target_fpr,,,0.5641025641025642,-0.05211365211365204,0.100,0.05,toxicity,encoder_minilm,EXP-002
ru,sld_em,0.31553756809105743,0.0,1,0.3463203463203463,0.0,0.3915900131406045,0.047619047619047616,0.21164021164021163,0.9523809523809523,0.44733727810650886,0.9523809523809523,False,False,0.9147268631499906,0.09940828402366864,0.0989010989010989,546,845,0.6085951208395735,en,target_fpr,,,0.5641025641025642,0.2177822177822179,0.100,0.05,toxicity,encoder_minilm,EXP-002
ru,bbse,0.3377939665932146,0.0,1,0.35955056179775285,0.0,0.3692509855453351,0.047619047619047616,0.22160664819944598,0.9523809523809523,0.4272189349112426,0.9523809523809523,False,False,0.9147268631499906,0.09940828402366864,0.0989010989010989,546,845,0.6085951208395735,en,target_fpr,,,0.5641025641025642,0.20455200230481135,0.100,0.05,toxicity,encoder_minilm,EXP-002
ru,few_label_8_strat,0.7606403723952708,0.1475155904934918,25,0.5450484969538355,0.06693503170863752,0.08967148488830487,0.33904761904761904,0.5184313827488958,0.6609523809523811,0.14646153846153845,0.6609523809523811,False,False,0.9147268631499906,0.09940828402366864,0.0989010989010989,546,845,0.6085951208395735,en,target_fpr,,,0.5641025641025642,0.019054067148728704,0.100,0.05,toxicity,encoder_minilm,EXP-002
ru,few_label_8_rand,0.7065822358846258,0.15135958165946167,25,0.5096905621200414,0.057321426015891255,0.11363994743758213,0.30904761904761907,0.46415860813125037,0.690952380952381,0.17102958579881658,0.690952380952381,False,False,0.9147268631499906,0.09940828402366864,0.0989010989010989,546,845,0.6085951208395735,en,target_fpr,,,0.5641025641025642,0.05441200198252283,0.100,0.05,toxicity,encoder_minilm,EXP-002
ru,few_label_16_strat,0.7755714414907593,0.16369253319397367,25,0.5027300187994092,0.09281688413564888,0.08331143232588699,0.40285714285714286,0.535353274271396,0.5971428571428572,0.13439053254437872,0.5971428571428572,False,False,0.9147268631499906,0.09940828402366864,0.0989010989010989,546,845,0.6085951208395735,en,target_fpr,,,0.5641025641025642,0.06137254530315506,0.100,0.05,toxicity,encoder_minilm,EXP-002
ru,few_label_16_rand,0.8466564010806529,0.12262407651726213,25,0.5047904793789278,0.08250275116375591,0.0535611038107753,0.4814285714285715,0.596478819202898,0.5185714285714286,0.09978698224852069,0.5185714285714286,False,False,0.9147268631499906,0.09940828402366864,0.0989010989010989,546,845,0.6085951208395735,en,target_fpr,,,0.5641025641025642,0.05931208472363636,0.100,0.05,toxicity,encoder_minilm,EXP-002
ru,few_label_32_strat,0.8518170304305588,0.09667486017845985,25,0.5425180381458516,0.08977885906955253,0.048515111695137975,0.4504761904761904,0.6022459563759885,0.5495238095238095,0.09831952662721895,0.5495238095238095,False,False,0.9147268631499906,0.09940828402366864,0.0989010989010989,546,845,0.6085951208395735,en,target_fpr,,,0.5641025641025642,0.021584525956712564,0.100,0.05,toxicity,encoder_minilm,EXP-002
ru,few_label_32_rand,0.8604619194133893,0.08291939050402196,25,0.5429851220343793,0.05806861884248509,0.044467805519053875,0.47,0.6030411601962854,0.53,0.0927337278106509,0.53,False,False,0.9147268631499906,0.09940828402366864,0.0989010989010989,546,845,0.6085951208395735,en,target_fpr,,,0.5641025641025642,0.02111744206818489,0.100,0.05,toxicity,encoder_minilm,EXP-002
ru,few_label_64_strat,0.8455378033749826,0.09369188920978382,25,0.5534920995970477,0.06002190054901492,0.05056504599211564,0.43904761904761913,0.5888396559609085,0.5609523809523809,0.101301775147929,0.5609523809523809,False,False,0.9147268631499906,0.09940828402366864,0.0989010989010989,546,845,0.6085951208395735,en,target_fpr,,,0.5641025641025642,0.010610464505516504,0.100,0.05,toxicity,encoder_minilm,EXP-002
ru,few_label_64_rand,0.893221724650209,0.03588370564806673,25,0.5382925900388859,0.05523971662144047,0.03169513797634691,0.5190476190476191,0.6340055661011607,0.48095238095238096,0.07635502958579882,0.48095238095238096,False,False,0.9147268631499906,0.09940828402366864,0.0989010989010989,546,845,0.6085951208395735,en,target_fpr,,,0.5641025641025642,0.025809974063678354,0.100,0.05,toxicity,encoder_minilm,EXP-002
ru,few_label_128_strat,0.8825779100265703,0.04485997961843726,25,0.5483804665456519,0.03935985887176825,0.03563731931668857,0.4961904761904761,0.6204386408933295,0.5038095238095238,0.0821775147928994,0.5038095238095238,False,False,0.9147268631499906,0.09940828402366864,0.0989010989010989,546,845,0.6085951208395735,en,target_fpr,,,0.5641025641025642,0.01572209755691234,0.100,0.05,toxicity,encoder_minilm,EXP-002
ru,few_label_128_rand,0.8855215199544549,0.030890420467353942,25,0.5534133325789972,0.03309573657450026,0.03385019710906702,0.49666666666666665,0.6271081380088891,0.5033333333333333,0.0805207100591716,0.5033333333333333,False,False,0.9147268631499906,0.09940828402366864,0.0989010989010989,546,845,0.6085951208395735,en,target_fpr,,,0.5641025641025642,0.010689231523567044,0.100,0.05,toxicity,encoder_minilm,EXP-002
ru,few_label_256_strat,0.8641835452383098,0.025225965830288567,25,0.5824952548653389,0.025332394766239708,0.04063074901445466,0.43523809523809526,0.6091215141405524,0.5647619047619048,0.09273372781065088,0.5647619047619048,False,False,0.9147268631499906,0.09940828402366864,0.0989010989010989,546,845,0.6085951208395735,en,target_fpr,,,0.5641025641025642,-0.01839269076277472,0.100,0.05,toxicity,encoder_minilm,EXP-002
ru,few_label_256_rand,0.8818398034121381,0.016786393926806777,25,0.5630737379385485,0.020597550012253395,0.034638633377135346,0.4838095238095238,0.6237997734914006,0.5161904761904761,0.08250887573964498,0.5161904761904761,False,False,0.9147268631499906,0.09940828402366864,0.0989010989010989,546,845,0.6085951208395735,en,target_fpr,,,0.5641025641025642,0.0010288261640156726,0.100,0.05,toxicity,encoder_minilm,EXP-002
ru,target_full,0.8796536486931481,0.0,1,0.5641025641025642,0.0,0.03679369250985545,0.47619047619047616,0.6111111111111112,0.5238095238095238,0.08520710059171598,0.5238095238095238,False,False,0.9147268631499906,0.09940828402366864,0.0989010989010989,546,845,0.6085951208395735,en,target_fpr,0.46962316176470587,0.6501649911748907,0.5641025641025642,0.0,0.100,0.05,toxicity,encoder_minilm,EXP-002
ru,test_oracle_unachievable,0.8427012017012263,0.0,1,0.6136363636363638,0.0,0.04993429697766097,0.35714285714285715,0.5869565217391305,0.6428571428571429,0.10887573964497041,0.6428571428571429,False,False,0.9147268631499906,0.09940828402366864,0.0989010989010989,546,845,0.6085951208395735,en,target_fpr,,,0.5641025641025642,-0.04953379953379955,0.100,0.05,toxicity,encoder_minilm,EXP-002
tt,fixed_half,0.5,0.0,1,0.15570934256055363,0.0,0.5976095617529881,0.4578313253012048,0.09090909090909091,0.5421686746987951,0.5921052631578947,0.5421686746987951,False,False,0.4615433846941551,0.09928229665071771,0.09900990099009901,606,836,0.6085951208395735,en,target_fpr,,,0.08695652173913043,-0.0687528208214232,0.100,0.05,toxicity,encoder_minilm,EXP-002
tt,source_global,0.6085951208395735,0.0,1,0.15853658536585363,0.0,0.4913678618857902,0.5301204819277109,0.09535452322738386,0.46987951807228917,0.4892344497607656,0.46987951807228917,False,False,0.4615433846941551,0.09928229665071771,0.09900990099009901,606,836,0.6085951208395735,en,target_fpr,0.1128487807438906,0.2033132197855535,0.08695652173913043,-0.0715800636267232,0.100,0.05,toxicity,encoder_minilm,EXP-002
tt,pooled_global,0.8544553604108316,0.0,1,0.10408921933085502,0.0,0.22841965471447542,0.8313253012048193,0.07526881720430108,0.1686746987951807,0.22248803827751196,0.1686746987951807,False,False,0.4615433846941551,0.09928229665071771,0.09900990099009901,606,836,0.6085951208395735,en,target_fpr,,,0.08695652173913043,-0.01713269759172459,0.100,0.05,toxicity,encoder_minilm,EXP-002
tt,worstcase_global,0.9631601649646904,0.0,1,0.078125,0.0,0.05312084993359894,0.9397590361445783,0.1111111111111111,0.060240963855421686,0.05382775119617225,0.060240963855421686,False,False,0.4615433846941551,0.09928229665071771,0.09900990099009901,606,836,0.6085951208395735,en,target_fpr,,,0.08695652173913043,0.008831521739130432,0.100,0.05,toxicity,encoder_minilm,EXP-002
tt,quantile_match,0.9309779133465478,0.0,1,0.11235955056179775,0.0,0.11288180610889774,0.8795180722891566,0.10526315789473684,0.12048192771084337,0.11363636363636363,0.12048192771084337,False,False,0.4615433846941551,0.09928229665071771,0.09900990099009901,606,836,0.6085951208395735,en,target_fpr,,,0.08695652173913043,-0.025403028822667317,0.100,0.05,toxicity,encoder_minilm,EXP-002
tt,sld_em,0.0757624112659941,0.0,1,0.1787709497206704,0.0,0.9721115537848606,0.03614457831325301,0.09852216748768473,0.963855421686747,0.9712918660287081,0.963855421686747,True,False,0.4615433846941551,0.09928229665071771,0.09900990099009901,606,836,0.6085951208395735,en,target_fpr,,,0.08695652173913043,-0.09181442798153996,0.100,0.05,toxicity,encoder_minilm,EXP-002
tt,bbse,0.14429221083152013,0.0,1,0.16884661117717004,0.0,0.9123505976095617,0.14457831325301204,0.09366754617414248,0.8554216867469879,0.9066985645933014,0.8554216867469879,True,False,0.4615433846941551,0.09928229665071771,0.09900990099009901,606,836,0.6085951208395735,en,target_fpr,,,0.08695652173913043,-0.0818900894380396,0.100,0.05,toxicity,encoder_minilm,EXP-002
tt,few_label_8_strat,0.8261140093580589,0.14292017077618446,25,0.11681423861632338,0.033974145991508144,0.24159362549800797,0.7797590361445783,0.09099560874937045,0.2202409638554217,0.23947368421052634,0.2202409638554217,False,False,0.4615433846941551,0.09928229665071771,0.09900990099009901,606,836,0.6085951208395735,en,target_fpr,,,0.08695652173913043,-0.02985771687719295,0.100,0.05,toxicity,encoder_minilm,EXP-002
tt,few_label_8_rand,0.8214859903242643,0.16131092693626312,25,0.11687656842543699,0.038049497307094796,0.23649402390438243,0.7706024096385542,0.09960754654285683,0.2293975903614458,0.23578947368421055,0.2293975903614458,False,False,0.4615433846941551,0.09928229665071771,0.09900990099009901,606,836,0.6085951208395735,en,target_fpr,,,0.08695652173913043,-0.02992004668630656,0.100,0.05,toxicity,encoder_minilm,EXP-002
tt,few_label_16_strat,0.9457065581441556,0.0426500256446583,25,0.06922606432436008,0.04233868346985354,0.08318725099601593,0.9248192771084337,0.08146762129642088,0.07518072289156626,0.08239234449760766,0.07518072289156626,False,False,0.4615433846941551,0.09928229665071771,0.09900990099009901,606,836,0.6085951208395735,en,target_fpr,,,0.08695652173913043,0.017730457414770348,0.100,0.05,toxicity,encoder_minilm,EXP-002
tt,few_label_16_rand,0.8956973985378963,0.144672921707974,25,0.07669417155750709,0.05887169405948555,0.1348207171314741,0.8665060240963857,0.07594645011154752,0.13349397590361448,0.134688995215311,0.13349397590361448,False,False,0.4615433846941551,0.09928229665071771,0.09900990099009901,606,836,0.6085951208395735,en,target_fpr,,,0.08695652173913043,0.010262350181623345,0.100,0.05,toxicity,encoder_minilm,EXP-002
tt,few_label_32_strat,0.9706830403344469,0.01641349951479593,25,0.050068979616783436,0.04147418401156575,0.03729083665338645,0.9595180722891565,0.07934947859367684,0.04048192771084338,0.03760765550239234,0.04048192771084338,False,False,0.4615433846941551,0.09928229665071771,0.09900990099009901,606,836,0.6085951208395735,en,target_fpr,,,0.08695652173913043,0.036887542122346996,0.100,0.05,toxicity,encoder_minilm,EXP-002
tt,few_label_32_rand,0.966160469296868,0.023546287407438447,25,0.06639377937626006,0.03472611367386207,0.04685258964143426,0.9455421686746988,0.10458133884298888,0.05445783132530121,0.04760765550239235,0.05445783132530121,False,False,0.4615433846941551,0.09928229665071771,0.09900990099009901,606,836,0.6085951208395735,en,target_fpr,,,0.08695652173913043,0.020562742362870368,0.100,0.05,toxicity,encoder_minilm,EXP-002
tt,few_label_64_strat,0.9654919367669286,0.023110976048460127,25,0.05803448965902617,0.04039509512873651,0.048233731739707825,0.9498795180722891,0.08693902577621064,0.05012048192771083,0.048421052631578955,0.05012048192771083,False,False,0.4615433846941551,0.09928229665071771,0.09900990099009901,606,836,0.6085951208395735,en,target_fpr,,,0.08695652173913043,0.028922032080104264,0.100,0.05,toxicity,encoder_minilm,EXP-002
tt,few_label_64_rand,0.9725793234432775,0.012026602543915622,25,0.0594491511138584,0.036776795056712164,0.034687915006640105,0.9556626506024096,0.09998392401189703,0.04433734939759036,0.03564593301435407,0.04433734939759036,False,False,0.4615433846941551,0.09928229665071771,0.09900990099009901,606,836,0.6085951208395735,en,target_fpr,,,0.08695652173913043,0.027507370625272032,0.100,0.05,toxicity,encoder_minilm,EXP-002
tt,few_label_128_strat,0.9659524306834306,0.017489758638510974,25,0.0710750319845334,0.0284868105295424,0.04664010624169986,0.9431325301204819,0.12499725471383658,0.05686746987951808,0.0476555023923445,0.05686746987951808,False,False,0.4615433846941551,0.09928229665071771,0.09900990099009901,606,836,0.6085951208395735,en,target_fpr,,,0.08695652173913043,0.015881489754597036,0.100,0.05,toxicity,encoder_minilm,EXP-002
tt,few_label_128_rand,0.9754214776093117,0.0069035162824026075,25,0.0537474299162184,0.03328617386587264,0.028313413014608234,0.9628915662650602,0.10535876397518167,0.03710843373493976,0.029186602870813396,0.03710843373493976,False,False,0.4615433846941551,0.09928229665071771,0.09900990099009901,606,836,0.6085951208395735,en,target_fpr,,,0.08695652173913043,0.03320909182291203,0.100,0.05,toxicity,encoder_minilm,EXP-002
tt,few_label_256_strat,0.9717878277217207,0.00688601123061894,25,0.07092960399636752,0.016426969262604386,0.03548472775564408,0.9503614457831325,0.1362777304432477,0.04963855421686748,0.036889952153110056,0.04963855421686748,False,False,0.4615433846941551,0.09928229665071771,0.09900990099009901,606,836,0.6085951208395735,en,target_fpr,,,0.08695652173913043,0.01602691774276291,0.100,0.05,toxicity,encoder_minilm,EXP-002
tt,few_label_256_rand,0.9746803540765423,0.002586353332988284,25,0.06493533432825294,0.012287127676358383,0.02958831341301461,0.9571084337349398,0.13681465880674806,0.04289156626506025,0.030909090909090907,0.04289156626506025,False,False,0.4615433846941551,0.09928229665071771,0.09900990099009901,606,836,0.6085951208395735,en,target_fpr,,,0.08695652173913043,0.022021187410877496,0.100,0.05,toxicity,encoder_minilm,EXP-002
tt,target_full,0.9717538627302131,0.0,1,0.08695652173913043,0.0,0.035856573705179286,0.9397590361445783,0.15625,0.060240963855421686,0.03827751196172249,0.060240963855421686,False,False,0.4615433846941551,0.09928229665071771,0.09900990099009901,606,836,0.6085951208395735,en,target_fpr,0.01793355855855856,0.16983193277310918,0.08695652173913043,0.0,0.100,0.05,toxicity,encoder_minilm,EXP-002
tt,test_oracle_unachievable,0.9688247547546238,0.0,1,0.08403361344537814,0.0,0.041168658698539175,0.9397590361445783,0.1388888888888889,0.060240963855421686,0.0430622009569378,0.060240963855421686,False,False,0.4615433846941551,0.09928229665071771,0.09900990099009901,606,836,0.6085951208395735,en,target_fpr,,,0.08695652173913043,0.0029229082937522882,0.100,0.05,toxicity,encoder_minilm,EXP-002
uk,fixed_half,0.5,0.0,1,0.35195530726256985,0.0,0.2776315789473684,0.25,0.22992700729927007,0.75,0.3246445497630332,0.75,False,False,0.7992481203007519,0.0995260663507109,0.099644128113879,562,844,0.6085951208395735,en,target_fpr,,,0.40268456375838935,0.0507292564958195,0.100,0.05,toxicity,encoder_minilm,EXP-002
uk,source_global,0.6085951208395735,0.0,1,0.3581081081081081,0.0,0.20921052631578949,0.36904761904761907,0.25,0.6309523809523809,0.25118483412322273,0.6309523809523809,False,False,0.7992481203007519,0.0995260663507109,0.099644128113879,562,844,0.6085951208395735,en,target_fpr,0.28783462020177,0.4198827160493827,0.40268456375838935,0.04457645565028123,0.100,0.05,toxicity,encoder_minilm,EXP-002
uk,pooled_global,0.8844725953947538,0.0,1,0.3973509933774834,0.0,0.04868421052631579,0.6428571428571429,0.44776119402985076,0.35714285714285715,0.07938388625592417,0.35714285714285715,False,False,0.7992481203007519,0.0995260663507109,0.099644128113879,562,844,0.6085951208395735,en,target_fpr,,,0.40268456375838935,0.005333570380905928,0.100,0.05,toxicity,encoder_minilm,EXP-002
uk,worstcase_global,0.9717538627302131,0.0,1,0.27999999999999997,0.0,0.002631578947368421,0.8333333333333334,0.875,0.16666666666666666,0.018957345971563982,0.16666666666666666,False,False,0.7992481203007519,0.0995260663507109,0.099644128113879,562,844,0.6085951208395735,en,target_fpr,,,0.40268456375838935,0.12268456375838938,0.100,0.05,toxicity,encoder_minilm,EXP-002
uk,quantile_match,0.7657421761998285,0.0,1,0.411214953271028,0.0,0.11315789473684211,0.47619047619047616,0.3384615384615385,0.5238095238095238,0.15402843601895735,0.5238095238095238,False,False,0.7992481203007519,0.0995260663507109,0.099644128113879,562,844,0.6085951208395735,en,target_fpr,,,0.40268456375838935,-0.00853038951263868,0.100,0.05,toxicity,encoder_minilm,EXP-002
uk,sld_em,0.4447145771203771,0.0,1,0.3383838383838384,0.0,0.3223684210526316,0.20238095238095238,0.21474358974358973,0.7976190476190477,0.3696682464454976,0.7976190476190477,False,False,0.7992481203007519,0.0995260663507109,0.099644128113879,562,844,0.6085951208395735,en,target_fpr,,,0.40268456375838935,0.06430072537455095,0.100,0.05,toxicity,encoder_minilm,EXP-002
uk,bbse,0.4002621260742442,0.0,1,0.3238095238095238,0.0,0.3526315789473684,0.19047619047619047,0.20238095238095238,0.8095238095238095,0.3981042654028436,0.8095238095238095,False,False,0.7992481203007519,0.0995260663507109,0.099644128113879,562,844,0.6085951208395735,en,target_fpr,,,0.40268456375838935,0.07887503994886552,0.100,0.05,toxicity,encoder_minilm,EXP-002
uk,few_label_8_strat,0.7002511016781936,0.22640215681507175,25,0.3392103293464915,0.086746269860716,0.16536842105263158,0.48523809523809525,0.4083964135420119,0.5147619047619048,0.20014218009478676,0.5147619047619048,False,False,0.7992481203007519,0.0995260663507109,0.099644128113879,562,844,0.6085951208395735,en,target_fpr,,,0.40268456375838935,0.06347423441189787,0.100,0.05,toxicity,encoder_minilm,EXP-002
uk,few_label_8_rand,0.6899733522352424,0.1348934719716735,25,0.363724810768516,0.04858315353098736,0.16152631578947368,0.451904761904762,0.3202340279430368,0.5480952380952381,0.19999999999999996,0.5480952380952381,False,False,0.7992481203007519,0.0995260663507109,0.099644128113879,562,844,0.6085951208395735,en,target_fpr,,,0.40268456375838935,0.038959752989873364,0.100,0.05,toxicity,encoder_minilm,EXP-002
uk,few_label_16_strat,0.7931798797584052,0.1114424122024307,25,0.3832597948921772,0.030491318643154137,0.09799999999999999,0.5476190476190476,0.42298729962982135,0.45238095238095233,0.13327014218009478,0.45238095238095233,False,False,0.7992481203007519,0.0995260663507109,0.099644128113879,562,844,0.6085951208395735,en,target_fpr,,,0.40268456375838935,0.01942476886621214,0.100,0.05,toxicity,encoder_minilm,EXP-002
uk,few_label_16_rand,0.8419191058521284,0.13083720869070073,25,0.34393151316557374,0.10750438524160602,0.07336842105263158,0.6319047619047619,0.5126923257882151,0.36809523809523803,0.10270142180094785,0.36809523809523803,False,False,0.7992481203007519,0.0995260663507109,0.099644128113879,562,844,0.6085951208395735,en,target_fpr,,,0.40268456375838935,0.0587530505928156,0.100,0.05,toxicity,encoder_minilm,EXP-002
uk,few_label_32_strat,0.8890519058647157,0.07315713654673993,25,0.3574511379779504,0.08950017770287344,0.0471578947368421,0.6709523809523809,0.5512068473833897,0.32904761904761903,0.0752132701421801,0.32904761904761903,False,False,0.7992481203007519,0.0995260663507109,0.099644128113879,562,844,0.6085951208395735,en,target_fpr,,,0.40268456375838935,0.04523342578043893,0.100,0.05,toxicity,encoder_minilm,EXP-002
uk,few_label_32_rand,0.8899444314705343,0.11879100748037345,25,0.3235059334435546,0.09172723526634304,0.04826315789473684,0.702857142857143,0.6058741160160865,0.2971428571428571,0.07303317535545023,0.2971428571428571,False,False,0.7992481203007519,0.0995260663507109,0.099644128113879,562,844,0.6085951208395735,en,target_fpr,,,0.40268456375838935,0.07917863031483474,0.100,0.05,toxicity,encoder_minilm,EXP-002
uk,few_label_64_strat,0.8821707424857624,0.06463827503417292,25,0.37827712624968934,0.06080649568103798,0.05,0.6504761904761905,0.5146258533826746,0.3495238095238095,0.07981042654028436,0.3495238095238095,False,False,0.7992481203007519,0.0995260663507109,0.099644128113879,562,844,0.6085951208395735,en,target_fpr,,,0.40268456375838935,0.024407437508700003,0.100,0.05,toxicity,encoder_minilm,EXP-002
uk,few_label_64_rand,0.9130910338230429,0.0501312949440593,25,0.3647320019199164,0.07322769940758478,0.03263157894736843,0.7009523809523809,0.5912477204781654,0.29904761904761906,0.059146919431279615,0.29904761904761906,False,False,0.7992481203007519,0.0995260663507109,0.099644128113879,562,844,0.6085951208395735,en,target_fpr,,,0.40268456375838935,0.037952561838472954,0.100,0.05,toxicity,encoder_minilm,EXP-002
uk,few_label_128_strat,0.8687850243350523,0.05994229497773865,25,0.39499712389352787,0.027208429697109394,0.05636842105263158,0.6247619047619047,0.4770073589252508,0.37523809523809526,0.08810426540284359,0.37523809523809526,False,False,0.7992481203007519,0.0995260663507109,0.099644128113879,562,844,0.6085951208395735,en,target_fpr,,,0.40268456375838935,0.007687439864861478,0.100,0.05,toxicity,encoder_minilm,EXP-002
uk,few_label_128_rand,0.8973729642347205,0.04337554769531658,25,0.3984862160007957,0.011754977715846797,0.04052631578947368,0.659047619047619,0.5183925190613599,0.34095238095238095,0.07042654028436018,0.34095238095238095,False,False,0.7992481203007519,0.0995260663507109,0.099644128113879,562,844,0.6085951208395735,en,target_fpr,,,0.40268456375838935,0.004198347757593646,0.100,0.05,toxicity,encoder_minilm,EXP-002
uk,few_label_256_strat,0.8834917751374953,0.025823164666916257,25,0.401230830364794,0.0053055639428364965,0.04836842105263158,0.639047619047619,0.4592703003051311,0.36095238095238097,0.07947867298578198,0.36095238095238097,False,False,0.7992481203007519,0.0995260663507109,0.099644128113879,562,844,0.6085951208395735,en,target_fpr,,,0.40268456375838935,0.0014537333935953356,0.100,0.05,toxicity,encoder_minilm,EXP-002
uk,few_label_256_rand,0.9005087089338972,0.022316006552058263,25,0.3984412939114224,0.006635450259077062,0.03947368421052632,0.6623809523809524,0.49568309181563003,0.3376190476190476,0.06914691943127962,0.3376190476190476,False,False,0.7992481203007519,0.0995260663507109,0.099644128113879,562,844,0.6085951208395735,en,target_fpr,,,0.40268456375838935,0.004243269846966935,0.100,0.05,toxicity,encoder_minilm,EXP-002
uk,target_full,0.8880004289494137,0.0,1,0.40268456375838935,0.0,0.046052631578947366,0.6428571428571429,0.46153846153846156,0.35714285714285715,0.07701421800947868,0.35714285714285715,False,False,0.7992481203007519,0.0995260663507109,0.099644128113879,562,844,0.6085951208395735,en,target_fpr,0.30061179402934346,0.5031446540880503,0.40268456375838935,0.0,0.100,0.05,toxicity,encoder_minilm,EXP-002
uk,test_oracle_unachievable,0.8781536709156117,0.0,1,0.40522875816993464,0.0,0.05,0.6309523809523809,0.4492753623188406,0.36904761904761907,0.08175355450236967,0.36904761904761907,False,False,0.7992481203007519,0.0995260663507109,0.099644128113879,562,844,0.6085951208395735,en,target_fpr,,,0.40268456375838935,-0.0025441944115452975,0.100,0.05,toxicity,encoder_minilm,EXP-002
zh,fixed_half,0.5,0.0,1,0.21465968586387435,0.0,0.3421750663129973,0.5060240963855421,0.13712374581939799,0.4939759036144578,0.35722819593787336,0.4939759036144578,False,False,0.6059569844364194,0.0991636798088411,0.09982174688057041,561,837,0.6085951208395735,en,target_fpr,,,0.09523809523809525,-0.1194215906257791,0.100,0.05,toxicity,encoder_minilm,EXP-002
zh,source_global,0.6085951208395735,0.0,1,0.20394736842105265,0.0,0.2519893899204244,0.6265060240963856,0.14027149321266968,0.37349397590361444,0.2640382317801673,0.37349397590361444,False,False,0.6059569844364194,0.0991636798088411,0.09982174688057041,561,837,0.6085951208395735,en,target_fpr,0.14535778985507244,0.265148202919051,0.09523809523809525,-0.10870927318295741,0.100,0.05,toxicity,encoder_minilm,EXP-002
zh,pooled_global,0.8825280859961349,0.0,1,0.14666666666666667,0.0,0.07427055702917772,0.8674698795180723,0.16417910447761194,0.13253012048192772,0.08004778972520908,0.13253012048192772,False,False,0.6059569844364194,0.0991636798088411,0.09982174688057041,561,837,0.6085951208395735,en,target_fpr,,,0.09523809523809525,-0.05142857142857142,0.100,0.05,toxicity,encoder_minilm,EXP-002
zh,worstcase_global,0.9717538627302131,0.0,1,0.02247191011235955,0.0,0.006631299734748011,0.9879518072289156,0.16666666666666666,0.012048192771084338,0.007168458781362007,0.012048192771084338,True,False,0.6059569844364194,0.0991636798088411,0.09982174688057041,561,837,0.6085951208395735,en,target_fpr,,,0.09523809523809525,0.0727661851257357,0.100,0.05,toxicity,encoder_minilm,EXP-002
zh,quantile_match,0.8270217873372919,0.0,1,0.14364640883977903,0.0,0.11273209549071618,0.8433734939759037,0.1326530612244898,0.1566265060240964,0.11708482676224612,0.1566265060240964,False,False,0.6059569844364194,0.0991636798088411,0.09982174688057041,561,837,0.6085951208395735,en,target_fpr,,,0.09523809523809525,-0.04840831360168378,0.100,0.05,toxicity,encoder_minilm,EXP-002
zh,sld_em,0.27011937513852186,0.0,1,0.20640569395017794,0.0,0.5583554376657824,0.30120481927710846,0.12108559498956159,0.6987951807228916,0.5722819593787336,0.6987951807228916,False,False,0.6059569844364194,0.0991636798088411,0.09982174688057041,561,837,0.6085951208395735,en,target_fpr,,,0.09523809523809525,-0.11116759871208269,0.100,0.05,toxicity,encoder_minilm,EXP-002
zh,bbse,0.30415308787332346,0.0,1,0.20599250936329588,0.0,0.5251989389920424,0.3373493975903614,0.12195121951219512,0.6626506024096386,0.5388291517323776,0.6626506024096386,False,False,0.6059569844364194,0.0991636798088411,0.09982174688057041,561,837,0.6085951208395735,en,target_fpr,,,0.09523809523809525,-0.11075441412520064,0.100,0.05,toxicity,encoder_minilm,EXP-002
zh,few_label_8_strat,0.83945617968765,0.1509670768578774,25,0.11880900213172675,0.06449490362280433,0.10270557029177718,0.8457831325301204,0.13727085813382287,0.1542168674698795,0.10781362007168457,0.1542168674698795,False,False,0.6059569844364194,0.0991636798088411,0.09982174688057041,561,837,0.6085951208395735,en,target_fpr,,,0.09523809523809525,-0.023570906893631505,0.100,0.05,toxicity,encoder_minilm,EXP-002
zh,few_label_8_rand,0.7691967421644267,0.15632134224025077,25,0.1430309415319124,0.0672783925096574,0.14785145888594164,0.7826506024096385,0.1289392293026905,0.21734939759036145,0.1547431302270012,0.21734939759036145,False,False,0.6059569844364194,0.0991636798088411,0.09982174688057041,561,837,0.6085951208395735,en,target_fpr,,,0.09523809523809525,-0.04779284629381715,0.100,0.05,toxicity,encoder_minilm,EXP-002
zh,few_label_16_strat,0.8813904758770954,0.09296166110571802,25,0.10038865788933968,0.06274700881676304,0.07305039787798409,0.8920481927710843,0.1285083790631496,0.10795180722891567,0.07651135005973715,0.10795180722891567,False,False,0.6059569844364194,0.0991636798088411,0.09982174688057041,561,837,0.6085951208395735,en,target_fpr,,,0.09523809523809525,-0.005150562651244431,0.100,0.05,toxicity,encoder_minilm,EXP-002
zh,few_label_16_rand,0.8253659122456711,0.138592693452761,25,0.12255082561818681,0.07080375161062664,0.11039787798408486,0.8356626506024096,0.12343707248511908,0.16433734939759034,0.1157467144563919,0.16433734939759034,False,False,0.6059569844364194,0.0991636798088411,0.09982174688057041,561,837,0.6085951208395735,en,target_fpr,,,0.09523809523809525,-0.027312730380091563,0.100,0.05,toxicity,encoder_minilm,EXP-002
zh,few_label_32_strat,0.9418423424172796,0.047092826331735206,25,0.0534065518779971,0.05518701960278145,0.032413793103448274,0.9546987951807229,0.0892211358588451,0.04530120481927711,0.03369175627240143,0.04530120481927711,False,False,0.6059569844364194,0.0991636798088411,0.09982174688057041,561,837,0.6085951208395735,en,target_fpr,,,0.09523809523809525,0.041831543360098145,0.100,0.05,toxicity,encoder_minilm,EXP-002
zh,few_label_32_rand,0.9343084528968588,0.0478752169393182,25,0.06197736556043074,0.054755280062200505,0.037453580901856756,0.9474698795180723,0.09957368840678217,0.052530120481927706,0.03894862604540023,0.052530120481927706,False,False,0.6059569844364194,0.0991636798088411,0.09982174688057041,561,837,0.6085951208395735,en,target_fpr,,,0.09523809523809525,0.033260729677664504,0.100,0.05,toxicity,encoder_minilm,EXP-002
zh,few_label_64_strat,0.9199446394650049,0.04800943157906895,25,0.08521631245665118,0.05788004064386207,0.04694960212201591,0.9257831325301206,0.12858945031767716,0.07421686746987953,0.049653524492234175,0.07421686746987953,False,False,0.6059569844364194,0.0991636798088411,0.09982174688057041,561,837,0.6085951208395735,en,target_fpr,,,0.09523809523809525,0.010021782781444069,0.100,0.05,toxicity,encoder_minilm,EXP-002
zh,few_label_64_rand,0.9464033963252266,0.02747401812068076,25,0.05351144085310138,0.044019162469835796,0.02875331564986737,0.9604819277108434,0.11102336678250375,0.03951807228915663,0.02982078853046595,0.03951807228915663,False,False,0.6059569844364194,0.0991636798088411,0.09982174688057041,561,837,0.6085951208395735,en,target_fpr,,,0.09523809523809525,0.041726654384993865,0.100,0.05,toxicity,encoder_minilm,EXP-002
zh,few_label_128_strat,0.917917114788677,0.028550042885935874,25,0.0984461673691474,0.04106279269066661,0.049389920424403176,0.9204819277108435,0.1458889174444579,0.07951807228915662,0.052377538829151735,0.07951807228915662,False,False,0.6059569844364194,0.0991636798088411,0.09982174688057041,561,837,0.6085951208395735,en,target_fpr,,,0.09523809523809525,-0.0032080721310521476,0.100,0.05,toxicity,encoder_minilm,EXP-002
zh,few_label_128_rand,0.931508314309542,0.029668009374701595,25,0.0799727813118221,0.050096077031420834,0.039522546419098144,0.9373493975903614,0.12738955753639883,0.06265060240963856,0.041816009557945046,0.06265060240963856,False,False,0.6059569844364194,0.0991636798088411,0.09982174688057041,561,837,0.6085951208395735,en,target_fpr,,,0.09523809523809525,0.015265313926273144,0.100,0.05,toxicity,encoder_minilm,EXP-002
zh,few_label_256_strat,0.9160282424348937,0.021160413087533678,25,0.10200604208550346,0.03245603129229435,0.05071618037135278,0.9190361445783133,0.14379797687099918,0.08096385542168674,0.05371565113500597,0.08096385542168674,False,False,0.6059569844364194,0.0991636798088411,0.09982174688057041,561,837,0.6085951208395735,en,target_fpr,,,0.09523809523809525,-0.00676794684740821,0.100,0.05,toxicity,encoder_minilm,EXP-002
zh,few_label_256_rand,0.9239626240259817,0.022893555693242622,25,0.09309845386811802,0.03905621445464677,0.04482758620689655,0.927710843373494,0.14384925564607692,0.07228915662650603,0.04755077658303465,0.07228915662650603,False,False,0.6059569844364194,0.0991636798088411,0.09982174688057041,561,837,0.6085951208395735,en,target_fpr,,,0.09523809523809525,0.002139641369977227,0.100,0.05,toxicity,encoder_minilm,EXP-002
zh,target_full,0.9215047353042947,0.0,1,0.09523809523809525,0.0,0.04907161803713528,0.927710843373494,0.13953488372093023,0.07228915662650602,0.05137395459976105,0.07228915662650602,False,False,0.6059569844364194,0.0991636798088411,0.09982174688057041,561,837,0.6085951208395735,en,target_fpr,0.03112281976744186,0.16545905707196013,0.09523809523809525,0.0,0.100,0.05,toxicity,encoder_minilm,EXP-002
zh,test_oracle_unachievable,0.9237591720930679,0.0,1,0.0975609756097561,0.0,0.04509283819628647,0.927710843373494,0.15,0.07228915662650602,0.04778972520908005,0.07228915662650602,False,False,0.6059569844364194,0.0991636798088411,0.09982174688057041,561,837,0.6085951208395735,en,target_fpr,,,0.09523809523809525,-0.0023228803716608543,0.100,0.05,toxicity,encoder_minilm,EXP-002
am,fixed_half,0.5,0.0,1,0.08695652173913045,0.0,0.1441326530612245,0.8292682926829268,0.058333333333333334,0.17073170731707318,0.14545454545454545,0.17073170731707318,False,False,0.5481271777003485,0.0496969696969697,0.048638132295719845,514,825,0.6081191447126317,en,target_fpr,,,0.06896551724137931,-0.017991004497751137,0.050,0.05,toxicity,encoder_minilm,EXP-002
am,source_global,0.6081191447126317,0.0,1,0.08264462809917356,0.0,0.09566326530612244,0.8780487804878049,0.0625,0.12195121951219512,0.09696969696969697,0.12195121951219512,False,False,0.5481271777003485,0.0496969696969697,0.048638132295719845,514,825,0.6081191447126317,en,target_fpr,0.017543859649122806,0.14846954392408937,0.06896551724137931,-0.013679110857794247,0.050,0.05,toxicity,encoder_minilm,EXP-002
am,pooled_global,0.8874483274240463,0.0,1,0.03703703703703704,0.0,0.015306122448979591,0.975609756097561,0.07692307692307693,0.024390243902439025,0.01575757575757576,0.024390243902439025,False,False,0.5481271777003485,0.0496969696969697,0.048638132295719845,514,825,0.6081191447126317,en,target_fpr,,,0.06896551724137931,0.03192848020434227,0.050,0.05,toxicity,encoder_minilm,EXP-002
am,worstcase_global,0.9763403359488547,0.0,1,0.0,0.0,0.002551020408163265,1.0,0.0,0.0,0.0024242424242424242,0.0,True,False,0.5481271777003485,0.0496969696969697,0.048638132295719845,514,825,0.6081191447126317,en,target_fpr,,,0.06896551724137931,0.06896551724137931,0.050,0.05,toxicity,encoder_minilm,EXP-002
am,quantile_match,0.6630832496993307,0.0,1,0.09090909090909093,0.0,0.08163265306122448,0.8780487804878049,0.07246376811594203,0.12195121951219512,0.08363636363636363,0.12195121951219512,False,False,0.5481271777003485,0.0496969696969697,0.048638132295719845,514,825,0.6081191447126317,en,target_fpr,,,0.06896551724137931,-0.021943573667711616,0.050,0.05,toxicity,encoder_minilm,EXP-002
am,sld_em,0.9990287191567265,0.0,1,0.0,0.0,0.0,1.0,0.0,0.0,0.0,0.0,True,False,0.5481271777003485,0.0496969696969697,0.048638132295719845,514,825,0.6081191447126317,en,target_fpr,,,0.06896551724137931,0.06896551724137931,0.050,0.05,toxicity,encoder_minilm,EXP-002
am,bbse,0.5123424054865541,0.0,1,0.089171974522293,0.0,0.13903061224489796,0.8292682926829268,0.0603448275862069,0.17073170731707318,0.1406060606060606,0.17073170731707318,False,False,0.5481271777003485,0.0496969696969697,0.048638132295719845,514,825,0.6081191447126317,en,target_fpr,,,0.06896551724137931,-0.020206457280913692,0.050,0.05,toxicity,encoder_minilm,EXP-002
am,few_label_8_strat,0.6533636317526168,0.1992772234549828,25,0.0631252953399704,0.03430428507601545,0.09816326530612246,0.8858536585365853,0.04878184957419509,0.11414634146341465,0.09895757575757576,0.11414634146341465,False,False,0.5481271777003485,0.0496969696969697,0.048638132295719845,514,825,0.6081191447126317,en,target_fpr,,,0.06896551724137931,0.005840221901408912,0.050,0.05,toxicity,encoder_minilm,EXP-002
am,few_label_8_rand,0.639014079679483,0.09995009084811908,25,0.07725098560215266,0.018513779469390947,0.08903061224489797,0.8868292682926829,0.06076829902542046,0.11317073170731706,0.09023030303030302,0.11317073170731706,False,False,0.5481271777003485,0.0496969696969697,0.048638132295719845,514,825,0.6081191447126317,en,target_fpr,,,0.06896551724137931,-0.008285468360773346,0.050,0.05,toxicity,encoder_minilm,EXP-002
am,few_label_16_strat,0.6922365956030102,0.16359018800087413,25,0.06801080000572844,0.022194868763259802,0.08137755102040817,0.8985365853658536,0.06425912834068324,0.10146341463414635,0.08237575757575759,0.10146341463414635,False,False,0.5481271777003485,0.0496969696969697,0.048638132295719845,514,825,0.6081191447126317,en,target_fpr,,,0.06896551724137931,0.0009547172356508676,0.050,0.05,toxicity,encoder_minilm,EXP-002
am,few_label_16_rand,0.7028049170295602,0.15477852931079666,25,0.05963699066701714,0.035128999842269325,0.07158163265306122,0.9121951219512195,0.04735596651103116,0.0878048780487805,0.07238787878787878,0.0878048780487805,False,False,0.5481271777003485,0.0496969696969697,0.048638132295719845,514,825,0.6081191447126317,en,target_fpr,,,0.06896551724137931,0.009328526574362173,0.050,0.05,toxicity,encoder_minilm,EXP-002
am,few_label_32_strat,0.8241775087663519,0.12656225261579007,25,0.038864298026675514,0.03777631235630764,0.03734693877551021,0.953170731707317,0.03873397886086377,0.046829268292682934,0.03781818181818182,0.046829268292682934,False,False,0.5481271777003485,0.0496969696969697,0.048638132295719845,514,825,0.6081191447126317,en,target_fpr,,,0.06896551724137931,0.030101219214703795,0.050,0.05,toxicity,encoder_minilm,EXP-002
am,few_label_32_rand,0.7660209327735654,0.10998461939199247,25,0.06124020078080274,0.021884811905799884,0.050357142857142864,0.9317073170731708,0.06803684451989395,0.06829268292682927,0.05124848484848484,0.06829268292682927,False,False,0.5481271777003485,0.0496969696969697,0.048638132295719845,514,825,0.6081191447126317,en,target_fpr,,,0.06896551724137931,0.007725316460576573,0.050,0.05,toxicity,encoder_minilm,EXP-002
am,few_label_64_strat,0.8726165639781709,0.09945275416691084,25,0.030112321444916344,0.028714317123692053,0.022244897959183673,0.9717073170731707,0.0486939907357864,0.028292682926829266,0.022545454545454546,0.028292682926829266,False,False,0.5481271777003485,0.0496969696969697,0.048638132295719845,514,825,0.6081191447126317,en,target_fpr,,,0.06896551724137931,0.038853195796462965,0.050,0.05,toxicity,encoder_minilm,EXP-002
am,few_label_64_rand,0.8304604100741632,0.07489484617464486,25,0.044911353282686674,0.025793979309600975,0.0311734693877551,0.9590243902439025,0.05754965787361374,0.04097560975609756,0.03166060606060606,0.04097560975609756,False,False,0.5481271777003485,0.0496969696969697,0.048638132295719845,514,825,0.6081191447126317,en,target_fpr,,,0.06896551724137931,0.024054163958692636,0.050,0.05,toxicity,encoder_minilm,EXP-002
am,few_label_128_strat,0.834153089449991,0.0706598302194553,25,0.051310528251904325,0.023574309254135926,0.029846938775510208,0.9551219512195123,0.0718070857064665,0.04487804878048781,0.030593939393939392,0.04487804878048781,False,False,0.5481271777003485,0.0496969696969697,0.048638132295719845,514,825,0.6081191447126317,en,target_fpr,,,0.06896551724137931,0.017654988989474985,0.050,0.05,toxicity,encoder_minilm,EXP-002
am,few_label_128_rand,0.8424888811230484,0.032669159007759505,25,0.0551516109749259,0.012269412170106353,0.02576530612244898,0.9570731707317074,0.08292179392405673,0.042926829268292686,0.026618181818181815,0.042926829268292686,False,False,0.5481271777003485,0.0496969696969697,0.048638132295719845,514,825,0.6081191447126317,en,target_fpr,,,0.06896551724137931,0.013813906266453409,0.050,0.05,toxicity,encoder_minilm,EXP-002
am,few_label_256_strat,0.8523244682064793,0.019176651604804657,25,0.05434588810658703,0.014090436266401156,0.021836734693877546,0.96,0.08820833038497167,0.04,0.022739393939393938,0.04,False,False,0.5481271777003485,0.0496969696969697,0.048638132295719845,514,825,0.6081191447126317,en,target_fpr,,,0.06896551724137931,0.014619629134792277,0.050,0.05,toxicity,encoder_minilm,EXP-002
am,few_label_256_rand,0.8485018618528619,0.030711165467542555,25,0.055766104000815477,0.01545444382507674,0.022602040816326524,0.958048780487805,0.08965268991140574,0.041951219512195125,0.023563636363636363,0.041951219512195125,False,False,0.5481271777003485,0.0496969696969697,0.048638132295719845,514,825,0.6081191447126317,en,target_fpr,,,0.06896551724137931,0.013199413240563833,0.050,0.05,toxicity,encoder_minilm,EXP-002
am,target_full,0.8525617845506758,0.0,1,0.06896551724137931,0.0,0.01913265306122449,0.9512195121951219,0.11764705882352941,0.04878048780487805,0.020606060606060607,0.04878048780487805,False,False,0.5481271777003485,0.0496969696969697,0.048638132295719845,514,825,0.6081191447126317,en,target_fpr,0.0,0.1626784769962982,0.06896551724137931,0.0,0.050,0.05,toxicity,encoder_minilm,EXP-002
am,test_oracle_unachievable,0.8171607985023276,0.0,1,0.05714285714285715,0.0,0.03443877551020408,0.9512195121951219,0.06896551724137931,0.04878048780487805,0.03515151515151515,0.04878048780487805,False,False,0.5481271777003485,0.0496969696969697,0.048638132295719845,514,825,0.6081191447126317,en,target_fpr,,,0.06896551724137931,0.011822660098522161,0.050,0.05,toxicity,encoder_minilm,EXP-002
ar,fixed_half,0.5,0.0,1,0.12871287128712872,0.0,0.20053475935828877,0.6666666666666666,0.07975460122699386,0.3333333333333333,0.2071156289707751,0.3333333333333333,False,False,0.6442821883998354,0.04955527318932656,0.0497131931166348,523,787,0.6081191447126317,en,target_fpr,,,0.03333333333333333,-0.09537953795379539,0.050,0.05,toxicity,encoder_minilm,EXP-002
ar,source_global,0.6081191447126317,0.0,1,0.11180124223602483,0.0,0.15106951871657753,0.7692307692307693,0.07377049180327869,0.23076923076923078,0.15501905972045743,0.23076923076923078,False,False,0.6442821883998354,0.04955527318932656,0.0497131931166348,523,787,0.6081191447126317,en,target_fpr,0.047471118624964774,0.18575388880332663,0.03333333333333333,-0.07846790890269151,0.050,0.05,toxicity,encoder_minilm,EXP-002
ar,pooled_global,0.8851667404386032,0.0,1,0.08450704225352113,0.0,0.03877005347593583,0.9230769230769231,0.09375,0.07692307692307693,0.04066073697585769,0.07692307692307693,False,False,0.6442821883998354,0.04955527318932656,0.0497131931166348,523,787,0.6081191447126317,en,target_fpr,,,0.03333333333333333,-0.05117370892018779,0.050,0.05,toxicity,encoder_minilm,EXP-002
ar,worstcase_global,0.9763403359488547,0.0,1,0.041666666666666664,0.0,0.0106951871657754,0.9743589743589743,0.1111111111111111,0.02564102564102564,0.011435832274459974,0.02564102564102564,False,False,0.6442821883998354,0.04955527318932656,0.0497131931166348,523,787,0.6081191447126317,en,target_fpr,,,0.03333333333333333,-0.008333333333333331,0.050,0.05,toxicity,encoder_minilm,EXP-002
ar,quantile_match,0.7758839645747835,0.0,1,0.10810810810810811,0.0,0.08823529411764706,0.8461538461538461,0.08333333333333333,0.15384615384615385,0.09148665819567979,0.15384615384615385,False,False,0.6442821883998354,0.04955527318932656,0.0497131931166348,523,787,0.6081191447126317,en,target_fpr,,,0.03333333333333333,-0.07477477477477479,0.050,0.05,toxicity,encoder_minilm,EXP-002
ar,sld_em,0.5245839212459741,0.0,1,0.11458333333333334,0.0,0.18983957219251338,0.717948717948718,0.0718954248366013,0.28205128205128205,0.19440914866581957,0.28205128205128205,False,False,0.6442821883998354,0.04955527318932656,0.0497131931166348,523,787,0.6081191447126317,en,target_fpr,,,0.03333333333333333,-0.08125000000000002,0.050,0.05,toxicity,encoder_minilm,EXP-002
ar,bbse,0.382247350325744,0.0,1,0.13385826771653545,0.0,0.2647058823529412,0.5641025641025641,0.07906976744186046,0.4358974358974359,0.2731893265565438,0.4358974358974359,False,False,0.6442821883998354,0.04955527318932656,0.0497131931166348,523,787,0.6081191447126317,en,target_fpr,,,0.03333333333333333,-0.10052493438320212,0.050,0.05,toxicity,encoder_minilm,EXP-002
ar,few_label_8_strat,0.593731550343938,0.22706538071799967,25,0.10988647118243669,0.027333362912584366,0.18219251336898395,0.7169230769230769,0.07677607144746633,0.2830769230769231,0.18719186785260486,0.2830769230769231,False,False,0.6442821883998354,0.04955527318932656,0.0497131931166348,523,787,0.6081191447126317,en,target_fpr,,,0.03333333333333333,-0.07655313784910336,0.050,0.05,toxicity,encoder_minilm,EXP-002
ar,few_label_8_rand,0.6048274198641547,0.10642298364837766,25,0.1106555529664722,0.024490892466030614,0.15427807486631015,0.757948717948718,0.07246330876811714,0.24205128205128207,0.1586277001270648,0.24205128205128207,False,False,0.6442821883998354,0.04955527318932656,0.0497131931166348,523,787,0.6081191447126317,en,target_fpr,,,0.03333333333333333,-0.07732221963313887,0.050,0.05,toxicity,encoder_minilm,EXP-002
ar,few_label_16_strat,0.7710112818270066,0.1408228543191632,25,0.09423347870378496,0.03353138860487753,0.08828877005347593,0.8512820512820514,0.07800588716854925,0.14871794871794872,0.09128335451080054,0.14871794871794872,False,False,0.6442821883998354,0.04955527318932656,0.0497131931166348,523,787,0.6081191447126317,en,target_fpr,,,0.03333333333333333,-0.060900145370451624,0.050,0.05,toxicity,encoder_minilm,EXP-002
ar,few_label_16_rand,0.7437837155969589,0.16208691981313605,25,0.09114953128261791,0.03929766918997898,0.09946524064171124,0.838974358974359,0.07468271453948598,0.16102564102564107,0.10251588310038118,0.16102564102564107,False,False,0.6442821883998354,0.04955527318932656,0.0497131931166348,523,787,0.6081191447126317,en,target_fpr,,,0.03333333333333333,-0.057816197949284574,0.050,0.05,toxicity,encoder_minilm,EXP-002
ar,few_label_32_strat,0.8329566560171342,0.11907208577358722,25,0.09207611980908564,0.03374957973479124,0.06315508021390373,0.8800000000000001,0.09083644108006111,0.12,0.0659720457433291,0.12,False,False,0.6442821883998354,0.04955527318932656,0.0497131931166348,523,787,0.6081191447126317,en,target_fpr,,,0.03333333333333333,-0.05874278647575231,0.050,0.05,toxicity,encoder_minilm,EXP-002
ar,few_label_32_rand,0.8188264445923292,0.12825337188963107,25,0.08308943255045609,0.03405215696963235,0.06834224598930481,0.8861538461538463,0.07813834423135248,0.11384615384615387,0.07059720457433291,0.11384615384615387,False,False,0.6442821883998354,0.04955527318932656,0.0497131931166348,523,787,0.6081191447126317,en,target_fpr,,,0.03333333333333333,-0.049756099217122755,0.050,0.05,toxicity,encoder_minilm,EXP-002
ar,few_label_64_strat,0.8839055039563055,0.08974997302573355,25,0.0624071279031754,0.04006940961975599,0.04385026737967914,0.9282051282051281,0.0664835505288327,0.07179487179487179,0.045235069885641674,0.07179487179487179,False,False,0.6442821883998354,0.04955527318932656,0.0497131931166348,523,787,0.6081191447126317,en,target_fpr,,,0.03333333333333333,-0.02907379456984207,0.050,0.05,toxicity,encoder_minilm,EXP-002
ar,few_label_64_rand,0.8711974282280889,0.11607698382257166,25,0.06541094389077307,0.031281978851827846,0.04780748663101604,0.923076923076923,0.07676340998898153,0.07692307692307693,0.04925031766200763,0.07692307692307693,False,False,0.6442821883998354,0.04955527318932656,0.0497131931166348,523,787,0.6081191447126317,en,target_fpr,,,0.03333333333333333,-0.03207761055743973,0.050,0.05,toxicity,encoder_minilm,EXP-002
ar,few_label_128_strat,0.8779943214066589,0.054099137457075536,25,0.0764887853311344,0.03489041806235695,0.04406417112299465,0.918974358974359,0.08062440680501425,0.08102564102564103,0.045895806861499355,0.08102564102564103,False,False,0.6442821883998354,0.04955527318932656,0.0497131931166348,523,787,0.6081191447126317,en,target_fpr,,,0.03333333333333333,-0.04315545199780107,0.050,0.05,toxicity,encoder_minilm,EXP-002
ar,few_label_128_rand,0.9040905322099448,0.04802723770056872,25,0.0672630391791913,0.031356922866711344,0.0346524064171123,0.9364102564102563,0.0814327661646886,0.06358974358974359,0.03608640406607369,0.06358974358974359,False,False,0.6442821883998354,0.04955527318932656,0.0497131931166348,523,787,0.6081191447126317,en,target_fpr,,,0.03333333333333333,-0.033929705845857965,0.050,0.05,toxicity,encoder_minilm,EXP-002
ar,few_label_256_strat,0.9111273558088715,0.03993211085311229,25,0.05308321488804101,0.02885970921824501,0.03160427807486631,0.9517948717948717,0.06660379058443015,0.04820512820512819,0.03242693773824651,0.04820512820512819,False,False,0.6442821883998354,0.04955527318932656,0.0497131931166348,523,787,0.6081191447126317,en,target_fpr,,,0.03333333333333333,-0.01974988155470768,0.050,0.05,toxicity,encoder_minilm,EXP-002
ar,few_label_256_rand,0.9122877342173515,0.03630061146820423,25,0.05282559098418761,0.028093904645692832,0.031176470588235295,0.9528205128205128,0.0662953589109087,0.047179487179487174,0.03196950444726811,0.047179487179487174,False,False,0.6442821883998354,0.04955527318932656,0.0497131931166348,523,787,0.6081191447126317,en,target_fpr,,,0.03333333333333333,-0.01949225765085428,0.050,0.05,toxicity,encoder_minilm,EXP-002
ar,target_full,0.9226832553916373,0.0,1,0.03333333333333333,0.0,0.026737967914438502,0.9743589743589743,0.047619047619047616,0.02564102564102564,0.026683608640406607,0.02564102564102564,False,False,0.6442821883998354,0.04955527318932656,0.0497131931166348,523,787,0.6081191447126317,en,target_fpr,0.0,0.10088983050847454,0.03333333333333333,0.0,0.050,0.05,toxicity,encoder_minilm,EXP-002
ar,test_oracle_unachievable,0.8816636361122017,0.0,1,0.08333333333333334,0.0,0.040106951871657755,0.9230769230769231,0.09090909090909091,0.07692307692307693,0.04193138500635324,0.07692307692307693,False,False,0.6442821883998354,0.04955527318932656,0.0497131931166348,523,787,0.6081191447126317,en,target_fpr,,,0.03333333333333333,-0.05000000000000001,0.050,0.05,toxicity,encoder_minilm,EXP-002
de,fixed_half,0.5,0.0,1,0.2238267148014441,0.0,0.2752659574468085,0.20512820512820512,0.13025210084033614,0.7948717948717948,0.3008849557522124,0.7948717948717948,False,False,0.8163188761593017,0.0493046776232617,0.048355899419729204,517,791,0.6081191447126317,en,target_fpr,,,0.28205128205128205,0.05822456724983796,0.050,0.05,toxicity,encoder_minilm,EXP-002
de,source_global,0.6081191447126317,0.0,1,0.27906976744186046,0.0,0.19414893617021275,0.23076923076923078,0.17045454545454544,0.7692307692307693,0.2225031605562579,0.7692307692307693,False,False,0.8163188761593017,0.0493046776232617,0.048355899419729204,517,791,0.6081191447126317,en,target_fpr,0.20379560308972075,0.3534495279593318,0.28205128205128205,0.002981514609421587,0.050,0.05,toxicity,encoder_minilm,EXP-002
de,pooled_global,0.8851910890332626,0.0,1,0.22535211267605634,0.0,0.031914893617021274,0.7948717948717948,0.25,0.20512820512820512,0.040455120101137804,0.20512820512820512,False,False,0.8163188761593017,0.0493046776232617,0.048355899419729204,517,791,0.6081191447126317,en,target_fpr,,,0.28205128205128205,0.056699169375225705,0.050,0.05,toxicity,encoder_minilm,EXP-002
de,worstcase_global,0.9763403359488547,0.0,1,0.09302325581395347,0.0,0.0026595744680851063,0.9487179487179487,0.5,0.05128205128205128,0.0050568900126422255,0.05128205128205128,True,False,0.8163188761593017,0.0493046776232617,0.048355899419729204,517,791,0.6081191447126317,en,target_fpr,,,0.28205128205128205,0.18902802623732856,0.050,0.05,toxicity,encoder_minilm,EXP-002
de,quantile_match,0.8146087043175073,0.0,1,0.26785714285714285,0.0,0.07712765957446809,0.6153846153846154,0.2054794520547945,0.38461538461538464,0.0922882427307206,0.38461538461538464,False,False,0.8163188761593017,0.0493046776232617,0.048355899419729204,517,791,0.6081191447126317,en,target_fpr,,,0.28205128205128205,0.0141941391941392,0.050,0.05,toxicity,encoder_minilm,EXP-002
de,sld_em,0.26848040486327374,0.0,1,0.1580135440180587,0.0,0.49069148936170215,0.10256410256410256,0.08663366336633663,0.8974358974358975,0.5107458912768648,0.8974358974358975,False,False,0.8163188761593017,0.0493046776232617,0.048355899419729204,517,791,0.6081191447126317,en,target_fpr,,,0.28205128205128205,0.12403773803322335,0.050,0.05,toxicity,encoder_minilm,EXP-002
de,bbse,0.2321708181165848,0.0,1,0.14799154334038053,0.0,0.5305851063829787,0.10256410256410256,0.08064516129032258,0.8974358974358975,0.5486725663716814,0.8974358974358975,False,False,0.8163188761593017,0.0493046776232617,0.048355899419729204,517,791,0.6081191447126317,en,target_fpr,,,0.28205128205128205,0.13405973871090152,0.050,0.05,toxicity,encoder_minilm,EXP-002
de,few_label_8_strat,0.6726631826836911,0.18667925102867583,25,0.24249870551454397,0.050016590834825535,0.1649468085106383,0.4461538461538461,0.18517121256763625,0.5538461538461539,0.18412136536030344,0.5538461538461539,False,False,0.8163188761593017,0.0493046776232617,0.048355899419729204,517,791,0.6081191447126317,en,target_fpr,,,0.28205128205128205,0.03955257653673808,0.050,0.05,toxicity,encoder_minilm,EXP-002
de,few_label_8_rand,0.6783365054432096,0.10252965002062013,25,0.27410956288186383,0.018391967152352962,0.15218085106382978,0.3661538461538462,0.1880077733925629,0.6338461538461538,0.175929203539823,0.6338461538461538,False,False,0.8163188761593017,0.0493046776232617,0.048355899419729204,517,791,0.6081191447126317,en,target_fpr,,,0.28205128205128205,0.007941719169418215,0.050,0.05,toxicity,encoder_minilm,EXP-002
de,few_label_16_strat,0.8106377371382352,0.10182725929588071,25,0.238969838396939,0.07192643426512724,0.07648936170212767,0.6276923076923077,0.2064795418609582,0.37230769230769234,0.09107458912768646,0.37230769230769234,False,False,0.8163188761593017,0.0493046776232617,0.048355899419729204,517,791,0.6081191447126317,en,target_fpr,,,0.28205128205128205,0.04308144365434305,0.050,0.05,toxicity,encoder_minilm,EXP-002
de,few_label_16_rand,0.7138935612291979,0.12923889972524275,25,0.25906916719343503,0.038974611100331805,0.1331914893617021,0.441025641025641,0.19721788276930666,0.5589743589743591,0.15418457648546144,0.5589743589743591,False,False,0.8163188761593017,0.0493046776232617,0.048355899419729204,517,791,0.6081191447126317,en,target_fpr,,,0.28205128205128205,0.022982114857847014,0.050,0.05,toxicity,encoder_minilm,EXP-002
de,few_label_32_strat,0.849354409300393,0.07219669839028248,25,0.2380362476556743,0.04554740572935962,0.0551063829787234,0.7056410256410257,0.23464344350201688,0.29435897435897435,0.06690265486725663,0.29435897435897435,False,False,0.8163188761593017,0.0493046776232617,0.048355899419729204,517,791,0.6081191447126317,en,target_fpr,,,0.28205128205128205,0.04401503439560775,0.050,0.05,toxicity,encoder_minilm,EXP-002
de,few_label_32_rand,0.8144926779412373,0.12644604432701728,25,0.23816708005216114,0.05566877731513877,0.07622340425531915,0.6338461538461538,0.25044599665863937,0.3661538461538461,0.09051833122629584,0.3661538461538461,False,False,0.8163188761593017,0.0493046776232617,0.048355899419729204,517,791,0.6081191447126317,en,target_fpr,,,0.28205128205128205,0.04388420199912091,0.050,0.05,toxicity,encoder_minilm,EXP-002
de,few_label_64_strat,0.8529662217576653,0.06568642322857285,25,0.243834929324168,0.03988462898994546,0.05074468085106383,0.7128205128205128,0.24414345900678536,0.28717948717948716,0.06240202275600506,0.28717948717948716,False,False,0.8163188761593017,0.0493046776232617,0.048355899419729204,517,791,0.6081191447126317,en,target_fpr,,,0.28205128205128205,0.038216352727114045,0.050,0.05,toxicity,encoder_minilm,EXP-002
de,few_label_64_rand,0.8415897243290759,0.06975234837795442,25,0.24682813699635114,0.04113290672113788,0.05829787234042553,0.6882051282051284,0.23101452122603608,0.3117948717948718,0.07079646017699115,0.3117948717948718,False,False,0.8163188761593017,0.0493046776232617,0.048355899419729204,517,791,0.6081191447126317,en,target_fpr,,,0.28205128205128205,0.035223145054930904,0.050,0.05,toxicity,encoder_minilm,EXP-002
de,few_label_128_strat,0.8521372582574371,0.037043050401150496,25,0.2620196110754571,0.02262280405623661,0.048617021276595736,0.7056410256410257,0.24846437597866786,0.29435897435897435,0.060733249051833124,0.29435897435897435,False,False,0.8163188761593017,0.0493046776232617,0.048355899419729204,517,791,0.6081191447126317,en,target_fpr,,,0.28205128205128205,0.020031670975824922,0.050,0.05,toxicity,encoder_minilm,EXP-002
de,few_label_128_rand,0.8591184498807253,0.036806726490499854,25,0.253492008984892,0.033690525719157975,0.04627659574468085,0.72,0.24584843700169137,0.28,0.05780025284450064,0.28,False,False,0.8163188761593017,0.0493046776232617,0.048355899419729204,517,791,0.6081191447126317,en,target_fpr,,,0.28205128205128205,0.028559273066390056,0.050,0.05,toxicity,encoder_minilm,EXP-002
de,few_label_256_strat,0.8556063192409091,0.021171504299336577,25,0.26700079656047326,0.021386898382269665,0.04420212765957447,0.7128205128205128,0.25478782280644935,0.28717948717948716,0.05618204804045512,0.28717948717948716,False,False,0.8163188761593017,0.0493046776232617,0.048355899419729204,517,791,0.6081191447126317,en,target_fpr,,,0.28205128205128205,0.015050485490808785,0.050,0.05,toxicity,encoder_minilm,EXP-002
de,few_label_256_rand,0.853180250464243,0.02121854720063508,25,0.2705905747774584,0.022638228764367843,0.04553191489361702,0.7046153846153846,0.2546119056065297,0.29538461538461536,0.05785082174462706,0.29538461538461536,False,False,0.8163188761593017,0.0493046776232617,0.048355899419729204,517,791,0.6081191447126317,en,target_fpr,,,0.28205128205128205,0.011460707273823645,0.050,0.05,toxicity,encoder_minilm,EXP-002
de,target_full,0.8649325636229315,0.0,1,0.28205128205128205,0.0,0.03723404255319149,0.717948717948718,0.28205128205128205,0.28205128205128205,0.0493046776232617,0.28205128205128205,False,False,0.8163188761593017,0.0493046776232617,0.048355899419729204,517,791,0.6081191447126317,en,target_fpr,0.15994623655913978,0.40774147727272725,0.28205128205128205,0.0,0.050,0.05,toxicity,encoder_minilm,EXP-002
de,test_oracle_unachievable,0.8400191026893016,0.0,1,0.29545454545454547,0.0,0.047872340425531915,0.6666666666666666,0.2653061224489796,0.3333333333333333,0.061946902654867256,0.3333333333333333,False,False,0.8163188761593017,0.0493046776232617,0.048355899419729204,517,791,0.6081191447126317,en,target_fpr,,,0.28205128205128205,-0.013403263403263421,0.050,0.05,toxicity,encoder_minilm,EXP-002
en,fixed_half,0.5,0.0,1,0.6666666666666667,0.0,0.048748353096179184,0.02564102564102564,0.5066666666666667,0.9743589743589743,0.09398496240601503,0.9743589743589743,False,True,0.9945947772034729,0.04887218045112782,0.04918032786885246,549,798,0.6081191447126317,en,target_fpr,,,0.7307692307692307,0.06410256410256399,0.050,0.05,toxicity,encoder_minilm,EXP-002
en,source_global,0.6081191447126317,0.0,1,0.7307692307692307,0.0,0.03557312252964427,0.02564102564102564,0.5846153846153846,0.9743589743589743,0.08145363408521303,0.9743589743589743,False,True,0.9945947772034729,0.04887218045112782,0.04918032786885246,549,798,0.6081191447126317,en,target_fpr,0.6161620294599017,0.8148148148148148,0.7307692307692307,0.0,0.050,0.05,toxicity,encoder_minilm,EXP-002
en,pooled_global,0.8883093201183228,0.0,1,0.8169014084507042,0.0,0.003952569169960474,0.2564102564102564,0.90625,0.7435897435897436,0.040100250626566414,0.7435897435897436,False,True,0.9945947772034729,0.04887218045112782,0.04918032786885246,549,798,0.6081191447126317,en,target_fpr,,,0.7307692307692307,-0.08613217768147352,0.050,0.05,toxicity,encoder_minilm,EXP-002
en,worstcase_global,0.9763403359488547,0.0,1,0.6551724137931034,0.0,0.0,0.5128205128205128,1.0,0.48717948717948717,0.023809523809523808,0.48717948717948717,False,True,0.9945947772034729,0.04887218045112782,0.04918032786885246,549,798,0.6081191447126317,en,target_fpr,,,0.7307692307692307,0.0755968169761273,0.050,0.05,toxicity,encoder_minilm,EXP-002
en,quantile_match,0.6076092897371854,0.0,1,0.7307692307692307,0.0,0.03557312252964427,0.02564102564102564,0.5846153846153846,0.9743589743589743,0.08145363408521303,0.9743589743589743,False,True,0.9945947772034729,0.04887218045112782,0.04918032786885246,549,798,0.6081191447126317,en,target_fpr,,,0.7307692307692307,0.0,0.050,0.05,toxicity,encoder_minilm,EXP-002
en,sld_em,0.6081191447126317,0.0,1,0.7307692307692307,0.0,0.03557312252964427,0.02564102564102564,0.5846153846153846,0.9743589743589743,0.08145363408521303,0.9743589743589743,False,True,0.9945947772034729,0.04887218045112782,0.04918032786885246,549,798,0.6081191447126317,en,target_fpr,,,0.7307692307692307,0.0,0.050,0.05,toxicity,encoder_minilm,EXP-002
en,bbse,0.6081191447126317,0.0,1,0.7307692307692307,0.0,0.03557312252964427,0.02564102564102564,0.5846153846153846,0.9743589743589743,0.08145363408521303,0.9743589743589743,False,True,0.9945947772034729,0.04887218045112782,0.04918032786885246,549,798,0.6081191447126317,en,target_fpr,,,0.7307692307692307,0.0,0.050,0.05,toxicity,encoder_minilm,EXP-002
en,few_label_8_strat,0.5948043219590254,0.17297715193774302,25,0.6927971310837086,0.09165244031280666,0.04242424242424242,0.07282051282051283,0.5864480357060651,0.9271794871794873,0.08566416040100248,0.9271794871794873,False,True,0.9945947772034729,0.04887218045112782,0.04918032786885246,549,798,0.6081191447126317,en,target_fpr,,,0.7307692307692307,0.037972099685522176,0.050,0.05,toxicity,encoder_minilm,EXP-002
en,few_label_8_rand,0.5993673733342204,0.03182066038990571,25,0.7241719999013075,0.020675121984701502,0.03694334650856391,0.025641025641025644,0.5766400779358526,0.9743589743589743,0.08275689223057643,0.9743589743589743,False,True,0.9945947772034729,0.04887218045112782,0.04918032786885246,549,798,0.6081191447126317,en,target_fpr,,,0.7307692307692307,0.006597230867923187,0.050,0.05,toxicity,encoder_minilm,EXP-002
en,few_label_16_strat,0.5773302365790275,0.18786056856505884,25,0.686551275685479,0.10568876846821185,0.04490118577075099,0.06974358974358974,0.580630152753199,0.9302564102564104,0.0881704260651629,0.9302564102564104,False,True,0.9945947772034729,0.04887218045112782,0.04918032786885246,549,798,0.6081191447126317,en,target_fpr,,,0.7307692307692307,0.0442179550837517,0.050,0.05,toxicity,encoder_minilm,EXP-002
en,few_label_16_rand,0.6737112834513536,0.1111549518138111,25,0.7555740397294562,0.047101918068589814,0.028300395256917,0.06974358974358974,0.6549971521880932,0.9302564102564103,0.07238095238095238,0.9302564102564103,False,True,0.9945947772034729,0.04887218045112782,0.04918032786885246,549,798,0.6081191447126317,en,target_fpr,,,0.7307692307692307,-0.02480480896022552,0.050,0.05,toxicity,encoder_minilm,EXP-002
en,few_label_32_strat,0.7001615631298154,0.16697780525325723,25,0.7509385166850755,0.0828479673286939,0.026930171277997364,0.11692307692307692,0.6919658926679536,0.8830769230769231,0.0687719298245614,0.8830769230769231,False,True,0.9945947772034729,0.04887218045112782,0.04918032786885246,549,798,0.6081191447126317,en,target_fpr,,,0.7307692307692307,-0.02016928591584477,0.050,0.05,toxicity,encoder_minilm,EXP-002
en,few_label_32_rand,0.6997912807574878,0.10665045442905646,25,0.7729105817291234,0.054788417232976824,0.024611330698287217,0.08205128205128204,0.6847957372476493,0.9179487179487179,0.06827067669172932,0.9179487179487179,False,True,0.9945947772034729,0.04887218045112782,0.04918032786885246,549,798,0.6081191447126317,en,target_fpr,,,0.7307692307692307,-0.04214135095989269,0.050,0.05,toxicity,encoder_minilm,EXP-002
en,few_label_64_strat,0.618751154763786,0.12297598237266132,25,0.7273676547396932,0.07121564444161689,0.035942028985507246,0.04820512820512819,0.6024464771133229,0.9517948717948717,0.08070175438596491,0.9517948717948717,False,True,0.9945947772034729,0.04887218045112782,0.04918032786885246,549,798,0.6081191447126317,en,target_fpr,,,0.7307692307692307,0.003401576029537501,0.050,0.05,toxicity,encoder_minilm,EXP-002
en,few_label_64_rand,0.7177715424871244,0.09795967986263897,25,0.7842794947960834,0.05506503638056832,0.023293807641633732,0.07487179487179488,0.6930709545272531,0.9251282051282051,0.06736842105263156,0.9251282051282051,False,True,0.9945947772034729,0.04887218045112782,0.04918032786885246,549,798,0.6081191447126317,en,target_fpr,,,0.7307692307692307,-0.05351026402685266,0.050,0.05,toxicity,encoder_minilm,EXP-002
en,few_label_128_strat,0.5712565377901763,0.105876001468156,25,0.6992260650786486,0.06608265038013639,0.04252964426877471,0.03282051282051282,0.5545019265323554,0.9671794871794872,0.08771929824561404,0.9671794871794872,False,True,0.9945947772034729,0.04887218045112782,0.04918032786885246,549,798,0.6081191447126317,en,target_fpr,,,0.7307692307692307,0.03154316569058213,0.050,0.05,toxicity,encoder_minilm,EXP-002
en,few_label_128_rand,0.6963934960337298,0.10249299491311473,25,0.7721878533312889,0.06197808530758295,0.02645586297760211,0.0646153846153846,0.6720556239820058,0.9353846153846154,0.07087719298245614,0.9353846153846154,False,True,0.9945947772034729,0.04887218045112782,0.04918032786885246,549,798,0.6081191447126317,en,target_fpr,,,0.7307692307692307,-0.041418622562058194,0.050,0.05,toxicity,encoder_minilm,EXP-002
en,few_label_256_strat,0.6371942059019293,0.05455394233494549,25,0.7402454858308088,0.031745656489146915,0.03383399209486166,0.02871794871794872,0.5993832156349344,0.9712820512820513,0.07964912280701754,0.9712820512820513,False,True,0.9945947772034729,0.04887218045112782,0.04918032786885246,549,798,0.6081191447126317,en,target_fpr,,,0.7307692307692307,-0.00947625506157812,0.050,0.05,toxicity,encoder_minilm,EXP-002
en,few_label_256_rand,0.640749391364612,0.06373490623719466,25,0.7430992829822516,0.03620327670148839,0.03293807641633729,0.03487179487179487,0.6080428074344639,0.9651282051282051,0.07849624060150376,0.9651282051282051,False,True,0.9945947772034729,0.04887218045112782,0.04918032786885246,549,798,0.6081191447126317,en,target_fpr,,,0.7307692307692307,-0.012330052213020859,0.050,0.05,toxicity,encoder_minilm,EXP-002
en,target_full,0.6081191447126317,0.0,1,0.7307692307692307,0.0,0.03557312252964427,0.02564102564102564,0.5846153846153846,0.9743589743589743,0.08145363408521303,0.9743589743589743,False,True,0.9945947772034729,0.04887218045112782,0.04918032786885246,549,798,0.6081191447126317,en,target_fpr,0.6237496300680675,0.8107614332861858,0.7307692307692307,0.0,0.050,0.05,toxicity,encoder_minilm,EXP-002
en,test_oracle_unachievable,0.5947197104137258,0.0,1,0.7169811320754718,0.0,0.03820816864295125,0.02564102564102564,0.5671641791044776,0.9743589743589743,0.08395989974937343,0.9743589743589743,False,True,0.9945947772034729,0.04887218045112782,0.04918032786885246,549,798,0.6081191447126317,en,target_fpr,,,0.7307692307692307,0.013788098693758966,0.050,0.05,toxicity,encoder_minilm,EXP-002
es,fixed_half,0.5,0.0,1,0.2555066079295154,0.0,0.19798234552332913,0.2926829268292683,0.15591397849462366,0.7073170731707317,0.22302158273381295,0.7073170731707317,False,False,0.8618091225048442,0.049160671462829736,0.04873294346978557,513,834,0.6081191447126317,en,target_fpr,,,0.3736263736263737,0.11811976569685828,0.050,0.05,toxicity,encoder_minilm,EXP-002
es,source_global,0.6081191447126317,0.0,1,0.27745664739884396,0.0,0.13619167717528374,0.4146341463414634,0.18181818181818182,0.5853658536585366,0.15827338129496402,0.5853658536585366,False,False,0.8618091225048442,0.049160671462829736,0.04873294346978557,513,834,0.6081191447126317,en,target_fpr,0.19104523008659557,0.3583152173913043,0.3736263736263737,0.09616972622752973,0.050,0.05,toxicity,encoder_minilm,EXP-002
es,pooled_global,0.8873405815982713,0.0,1,0.37142857142857144,0.0,0.0201765447667087,0.6829268292682927,0.4482758620689655,0.3170731707317073,0.03477218225419664,0.3170731707317073,False,False,0.8618091225048442,0.049160671462829736,0.04873294346978557,513,834,0.6081191447126317,en,target_fpr,,,0.3736263736263737,0.0021978021978022455,0.050,0.05,toxicity,encoder_minilm,EXP-002
es,worstcase_global,0.9763403359488547,0.0,1,0.17777777777777776,0.0,0.0,0.9024390243902439,1.0,0.0975609756097561,0.004796163069544364,0.0975609756097561,True,False,0.8618091225048442,0.049160671462829736,0.04873294346978557,513,834,0.6081191447126317,en,target_fpr,,,0.3736263736263737,0.19584859584859593,0.050,0.05,toxicity,encoder_minilm,EXP-002
es,quantile_match,0.663743568332985,0.0,1,0.3046357615894039,0.0,0.10970996216897856,0.43902439024390244,0.20909090909090908,0.5609756097560976,0.13189448441247004,0.5609756097560976,False,False,0.8618091225048442,0.049160671462829736,0.04873294346978557,513,834,0.6081191447126317,en,target_fpr,,,0.3736263736263737,0.06899061203696977,0.050,0.05,toxicity,encoder_minilm,EXP-002
es,sld_em,0.6020212143193925,0.0,1,0.2742857142857143,0.0,0.13871374527112232,0.4146341463414634,0.1791044776119403,0.5853658536585366,0.1606714628297362,0.5853658536585366,False,False,0.8618091225048442,0.049160671462829736,0.04873294346978557,513,834,0.6081191447126317,en,target_fpr,,,0.3736263736263737,0.09934065934065939,0.050,0.05,toxicity,encoder_minilm,EXP-002
es,bbse,0.4882269191055574,0.0,1,0.25217391304347825,0.0,0.201765447667087,0.2926829268292683,0.15343915343915343,0.7073170731707317,0.22661870503597123,0.7073170731707317,False,False,0.8618091225048442,0.049160671462829736,0.04873294346978557,513,834,0.6081191447126317,en,target_fpr,,,0.3736263736263737,0.12145246058289544,0.050,0.05,toxicity,encoder_minilm,EXP-002
es,few_label_8_strat,0.5569844892748006,0.21411867075747887,25,0.26879862372344115,0.053871582466931765,0.18027742749054224,0.3668292682926829,0.21093438487578184,0.6331707317073171,0.2025419664268585,0.6331707317073171,False,False,0.8618091225048442,0.049160671462829736,0.04873294346978557,513,834,0.6081191447126317,en,target_fpr,,,0.3736263736263737,0.10482774990293253,0.050,0.05,toxicity,encoder_minilm,EXP-002
es,few_label_8_rand,0.614197407226731,0.06849366571338525,25,0.2838391788733785,0.02765627417533499,0.13417402269861287,0.4156097560975609,0.19087444356409874,0.584390243902439,0.15630695443645082,0.584390243902439,False,False,0.8618091225048442,0.049160671462829736,0.04873294346978557,513,834,0.6081191447126317,en,target_fpr,,,0.3736263736263737,0.08978719475299518,0.050,0.05,toxicity,encoder_minilm,EXP-002
es,few_label_16_strat,0.6438416411728973,0.222936673218689,25,0.2775474689567149,0.08521558995701362,0.1394199243379571,0.45268292682926836,0.2606197496129651,0.5473170731707316,0.1594724220623501,0.5473170731707316,False,False,0.8618091225048442,0.049160671462829736,0.04873294346978557,513,834,0.6081191447126317,en,target_fpr,,,0.3736263736263737,0.0960789046696588,0.050,0.05,toxicity,encoder_minilm,EXP-002
es,few_label_16_rand,0.7021433611524597,0.13865592043959168,25,0.29477307929968033,0.04649941605145437,0.09851197982345523,0.5082926829268293,0.28525152685588256,0.4917073170731707,0.11784172661870501,0.4917073170731707,False,False,0.8618091225048442,0.049160671462829736,0.04873294346978557,513,834,0.6081191447126317,en,target_fpr,,,0.3736263736263737,0.07885329432669336,0.050,0.05,toxicity,encoder_minilm,EXP-002
es,few_label_32_strat,0.8125199167762643,0.13767052706224298,25,0.30997696258229285,0.08612838131089055,0.0551828499369483,0.6146341463414634,0.3878294443844802,0.3853658536585366,0.07141486810551559,0.3853658536585366,False,False,0.8618091225048442,0.049160671462829736,0.04873294346978557,513,834,0.6081191447126317,en,target_fpr,,,0.3736263736263737,0.06364941104408084,0.050,0.05,toxicity,encoder_minilm,EXP-002
es,few_label_32_rand,0.758849852385416,0.13318763420230426,25,0.33113820309327935,0.059571978222126426,0.07298865069356872,0.5473170731707316,0.34640984550292436,0.45268292682926836,0.0916546762589928,0.45268292682926836,False,False,0.8618091225048442,0.049160671462829736,0.04873294346978557,513,834,0.6081191447126317,en,target_fpr,,,0.3736263736263737,0.04248817053309434,0.050,0.05,toxicity,encoder_minilm,EXP-002
es,few_label_64_strat,0.787710066818102,0.10589067896653748,25,0.3552868343496274,0.04371228772591499,0.06012610340479193,0.5560975609756098,0.3367999660516652,0.44390243902439025,0.07899280575539568,0.44390243902439025,False,False,0.8618091225048442,0.049160671462829736,0.04873294346978557,513,834,0.6081191447126317,en,target_fpr,,,0.3736263736263737,0.01833953927674631,0.050,0.05,toxicity,encoder_minilm,EXP-002
es,few_label_64_rand,0.8079768376986951,0.10212879186401788,25,0.3524434223497384,0.04328824648821928,0.05210592686002522,0.5873170731707318,0.3603563755961084,0.41268292682926827,0.06983213429256595,0.41268292682926827,False,False,0.8618091225048442,0.049160671462829736,0.04873294346978557,513,834,0.6081191447126317,en,target_fpr,,,0.3736263736263737,0.021182951276635276,0.050,0.05,toxicity,encoder_minilm,EXP-002
es,few_label_128_strat,0.7743637730376715,0.08514543844017142,25,0.354974706333893,0.04139099384282039,0.06456494325346784,0.5336585365853659,0.3078949225854476,0.4663414634146341,0.08431654676258991,0.4663414634146341,False,False,0.8618091225048442,0.049160671462829736,0.04873294346978557,513,834,0.6081191447126317,en,target_fpr,,,0.3736263736263737,0.01865166729248069,0.050,0.05,toxicity,encoder_minilm,EXP-002
es,few_label_128_rand,0.7960125644991909,0.09563277103519377,25,0.36051087093123,0.04468621291789331,0.055989911727616644,0.5639024390243902,0.3471273994557962,0.43609756097560975,0.07467625899280575,0.43609756097560975,False,False,0.8618091225048442,0.049160671462829736,0.04873294346978557,513,834,0.6081191447126317,en,target_fpr,,,0.3736263736263737,0.013115502695143666,0.050,0.05,toxicity,encoder_minilm,EXP-002
es,few_label_256_strat,0.7804370912326958,0.06693187404066715,25,0.36033513731415434,0.035494333271889354,0.06063051702395965,0.535609756097561,0.30796350309358744,0.464390243902439,0.08047961630695444,0.464390243902439,False,False,0.8618091225048442,0.049160671462829736,0.04873294346978557,513,834,0.6081191447126317,en,target_fpr,,,0.3736263736263737,0.013291236312219346,0.050,0.05,toxicity,encoder_minilm,EXP-002
es,few_label_256_rand,0.8146737883990512,0.060943018183434144,25,0.3735564111937916,0.029567492963919084,0.04706179066834805,0.5707317073170731,0.3487457233671808,0.42926829268292693,0.06585131894484413,0.42926829268292693,False,False,0.8618091225048442,0.049160671462829736,0.04873294346978557,513,834,0.6081191447126317,en,target_fpr,,,0.3736263736263737,6.996243258206025e-05,0.050,0.05,toxicity,encoder_minilm,EXP-002
es,target_full,0.8242054119400823,0.0,1,0.3736263736263737,0.0,0.0416141235813367,0.5853658536585366,0.34,0.4146341463414634,0.05995203836930456,0.4146341463414634,False,False,0.8618091225048442,0.049160671462829736,0.04873294346978557,513,834,0.6081191447126317,en,target_fpr,0.24999999999999997,0.4814814814814815,0.3736263736263737,0.0,0.050,0.05,toxicity,encoder_minilm,EXP-002
es,test_oracle_unachievable,0.8050238446799878,0.0,1,0.37894736842105264,0.0,0.04539722572509458,0.5609756097560976,0.3333333333333333,0.43902439024390244,0.06474820143884892,0.43902439024390244,False,False,0.8618091225048442,0.049160671462829736,0.04873294346978557,513,834,0.6081191447126317,en,target_fpr,,,0.3736263736263737,-0.005320994794678957,0.050,0.05,toxicity,encoder_minilm,EXP-002
fr,fixed_half,0.5,0.0,1,0.317948717948718,0.0,0.15979381443298968,0.225,0.2,0.775,0.18995098039215685,0.775,False,False,0.887854381443299,0.049019607843137254,0.04921259842519685,508,816,0.6081191447126317,en,target_fpr,,,0.5,0.18205128205128202,0.050,0.05,toxicity,encoder_minilm,EXP-002
fr,source_global,0.6081191447126317,0.0,1,0.3790849673202614,0.0,0.10824742268041238,0.275,0.25663716814159293,0.725,0.13848039215686275,0.725,False,False,0.887854381443299,0.049019607843137254,0.04921259842519685,508,816,0.6081191447126317,en,target_fpr,0.2827225923682617,0.47318287222133376,0.5,0.12091503267973858,0.050,0.05,toxicity,encoder_minilm,EXP-002
fr,pooled_global,0.8855479664641548,0.0,1,0.38888888888888884,0.0,0.023195876288659795,0.65,0.4375,0.35,0.0392156862745098,0.35,False,False,0.887854381443299,0.049019607843137254,0.04921259842519685,508,816,0.6081191447126317,en,target_fpr,,,0.5,0.11111111111111116,0.050,0.05,toxicity,encoder_minilm,EXP-002
fr,worstcase_global,0.9763403359488547,0.0,1,0.13043478260869565,0.0,0.003865979381443299,0.925,0.5,0.075,0.007352941176470588,0.075,True,False,0.887854381443299,0.049019607843137254,0.04921259842519685,508,816,0.6081191447126317,en,target_fpr,,,0.5,0.3695652173913043,0.050,0.05,toxicity,encoder_minilm,EXP-002
fr,quantile_match,0.7530681272289862,0.0,1,0.49090909090909096,0.0,0.055412371134020616,0.325,0.38571428571428573,0.675,0.0857843137254902,0.675,False,False,0.887854381443299,0.049019607843137254,0.04921259842519685,508,816,0.6081191447126317,en,target_fpr,,,0.5,0.009090909090909038,0.050,0.05,toxicity,encoder_minilm,EXP-002
fr,sld_em,0.4421143728926876,0.0,1,0.30769230769230765,0.0,0.18943298969072164,0.15,0.1878453038674033,0.85,0.22181372549019607,0.85,False,False,0.887854381443299,0.049019607843137254,0.04921259842519685,508,816,0.6081191447126317,en,target_fpr,,,0.5,0.19230769230769235,0.050,0.05,toxicity,encoder_minilm,EXP-002
fr,bbse,0.3807803086822611,0.0,1,0.2595419847328244,0.0,0.2422680412371134,0.15,0.15315315315315314,0.85,0.27205882352941174,0.85,False,False,0.887854381443299,0.049019607843137254,0.04921259842519685,508,816,0.6081191447126317,en,target_fpr,,,0.5,0.24045801526717558,0.050,0.05,toxicity,encoder_minilm,EXP-002
fr,few_label_8_strat,0.6867865225982916,0.2146522143444021,25,0.3776032029923138,0.09960695883751818,0.10360824742268042,0.38800000000000007,0.34641105592654337,0.612,0.12852941176470586,0.612,False,False,0.887854381443299,0.049019607843137254,0.04921259842519685,508,816,0.6081191447126317,en,target_fpr,,,0.5,0.12239679700768619,0.050,0.05,toxicity,encoder_minilm,EXP-002
fr,few_label_8_rand,0.6636553089674121,0.11685916655228878,25,0.37889833485437585,0.050534677919669986,0.09211340206185568,0.345,0.2991605779839275,0.655,0.11970588235294118,0.655,False,False,0.887854381443299,0.049019607843137254,0.04921259842519685,508,816,0.6081191447126317,en,target_fpr,,,0.5,0.12110166514562415,0.050,0.05,toxicity,encoder_minilm,EXP-002
fr,few_label_16_strat,0.7046882948531761,0.20407941343241626,25,0.3433132308272996,0.11849478188842777,0.09072164948453608,0.43400000000000005,0.328345736686734,0.566,0.11401960784313724,0.566,False,False,0.887854381443299,0.049019607843137254,0.04921259842519685,508,816,0.6081191447126317,en,target_fpr,,,0.5,0.1566867691727004,0.050,0.05,toxicity,encoder_minilm,EXP-002
fr,few_label_16_rand,0.728097065030168,0.13023293929026528,25,0.38776384621886417,0.07716030352668404,0.07025773195876289,0.415,0.3437239193389365,0.585,0.09549019607843139,0.585,False,False,0.887854381443299,0.049019607843137254,0.04921259842519685,508,816,0.6081191447126317,en,target_fpr,,,0.5,0.11223615378113583,0.050,0.05,toxicity,encoder_minilm,EXP-002
fr,few_label_32_strat,0.7979331093244553,0.1495212357453186,25,0.37440687831033165,0.11268561117975259,0.05211340206185568,0.517,0.3934635216467891,0.483,0.07323529411764705,0.483,False,False,0.887854381443299,0.049019607843137254,0.04921259842519685,508,816,0.6081191447126317,en,target_fpr,,,0.5,0.12559312168966835,0.050,0.05,toxicity,encoder_minilm,EXP-002
fr,few_label_32_rand,0.8182896467589122,0.10638735124503154,25,0.40053792848035547,0.09064823266878068,0.04216494845360825,0.521,0.40631128036963415,0.479,0.06357843137254902,0.479,False,False,0.887854381443299,0.049019607843137254,0.04921259842519685,508,816,0.6081191447126317,en,target_fpr,,,0.5,0.09946207151964453,0.050,0.05,toxicity,encoder_minilm,EXP-002
fr,few_label_64_strat,0.8431856831741598,0.07958453147116883,25,0.41871341086723396,0.08332235868717636,0.03427835051546393,0.537,0.4339849955195221,0.46299999999999997,0.05529411764705882,0.46299999999999997,False,False,0.887854381443299,0.049019607843137254,0.04921259842519685,508,816,0.6081191447126317,en,target_fpr,,,0.5,0.08128658913276604,0.050,0.05,toxicity,encoder_minilm,EXP-002
fr,few_label_64_rand,0.8007325754650352,0.09736834702156463,25,0.43271091782130855,0.06943707889449127,0.04618556701030927,0.467,0.40384241547066857,0.5329999999999999,0.07004901960784313,0.5329999999999999,False,False,0.887854381443299,0.049019607843137254,0.04921259842519685,508,816,0.6081191447126317,en,target_fpr,,,0.5,0.06728908217869145,0.050,0.05,toxicity,encoder_minilm,EXP-002
fr,few_label_128_strat,0.7950208244143684,0.06327924686516544,25,0.47465533781495445,0.04176964970234778,0.045257731958762884,0.406,0.4161795736632638,0.594,0.07215686274509805,0.594,False,False,0.887854381443299,0.049019607843137254,0.04921259842519685,508,816,0.6081191447126317,en,target_fpr,,,0.5,0.025344662185045552,0.050,0.05,toxicity,encoder_minilm,EXP-002
fr,few_label_128_rand,0.8221377428235311,0.07477391133530456,25,0.4424234073937049,0.06966835223210198,0.038711340206185565,0.489,0.42266961522476043,0.511,0.06186274509803921,0.511,False,False,0.887854381443299,0.049019607843137254,0.04921259842519685,508,816,0.6081191447126317,en,target_fpr,,,0.5,0.05757659260629511,0.050,0.05,toxicity,encoder_minilm,EXP-002
fr,few_label_256_strat,0.8284749896995206,0.05444617062850587,25,0.45104812274655764,0.05488318382124387,0.036855670103092784,0.48700000000000004,0.4240842560440186,0.513,0.06019607843137255,0.513,False,False,0.887854381443299,0.049019607843137254,0.04921259842519685,508,816,0.6081191447126317,en,target_fpr,,,0.5,0.048951877253442355,0.050,0.05,toxicity,encoder_minilm,EXP-002
fr,few_label_256_rand,0.8428470631321531,0.049487937466692763,25,0.4556173567561546,0.04313679969334288,0.03365979381443299,0.503,0.4412086479772238,0.49699999999999994,0.05637254901960784,0.49699999999999994,False,False,0.887854381443299,0.049019607843137254,0.04921259842519685,508,816,0.6081191447126317,en,target_fpr,,,0.5,0.04438264324384539,0.050,0.05,toxicity,encoder_minilm,EXP-002
fr,target_full,0.7920544948306896,0.0,1,0.5,0.0,0.045103092783505154,0.375,0.4166666666666667,0.625,0.07352941176470588,0.625,False,False,0.887854381443299,0.049019607843137254,0.04921259842519685,508,816,0.6081191447126317,en,target_fpr,0.3662474104764723,0.6271186440677966,0.5,0.0,0.050,0.05,toxicity,encoder_minilm,EXP-002
fr,test_oracle_unachievable,0.78628795174639,0.0,1,0.5098039215686274,0.0,0.04639175257731959,0.35,0.41935483870967744,0.65,0.07598039215686274,0.65,False,False,0.887854381443299,0.049019607843137254,0.04921259842519685,508,816,0.6081191447126317,en,target_fpr,,,0.5,-0.009803921568627416,0.050,0.05,toxicity,encoder_minilm,EXP-002
he,fixed_half,0.5,0.0,1,0.15306122448979592,0.0,0.43783783783783786,0.21052631578947367,0.0847457627118644,0.7894736842105263,0.455012853470437,0.7894736842105263,False,False,0.7157894736842105,0.04884318766066838,0.05,240,389,0.6081191447126317,en,target_fpr,,,0.20512820512820512,0.0520669806384092,0.050,0.05,toxicity,encoder_minilm,EXP-002
he,source_global,0.6081191447126317,0.0,1,0.15757575757575756,0.0,0.35945945945945945,0.3157894736842105,0.08904109589041095,0.6842105263157895,0.37532133676092544,0.6842105263157895,False,False,0.7157894736842105,0.04884318766066838,0.05,240,389,0.6081191447126317,en,target_fpr,0.0778846153846154,0.22416443850267379,0.20512820512820512,0.04755244755244756,0.050,0.05,toxicity,encoder_minilm,EXP-002
he,pooled_global,0.8780015036120268,0.0,1,0.225,0.0,0.14054054054054055,0.5263157894736842,0.14754098360655737,0.47368421052631576,0.15681233933161953,0.47368421052631576,False,False,0.7157894736842105,0.04884318766066838,0.05,240,389,0.6081191447126317,en,target_fpr,,,0.20512820512820512,-0.019871794871794884,0.050,0.05,toxicity,encoder_minilm,EXP-002
he,worstcase_global,0.9763403359488547,0.0,1,0.1935483870967742,0.0,0.024324324324324326,0.8421052631578947,0.25,0.15789473684210525,0.030848329048843187,0.15789473684210525,False,False,0.7157894736842105,0.04884318766066838,0.05,240,389,0.6081191447126317,en,target_fpr,,,0.20512820512820512,0.011579818031430933,0.050,0.05,toxicity,encoder_minilm,EXP-002
he,quantile_match,0.9275972475979177,0.0,1,0.18518518518518517,0.0,0.08108108108108109,0.7368421052631579,0.14285714285714285,0.2631578947368421,0.08997429305912596,0.2631578947368421,False,False,0.7157894736842105,0.04884318766066838,0.05,240,389,0.6081191447126317,en,target_fpr,,,0.20512820512820512,0.019943019943019946,0.050,0.05,toxicity,encoder_minilm,EXP-002
he,sld_em,0.05225640548409643,0.0,1,0.09921671018276762,0.0,0.9324324324324325,0.0,0.0521978021978022,1.0,0.9357326478149101,1.0,True,False,0.7157894736842105,0.04884318766066838,0.05,240,389,0.6081191447126317,en,target_fpr,,,0.20512820512820512,0.1059114949454375,0.050,0.05,toxicity,encoder_minilm,EXP-002
he,bbse,0.11569325517989257,0.0,1,0.10285714285714284,0.0,0.845945945945946,0.05263157894736842,0.054380664652567974,0.9473684210526315,0.8508997429305912,0.9473684210526315,True,False,0.7157894736842105,0.04884318766066838,0.05,240,389,0.6081191447126317,en,target_fpr,,,0.20512820512820512,0.10227106227106228,0.050,0.05,toxicity,encoder_minilm,EXP-002
he,few_label_8_strat,0.8661706405792902,0.14467066196358325,25,0.17094093132182833,0.047232776918476424,0.13945945945945948,0.6442105263157895,0.13667064099928491,0.3557894736842105,0.15002570694087403,0.3557894736842105,False,False,0.7157894736842105,0.04884318766066838,0.05,240,389,0.6081191447126317,en,target_fpr,,,0.20512820512820512,0.03418727380637679,0.050,0.05,toxicity,encoder_minilm,EXP-002
he,few_label_8_rand,0.6974339057444848,0.14376299788236954,25,0.15335278253531742,0.049031114069184166,0.28345945945945944,0.4294736842105263,0.09271861438182785,0.5705263157894737,0.2974807197943445,0.5705263157894737,False,False,0.7157894736842105,0.04884318766066838,0.05,240,389,0.6081191447126317,en,target_fpr,,,0.20512820512820512,0.0517754225928877,0.050,0.05,toxicity,encoder_minilm,EXP-002
he,few_label_16_strat,0.9627898410902199,0.022553400822206242,25,0.16347816622773464,0.05691236358302338,0.042702702702702704,0.8252631578947367,0.17956403204638502,0.17473684210526316,0.04915167095115682,0.17473684210526316,False,False,0.7157894736842105,0.04884318766066838,0.05,240,389,0.6081191447126317,en,target_fpr,,,0.20512820512820512,0.041650038900470476,0.050,0.05,toxicity,encoder_minilm,EXP-002
he,few_label_16_rand,0.8262204970399586,0.15570064905872255,25,0.1648796410666545,0.048079386617075906,0.17102702702702705,0.6021052631578947,0.129296534428067,0.3978947368421053,0.18210796915167093,0.3978947368421053,False,False,0.7157894736842105,0.04884318766066838,0.05,240,389,0.6081191447126317,en,target_fpr,,,0.20512820512820512,0.04024856406155061,0.050,0.05,toxicity,encoder_minilm,EXP-002
he,few_label_32_strat,0.960348359252079,0.022895519265446165,25,0.1589085183178079,0.05670341149598058,0.046594594594594606,0.8231578947368422,0.16805857855391462,0.17684210526315788,0.052956298200514146,0.17684210526315788,False,False,0.7157894736842105,0.04884318766066838,0.05,240,389,0.6081191447126317,en,target_fpr,,,0.20512820512820512,0.04621968681039723,0.050,0.05,toxicity,encoder_minilm,EXP-002
he,few_label_32_rand,0.8968045779259208,0.14621107467145858,25,0.13251606073375655,0.0761607974584381,0.10075675675675676,0.7515789473684211,0.12401030404610135,0.24842105263157893,0.10796915167095116,0.24842105263157893,False,False,0.7157894736842105,0.04884318766066838,0.05,240,389,0.6081191447126317,en,target_fpr,,,0.20512820512820512,0.07261214439444857,0.050,0.05,toxicity,encoder_minilm,EXP-002
he,few_label_64_strat,0.9633261637710397,0.02503059811257983,25,0.15214969500192763,0.054232300114821434,0.044216216216216214,0.8315789473684211,0.1722867555561054,0.16842105263157894,0.0502827763496144,0.16842105263157894,False,False,0.7157894736842105,0.04884318766066838,0.05,240,389,0.6081191447126317,en,target_fpr,,,0.20512820512820512,0.052978510126277495,0.050,0.05,toxicity,encoder_minilm,EXP-002
he,few_label_64_rand,0.9300649145188771,0.11947379112333212,25,0.15382436890438217,0.05326333703237228,0.07091891891891892,0.7915789473684209,0.17796748429404605,0.2084210526315789,0.0776349614395887,0.2084210526315789,False,False,0.7157894736842105,0.04884318766066838,0.05,240,389,0.6081191447126317,en,target_fpr,,,0.20512820512820512,0.05130383622382295,0.050,0.05,toxicity,encoder_minilm,EXP-002
he,few_label_128_strat,0.9660638993520587,0.009617779928807281,25,0.1916773748042003,0.03602244025253391,0.04227027027027028,0.8042105263157896,0.19555860536665487,0.1957894736842105,0.04976863753213367,0.1957894736842105,False,False,0.7157894736842105,0.04884318766066838,0.05,240,389,0.6081191447126317,en,target_fpr,,,0.20512820512820512,0.01345083032400482,0.050,0.05,toxicity,encoder_minilm,EXP-002
he,few_label_128_rand,0.9698258418571742,0.009280654717448662,25,0.17278192967151743,0.046388987108235705,0.03794594594594595,0.8294736842105263,0.18634231956703354,0.17052631578947366,0.044421593830334186,0.17052631578947366,False,False,0.7157894736842105,0.04884318766066838,0.05,240,389,0.6081191447126317,en,target_fpr,,,0.20512820512820512,0.032346275456687695,0.050,0.05,toxicity,encoder_minilm,EXP-002
he,few_label_256_strat,0.9662042435101741,0.0,25,0.20512820512820515,2.7755575615628914e-17,0.043243243243243246,0.7894736842105263,0.20000000000000004,0.21052631578947367,0.05141388174807198,0.21052631578947367,False,False,0.7157894736842105,0.04884318766066838,0.05,240,389,0.6081191447126317,en,target_fpr,,,0.20512820512820512,-2.7755575615628914e-17,0.050,0.05,toxicity,encoder_minilm,EXP-002
he,few_label_256_rand,0.9662042435101741,0.0,25,0.20512820512820515,2.7755575615628914e-17,0.043243243243243246,0.7894736842105263,0.20000000000000004,0.21052631578947367,0.05141388174807198,0.21052631578947367,False,False,0.7157894736842105,0.04884318766066838,0.05,240,389,0.6081191447126317,en,target_fpr,,,0.20512820512820512,-2.7755575615628914e-17,0.050,0.05,toxicity,encoder_minilm,EXP-002
he,target_full,0.9662042435101741,0.0,1,0.20512820512820512,0.0,0.043243243243243246,0.7894736842105263,0.2,0.21052631578947367,0.05141388174807198,0.21052631578947367,False,False,0.7157894736842105,0.04884318766066838,0.05,240,389,0.6081191447126317,en,target_fpr,0.0,0.3767736486486486,0.20512820512820512,0.0,0.050,0.05,toxicity,encoder_minilm,EXP-002
he,test_oracle_unachievable,0.9672750135534809,0.0,1,0.20512820512820512,0.0,0.043243243243243246,0.7894736842105263,0.2,0.21052631578947367,0.05141388174807198,0.21052631578947367,False,False,0.7157894736842105,0.04884318766066838,0.05,240,389,0.6081191447126317,en,target_fpr,,,0.20512820512820512,0.0,0.050,0.05,toxicity,encoder_minilm,EXP-002
hi,fixed_half,0.5,0.0,1,0.25531914893617025,0.0,0.11214953271028037,0.5384615384615384,0.17647058823529413,0.46153846153846156,0.12944162436548223,0.46153846153846156,False,False,0.7873403854712266,0.04949238578680203,0.04940711462450593,506,788,0.6081191447126317,en,target_fpr,,,0.3733333333333333,0.11801418439716305,0.050,0.05,toxicity,encoder_minilm,EXP-002
hi,source_global,0.6081191447126317,0.0,1,0.32,0.0,0.06008010680907877,0.5897435897435898,0.26229508196721313,0.41025641025641024,0.07741116751269035,0.41025641025641024,False,False,0.7873403854712266,0.04949238578680203,0.04940711462450593,506,788,0.6081191447126317,en,target_fpr,0.19476626016260162,0.4249982579611177,0.3733333333333333,0.05333333333333329,0.050,0.05,toxicity,encoder_minilm,EXP-002
hi,pooled_global,0.8878295884998151,0.0,1,0.2222222222222222,0.0,0.0013351134846461949,0.8717948717948718,0.8333333333333334,0.1282051282051282,0.007614213197969543,0.1282051282051282,True,False,0.7873403854712266,0.04949238578680203,0.04940711462450593,506,788,0.6081191447126317,en,target_fpr,,,0.3733333333333333,0.15111111111111108,0.050,0.05,toxicity,encoder_minilm,EXP-002
hi,worstcase_global,0.9763403359488547,0.0,1,0.09756097560975609,0.0,0.0,0.9487179487179487,1.0,0.05128205128205128,0.0025380710659898475,0.05128205128205128,True,False,0.7873403854712266,0.04949238578680203,0.04940711462450593,506,788,0.6081191447126317,en,target_fpr,,,0.3733333333333333,0.2757723577235772,0.050,0.05,toxicity,encoder_minilm,EXP-002
hi,quantile_match,0.576909116261666,0.0,1,0.2905982905982906,0.0,0.0814419225634179,0.5641025641025641,0.21794871794871795,0.4358974358974359,0.09898477157360407,0.4358974358974359,False,False,0.7873403854712266,0.04949238578680203,0.04940711462450593,506,788,0.6081191447126317,en,target_fpr,,,0.3733333333333333,0.08273504273504267,0.050,0.05,toxicity,encoder_minilm,EXP-002
hi,sld_em,0.9999783839099834,0.0,1,0.0,0.0,0.0,1.0,0.0,0.0,0.0,0.0,True,False,0.7873403854712266,0.04949238578680203,0.04940711462450593,506,788,0.6081191447126317,en,target_fpr,,,0.3733333333333333,0.3733333333333333,0.050,0.05,toxicity,encoder_minilm,EXP-002
hi,bbse,0.6679519361745333,0.0,1,0.358974358974359,0.0,0.03337783711615487,0.6410256410256411,0.358974358974359,0.358974358974359,0.04949238578680203,0.358974358974359,False,False,0.7873403854712266,0.04949238578680203,0.04940711462450593,506,788,0.6081191447126317,en,target_fpr,,,0.3733333333333333,0.014358974358974319,0.050,0.05,toxicity,encoder_minilm,EXP-002
hi,few_label_8_strat,0.5207911020439704,0.22780722787521748,25,0.2632446716655775,0.07591318707682126,0.13543391188251,0.5343589743589744,0.30612829238811146,0.4656410256410256,0.15177664974619287,0.4656410256410256,False,False,0.7873403854712266,0.04949238578680203,0.04940711462450593,506,788,0.6081191447126317,en,target_fpr,,,0.3733333333333333,0.11008866166775577,0.050,0.05,toxicity,encoder_minilm,EXP-002
hi,few_label_8_rand,0.6010202467848342,0.13070797501107695,25,0.29715007102903807,0.054360579182331455,0.07311081441922564,0.5958974358974358,0.3062671976838841,0.40410256410256407,0.08949238578680203,0.40410256410256407,False,False,0.7873403854712266,0.04949238578680203,0.04940711462450593,506,788,0.6081191447126317,en,target_fpr,,,0.3733333333333333,0.07618326230429523,0.050,0.05,toxicity,encoder_minilm,EXP-002
hi,few_label_16_strat,0.5636138861266728,0.19816353985041762,25,0.28467515296338997,0.06754068074096432,0.10574098798397864,0.5702564102564103,0.311328245503629,0.4297435897435897,0.12177664974619289,0.4297435897435897,False,False,0.7873403854712266,0.04949238578680203,0.04940711462450593,506,788,0.6081191447126317,en,target_fpr,,,0.3733333333333333,0.08865818036994333,0.050,0.05,toxicity,encoder_minilm,EXP-002
hi,few_label_16_rand,0.6674854133178844,0.1213224994108017,25,0.30507791340305335,0.04681639195413981,0.0485981308411215,0.6502564102564102,0.3925156201123636,0.3497435897435897,0.06350253807106598,0.3497435897435897,False,False,0.7873403854712266,0.04949238578680203,0.04940711462450593,506,788,0.6081191447126317,en,target_fpr,,,0.3733333333333333,0.06825541993027995,0.050,0.05,toxicity,encoder_minilm,EXP-002
hi,few_label_32_strat,0.7482223616614995,0.12036968560902218,25,0.30373474050106014,0.07060998822020968,0.02691588785046729,0.721025641025641,0.5333876767203278,0.27897435897435896,0.039390862944162434,0.27897435897435896,False,False,0.7873403854712266,0.04949238578680203,0.04940711462450593,506,788,0.6081191447126317,en,target_fpr,,,0.3733333333333333,0.06959859283227315,0.050,0.05,toxicity,encoder_minilm,EXP-002
hi,few_label_32_rand,0.7126860728535881,0.09784321154667246,25,0.3269581409658697,0.04090727072700782,0.0315086782376502,0.6861538461538461,0.4416484628958654,0.3138461538461539,0.04548223350253808,0.3138461538461539,False,False,0.7873403854712266,0.04949238578680203,0.04940711462450593,506,788,0.6081191447126317,en,target_fpr,,,0.3733333333333333,0.04637519236746357,0.050,0.05,toxicity,encoder_minilm,EXP-002
hi,few_label_64_strat,0.6630881664089927,0.12083011877224946,25,0.329582629226348,0.050760892843482515,0.048918558077436586,0.641025641025641,0.3751927092772007,0.358974358974359,0.06426395939086295,0.358974358974359,False,False,0.7873403854712266,0.04949238578680203,0.04940711462450593,506,788,0.6081191447126317,en,target_fpr,,,0.3733333333333333,0.04375070410698528,0.050,0.05,toxicity,encoder_minilm,EXP-002
hi,few_label_64_rand,0.7027511605880379,0.10098122811547462,25,0.32946724727614113,0.04293643039044742,0.035246995994659545,0.6758974358974359,0.4246771393381359,0.3241025641025641,0.049543147208121835,0.3241025641025641,False,False,0.7873403854712266,0.04949238578680203,0.04940711462450593,506,788,0.6081191447126317,en,target_fpr,,,0.3733333333333333,0.043866086057192166,0.050,0.05,toxicity,encoder_minilm,EXP-002
hi,few_label_128_strat,0.6887115585570146,0.06124332511145659,25,0.352748321898307,0.029105667304627977,0.03391188251001335,0.6533333333333333,0.388644318423739,0.34666666666666673,0.04939086294416245,0.34666666666666673,False,False,0.7873403854712266,0.04949238578680203,0.04940711462450593,506,788,0.6081191447126317,en,target_fpr,,,0.3733333333333333,0.02058501143502628,0.050,0.05,toxicity,encoder_minilm,EXP-002
hi,few_label_128_rand,0.7475520276841313,0.04998943841542975,25,0.3482145761907207,0.03442184758464253,0.0182109479305741,0.7117948717948718,0.4728916233095757,0.2882051282051282,0.0315736040609137,0.2882051282051282,False,False,0.7873403854712266,0.04949238578680203,0.04940711462450593,506,788,0.6081191447126317,en,target_fpr,,,0.3733333333333333,0.02511875714261258,0.050,0.05,toxicity,encoder_minilm,EXP-002
hi,few_label_256_strat,0.7185050707872678,0.028322212141816894,25,0.36810486254125513,0.009875603614110877,0.022696929238985312,0.6758974358974359,0.4364505623636059,0.3241025641025641,0.037614213197969544,0.3241025641025641,False,False,0.7873403854712266,0.04949238578680203,0.04940711462450593,506,788,0.6081191447126317,en,target_fpr,,,0.3733333333333333,0.005228470792078166,0.050,0.05,toxicity,encoder_minilm,EXP-002
hi,few_label_256_rand,0.7149238298962639,0.03534125016319365,25,0.3651973620673188,0.013495958003451096,0.02451268357810414,0.6717948717948719,0.4259883460774701,0.32820512820512815,0.039543147208121826,0.32820512820512815,False,False,0.7873403854712266,0.04949238578680203,0.04940711462450593,506,788,0.6081191447126317,en,target_fpr,,,0.3733333333333333,0.008135971266014508,0.050,0.05,toxicity,encoder_minilm,EXP-002
hi,target_full,0.6952956288249703,0.0,1,0.3733333333333333,0.0,0.029372496662216287,0.6410256410256411,0.3888888888888889,0.358974358974359,0.04568527918781726,0.358974358974359,False,False,0.7873403854712266,0.04949238578680203,0.04940711462450593,506,788,0.6081191447126317,en,target_fpr,0.22677623519804002,0.5089019189765458,0.3733333333333333,0.0,0.050,0.05,toxicity,encoder_minilm,EXP-002
hi,test_oracle_unachievable,0.6289743541878844,0.0,1,0.3636363636363636,0.0,0.044058744993324434,0.5897435897435898,0.32653061224489793,0.41025641025641024,0.06218274111675127,0.41025641025641024,False,False,0.7873403854712266,0.04949238578680203,0.04940711462450593,506,788,0.6081191447126317,en,target_fpr,,,0.3733333333333333,0.009696969696969704,0.050,0.05,toxicity,encoder_minilm,EXP-002
hin,fixed_half,0.5,0.0,1,0.16541353383458648,0.0,0.13971742543171115,0.6666666666666666,0.11,0.3333333333333333,0.14925373134328357,0.3333333333333333,False,False,0.6033966033966034,0.049253731343283584,0.04883227176220807,471,670,0.6081191447126317,en,target_fpr,,,0.11538461538461539,-0.050028918449971094,0.050,0.05,toxicity,encoder_minilm,EXP-002
hin,source_global,0.6081191447126317,0.0,1,0.14678899082568808,0.0,0.10675039246467818,0.7575757575757576,0.10526315789473684,0.24242424242424243,0.11343283582089553,0.24242424242424243,False,False,0.6033966033966034,0.049253731343283584,0.04883227176220807,471,670,0.6081191447126317,en,target_fpr,0.06382978723404255,0.23585561497326202,0.11538461538461539,-0.03140437544107269,0.050,0.05,toxicity,encoder_minilm,EXP-002
hin,pooled_global,0.8854514858423462,0.0,1,0.0851063829787234,0.0,0.018838304552590265,0.9393939393939394,0.14285714285714285,0.06060606060606061,0.020895522388059702,0.06060606060606061,False,False,0.6033966033966034,0.049253731343283584,0.04883227176220807,471,670,0.6081191447126317,en,target_fpr,,,0.11538461538461539,0.03027823240589199,0.050,0.05,toxicity,encoder_minilm,EXP-002
hin,worstcase_global,0.9763403359488547,0.0,1,0.0,0.0,0.0031397174254317113,1.0,0.0,0.0,0.0029850746268656717,0.0,True,False,0.6033966033966034,0.049253731343283584,0.04883227176220807,471,670,0.6081191447126317,en,target_fpr,,,0.11538461538461539,0.11538461538461539,0.050,0.05,toxicity,encoder_minilm,EXP-002
hin,quantile_match,0.6829103352549294,0.0,1,0.1348314606741573,0.0,0.07849293563579278,0.8181818181818182,0.10714285714285714,0.18181818181818182,0.08358208955223881,0.18181818181818182,False,False,0.6033966033966034,0.049253731343283584,0.04883227176220807,471,670,0.6081191447126317,en,target_fpr,,,0.11538461538461539,-0.01944684528954191,0.050,0.05,toxicity,encoder_minilm,EXP-002
hin,sld_em,0.7247560488857412,0.0,1,0.125,0.0,0.06593406593406594,0.8484848484848485,0.10638297872340426,0.15151515151515152,0.07014925373134329,0.15151515151515152,False,False,0.6033966033966034,0.049253731343283584,0.04883227176220807,471,670,0.6081191447126317,en,target_fpr,,,0.11538461538461539,-0.009615384615384609,0.050,0.05,toxicity,encoder_minilm,EXP-002
hin,bbse,0.48827428302638554,0.0,1,0.15942028985507248,0.0,0.14756671899529042,0.6666666666666666,0.10476190476190476,0.3333333333333333,0.15671641791044777,0.3333333333333333,False,False,0.6033966033966034,0.049253731343283584,0.04883227176220807,471,670,0.6081191447126317,en,target_fpr,,,0.11538461538461539,-0.04403567447045709,0.050,0.05,toxicity,encoder_minilm,EXP-002
hin,few_label_8_strat,0.5380340025881568,0.26728568958410437,25,0.12233879590283017,0.025072952673889027,0.17368916797488226,0.7127272727272728,0.11564747344930151,0.28727272727272724,0.17928358208955225,0.28727272727272724,False,False,0.6033966033966034,0.049253731343283584,0.04883227176220807,471,670,0.6081191447126317,en,target_fpr,,,0.11538461538461539,-0.006954180518214781,0.050,0.05,toxicity,encoder_minilm,EXP-002
hin,few_label_8_rand,0.6046402210893875,0.08868133464439437,25,0.14366459979972054,0.013646755397924865,0.1110204081632653,0.7551515151515151,0.10533288041584792,0.24484848484848484,0.11761194029850747,0.24484848484848484,False,False,0.6033966033966034,0.049253731343283584,0.04883227176220807,471,670,0.6081191447126317,en,target_fpr,,,0.11538461538461539,-0.028279984415105153,0.050,0.05,toxicity,encoder_minilm,EXP-002
hin,few_label_16_strat,0.7129308555817055,0.20936028235393986,25,0.11692465371606632,0.04197358754189751,0.08031397174254316,0.8193939393939393,0.1450631414476902,0.18060606060606058,0.08525373134328358,0.18060606060606058,False,False,0.6033966033966034,0.049253731343283584,0.04883227176220807,471,670,0.6081191447126317,en,target_fpr,,,0.11538461538461539,-0.0015400383314509297,0.050,0.05,toxicity,encoder_minilm,EXP-002
hin,few_label_16_rand,0.6493342346178457,0.1591611097495766,25,0.13642920205789935,0.020887621091270073,0.0965149136577708,0.7806060606060606,0.12509072023377543,0.21939393939393942,0.10256716417910447,0.21939393939393942,False,False,0.6033966033966034,0.049253731343283584,0.04883227176220807,471,670,0.6081191447126317,en,target_fpr,,,0.11538461538461539,-0.02104458667328396,0.050,0.05,toxicity,encoder_minilm,EXP-002
hin,few_label_32_strat,0.8504554689713657,0.1440554279663627,25,0.10554952110085322,0.04350184087505632,0.03196232339089482,0.895757575757576,0.20906312825069762,0.10424242424242426,0.035522388059701496,0.10424242424242426,False,False,0.6033966033966034,0.049253731343283584,0.04883227176220807,471,670,0.6081191447126317,en,target_fpr,,,0.11538461538461539,0.009835094283762169,0.050,0.05,toxicity,encoder_minilm,EXP-002
hin,few_label_32_rand,0.7808849765416762,0.13583010384616312,25,0.1139162091942797,0.024803491619310843,0.05080062794348508,0.8690909090909092,0.152913930741167,0.1309090909090909,0.05474626865671642,0.1309090909090909,False,False,0.6033966033966034,0.049253731343283584,0.04883227176220807,471,670,0.6081191447126317,en,target_fpr,,,0.11538461538461539,0.001468406190335697,0.050,0.05,toxicity,encoder_minilm,EXP-002
hin,few_label_64_strat,0.7911461292938159,0.1192246868698622,25,0.12179628972256726,0.01712718081286027,0.044395604395604395,0.8727272727272728,0.15475215178442767,0.12727272727272726,0.0484776119402985,0.12727272727272726,False,False,0.6033966033966034,0.049253731343283584,0.04883227176220807,471,670,0.6081191447126317,en,target_fpr,,,0.11538461538461539,-0.006411674337951867,0.050,0.05,toxicity,encoder_minilm,EXP-002
hin,few_label_64_rand,0.8794395717568747,0.08588198750454136,25,0.09882703875056542,0.02571785015078722,0.021287284144427,0.9224242424242425,0.21346804073119863,0.07757575757575758,0.024059701492537312,0.07757575757575758,False,False,0.6033966033966034,0.049253731343283584,0.04883227176220807,471,670,0.6081191447126317,en,target_fpr,,,0.11538461538461539,0.01655757663404997,0.050,0.05,toxicity,encoder_minilm,EXP-002
hin,few_label_128_strat,0.8180840386585068,0.07602646684883796,25,0.11682708352584881,0.010146101528460589,0.035416012558869704,0.8933333333333333,0.1539566159224342,0.10666666666666666,0.03892537313432836,0.10666666666666666,False,False,0.6033966033966034,0.049253731343283584,0.04883227176220807,471,670,0.6081191447126317,en,target_fpr,,,0.11538461538461539,-0.0014424681412334162,0.050,0.05,toxicity,encoder_minilm,EXP-002
hin,few_label_128_rand,0.8636592915476643,0.06120298653055206,25,0.10247091150496832,0.012604312433639978,0.023422291993720562,0.92,0.17693603591614948,0.08,0.0262089552238806,0.08,False,False,0.6033966033966034,0.049253731343283584,0.04883227176220807,471,670,0.6081191447126317,en,target_fpr,,,0.11538461538461539,0.012913703879647076,0.050,0.05,toxicity,encoder_minilm,EXP-002
hin,few_label_256_strat,0.842790446465256,0.011272046319339389,25,0.11507728410134399,0.0037968507422857394,0.025431711145996863,0.9090909090909091,0.15747187366409332,0.0909090909090909,0.02865671641791045,0.0909090909090909,False,False,0.6033966033966034,0.049253731343283584,0.04883227176220807,471,670,0.6081191447126317,en,target_fpr,,,0.11538461538461539,0.00030733128327140036,0.050,0.05,toxicity,encoder_minilm,EXP-002
hin,few_label_256_rand,0.8620795194826283,0.029396112981327535,25,0.1019174395610355,0.014051446402482787,0.022543171114599688,0.9224242424242425,0.15498573235596827,0.07757575757575758,0.02525373134328358,0.07757575757575758,False,False,0.6033966033966034,0.049253731343283584,0.04883227176220807,471,670,0.6081191447126317,en,target_fpr,,,0.11538461538461539,0.013467175823579897,0.050,0.05,toxicity,encoder_minilm,EXP-002
hin,target_full,0.8427087111598115,0.0,1,0.11538461538461539,0.0,0.02511773940345369,0.9090909090909091,0.15789473684210525,0.09090909090909091,0.028358208955223882,0.09090909090909091,False,False,0.6033966033966034,0.049253731343283584,0.04883227176220807,471,670,0.6081191447126317,en,target_fpr,0.0,0.2452738990332975,0.11538461538461539,0.0,0.050,0.05,toxicity,encoder_minilm,EXP-002
hin,test_oracle_unachievable,0.7874315323477206,0.0,1,0.12121212121212122,0.0,0.04552590266875981,0.8787878787878788,0.12121212121212122,0.12121212121212122,0.049253731343283584,0.12121212121212122,False,False,0.6033966033966034,0.049253731343283584,0.04883227176220807,471,670,0.6081191447126317,en,target_fpr,,,0.11538461538461539,-0.0058275058275058245,0.050,0.05,toxicity,encoder_minilm,EXP-002
it,fixed_half,0.5,0.0,1,0.17730496453900713,0.0,0.2825520833333333,0.375,0.10330578512396695,0.625,0.2995049504950495,0.625,False,False,0.6818033854166666,0.04950495049504951,0.04914933837429111,529,808,0.6081191447126317,en,target_fpr,,,0.24096385542168675,0.06365889088267962,0.050,0.05,toxicity,encoder_minilm,EXP-002
it,source_global,0.6081191447126317,0.0,1,0.18433179723502305,0.0,0.20442708333333334,0.5,0.11299435028248588,0.5,0.21905940594059406,0.5,False,False,0.6818033854166666,0.04950495049504951,0.04914933837429111,529,808,0.6081191447126317,en,target_fpr,0.11465225189318454,0.24413420152301069,0.24096385542168675,0.0566320581866637,0.050,0.05,toxicity,encoder_minilm,EXP-002
it,pooled_global,0.8851987054416302,0.0,1,0.24096385542168675,0.0,0.04296875,0.75,0.23255813953488372,0.25,0.053217821782178217,0.25,False,False,0.6818033854166666,0.04950495049504951,0.04914933837429111,529,808,0.6081191447126317,en,target_fpr,,,0.24096385542168675,0.0,0.050,0.05,toxicity,encoder_minilm,EXP-002
it,worstcase_global,0.9763403359488547,0.0,1,0.1276595744680851,0.0,0.005208333333333333,0.925,0.42857142857142855,0.075,0.008663366336633664,0.075,True,False,0.6818033854166666,0.04950495049504951,0.04914933837429111,529,808,0.6081191447126317,en,target_fpr,,,0.24096385542168675,0.11330428095360165,0.050,0.05,toxicity,encoder_minilm,EXP-002
it,quantile_match,0.7999246500680393,0.0,1,0.25,0.0,0.08463541666666667,0.625,0.1875,0.375,0.09900990099009901,0.375,False,False,0.6818033854166666,0.04950495049504951,0.04914933837429111,529,808,0.6081191447126317,en,target_fpr,,,0.24096385542168675,-0.009036144578313254,0.050,0.05,toxicity,encoder_minilm,EXP-002
it,sld_em,0.25763108976957605,0.0,1,0.11983471074380164,0.0,0.5403645833333334,0.275,0.06531531531531531,0.725,0.5495049504950495,0.725,False,False,0.6818033854166666,0.04950495049504951,0.04914933837429111,529,808,0.6081191447126317,en,target_fpr,,,0.24096385542168675,0.1211291446778851,0.050,0.05,toxicity,encoder_minilm,EXP-002
it,bbse,0.25319258765740216,0.0,1,0.1190965092402464,0.0,0.5442708333333334,0.275,0.06487695749440715,0.725,0.5532178217821783,0.725,False,False,0.6818033854166666,0.04950495049504951,0.04914933837429111,529,808,0.6081191447126317,en,target_fpr,,,0.24096385542168675,0.12186734618144035,0.050,0.05,toxicity,encoder_minilm,EXP-002
it,few_label_8_strat,0.731634838691997,0.17356759316503295,25,0.20662409443968033,0.044945179192204004,0.13625,0.622,0.177111004811822,0.37799999999999995,0.14821782178217824,0.37799999999999995,False,False,0.6818033854166666,0.04950495049504951,0.04914933837429111,529,808,0.6081191447126317,en,target_fpr,,,0.24096385542168675,0.03433976098200642,0.050,0.05,toxicity,encoder_minilm,EXP-002
it,few_label_8_rand,0.6419936297324557,0.07956062029678591,25,0.19222638824626237,0.017404866091696926,0.18270833333333333,0.53,0.12731092581280617,0.47,0.1969306930693069,0.47,False,False,0.6818033854166666,0.04950495049504951,0.04914933837429111,529,808,0.6081191447126317,en,target_fpr,,,0.24096385542168675,0.048737467175424376,0.050,0.05,toxicity,encoder_minilm,EXP-002
it,few_label_16_strat,0.808338758460248,0.1427392049436045,25,0.22337223912112147,0.02415432938027357,0.08713541666666666,0.6839999999999999,0.2237641367768439,0.316,0.09846534653465346,0.316,False,False,0.6818033854166666,0.04950495049504951,0.04914933837429111,529,808,0.6081191447126317,en,target_fpr,,,0.24096385542168675,0.01759161630056527,0.050,0.05,toxicity,encoder_minilm,EXP-002
it,few_label_16_rand,0.7604099017933269,0.1364982075715176,25,0.21103773202663606,0.025249537601712176,0.11510416666666667,0.6399999999999999,0.18035557851376108,0.36,0.12722772277227723,0.36,False,False,0.6818033854166666,0.04950495049504951,0.04914933837429111,529,808,0.6081191447126317,en,target_fpr,,,0.24096385542168675,0.029926123395050686,0.050,0.05,toxicity,encoder_minilm,EXP-002
it,few_label_32_strat,0.8966928721816455,0.07081382128939748,25,0.21496005749302316,0.040760362231796486,0.04010416666666666,0.7800000000000001,0.2790241132832875,0.22000000000000003,0.04900990099009901,0.22000000000000003,False,False,0.6818033854166666,0.04950495049504951,0.04914933837429111,529,808,0.6081191447126317,en,target_fpr,,,0.24096385542168675,0.026003797928663586,0.050,0.05,toxicity,encoder_minilm,EXP-002
it,few_label_32_rand,0.8495346846121964,0.1168022756801484,25,0.21655925736365916,0.034002993033181585,0.06635416666666666,0.7290000000000001,0.23754271987516137,0.271,0.0764851485148515,0.271,False,False,0.6818033854166666,0.04950495049504951,0.04914933837429111,529,808,0.6081191447126317,en,target_fpr,,,0.24096385542168675,0.024404598058027582,0.050,0.05,toxicity,encoder_minilm,EXP-002
it,few_label_64_strat,0.8904192169119692,0.07036163260516307,25,0.2302734743484531,0.016447685344212506,0.04255208333333333,0.7659999999999999,0.2580836128323352,0.23399999999999999,0.052029702970297034,0.23399999999999999,False,False,0.6818033854166666,0.04950495049504951,0.04914933837429111,529,808,0.6081191447126317,en,target_fpr,,,0.24096385542168675,0.01069038107323364,0.050,0.05,toxicity,encoder_minilm,EXP-002
it,few_label_64_rand,0.8883720552199154,0.08681728516862272,25,0.2271188101206727,0.01821690092836472,0.044635416666666664,0.7680000000000001,0.26249079736160785,0.23200000000000004,0.05391089108910892,0.23200000000000004,False,False,0.6818033854166666,0.04950495049504951,0.04914933837429111,529,808,0.6081191447126317,en,target_fpr,,,0.24096385542168675,0.013845045301014047,0.050,0.05,toxicity,encoder_minilm,EXP-002
it,few_label_128_strat,0.8609751619864368,0.045303049634923036,25,0.23682257130011553,0.011792358394776648,0.05494791666666667,0.723,0.2181495937823251,0.27699999999999997,0.06594059405940594,0.27699999999999997,False,False,0.6818033854166666,0.04950495049504951,0.04914933837429111,529,808,0.6081191447126317,en,target_fpr,,,0.24096385542168675,0.00414128412157122,0.050,0.05,toxicity,encoder_minilm,EXP-002
it,few_label_128_rand,0.8912619678369839,0.0369295725468201,25,0.2353319585615257,0.012710635536059615,0.040677083333333336,0.7609999999999999,0.24596189464522764,0.239,0.0504950495049505,0.239,False,False,0.6818033854166666,0.04950495049504951,0.04914933837429111,529,808,0.6081191447126317,en,target_fpr,,,0.24096385542168675,0.005631896860161051,0.050,0.05,toxicity,encoder_minilm,EXP-002
it,few_label_256_strat,0.8798202020716336,0.020172687061572533,25,0.23707008085846287,0.012709679454531646,0.04635416666666667,0.745,0.22485578399714787,0.255,0.056683168316831685,0.255,False,False,0.6818033854166666,0.04950495049504951,0.04914933837429111,529,808,0.6081191447126317,en,target_fpr,,,0.24096385542168675,0.003893774563223873,0.050,0.05,toxicity,encoder_minilm,EXP-002
it,few_label_256_rand,0.8996243824582103,0.02151613299926452,25,0.2369792927934405,0.009288382001461232,0.03645833333333333,0.7710000000000001,0.2518809843256885,0.229,0.04599009900990099,0.229,False,False,0.6818033854166666,0.04950495049504951,0.04914933837429111,529,808,0.6081191447126317,en,target_fpr,,,0.24096385542168675,0.003984562628246258,0.050,0.05,toxicity,encoder_minilm,EXP-002
it,target_full,0.8847105843081762,0.0,1,0.24096385542168675,0.0,0.04296875,0.75,0.23255813953488372,0.25,0.053217821782178217,0.25,False,False,0.6818033854166666,0.04950495049504951,0.04914933837429111,529,808,0.6081191447126317,en,target_fpr,0.134147440519106,0.3660340089316386,0.24096385542168675,0.0,0.050,0.05,toxicity,encoder_minilm,EXP-002
it,test_oracle_unachievable,0.8675140573361161,0.0,1,0.25287356321839083,0.0,0.046875,0.725,0.23404255319148937,0.275,0.05816831683168317,0.275,False,False,0.6818033854166666,0.04950495049504951,0.04914933837429111,529,808,0.6081191447126317,en,target_fpr,,,0.24096385542168675,-0.011909707796704083,0.050,0.05,toxicity,encoder_minilm,EXP-002
ja,fixed_half,0.5,0.0,1,0.1391941391941392,0.0,0.2812089356110381,0.525,0.0815450643776824,0.475,0.2908863920099875,0.475,False,False,0.6772503285151117,0.049937578027465665,0.048355899419729204,517,801,0.6081191447126317,en,target_fpr,,,0.2105263157894737,0.0713321765953345,0.050,0.05,toxicity,encoder_minilm,EXP-002
ja,source_global,0.6081191447126317,0.0,1,0.16000000000000003,0.0,0.18922470433639949,0.6,0.1,0.4,0.19975031210986266,0.4,False,False,0.6772503285151117,0.049937578027465665,0.048355899419729204,517,801,0.6081191447126317,en,target_fpr,0.0919510246286896,0.23082180449572964,0.2105263157894737,0.05052631578947367,0.050,0.05,toxicity,encoder_minilm,EXP-002
ja,pooled_global,0.8849962354604697,0.0,1,0.225,0.0,0.040735873850197106,0.775,0.225,0.225,0.049937578027465665,0.225,False,False,0.6772503285151117,0.049937578027465665,0.048355899419729204,517,801,0.6081191447126317,en,target_fpr,,,0.2105263157894737,-0.014473684210526305,0.050,0.05,toxicity,encoder_minilm,EXP-002
ja,worstcase_global,0.9763403359488547,0.0,1,0.13333333333333333,0.0,0.002628120893561104,0.925,0.6,0.075,0.006242197253433208,0.075,True,False,0.6772503285151117,0.049937578027465665,0.048355899419729204,517,801,0.6081191447126317,en,target_fpr,,,0.2105263157894737,0.07719298245614037,0.050,0.05,toxicity,encoder_minilm,EXP-002
ja,quantile_match,0.8051102185313151,0.0,1,0.19230769230769232,0.0,0.07095926412614981,0.75,0.15625,0.25,0.07990012484394507,0.25,False,False,0.6772503285151117,0.049937578027465665,0.048355899419729204,517,801,0.6081191447126317,en,target_fpr,,,0.2105263157894737,0.018218623481781382,0.050,0.05,toxicity,encoder_minilm,EXP-002
ja,sld_em,0.27726701799976927,0.0,1,0.13852813852813853,0.0,0.5124835742444153,0.2,0.07582938388625593,0.8,0.5268414481897628,0.8,False,False,0.6772503285151117,0.049937578027465665,0.048355899419729204,517,801,0.6081191447126317,en,target_fpr,,,0.2105263157894737,0.07199817726133517,0.050,0.05,toxicity,encoder_minilm,EXP-002
ja,bbse,0.264734576259344,0.0,1,0.13721413721413722,0.0,0.5361366622864652,0.175,0.07482993197278912,0.825,0.550561797752809,0.825,False,False,0.6772503285151117,0.049937578027465665,0.048355899419729204,517,801,0.6081191447126317,en,target_fpr,,,0.2105263157894737,0.07331217857533648,0.050,0.05,toxicity,encoder_minilm,EXP-002
ja,few_label_8_strat,0.697840630975102,0.20242578425051166,25,0.15925935897121168,0.031325773856523506,0.15936925098554533,0.667,0.14209464931348614,0.33299999999999996,0.16803995006242198,0.33299999999999996,False,False,0.6772503285151117,0.049937578027465665,0.048355899419729204,517,801,0.6081191447126317,en,target_fpr,,,0.2105263157894737,0.051266956818262016,0.050,0.05,toxicity,encoder_minilm,EXP-002
ja,few_label_8_rand,0.6686839208661902,0.10248718528540385,25,0.16614883046606488,0.019635346594629063,0.15442838370565046,0.649,0.12756957146905998,0.35100000000000003,0.16424469413233456,0.35100000000000003,False,False,0.6772503285151117,0.049937578027465665,0.048355899419729204,517,801,0.6081191447126317,en,target_fpr,,,0.2105263157894737,0.04437748532340882,0.050,0.05,toxicity,encoder_minilm,EXP-002
ja,few_label_16_strat,0.8279931814435565,0.13974192398719115,25,0.1574484310984295,0.0389046181172768,0.07363994743758212,0.79,0.19723261418907304,0.21,0.08044943820224719,0.21,False,False,0.6772503285151117,0.049937578027465665,0.048355899419729204,517,801,0.6081191447126317,en,target_fpr,,,0.2105263157894737,0.053077884691044214,0.050,0.05,toxicity,encoder_minilm,EXP-002
ja,few_label_16_rand,0.7337472850511115,0.14987135821879854,25,0.15075156697241807,0.02880403799192807,0.12204993429697769,0.7150000000000002,0.1453389355742297,0.28500000000000003,0.13018726591760296,0.28500000000000003,False,False,0.6772503285151117,0.049937578027465665,0.048355899419729204,517,801,0.6081191447126317,en,target_fpr,,,0.2105263157894737,0.059774748817055634,0.050,0.05,toxicity,encoder_minilm,EXP-002
ja,few_label_32_strat,0.8933434917740299,0.09055874066139441,25,0.1480435713962522,0.03473415533355511,0.03826544021024967,0.8530000000000001,0.23220397755250957,0.147,0.04369538077403246,0.147,False,False,0.6772503285151117,0.049937578027465665,0.048355899419729204,517,801,0.6081191447126317,en,target_fpr,,,0.2105263157894737,0.06248274439322149,0.050,0.05,toxicity,encoder_minilm,EXP-002
ja,few_label_32_rand,0.8649403127073789,0.10245222528552518,25,0.1567948620243217,0.03637024361801085,0.05203679369250985,0.823,0.19365944200003696,0.177,0.058277153558052436,0.177,False,False,0.6772503285151117,0.049937578027465665,0.048355899419729204,517,801,0.6081191447126317,en,target_fpr,,,0.2105263157894737,0.05373145376515201,0.050,0.05,toxicity,encoder_minilm,EXP-002
ja,few_label_64_strat,0.8860433893460986,0.03478170605294267,25,0.18715552503674218,0.03427543150701809,0.03973718791064389,0.814,0.2064640858328887,0.18599999999999997,0.04704119850187266,0.18599999999999997,False,False,0.6772503285151117,0.049937578027465665,0.048355899419729204,517,801,0.6081191447126317,en,target_fpr,,,0.2105263157894737,0.02337079075273152,0.050,0.05,toxicity,encoder_minilm,EXP-002
ja,few_label_64_rand,0.882881906900885,0.07031077464210463,25,0.16091840077692054,0.03747486490472439,0.042733245729303544,0.835,0.18688341625905128,0.165,0.048838951310861425,0.165,False,False,0.6772503285151117,0.049937578027465665,0.048355899419729204,517,801,0.6081191447126317,en,target_fpr,,,0.2105263157894737,0.049607915012553155,0.050,0.05,toxicity,encoder_minilm,EXP-002
ja,few_label_128_strat,0.8897054774676623,0.019337573325378613,25,0.19732485889958137,0.0225450100613045,0.03884362680683311,0.8079999999999998,0.20844815690788226,0.19199999999999995,0.046491885143570534,0.19199999999999995,False,False,0.6772503285151117,0.049937578027465665,0.048355899419729204,517,801,0.6081191447126317,en,target_fpr,,,0.2105263157894737,0.013201456889892327,0.050,0.05,toxicity,encoder_minilm,EXP-002
ja,few_label_128_rand,0.9046247305356999,0.020923601403725678,25,0.1684680042714951,0.04230553141131902,0.03306176084099868,0.846,0.1958101363245365,0.154,0.03910112359550562,0.154,False,False,0.6772503285151117,0.049937578027465665,0.048355899419729204,517,801,0.6081191447126317,en,target_fpr,,,0.2105263157894737,0.04205831151797859,0.050,0.05,toxicity,encoder_minilm,EXP-002
ja,few_label_256_strat,0.8897290988684532,0.01099502416791146,25,0.2010157591804887,0.015302806004472591,0.038370565045992115,0.8059999999999999,0.20967886716690598,0.19399999999999998,0.04614232209737827,0.19399999999999998,False,False,0.6772503285151117,0.049937578027465665,0.048355899419729204,517,801,0.6081191447126317,en,target_fpr,,,0.2105263157894737,0.009510556608985005,0.050,0.05,toxicity,encoder_minilm,EXP-002
ja,few_label_256_rand,0.9027630657715242,0.01764630111692909,25,0.18160887403896034,0.04105526019726345,0.033587385019710904,0.8320000000000001,0.20516850035183687,0.168,0.0402996254681648,0.168,False,False,0.6772503285151117,0.049937578027465665,0.048355899419729204,517,801,0.6081191447126317,en,target_fpr,,,0.2105263157894737,0.028917441750513362,0.050,0.05,toxicity,encoder_minilm,EXP-002
ja,target_full,0.8895776372848404,0.0,1,0.2105263157894737,0.0,0.03679369250985545,0.8,0.2222222222222222,0.2,0.0449438202247191,0.2,False,False,0.6772503285151117,0.049937578027465665,0.048355899419729204,517,801,0.6081191447126317,en,target_fpr,0.08955223880597014,0.3239467408585055,0.2105263157894737,0.0,0.050,0.05,toxicity,encoder_minilm,EXP-002
ja,test_oracle_unachievable,0.8734549343235325,0.0,1,0.2195121951219512,0.0,0.04336399474375821,0.775,0.21428571428571427,0.225,0.052434456928838954,0.225,False,False,0.6772503285151117,0.049937578027465665,0.048355899419729204,517,801,0.6081191447126317,en,target_fpr,,,0.2105263157894737,-0.008985879332477492,0.050,0.05,toxicity,encoder_minilm,EXP-002
ru,fixed_half,0.5,0.0,1,0.3,0.0,0.21550591327201052,0.1,0.18,0.9,0.24968789013732834,0.9,False,False,0.9125492772667543,0.049937578027465665,0.048355899419729204,517,801,0.6081191447126317,en,target_fpr,,,0.5054945054945055,0.20549450549450549,0.050,0.05,toxicity,encoder_minilm,EXP-002
ru,source_global,0.6081191447126317,0.0,1,0.3541666666666667,0.0,0.15505913272010513,0.15,0.2236842105263158,0.85,0.18976279650436953,0.85,False,False,0.9125492772667543,0.049937578027465665,0.048355899419729204,517,801,0.6081191447126317,en,target_fpr,0.25785737758790667,0.43008054772452675,0.5054945054945055,0.1513278388278388,0.050,0.05,toxicity,encoder_minilm,EXP-002
ru,pooled_global,0.8852945233326545,0.0,1,0.5111111111111112,0.0,0.035479632063074903,0.425,0.46,0.575,0.062421972534332085,0.575,False,False,0.9125492772667543,0.049937578027465665,0.048355899419729204,517,801,0.6081191447126317,en,target_fpr,,,0.5054945054945055,-0.005616605616605708,0.050,0.05,toxicity,encoder_minilm,EXP-002
ru,worstcase_global,0.9763403359488547,0.0,1,0.3461538461538462,0.0,0.003942181340341655,0.775,0.75,0.225,0.0149812734082397,0.225,False,False,0.9125492772667543,0.049937578027465665,0.048355899419729204,517,801,0.6081191447126317,en,target_fpr,,,0.5054945054945055,0.15934065934065927,0.050,0.05,toxicity,encoder_minilm,EXP-002
ru,quantile_match,0.8429368623789011,0.0,1,0.5000000000000001,0.0,0.04993429697766097,0.35,0.40625,0.65,0.07990012484394507,0.65,False,False,0.9125492772667543,0.049937578027465665,0.048355899419729204,517,801,0.6081191447126317,en,target_fpr,,,0.5054945054945055,0.005494505494505364,0.050,0.05,toxicity,encoder_minilm,EXP-002
ru,sld_em,0.21395563434958087,0.0,1,0.15966386554621848,0.0,0.5229960578186597,0.05,0.0871559633027523,0.95,0.5443196004993758,0.95,False,False,0.9125492772667543,0.049937578027465665,0.048355899419729204,517,801,0.6081191447126317,en,target_fpr,,,0.5054945054945055,0.345830639948287,0.050,0.05,toxicity,encoder_minilm,EXP-002
ru,bbse,0.2489172440767768,0.0,1,0.167420814479638,0.0,0.47963206307490147,0.075,0.09203980099502487,0.925,0.50187265917603,0.925,False,False,0.9125492772667543,0.049937578027465665,0.048355899419729204,517,801,0.6081191447126317,en,target_fpr,,,0.5054945054945055,0.3380736910148675,0.050,0.05,toxicity,encoder_minilm,EXP-002
ru,few_label_8_strat,0.7288486891469248,0.19285498477247165,25,0.42204111856575416,0.09537568064940873,0.11201051248357423,0.303,0.34903379236992393,0.6970000000000001,0.14122347066167293,0.6970000000000001,False,False,0.9125492772667543,0.049937578027465665,0.048355899419729204,517,801,0.6081191447126317,en,target_fpr,,,0.5054945054945055,0.08345338692875132,0.050,0.05,toxicity,encoder_minilm,EXP-002
ru,few_label_8_rand,0.6725364974709467,0.12312835053777942,25,0.38221247299066846,0.05403877896639566,0.12730617608409986,0.225,0.28787583309185744,0.775,0.15965043695380773,0.775,False,False,0.9125492772667543,0.049937578027465665,0.048355899419729204,517,801,0.6081191447126317,en,target_fpr,,,0.5054945054945055,0.12328203250383701,0.050,0.05,toxicity,encoder_minilm,EXP-002
ru,few_label_16_strat,0.8158014476822736,0.11380943214065753,25,0.46446042998168413,0.055400365505293536,0.06254927726675427,0.37000000000000005,0.40453535219797937,0.63,0.09088639200998751,0.63,False,False,0.9125492772667543,0.049937578027465665,0.048355899419729204,517,801,0.6081191447126317,en,target_fpr,,,0.5054945054945055,0.041034075512821344,0.050,0.05,toxicity,encoder_minilm,EXP-002
ru,few_label_16_rand,0.740691486369152,0.147845720784561,25,0.40694355946481475,0.08347111414912843,0.0980814717477004,0.30800000000000005,0.36251820697927833,0.6920000000000001,0.12774032459425716,0.6920000000000001,False,False,0.9125492772667543,0.049937578027465665,0.048355899419729204,517,801,0.6081191447126317,en,target_fpr,,,0.5054945054945055,0.09855094602969072,0.050,0.05,toxicity,encoder_minilm,EXP-002
ru,few_label_32_strat,0.9037208634449921,0.06567091211316724,25,0.49313271996426045,0.02835015088917132,0.02980289093298292,0.493,0.5155480082810677,0.507,0.053632958801498126,0.507,False,False,0.9125492772667543,0.049937578027465665,0.048355899419729204,517,801,0.6081191447126317,en,target_fpr,,,0.5054945054945055,0.012361785530245029,0.050,0.05,toxicity,encoder_minilm,EXP-002
ru,few_label_32_rand,0.8092812813625626,0.13604533137024644,25,0.4594545060775602,0.07075840539405381,0.06875164257555848,0.366,0.41486762240872693,0.634,0.09697877652933834,0.634,False,False,0.9125492772667543,0.049937578027465665,0.048355899419729204,517,801,0.6081191447126317,en,target_fpr,,,0.5054945054945055,0.046039999416945254,0.050,0.05,toxicity,encoder_minilm,EXP-002
ru,few_label_64_strat,0.8837871268795041,0.06515393264400161,25,0.49387634344376863,0.02743753557138819,0.0364257555847569,0.45099999999999996,0.47859641901712435,0.549,0.06202247191011237,0.549,False,False,0.9125492772667543,0.049937578027465665,0.048355899419729204,517,801,0.6081191447126317,en,target_fpr,,,0.5054945054945055,0.011618162050736847,0.050,0.05,toxicity,encoder_minilm,EXP-002
ru,few_label_64_rand,0.8795402624648908,0.042138108523968106,25,0.5069619353245349,0.02013761289703054,0.036320630749014454,0.428,0.46794023756744124,0.5720000000000001,0.06307116104868914,0.5720000000000001,False,False,0.9125492772667543,0.049937578027465665,0.048355899419729204,517,801,0.6081191447126317,en,target_fpr,,,0.5054945054945055,-0.0014674298300294542,0.050,0.05,toxicity,encoder_minilm,EXP-002
ru,few_label_128_strat,0.8709102788291639,0.0340388630978264,25,0.5078246247737565,0.013693047428187157,0.039053876478318005,0.4089999999999999,0.4525214720054962,0.5910000000000001,0.0666167290886392,0.5910000000000001,False,False,0.9125492772667543,0.049937578027465665,0.048355899419729204,517,801,0.6081191447126317,en,target_fpr,,,0.5054945054945055,-0.002330119279250975,0.050,0.05,toxicity,encoder_minilm,EXP-002
ru,few_label_128_rand,0.898636779066679,0.0468919741048791,25,0.501179642962077,0.02596190208659651,0.030801576872536134,0.4709999999999999,0.4937617556164388,0.529,0.055680399500624214,0.529,False,False,0.9125492772667543,0.049937578027465665,0.048355899419729204,517,801,0.6081191447126317,en,target_fpr,,,0.5054945054945055,0.004314862532428521,0.050,0.05,toxicity,encoder_minilm,EXP-002
ru,few_label_256_strat,0.8847758650662122,0.012682628565400108,25,0.5136573760202201,0.0054121956703769274,0.03400788436268068,0.431,0.46952659952618214,0.569,0.06072409488139825,0.569,False,False,0.9125492772667543,0.049937578027465665,0.048355899419729204,517,801,0.6081191447126317,en,target_fpr,,,0.5054945054945055,-0.008162870525714627,0.050,0.05,toxicity,encoder_minilm,EXP-002
ru,few_label_256_rand,0.8905513244664447,0.017694626049905418,25,0.5196706262213773,0.01227844895748204,0.031747700394218134,0.43700000000000006,0.48590077518874103,0.563,0.05827715355805243,0.563,False,False,0.9125492772667543,0.049937578027465665,0.048355899419729204,517,801,0.6081191447126317,en,target_fpr,,,0.5054945054945055,-0.0141761207268718,0.050,0.05,toxicity,encoder_minilm,EXP-002
ru,target_full,0.8796536486931481,0.0,1,0.5054945054945055,0.0,0.03679369250985545,0.425,0.45098039215686275,0.575,0.06367041198501873,0.575,False,False,0.9125492772667543,0.049937578027465665,0.048355899419729204,517,801,0.6081191447126317,en,target_fpr,0.3672535211267606,0.6224423480083858,0.5054945054945055,0.0,0.050,0.05,toxicity,encoder_minilm,EXP-002
ru,test_oracle_unachievable,0.8499544701493356,0.0,1,0.5098039215686274,0.0,0.04730617608409987,0.35,0.41935483870967744,0.65,0.07740324594257178,0.65,False,False,0.9125492772667543,0.049937578027465665,0.048355899419729204,517,801,0.6081191447126317,en,target_fpr,,,0.5054945054945055,-0.004309416074121941,0.050,0.05,toxicity,encoder_minilm,EXP-002
tt,fixed_half,0.5,0.0,1,0.10465116279069768,0.0,0.5976095617529881,0.3076923076923077,0.05660377358490566,0.6923076923076923,0.6022727272727273,0.6923076923076923,False,False,0.5543637416147377,0.04924242424242424,0.04878048780487805,574,792,0.6081191447126317,en,target_fpr,,,0.15384615384615385,0.049194991055456175,0.050,0.05,toxicity,encoder_minilm,EXP-002
tt,source_global,0.6081191447126317,0.0,1,0.10208816705336428,0.0,0.4913678618857902,0.4358974358974359,0.05612244897959184,0.5641025641025641,0.494949494949495,0.5641025641025641,False,False,0.5543637416147377,0.04924242424242424,0.04878048780487805,574,792,0.6081191447126317,en,target_fpr,0.064208290859667,0.1441709355055425,0.15384615384615385,0.051757986792789576,0.050,0.05,toxicity,encoder_minilm,EXP-002
tt,pooled_global,0.8549003417656621,0.0,1,0.09909909909909909,0.0,0.22841965471447542,0.717948717948718,0.060109289617486336,0.28205128205128205,0.23106060606060605,0.28205128205128205,False,False,0.5543637416147377,0.04924242424242424,0.04878048780487805,574,792,0.6081191447126317,en,target_fpr,,,0.15384615384615385,0.05474705474705477,0.050,0.05,toxicity,encoder_minilm,EXP-002
tt,worstcase_global,0.9662042435101741,0.0,1,0.14457831325301204,0.0,0.05046480743691899,0.8461538461538461,0.13636363636363635,0.15384615384615385,0.05555555555555555,0.15384615384615385,False,False,0.5543637416147377,0.04924242424242424,0.04878048780487805,574,792,0.6081191447126317,en,target_fpr,,,0.15384615384615385,0.009267840593141813,0.050,0.05,toxicity,encoder_minilm,EXP-002
tt,quantile_match,0.9480691153074421,0.0,1,0.13084112149532712,0.0,0.08100929614873838,0.8205128205128205,0.10294117647058823,0.1794871794871795,0.08585858585858586,0.1794871794871795,False,False,0.5543637416147377,0.04924242424242424,0.04878048780487805,574,792,0.6081191447126317,en,target_fpr,,,0.15384615384615385,0.023005032350826737,0.050,0.05,toxicity,encoder_minilm,EXP-002
tt,sld_em,0.033469587388430776,0.0,1,0.09454545454545454,0.0,0.9920318725099602,0.0,0.04961832061068702,1.0,0.9924242424242424,1.0,True,False,0.5543637416147377,0.04924242424242424,0.04878048780487805,574,792,0.6081191447126317,en,target_fpr,,,0.15384615384615385,0.05930069930069931,0.050,0.05,toxicity,encoder_minilm,EXP-002
tt,bbse,0.09050517806634242,0.0,1,0.095,0.0,0.9601593625498008,0.02564102564102564,0.04993429697766097,0.9743589743589743,0.9608585858585859,0.9743589743589743,True,False,0.5543637416147377,0.04924242424242424,0.04878048780487805,574,792,0.6081191447126317,en,target_fpr,,,0.15384615384615385,0.058846153846153854,0.050,0.05,toxicity,encoder_minilm,EXP-002
tt,few_label_8_strat,0.8729115019097755,0.16625902075608986,25,0.11247748270075769,0.03622928297851157,0.1656308100929615,0.7620512820512821,0.14545580700357463,0.23794871794871797,0.1691919191919192,0.23794871794871797,False,False,0.5543637416147377,0.04924242424242424,0.04878048780487805,574,792,0.6081191447126317,en,target_fpr,,,0.15384615384615385,0.04136867114539616,0.050,0.05,toxicity,encoder_minilm,EXP-002
tt,few_label_8_rand,0.7954195453328482,0.16037984430445365,25,0.11126228249924208,0.017800132798411132,0.2695883134130146,0.6584615384615385,0.09019912401884732,0.34153846153846146,0.27313131313131317,0.34153846153846146,False,False,0.5543637416147377,0.04924242424242424,0.04878048780487805,574,792,0.6081191447126317,en,target_fpr,,,0.15384615384615385,0.04258387134691177,0.050,0.05,toxicity,encoder_minilm,EXP-002
tt,few_label_16_strat,0.9318810531778111,0.06921639480117307,25,0.11024586688744104,0.04083738473356933,0.09938911022576362,0.8307692307692308,0.14353817489770795,0.16923076923076918,0.10282828282828282,0.16923076923076918,False,False,0.5543637416147377,0.04924242424242424,0.04878048780487805,574,792,0.6081191447126317,en,target_fpr,,,0.15384615384615385,0.04360028695871282,0.050,0.05,toxicity,encoder_minilm,EXP-002
tt,few_label_16_rand,0.8057545798124568,0.17676621309089502,25,0.11658990636111712,0.026393739338149366,0.24754316069057103,0.6738461538461539,0.1444859618469298,0.3261538461538461,0.2514141414141414,0.3261538461538461,False,False,0.5543637416147377,0.04924242424242424,0.04878048780487805,574,792,0.6081191447126317,en,target_fpr,,,0.15384615384615385,0.03725624748503674,0.050,0.05,toxicity,encoder_minilm,EXP-002
tt,few_label_32_strat,0.9740885772510515,0.016632695199292634,25,0.11321569847314544,0.041853383609115495,0.03330677290836653,0.8933333333333334,0.17613479934777984,0.10666666666666665,0.036919191919191914,0.10666666666666665,False,False,0.5543637416147377,0.04924242424242424,0.04878048780487805,574,792,0.6081191447126317,en,target_fpr,,,0.15384615384615385,0.04063045537300841,0.050,0.05,toxicity,encoder_minilm,EXP-002
tt,few_label_32_rand,0.913902277229797,0.13401047942532623,25,0.12237578396919911,0.03011930497667959,0.10974767596281541,0.8082051282051284,0.19354975392433865,0.19179487179487176,0.11378787878787879,0.19179487179487176,False,False,0.5543637416147377,0.04924242424242424,0.04878048780487805,574,792,0.6081191447126317,en,target_fpr,,,0.15384615384615385,0.03147036987695474,0.050,0.05,toxicity,encoder_minilm,EXP-002
tt,few_label_64_strat,0.9755895091205166,0.01260448446174644,25,0.11793534752145449,0.03231502129833766,0.02905710491367862,0.8953846153846153,0.24065086120503157,0.10461538461538461,0.032777777777777774,0.10461538461538461,False,False,0.5543637416147377,0.04924242424242424,0.04878048780487805,574,792,0.6081191447126317,en,target_fpr,,,0.15384615384615385,0.03591080632469937,0.050,0.05,toxicity,encoder_minilm,EXP-002
tt,few_label_64_rand,0.9469421579389946,0.1003590129605383,25,0.12313930444008392,0.027880589875092544,0.06416998671978752,0.8574358974358975,0.18381431291703948,0.14256410256410257,0.06803030303030302,0.14256410256410257,False,False,0.5543637416147377,0.04924242424242424,0.04878048780487805,574,792,0.6081191447126317,en,target_fpr,,,0.15384615384615385,0.030706849406069936,0.050,0.05,toxicity,encoder_minilm,EXP-002
tt,few_label_128_strat,0.97493668481631,0.008638930596551943,25,0.12742893263117486,0.02645583512073955,0.02905710491367862,0.8902564102564102,0.18746843269390914,0.10974358974358975,0.03303030303030303,0.10974358974358975,False,False,0.5543637416147377,0.04924242424242424,0.04878048780487805,574,792,0.6081191447126317,en,target_fpr,,,0.15384615384615385,0.026417221214978998,0.050,0.05,toxicity,encoder_minilm,EXP-002
tt,few_label_128_rand,0.9769337014090936,0.00421428606116508,25,0.14017354908539115,0.02328996105332683,0.024488711819389112,0.8871794871794872,0.2013326018255686,0.11282051282051282,0.02883838383838384,0.11282051282051282,False,False,0.5543637416147377,0.04924242424242424,0.04878048780487805,574,792,0.6081191447126317,en,target_fpr,,,0.15384615384615385,0.013672604760762708,0.050,0.05,toxicity,encoder_minilm,EXP-002
tt,few_label_256_strat,0.9755532254049903,0.0034065043518107735,25,0.14589483440297732,0.010836964490614871,0.027835325365205846,0.8789743589743592,0.18994194750482785,0.121025641025641,0.032424242424242425,0.121025641025641,False,False,0.5543637416147377,0.04924242424242424,0.04878048780487805,574,792,0.6081191447126317,en,target_fpr,,,0.15384615384615385,0.007951319443176535,0.050,0.05,toxicity,encoder_minilm,EXP-002
tt,few_label_256_rand,0.9768678398586698,0.0032952701096506196,25,0.14189755469243118,0.020633815506318726,0.024648074369189903,0.8861538461538463,0.19882098729157552,0.11384615384615383,0.02904040404040404,0.11384615384615383,False,False,0.5543637416147377,0.04924242424242424,0.04878048780487805,574,792,0.6081191447126317,en,target_fpr,,,0.15384615384615385,0.011948599153722678,0.050,0.05,toxicity,encoder_minilm,EXP-002
tt,target_full,0.9763403359488547,0.0,1,0.15384615384615385,0.0,0.027888446215139442,0.8717948717948718,0.19230769230769232,0.1282051282051282,0.03282828282828283,0.1282051282051282,False,False,0.5543637416147377,0.04924242424242424,0.04878048780487805,574,792,0.6081191447126317,en,target_fpr,0.03636363636363637,0.2742546333601934,0.15384615384615385,0.0,0.050,0.05,toxicity,encoder_minilm,EXP-002
tt,test_oracle_unachievable,0.9679133593111741,0.0,1,0.1518987341772152,0.0,0.0451527224435591,0.8461538461538461,0.15,0.15384615384615385,0.050505050505050504,0.15384615384615385,False,False,0.5543637416147377,0.04924242424242424,0.04878048780487805,574,792,0.6081191447126317,en,target_fpr,,,0.15384615384615385,0.0019474196689386603,0.050,0.05,toxicity,encoder_minilm,EXP-002
uk,fixed_half,0.5,0.0,1,0.2007168458781362,0.0,0.2776315789473684,0.3,0.11715481171548117,0.7,0.29875,0.7,False,False,0.8005921052631579,0.05,0.04887218045112782,532,800,0.6081191447126317,en,target_fpr,,,0.2195121951219512,0.018795349243814985,0.050,0.05,toxicity,encoder_minilm,EXP-002
uk,source_global,0.6081191447126317,0.0,1,0.23111111111111113,0.0,0.20921052631578949,0.35,0.14054054054054055,0.65,0.23125,0.65,False,False,0.8005921052631579,0.05,0.04887218045112782,532,800,0.6081191447126317,en,target_fpr,0.16152103999637632,0.30485159086055946,0.2195121951219512,-0.011598915989159936,0.050,0.05,toxicity,encoder_minilm,EXP-002
uk,pooled_global,0.8848166388680252,0.0,1,0.2298850574712644,0.0,0.04868421052631579,0.75,0.2127659574468085,0.25,0.05875,0.25,False,False,0.8005921052631579,0.05,0.04887218045112782,532,800,0.6081191447126317,en,target_fpr,,,0.2195121951219512,-0.0103728623493132,0.050,0.05,toxicity,encoder_minilm,EXP-002
uk,worstcase_global,0.9763403359488547,0.0,1,0.1739130434782609,0.0,0.002631578947368421,0.9,0.6666666666666666,0.1,0.0075,0.1,True,False,0.8005921052631579,0.05,0.04887218045112782,532,800,0.6081191447126317,en,target_fpr,,,0.2195121951219512,0.0455991516436903,0.050,0.05,toxicity,encoder_minilm,EXP-002
uk,quantile_match,0.832257882849989,0.0,1,0.2162162162162162,0.0,0.07763157894736843,0.7,0.16901408450704225,0.3,0.08875,0.3,False,False,0.8005921052631579,0.05,0.04887218045112782,532,800,0.6081191447126317,en,target_fpr,,,0.2195121951219512,0.003295978905734992,0.050,0.05,toxicity,encoder_minilm,EXP-002
uk,sld_em,0.24842658001053622,0.0,1,0.15948275862068964,0.0,0.5092105263157894,0.075,0.08726415094339622,0.925,0.53,0.925,False,False,0.8005921052631579,0.05,0.04887218045112782,532,800,0.6081191447126317,en,target_fpr,,,0.2195121951219512,0.06002943650126155,0.050,0.05,toxicity,encoder_minilm,EXP-002
uk,bbse,0.27079343713833837,0.0,1,0.163716814159292,0.0,0.4934210526315789,0.075,0.08980582524271845,0.925,0.515,0.925,False,False,0.8005921052631579,0.05,0.04887218045112782,532,800,0.6081191447126317,en,target_fpr,,,0.2195121951219512,0.05579538096265918,0.050,0.05,toxicity,encoder_minilm,EXP-002
uk,few_label_8_strat,0.6872289874927603,0.16964716840383923,25,0.217408542028658,0.023345068600299713,0.16573684210526315,0.505,0.19610175917095973,0.495,0.18220000000000003,0.495,False,False,0.8005921052631579,0.05,0.04887218045112782,532,800,0.6081191447126317,en,target_fpr,,,0.2195121951219512,0.0021036530932931896,0.050,0.05,toxicity,encoder_minilm,EXP-002
uk,few_label_8_rand,0.6629732821504577,0.11041013744212982,25,0.22793742176812398,0.008754631995621312,0.17700000000000002,0.43999999999999995,0.15510728627028966,0.56,0.19615000000000002,0.56,False,False,0.8005921052631579,0.05,0.04887218045112782,532,800,0.6081191447126317,en,target_fpr,,,0.2195121951219512,-0.00842522664617279,0.050,0.05,toxicity,encoder_minilm,EXP-002
uk,few_label_16_strat,0.8154282813742111,0.17493401382353937,25,0.2135884351560611,0.041676629722879235,0.09221052631578948,0.667,0.3309491137650014,0.33299999999999996,0.10425,0.33299999999999996,False,False,0.8005921052631579,0.05,0.04887218045112782,532,800,0.6081191447126317,en,target_fpr,,,0.2195121951219512,0.005923759965890091,0.050,0.05,toxicity,encoder_minilm,EXP-002
uk,few_label_16_rand,0.7736252251564821,0.1551348073869226,25,0.21926207937889916,0.030679140754632343,0.11389473684210527,0.595,0.2913088526666553,0.405,0.12845,0.405,False,False,0.8005921052631579,0.05,0.04887218045112782,532,800,0.6081191447126317,en,target_fpr,,,0.2195121951219512,0.00025011574305203177,0.050,0.05,toxicity,encoder_minilm,EXP-002
uk,few_label_32_strat,0.9236323917884353,0.08392126104619642,25,0.17741920205222195,0.06661474719968694,0.03094736842105263,0.826,0.5671463073434099,0.17400000000000002,0.0381,0.17400000000000002,False,False,0.8005921052631579,0.05,0.04887218045112782,532,800,0.6081191447126317,en,target_fpr,,,0.2195121951219512,0.042092993069729245,0.050,0.05,toxicity,encoder_minilm,EXP-002
uk,few_label_32_rand,0.8115931921694269,0.14659310211504895,25,0.22685112746664374,0.0286299114466863,0.09152631578947369,0.645,0.28520476773111303,0.3550000000000001,0.1047,0.3550000000000001,False,False,0.8005921052631579,0.05,0.04887218045112782,532,800,0.6081191447126317,en,target_fpr,,,0.2195121951219512,-0.007338932344692545,0.050,0.05,toxicity,encoder_minilm,EXP-002
uk,few_label_64_strat,0.8999047391473529,0.07369927914064173,25,0.22141406968710522,0.03316603734403911,0.040105263157894734,0.7759999999999999,0.37360102906899123,0.22399999999999998,0.0493,0.22399999999999998,False,False,0.8005921052631579,0.05,0.04887218045112782,532,800,0.6081191447126317,en,target_fpr,,,0.2195121951219512,-0.0019018745651540325,0.050,0.05,toxicity,encoder_minilm,EXP-002
uk,few_label_64_rand,0.8961025924626486,0.0812652120303862,25,0.22629153438745944,0.02842694027870107,0.042368421052631576,0.7659999999999999,0.3265549296127541,0.23399999999999999,0.051949999999999996,0.23399999999999999,False,False,0.8005921052631579,0.05,0.04887218045112782,532,800,0.6081191447126317,en,target_fpr,,,0.2195121951219512,-0.00677933926550825,0.050,0.05,toxicity,encoder_minilm,EXP-002
uk,few_label_128_strat,0.8652649575836616,0.05071930101912528,25,0.23118729086321047,0.009011812560160393,0.057,0.727,0.22066712313829273,0.273,0.0678,0.273,False,False,0.8005921052631579,0.05,0.04887218045112782,532,800,0.6081191447126317,en,target_fpr,,,0.2195121951219512,-0.011675095741259273,0.050,0.05,toxicity,encoder_minilm,EXP-002
uk,few_label_128_rand,0.8984207211127848,0.035088438276908065,25,0.2312578455305699,0.01052294340817056,0.03947368421052631,0.7720000000000001,0.26014016461245215,0.22800000000000004,0.0489,0.22800000000000004,False,False,0.8005921052631579,0.05,0.04887218045112782,532,800,0.6081191447126317,en,target_fpr,,,0.2195121951219512,-0.011745650408618719,0.050,0.05,toxicity,encoder_minilm,EXP-002
uk,few_label_256_strat,0.8889334415787,0.032787744074954946,25,0.23333461032495162,0.010294417754504966,0.04557894736842106,0.754,0.23259215600100713,0.24600000000000002,0.0556,0.24600000000000002,False,False,0.8005921052631579,0.05,0.04887218045112782,532,800,0.6081191447126317,en,target_fpr,,,0.2195121951219512,-0.013822415203000427,0.050,0.05,toxicity,encoder_minilm,EXP-002
uk,few_label_256_rand,0.8971663065913925,0.024700834249810157,25,0.23141501662790046,0.00826810834891723,0.040736842105263155,0.768,0.240702203758077,0.23199999999999998,0.05029999999999999,0.23199999999999998,False,False,0.8005921052631579,0.05,0.04887218045112782,532,800,0.6081191447126317,en,target_fpr,,,0.2195121951219512,-0.011902821505949263,0.050,0.05,toxicity,encoder_minilm,EXP-002
uk,target_full,0.8964086607426514,0.0,1,0.2195121951219512,0.0,0.04342105263157895,0.775,0.21428571428571427,0.225,0.0525,0.225,False,False,0.8005921052631579,0.05,0.04887218045112782,532,800,0.6081191447126317,en,target_fpr,0.0977200318598168,0.3452745849297574,0.2195121951219512,0.0,0.050,0.05,toxicity,encoder_minilm,EXP-002
uk,test_oracle_unachievable,0.8873436140298442,0.0,1,0.23529411764705882,0.0,0.046052631578947366,0.75,0.2222222222222222,0.25,0.05625,0.25,False,False,0.8005921052631579,0.05,0.04887218045112782,532,800,0.6081191447126317,en,target_fpr,,,0.2195121951219512,-0.015781922525107628,0.050,0.05,toxicity,encoder_minilm,EXP-002
zh,fixed_half,0.5,0.0,1,0.09003215434083602,0.0,0.3421750663129973,0.6410256410256411,0.051470588235294115,0.358974358974359,0.34300126103404793,0.358974358974359,False,False,0.5158471060327824,0.04918032786885246,0.04896421845574388,531,793,0.6081191447126317,en,target_fpr,,,0.1111111111111111,0.02107895677027509,0.050,0.05,toxicity,encoder_minilm,EXP-002
zh,source_global,0.6081191447126317,0.0,1,0.09128630705394192,0.0,0.253315649867374,0.717948717948718,0.054455445544554455,0.28205128205128205,0.2547288776796974,0.28205128205128205,False,False,0.5158471060327824,0.04918032786885246,0.04896421845574388,531,793,0.6081191447126317,en,target_fpr,0.042822163530318036,0.1455353126405758,0.1111111111111111,0.019824804057169187,0.050,0.05,toxicity,encoder_minilm,EXP-002
zh,pooled_global,0.8816346632654792,0.0,1,0.0808080808080808,0.0,0.07427055702917772,0.8974358974358975,0.06666666666666667,0.10256410256410256,0.07566204287515763,0.10256410256410256,False,False,0.5158471060327824,0.04918032786885246,0.04896421845574388,531,793,0.6081191447126317,en,target_fpr,,,0.1111111111111111,0.030303030303030304,0.050,0.05,toxicity,encoder_minilm,EXP-002
zh,worstcase_global,0.9763403359488547,0.0,1,0.044444444444444446,0.0,0.006631299734748011,0.9743589743589743,0.16666666666666666,0.02564102564102564,0.007566204287515763,0.02564102564102564,True,False,0.5158471060327824,0.04918032786885246,0.04896421845574388,531,793,0.6081191447126317,en,target_fpr,,,0.1111111111111111,0.06666666666666665,0.050,0.05,toxicity,encoder_minilm,EXP-002
zh,quantile_match,0.8670775825269448,0.0,1,0.09259259259259259,0.0,0.08488063660477453,0.8717948717948718,0.07246376811594203,0.1282051282051282,0.08701134930643127,0.1282051282051282,False,False,0.5158471060327824,0.04918032786885246,0.04896421845574388,531,793,0.6081191447126317,en,target_fpr,,,0.1111111111111111,0.018518518518518517,0.050,0.05,toxicity,encoder_minilm,EXP-002
zh,sld_em,0.13236297915749484,0.0,1,0.09612403100775194,0.0,0.7625994694960212,0.20512820512820512,0.05115511551155116,0.7948717948717948,0.7641866330390921,0.7948717948717948,False,False,0.5158471060327824,0.04918032786885246,0.04896421845574388,531,793,0.6081191447126317,en,target_fpr,,,0.1111111111111111,0.014987080103359168,0.050,0.05,toxicity,encoder_minilm,EXP-002
zh,bbse,0.19051727226760842,0.0,1,0.09171075837742504,0.0,0.6657824933687002,0.3333333333333333,0.04924242424242424,0.6666666666666666,0.6658259773013872,0.6666666666666666,False,False,0.5158471060327824,0.04918032786885246,0.04896421845574388,531,793,0.6081191447126317,en,target_fpr,,,0.1111111111111111,0.019400352733686066,0.050,0.05,toxicity,encoder_minilm,EXP-002
zh,few_label_8_strat,0.7610062742017965,0.18432376810244483,25,0.08657279882499236,0.02119581344203783,0.15676392572944298,0.8082051282051284,0.07236262670325722,0.19179487179487179,0.15848675914249685,0.19179487179487179,False,False,0.5158471060327824,0.04918032786885246,0.04896421845574388,531,793,0.6081191447126317,en,target_fpr,,,0.1111111111111111,0.024538312286118746,0.050,0.05,toxicity,encoder_minilm,EXP-002
zh,few_label_8_rand,0.7184063235599851,0.1308089843892831,25,0.08731608361411342,0.01870953992654161,0.18116710875331563,0.7866666666666667,0.059165291769915154,0.21333333333333332,0.18274905422446405,0.21333333333333332,False,False,0.5158471060327824,0.04918032786885246,0.04896421845574388,531,793,0.6081191447126317,en,target_fpr,,,0.1111111111111111,0.02379502749699769,0.050,0.05,toxicity,encoder_minilm,EXP-002
zh,few_label_16_strat,0.8464315589976031,0.13430037308194517,25,0.08143129817729729,0.0254861998677476,0.09718832891246684,0.8707692307692309,0.09034387522667407,0.1292307692307692,0.09876418663303908,0.1292307692307692,False,False,0.5158471060327824,0.04918032786885246,0.04896421845574388,531,793,0.6081191447126317,en,target_fpr,,,0.1111111111111111,0.029679812933813818,0.050,0.05,toxicity,encoder_minilm,EXP-002
zh,few_label_16_rand,0.8113711641715338,0.1707090799021564,25,0.08010963464051496,0.03342713331973848,0.11973474801061007,0.8461538461538461,0.07641952814868816,0.15384615384615383,0.12141235813366962,0.15384615384615383,False,False,0.5158471060327824,0.04918032786885246,0.04896421845574388,531,793,0.6081191447126317,en,target_fpr,,,0.1111111111111111,0.031001476470596145,0.050,0.05,toxicity,encoder_minilm,EXP-002
zh,few_label_32_strat,0.886820964460311,0.08938226954114237,25,0.08218196821697003,0.026058616956328863,0.06949602122015915,0.8933333333333334,0.09647074488025094,0.10666666666666666,0.07132408575031526,0.10666666666666666,False,False,0.5158471060327824,0.04918032786885246,0.04896421845574388,531,793,0.6081191447126317,en,target_fpr,,,0.1111111111111111,0.02892914289414107,0.050,0.05,toxicity,encoder_minilm,EXP-002
zh,few_label_32_rand,0.8911640453681948,0.12593605308791345,25,0.07984201091636806,0.030934322993187355,0.06578249336870026,0.8964102564102565,0.10685323949270123,0.10358974358974357,0.06764186633039093,0.10358974358974357,False,False,0.5158471060327824,0.04918032786885246,0.04896421845574388,531,793,0.6081191447126317,en,target_fpr,,,0.1111111111111111,0.03126910019474305,0.050,0.05,toxicity,encoder_minilm,EXP-002
zh,few_label_64_strat,0.9160118532522741,0.03764181301517494,25,0.08925514521914629,0.019485740549061246,0.05050397877984085,0.9066666666666667,0.10490053151535664,0.09333333333333334,0.05261034047919294,0.09333333333333334,False,False,0.5158471060327824,0.04918032786885246,0.04896421845574388,531,793,0.6081191447126317,en,target_fpr,,,0.1111111111111111,0.021855965891964813,0.050,0.05,toxicity,encoder_minilm,EXP-002
zh,few_label_64_rand,0.9301264617462934,0.0716159174561243,25,0.08106105588642473,0.03179200318477623,0.039681697612732096,0.92,0.11175313395424308,0.07999999999999999,0.041664564943253476,0.07999999999999999,False,False,0.5158471060327824,0.04918032786885246,0.04896421845574388,531,793,0.6081191447126317,en,target_fpr,,,0.1111111111111111,0.030050055224686373,0.050,0.05,toxicity,encoder_minilm,EXP-002
zh,few_label_128_strat,0.9208783652848923,0.021498520670495014,25,0.10102740358770779,0.011981797924195249,0.04843501326259947,0.8984615384615385,0.10334953528260611,0.10153846153846155,0.05104665825977302,0.10153846153846155,False,False,0.5158471060327824,0.04918032786885246,0.04896421845574388,531,793,0.6081191447126317,en,target_fpr,,,0.1111111111111111,0.010083707523403318,0.050,0.05,toxicity,encoder_minilm,EXP-002
zh,few_label_128_rand,0.9436202063943027,0.0214624224925206,25,0.09308468151512135,0.025018286631295555,0.031246684350132625,0.918974358974359,0.12755050317250435,0.08102564102564103,0.033694829760403534,0.08102564102564103,False,False,0.5158471060327824,0.04918032786885246,0.04896421845574388,531,793,0.6081191447126317,en,target_fpr,,,0.1111111111111111,0.018026429595989754,0.050,0.05,toxicity,encoder_minilm,EXP-002
zh,few_label_256_strat,0.9253112387480378,0.017046959868350444,25,0.1036706200989372,0.009964847964276002,0.04519893899204244,0.8984615384615385,0.107916870968428,0.10153846153846155,0.04796973518284994,0.10153846153846155,False,False,0.5158471060327824,0.04918032786885246,0.04896421845574388,531,793,0.6081191447126317,en,target_fpr,,,0.1111111111111111,0.007440491012173908,0.050,0.05,toxicity,encoder_minilm,EXP-002
zh,few_label_256_rand,0.9268389687204013,0.017620565822417302,25,0.1022785854972174,0.009478161283082263,0.044403183023872674,0.9005128205128206,0.10786379573412086,0.0994871794871795,0.047112232030264815,0.0994871794871795,False,False,0.5158471060327824,0.04918032786885246,0.04896421845574388,531,793,0.6081191447126317,en,target_fpr,,,0.1111111111111111,0.008832525613893707,0.050,0.05,toxicity,encoder_minilm,EXP-002
zh,target_full,0.9365220964681951,0.0,1,0.1111111111111111,0.0,0.038461538461538464,0.8974358974358975,0.12121212121212122,0.10256410256410256,0.0416141235813367,0.10256410256410256,False,False,0.5158471060327824,0.04918032786885246,0.04896421845574388,531,793,0.6081191447126317,en,target_fpr,0.02757800608828006,0.221062271062271,0.1111111111111111,0.0,0.050,0.05,toxicity,encoder_minilm,EXP-002
zh,test_oracle_unachievable,0.9271446660687022,0.0,1,0.10666666666666666,0.0,0.042440318302387266,0.8974358974358975,0.1111111111111111,0.10256410256410256,0.04539722572509458,0.10256410256410256,False,False,0.5158471060327824,0.04918032786885246,0.04896421845574388,531,793,0.6081191447126317,en,target_fpr,,,0.1111111111111111,0.004444444444444445,0.050,0.05,toxicity,encoder_minilm,EXP-002
