language,strategy,threshold,threshold_sd,n_draws,f1,f1_sd,fpr,fnr,precision,recall,predicted_positive_rate,objective_value,is_degenerate,is_source,test_auroc,test_prevalence,dev_prevalence,n_dev,n_test,tau_source,source_language,objective,f1_ci_low,f1_ci_high,f1_target_full,f1_gap_to_full,model,arm
am,fixed_half,0.5,0.0,1,0.008310249307479223,0.0,0.003826530612244898,0.9958100558659218,0.5,0.004189944134078212,0.004,0.004189944134078212,True,False,0.5649940143655228,0.47733333333333333,0.511,1000,1500,0.6391233205795288,en,target_fpr,,,0.0829145728643216,0.07460432355684238,clf_citizenlab_distilbert,A
am,source_global,0.6391233205795288,0.0,1,0.0027816411682892906,0.0,0.002551020408163265,0.9986033519553073,0.3333333333333333,0.0013966480446927375,0.002,0.0013966480446927375,True,False,0.5649940143655228,0.47733333333333333,0.511,1000,1500,0.6391233205795288,en,target_fpr,0.0,0.008405275144324981,0.0829145728643216,0.08013293169603232,clf_citizenlab_distilbert,A
am,pooled_global,0.5734529265646576,0.0,1,0.0027816411682892906,0.0,0.002551020408163265,0.9986033519553073,0.3333333333333333,0.0013966480446927375,0.002,0.0013966480446927375,True,False,0.5649940143655228,0.47733333333333333,0.511,1000,1500,0.6391233205795288,en,target_fpr,,,0.0829145728643216,0.08013293169603232,clf_citizenlab_distilbert,A
am,worstcase_global,0.8775589317083359,0.0,1,0.002785515320334262,0.0,0.0012755102040816326,0.9986033519553073,0.5,0.0013966480446927375,0.0013333333333333333,0.0013966480446927375,True,False,0.5649940143655228,0.47733333333333333,0.511,1000,1500,0.6391233205795288,en,target_fpr,,,0.0829145728643216,0.08012905754398734,clf_citizenlab_distilbert,A
am,quantile_match,0.35089799761772156,0.0,1,0.468944099378882,0.0,0.34438775510204084,0.5782122905027933,0.527972027972028,0.42178770949720673,0.38133333333333336,0.42178770949720673,False,False,0.5649940143655228,0.47733333333333333,0.511,1000,1500,0.6391233205795288,en,target_fpr,,,0.0829145728643216,-0.38602952651456035,clf_citizenlab_distilbert,A
am,sld_em,0.9999989660485397,0.0,1,0.0,0.0,0.0,1.0,0.0,0.0,0.0,0.0,True,False,0.5649940143655228,0.47733333333333333,0.511,1000,1500,0.6391233205795288,en,target_fpr,,,0.0829145728643216,0.0829145728643216,clf_citizenlab_distilbert,A
am,bbse,0.6391233205795287,0.0,1,0.0027816411682892906,0.0,0.002551020408163265,0.9986033519553073,0.3333333333333333,0.0013966480446927375,0.002,0.0013966480446927375,True,False,0.5649940143655228,0.47733333333333333,0.511,1000,1500,0.6391233205795288,en,target_fpr,,,0.0829145728643216,0.08013293169603232,clf_citizenlab_distilbert,A
am,few_label_8_strat,0.35885143727064134,0.025065272735973768,25,0.2618998469665347,0.16740676433060328,0.18918367346938772,0.7850837988826816,0.4870648149165907,0.21491620111731843,0.20146666666666666,0.21491620111731843,False,False,0.5649940143655228,0.47733333333333333,0.511,1000,1500,0.6391233205795288,en,target_fpr,,,0.0829145728643216,-0.17898527410221307,clf_citizenlab_distilbert,A
am,few_label_8_rand,0.37284915208816527,0.09048354936336496,25,0.1970539713912529,0.18319918435097723,0.15469387755102038,0.8297206703910613,0.4892898485649036,0.17027932960893855,0.16213333333333332,0.17027932960893855,False,False,0.5649940143655228,0.47733333333333333,0.511,1000,1500,0.6391233205795288,en,target_fpr,,,0.0829145728643216,-0.11413939852693131,clf_citizenlab_distilbert,A
am,few_label_16_strat,0.38498819530010225,0.08296330092816503,25,0.20556673795565195,0.14350948571612954,0.13403061224489796,0.8494413407821229,0.49100010017659884,0.1505586592178771,0.14192,0.1505586592178771,False,False,0.5649940143655228,0.47733333333333333,0.511,1000,1500,0.6391233205795288,en,target_fpr,,,0.0829145728643216,-0.12265216509133034,clf_citizenlab_distilbert,A
am,few_label_16_rand,0.39282958686351777,0.07519408508986815,25,0.13760779924436298,0.0985109344059311,0.07872448979591837,0.9125698324022344,0.4899293734530423,0.08743016759776538,0.08288000000000001,0.08743016759776538,False,False,0.5649940143655228,0.47733333333333333,0.511,1000,1500,0.6391233205795288,en,target_fpr,,,0.0829145728643216,-0.05469322638004137,clf_citizenlab_distilbert,A
am,few_label_32_strat,0.41924535870552065,0.11425998265394527,25,0.10716193711305114,0.09571385136880937,0.0686734693877551,0.9319553072625698,0.4839653048098691,0.06804469273743016,0.06837333333333333,0.06804469273743016,False,False,0.5649940143655228,0.47733333333333333,0.511,1000,1500,0.6391233205795288,en,target_fpr,,,0.0829145728643216,-0.02424736424872953,clf_citizenlab_distilbert,A
am,few_label_32_rand,0.43023956805467606,0.1298237845294225,25,0.10751599765935244,0.10802083112793828,0.06678571428571428,0.9301675977653631,0.47637293323568847,0.06983240223463687,0.06824,0.06983240223463687,False,False,0.5649940143655228,0.47733333333333333,0.511,1000,1500,0.6391233205795288,en,target_fpr,,,0.0829145728643216,-0.02460142479503083,clf_citizenlab_distilbert,A
am,few_label_64_strat,0.39363195896148684,0.06552678257635085,25,0.10676572773315464,0.08103733284647255,0.06326530612244899,0.9352513966480446,0.4715978527769582,0.06474860335195531,0.06397333333333334,0.06474860335195531,False,False,0.5649940143655228,0.47733333333333333,0.511,1000,1500,0.6391233205795288,en,target_fpr,,,0.0829145728643216,-0.023851154868833033,clf_citizenlab_distilbert,A
am,few_label_64_rand,0.38972782135009765,0.03886762318196926,25,0.07799396743543177,0.05493824105940003,0.04836734693877551,0.9552513966480446,0.4646760439231082,0.04474860335195532,0.04664000000000001,0.04474860335195532,False,False,0.5649940143655228,0.47733333333333333,0.511,1000,1500,0.6391233205795288,en,target_fpr,,,0.0829145728643216,0.004920605428889835,clf_citizenlab_distilbert,A
am,few_label_128_strat,0.3745090302824974,0.00521342287629724,25,0.09430382292437123,0.04219908331728841,0.059846938775510214,0.945977653631285,0.45872176650861135,0.054022346368715085,0.05706666666666666,0.054022346368715085,False,False,0.5649940143655228,0.47733333333333333,0.511,1000,1500,0.6391233205795288,en,target_fpr,,,0.0829145728643216,-0.011389250060049622,clf_citizenlab_distilbert,A
am,few_label_128_rand,0.3751458740234375,0.0069749919163592,25,0.10061537572977937,0.060288566222440075,0.05943877551020409,0.941173184357542,0.47191911861613967,0.058826815642458105,0.05914666666666666,0.058826815642458105,False,False,0.5649940143655228,0.47733333333333333,0.511,1000,1500,0.6391233205795288,en,target_fpr,,,0.0829145728643216,-0.017700802865457763,clf_citizenlab_distilbert,A
am,few_label_256_strat,0.37483971983194353,0.002849110459269031,25,0.08365879229242563,0.01647549536539009,0.055153061224489805,0.953463687150838,0.44374993064822066,0.046536312849162015,0.05104,0.046536312849162015,False,False,0.5649940143655228,0.47733333333333333,0.511,1000,1500,0.6391233205795288,en,target_fpr,,,0.0829145728643216,-0.0007442194281040287,clf_citizenlab_distilbert,A
am,few_label_256_rand,0.37649673998355865,0.003941699251984168,25,0.07546704846333159,0.01663402184030886,0.04525510204081633,0.9586033519553072,0.4673818909756557,0.041396648044692744,0.04341333333333333,0.041396648044692744,False,False,0.5649940143655228,0.47733333333333333,0.511,1000,1500,0.6391233205795288,en,target_fpr,,,0.0829145728643216,0.007447524400990016,clf_citizenlab_distilbert,A
am,target_full,0.3745347708463669,0.0,1,0.0829145728643216,0.0,0.05994897959183673,0.9539106145251397,0.4125,0.046089385474860335,0.05333333333333334,0.046089385474860335,False,False,0.5649940143655228,0.47733333333333333,0.511,1000,1500,0.6391233205795288,en,target_fpr,0.05699277219149274,0.1101436301858299,0.0829145728643216,0.0,clf_citizenlab_distilbert,A
am,test_oracle_unachievable,0.37496110796928406,0.0,1,0.08152866242038218,0.0,0.047193877551020405,0.9553072625698324,0.463768115942029,0.0446927374301676,0.046,0.0446927374301676,False,False,0.5649940143655228,0.47733333333333333,0.511,1000,1500,0.6391233205795288,en,target_fpr,,,0.0829145728643216,0.001385910443939431,clf_citizenlab_distilbert,A
ar,fixed_half,0.5,0.0,1,0.19112627986348124,0.0,0.05748663101604278,0.8882978723404256,0.6614173228346457,0.11170212765957446,0.08466666666666667,0.11170212765957446,False,False,0.5643044572761406,0.5013333333333333,0.503,1000,1500,0.6391233205795288,en,target_fpr,,,0.13126491646778043,-0.059861363395700806,clf_citizenlab_distilbert,A
ar,source_global,0.6391233205795288,0.0,1,0.09405940594059406,0.0,0.02406417112299465,0.949468085106383,0.6785714285714286,0.05053191489361702,0.037333333333333336,0.05053191489361702,False,False,0.5643044572761406,0.5013333333333333,0.503,1000,1500,0.6391233205795288,en,target_fpr,0.07061790668348046,0.12114095466108031,0.13126491646778043,0.037205510527186375,clf_citizenlab_distilbert,A
ar,pooled_global,0.5516348031385347,0.0,1,0.15240328253223917,0.0,0.0481283422459893,0.913563829787234,0.6435643564356436,0.08643617021276596,0.06733333333333333,0.08643617021276596,False,False,0.5643044572761406,0.5013333333333333,0.503,1000,1500,0.6391233205795288,en,target_fpr,,,0.13126491646778043,-0.021138366064458736,clf_citizenlab_distilbert,A
ar,worstcase_global,0.8775589317083359,0.0,1,0.010582010582010583,0.0,0.0,0.9946808510638298,1.0,0.005319148936170213,0.0026666666666666666,0.005319148936170213,True,False,0.5643044572761406,0.5013333333333333,0.503,1000,1500,0.6391233205795288,en,target_fpr,,,0.13126491646778043,0.12068290588576985,clf_citizenlab_distilbert,A
ar,quantile_match,0.2029883785545826,0.0,1,0.4426494345718902,0.0,0.28342245989304815,0.6356382978723404,0.5637860082304527,0.36436170212765956,0.324,0.36436170212765956,False,False,0.5643044572761406,0.5013333333333333,0.503,1000,1500,0.6391233205795288,en,target_fpr,,,0.13126491646778043,-0.3113845181041098,clf_citizenlab_distilbert,A
ar,sld_em,0.9999989660485397,0.0,1,0.0,0.0,0.0,1.0,0.0,0.0,0.0,0.0,True,False,0.5643044572761406,0.5013333333333333,0.503,1000,1500,0.6391233205795288,en,target_fpr,,,0.13126491646778043,0.13126491646778043,clf_citizenlab_distilbert,A
ar,bbse,0.6391233205795287,0.0,1,0.09405940594059406,0.0,0.02406417112299465,0.949468085106383,0.6785714285714286,0.05053191489361702,0.037333333333333336,0.05053191489361702,False,False,0.5643044572761406,0.5013333333333333,0.503,1000,1500,0.6391233205795288,en,target_fpr,,,0.13126491646778043,0.037205510527186375,clf_citizenlab_distilbert,A
ar,few_label_8_strat,0.4398698185384273,0.19800707027980563,25,0.2531885898556235,0.14672188764261376,0.12946524064171122,0.8157978723404256,0.6301382564554452,0.18420212765957447,0.15690666666666667,0.18420212765957447,False,False,0.5643044572761406,0.5013333333333333,0.503,1000,1500,0.6391233205795288,en,target_fpr,,,0.13126491646778043,-0.12192367338784305,clf_citizenlab_distilbert,A
ar,few_label_8_rand,0.4018976459279656,0.20599798481236567,25,0.2844949665766869,0.1693038241664591,0.17358288770053473,0.7696276595744679,0.6186259566327663,0.2303723404255319,0.20205333333333336,0.2303723404255319,False,False,0.5643044572761406,0.5013333333333333,0.503,1000,1500,0.6391233205795288,en,target_fpr,,,0.13126491646778043,-0.15323005010890645,clf_citizenlab_distilbert,A
ar,few_label_16_strat,0.5422906029224396,0.1745495752832655,25,0.17300796171866006,0.11048852462320265,0.06828877005347594,0.8904255319148936,0.6655594619672164,0.10957446808510637,0.08898666666666667,0.10957446808510637,False,False,0.5643044572761406,0.5013333333333333,0.503,1000,1500,0.6391233205795288,en,target_fpr,,,0.13126491646778043,-0.04174304525087963,clf_citizenlab_distilbert,A
ar,few_label_16_rand,0.4656160286068916,0.20511278263106683,25,0.23518114744189983,0.14816243827229017,0.11663101604278076,0.8301595744680852,0.6466390569791927,0.1698404255319149,0.14330666666666667,0.1698404255319149,False,False,0.5643044572761406,0.5013333333333333,0.503,1000,1500,0.6391233205795288,en,target_fpr,,,0.13126491646778043,-0.1039162309741194,clf_citizenlab_distilbert,A
ar,few_label_32_strat,0.622384842634201,0.16261050459353052,25,0.12516958325649566,0.10331722742820432,0.04379679144385027,0.9230851063829788,0.7018416082553371,0.07691489361702128,0.0604,0.07691489361702128,False,False,0.5643044572761406,0.5013333333333333,0.503,1000,1500,0.6391233205795288,en,target_fpr,,,0.13126491646778043,0.006095333211284776,clf_citizenlab_distilbert,A
ar,few_label_32_rand,0.6319995391368866,0.15636193262078335,25,0.11956604473520675,0.08513760789114704,0.03796791443850268,0.9299468085106382,0.6988768517829652,0.0700531914893617,0.05405333333333333,0.0700531914893617,False,False,0.5643044572761406,0.5013333333333333,0.503,1000,1500,0.6391233205795288,en,target_fpr,,,0.13126491646778043,0.011698871732573682,clf_citizenlab_distilbert,A
ar,few_label_64_strat,0.61020537763834,0.10908113332071528,25,0.122322872891391,0.06261123627460437,0.03582887700534759,0.9304255319148936,0.6834519195708136,0.06957446808510638,0.052746666666666664,0.06957446808510638,False,False,0.5643044572761406,0.5013333333333333,0.503,1000,1500,0.6391233205795288,en,target_fpr,,,0.13126491646778043,0.008942043576389433,clf_citizenlab_distilbert,A
ar,few_label_64_rand,0.6575807425379753,0.1244711962240879,25,0.10135046337201654,0.06613068120565445,0.03010695187165776,0.9426595744680851,0.6987060710250694,0.05734042553191489,0.04375999999999999,0.05734042553191489,False,False,0.5643044572761406,0.5013333333333333,0.503,1000,1500,0.6391233205795288,en,target_fpr,,,0.13126491646778043,0.02991445309576389,clf_citizenlab_distilbert,A
ar,few_label_128_strat,0.5823709318041801,0.08219522501026272,25,0.13582384356646304,0.05253605463634422,0.04224598930481283,0.9225,0.6597952098243313,0.0775,0.059919999999999994,0.0775,False,False,0.5643044572761406,0.5013333333333333,0.503,1000,1500,0.6391233205795288,en,target_fpr,,,0.13126491646778043,-0.004558927098682608,clf_citizenlab_distilbert,A
ar,few_label_128_rand,0.564896879196167,0.11150236773680494,25,0.15202686486518166,0.06975699648536741,0.048449197860962565,0.9108510638297872,0.6722217463594272,0.08914893617021276,0.06885333333333334,0.08914893617021276,False,False,0.5643044572761406,0.5013333333333333,0.503,1000,1500,0.6391233205795288,en,target_fpr,,,0.13126491646778043,-0.020761948397401225,clf_citizenlab_distilbert,A
ar,few_label_256_strat,0.5469924345612526,0.07524618668272315,25,0.15746255508516271,0.04702930640363734,0.05101604278074865,0.9089361702127658,0.6486363229992571,0.09106382978723404,0.07109333333333334,0.09106382978723404,False,False,0.5643044572761406,0.5013333333333333,0.503,1000,1500,0.6391233205795288,en,target_fpr,,,0.13126491646778043,-0.02619763861738228,clf_citizenlab_distilbert,A
ar,few_label_256_rand,0.5759069275856018,0.05599271248703222,25,0.13816925032690658,0.035364702873178264,0.04256684491978609,0.921968085106383,0.6509614786502652,0.07803191489361701,0.06034666666666667,0.07803191489361701,False,False,0.5643044572761406,0.5013333333333333,0.503,1000,1500,0.6391233205795288,en,target_fpr,,,0.13126491646778043,-0.006904333859126144,clf_citizenlab_distilbert,A
ar,target_full,0.5873739123344421,0.0,1,0.13126491646778043,0.0,0.04144385026737968,0.9268617021276596,0.6395348837209303,0.07313829787234043,0.05733333333333333,0.07313829787234043,False,False,0.5643044572761406,0.5013333333333333,0.503,1000,1500,0.6391233205795288,en,target_fpr,0.09833751900172565,0.15859859228910597,0.13126491646778043,0.0,clf_citizenlab_distilbert,A
ar,test_oracle_unachievable,0.5330697596073151,0.0,1,0.16511627906976745,0.0,0.04946524064171123,0.9055851063829787,0.6574074074074074,0.09441489361702128,0.072,0.09441489361702128,False,False,0.5643044572761406,0.5013333333333333,0.503,1000,1500,0.6391233205795288,en,target_fpr,,,0.13126491646778043,-0.03385136260198701,clf_citizenlab_distilbert,A
de,fixed_half,0.5,0.0,1,0.4442344045368619,0.0,0.09973404255319149,0.6858288770053476,0.7580645161290323,0.3141711229946524,0.20666666666666667,0.3141711229946524,False,False,0.7357065650244624,0.49866666666666665,0.508,1000,1500,0.6391233205795288,en,target_fpr,,,0.31049250535331907,-0.13374189918354285,clf_citizenlab_distilbert,A
de,source_global,0.6391233205795288,0.0,1,0.3765182186234818,0.0,0.07180851063829788,0.7513368983957219,0.775,0.24866310160427807,0.16,0.24866310160427807,False,False,0.7357065650244624,0.49866666666666665,0.508,1000,1500,0.6391233205795288,en,target_fpr,0.3391583872188283,0.4135604448626089,0.31049250535331907,-0.06602571327016271,clf_citizenlab_distilbert,A
de,pooled_global,0.5397059300084182,0.0,1,0.42459173871277617,0.0,0.09574468085106383,0.7045454545454546,0.7542662116040956,0.29545454545454547,0.19533333333333333,0.29545454545454547,False,False,0.7357065650244624,0.49866666666666665,0.508,1000,1500,0.6391233205795288,en,target_fpr,,,0.31049250535331907,-0.1140992333594571,clf_citizenlab_distilbert,A
de,worstcase_global,0.8775589317083359,0.0,1,0.1863799283154122,0.0,0.014627659574468085,0.8957219251336899,0.8764044943820225,0.10427807486631016,0.059333333333333335,0.10427807486631016,False,False,0.7357065650244624,0.49866666666666665,0.508,1000,1500,0.6391233205795288,en,target_fpr,,,0.31049250535331907,0.12411257703790687,clf_citizenlab_distilbert,A
de,quantile_match,0.19273926243186001,0.0,1,0.6018808777429467,0.0,0.19148936170212766,0.48663101604278075,0.7272727272727273,0.5133689839572193,0.352,0.5133689839572193,False,False,0.7357065650244624,0.49866666666666665,0.508,1000,1500,0.6391233205795288,en,target_fpr,,,0.31049250535331907,-0.29138837238962767,clf_citizenlab_distilbert,A
de,sld_em,0.9280766718161484,0.0,1,0.12250000000000001,0.0,0.003989361702127659,0.9344919786096256,0.9423076923076923,0.06550802139037433,0.034666666666666665,0.06550802139037433,False,False,0.7357065650244624,0.49866666666666665,0.508,1000,1500,0.6391233205795288,en,target_fpr,,,0.31049250535331907,0.18799250535331907,clf_citizenlab_distilbert,A
de,bbse,0.893757998923254,0.0,1,0.17370325693606756,0.0,0.011968085106382979,0.9037433155080213,0.8888888888888888,0.0962566844919786,0.054,0.0962566844919786,False,False,0.7357065650244624,0.49866666666666665,0.508,1000,1500,0.6391233205795288,en,target_fpr,,,0.31049250535331907,0.1367892484172515,clf_citizenlab_distilbert,A
de,few_label_8_strat,0.48075135715305806,0.26557294299003154,25,0.4395375493647308,0.170865027363678,0.12207446808510639,0.6565775401069519,0.7744425757521306,0.34342245989304815,0.23245333333333335,0.34342245989304815,False,False,0.7357065650244624,0.49866666666666665,0.508,1000,1500,0.6391233205795288,en,target_fpr,,,0.31049250535331907,-0.1290450440114117,clf_citizenlab_distilbert,A
de,few_label_8_rand,0.4540797735564411,0.2969701486397042,25,0.4551074920349546,0.1828586783886273,0.14920212765957447,0.6237433155080214,0.7585698702365141,0.3762566844919787,0.2624266666666667,0.3762566844919787,False,False,0.7357065650244624,0.49866666666666665,0.508,1000,1500,0.6391233205795288,en,target_fpr,,,0.31049250535331907,-0.14461498668163553,clf_citizenlab_distilbert,A
de,few_label_16_strat,0.5386396688967943,0.27641553844551664,25,0.4083968359056561,0.16656306060368908,0.10728723404255319,0.6892513368983958,0.7817795456493202,0.31074866310160426,0.20874666666666666,0.31074866310160426,False,False,0.7357065650244624,0.49866666666666665,0.508,1000,1500,0.6391233205795288,en,target_fpr,,,0.31049250535331907,-0.09790433055233705,clf_citizenlab_distilbert,A
de,few_label_16_rand,0.5528618664294481,0.243310271130871,25,0.4065978623515206,0.1448004266882916,0.10404255319148936,0.6966844919786095,0.7753089265944086,0.30331550802139035,0.20341333333333333,0.30331550802139035,False,False,0.7357065650244624,0.49866666666666665,0.508,1000,1500,0.6391233205795288,en,target_fpr,,,0.31049250535331907,-0.09610535699820155,clf_citizenlab_distilbert,A
de,few_label_32_strat,0.6803274062275887,0.23198123418503094,25,0.3140818030139484,0.16324884733391312,0.06398936170212766,0.7832085561497327,0.8209727933236963,0.2167914438502674,0.14018666666666665,0.2167914438502674,False,False,0.7357065650244624,0.49866666666666665,0.508,1000,1500,0.6391233205795288,en,target_fpr,,,0.31049250535331907,-0.0035892976606293203,clf_citizenlab_distilbert,A
de,few_label_32_rand,0.7807028503715991,0.1976333480801891,25,0.2496088663786913,0.1370005939632695,0.041808510638297866,0.8380213903743317,0.8462072151450848,0.16197860962566846,0.10173333333333334,0.16197860962566846,False,False,0.7357065650244624,0.49866666666666665,0.508,1000,1500,0.6391233205795288,en,target_fpr,,,0.31049250535331907,0.06088363897462776,clf_citizenlab_distilbert,A
de,few_label_64_strat,0.7344874033331871,0.16786493707620073,25,0.2940957139113256,0.11433014733483883,0.0497872340425532,0.8099465240641712,0.8246261386489262,0.19005347593582886,0.11973333333333333,0.19005347593582886,False,False,0.7357065650244624,0.49866666666666665,0.508,1000,1500,0.6391233205795288,en,target_fpr,,,0.31049250535331907,0.016396791441993464,clf_citizenlab_distilbert,A
de,few_label_64_rand,0.7098828396201133,0.18707087887287352,25,0.3123980676346506,0.1189266516698889,0.05617021276595745,0.7941176470588235,0.8128914244382205,0.20588235294117646,0.13082666666666667,0.20588235294117646,False,False,0.7357065650244624,0.49866666666666665,0.508,1000,1500,0.6391233205795288,en,target_fpr,,,0.31049250535331907,-0.001905562281331541,clf_citizenlab_distilbert,A
de,few_label_128_strat,0.6461447140574456,0.12978140226628587,25,0.36077229727192484,0.07945966808033478,0.0702127659574468,0.7597326203208558,0.7810175840618072,0.24026737967914438,0.15501333333333334,0.24026737967914438,False,False,0.7357065650244624,0.49866666666666665,0.508,1000,1500,0.6391233205795288,en,target_fpr,,,0.31049250535331907,-0.050279791918605765,clf_citizenlab_distilbert,A
de,few_label_128_rand,0.6620600855350495,0.12570378300314655,25,0.3535455570088266,0.07698045877105866,0.06771276595744681,0.7663101604278074,0.7825731148987248,0.2336898395721925,0.15048,0.2336898395721925,False,False,0.7357065650244624,0.49866666666666665,0.508,1000,1500,0.6391233205795288,en,target_fpr,,,0.31049250535331907,-0.043053051655507546,clf_citizenlab_distilbert,A
de,few_label_256_strat,0.6890249913930893,0.10324718392112689,25,0.33998998491820503,0.06244013330619741,0.0627127659574468,0.7794652406417112,0.7822426127994505,0.22053475935828876,0.1414133333333333,0.22053475935828876,False,False,0.7357065650244624,0.49866666666666665,0.508,1000,1500,0.6391233205795288,en,target_fpr,,,0.31049250535331907,-0.029497479564885964,clf_citizenlab_distilbert,A
de,few_label_256_rand,0.7216931110620499,0.10327050385825319,25,0.3192865977976547,0.06394760971718488,0.055,0.7966844919786095,0.7924029247589678,0.20331550802139037,0.12896000000000002,0.20331550802139037,False,False,0.7357065650244624,0.49866666666666665,0.508,1000,1500,0.6391233205795288,en,target_fpr,,,0.31049250535331907,-0.008794092444335655,clf_citizenlab_distilbert,A
de,target_full,0.7283885329961777,0.0,1,0.31049250535331907,0.0,0.05452127659574468,0.8061497326203209,0.7795698924731183,0.19385026737967914,0.124,0.19385026737967914,False,False,0.7357065650244624,0.49866666666666665,0.508,1000,1500,0.6391233205795288,en,target_fpr,0.2644416759556751,0.3465084670231729,0.31049250535331907,0.0,clf_citizenlab_distilbert,A
de,test_oracle_unachievable,0.748779684305191,0.0,1,0.3063646170442287,0.0,0.04920212765957447,0.8101604278074866,0.7932960893854749,0.18983957219251338,0.11933333333333333,0.18983957219251338,False,False,0.7357065650244624,0.49866666666666665,0.508,1000,1500,0.6391233205795288,en,target_fpr,,,0.31049250535331907,0.004127888309090388,clf_citizenlab_distilbert,A
en,fixed_half,0.5,0.0,1,0.8332097850259452,0.0,0.06060606060606061,0.24156545209176788,0.9243421052631579,0.7584345479082322,0.4053333333333333,0.7584345479082322,False,True,0.9251714469105774,0.494,0.478,1000,1500,0.6391233205795288,en,target_fpr,,,0.8181818181818182,-0.015027966844126994,clf_citizenlab_distilbert,A
en,source_global,0.6391233205795288,0.0,1,0.8181818181818182,0.0,0.05138339920948617,0.27125506072874495,0.9326424870466321,0.728744939271255,0.386,0.728744939271255,False,True,0.9251714469105774,0.494,0.478,1000,1500,0.6391233205795288,en,target_fpr,0.7951761080395179,0.8385951722641752,0.8181818181818182,0.0,clf_citizenlab_distilbert,A
en,pooled_global,0.5524156473767106,0.0,1,0.8289768483943242,0.0,0.05665349143610013,0.25101214574898784,0.9280936454849499,0.7489878542510121,0.39866666666666667,0.7489878542510121,False,True,0.9251714469105774,0.494,0.478,1000,1500,0.6391233205795288,en,target_fpr,,,0.8181818181818182,-0.01079503021250594,clf_citizenlab_distilbert,A
en,worstcase_global,0.8775589317083359,0.0,1,0.7774193548387097,0.0,0.022397891963109356,0.349527665317139,0.9659318637274549,0.650472334682861,0.33266666666666667,0.650472334682861,False,True,0.9251714469105774,0.494,0.478,1000,1500,0.6391233205795288,en,target_fpr,,,0.8181818181818182,0.04076246334310851,clf_citizenlab_distilbert,A
en,quantile_match,0.6390378618240357,0.0,1,0.8181818181818182,0.0,0.05138339920948617,0.27125506072874495,0.9326424870466321,0.728744939271255,0.386,0.728744939271255,False,True,0.9251714469105774,0.494,0.478,1000,1500,0.6391233205795288,en,target_fpr,,,0.8181818181818182,0.0,clf_citizenlab_distilbert,A
en,sld_em,0.6391233205795288,0.0,1,0.8181818181818182,0.0,0.05138339920948617,0.27125506072874495,0.9326424870466321,0.728744939271255,0.386,0.728744939271255,False,True,0.9251714469105774,0.494,0.478,1000,1500,0.6391233205795288,en,target_fpr,,,0.8181818181818182,0.0,clf_citizenlab_distilbert,A
en,bbse,0.6391233205795288,0.0,1,0.8181818181818182,0.0,0.05138339920948617,0.27125506072874495,0.9326424870466321,0.728744939271255,0.386,0.728744939271255,False,True,0.9251714469105774,0.494,0.478,1000,1500,0.6391233205795288,en,target_fpr,,,0.8181818181818182,0.0,clf_citizenlab_distilbert,A
en,few_label_8_strat,0.43913309949217366,0.27997797563260923,25,0.8148346256695043,0.04399652796962769,0.09612648221343872,0.24237516869095818,0.900418162316157,0.7576248313090417,0.4229066666666666,0.7576248313090417,False,True,0.9251714469105774,0.494,0.478,1000,1500,0.6391233205795288,en,target_fpr,,,0.8181818181818182,0.003347192512313968,clf_citizenlab_distilbert,A
en,few_label_8_rand,0.5529243601672351,0.30036627117833914,25,0.8019556855203017,0.040528037846115694,0.10223978919631094,0.2601889338731444,0.904556172823755,0.7398110661268555,0.4171999999999999,0.7398110661268555,False,True,0.9251714469105774,0.494,0.478,1000,1500,0.6391233205795288,en,target_fpr,,,0.8181818181818182,0.016226132661516512,clf_citizenlab_distilbert,A
en,few_label_16_strat,0.49835643066093327,0.31249822660681953,25,0.8143519499712149,0.03087547583184936,0.07889328063241106,0.2548448043184885,0.9109728496053004,0.7451551956815117,0.40802666666666676,0.7451551956815117,False,True,0.9251714469105774,0.494,0.478,1000,1500,0.6391233205795288,en,target_fpr,,,0.8181818181818182,0.003829868210603382,clf_citizenlab_distilbert,A
en,few_label_16_rand,0.6143077795952558,0.3153451340385274,25,0.7950421130424665,0.05431430080655438,0.05702239789196312,0.2957085020242915,0.9320155495609456,0.7042914979757086,0.37677333333333335,0.7042914979757086,False,True,0.9251714469105774,0.494,0.478,1000,1500,0.6391233205795288,en,target_fpr,,,0.8181818181818182,0.023139705139351707,clf_citizenlab_distilbert,A
en,few_label_32_strat,0.7056963057816028,0.28220670525260905,25,0.7743452104749405,0.06381249955687913,0.043056653491436093,0.3331713900134953,0.9463804019330385,0.6668286099865047,0.35120000000000007,0.6668286099865047,False,True,0.9251714469105774,0.494,0.478,1000,1500,0.6391233205795288,en,target_fpr,,,0.8181818181818182,0.043836607706877695,clf_citizenlab_distilbert,A
en,few_label_32_rand,0.5233893796429038,0.331259853783444,25,0.8054956486854961,0.0442082748585373,0.07167325428194993,0.27125506072874495,0.9177837219418018,0.7287449392712549,0.39626666666666666,0.7287449392712549,False,True,0.9251714469105774,0.494,0.478,1000,1500,0.6391233205795288,en,target_fpr,,,0.8181818181818182,0.012686169496322175,clf_citizenlab_distilbert,A
en,few_label_64_strat,0.6287190273404122,0.294855196632226,25,0.7982192680948166,0.0392926574347302,0.051225296442687744,0.29738191632928473,0.9360286172502527,0.7026180836707154,0.3730133333333333,0.7026180836707154,False,True,0.9251714469105774,0.494,0.478,1000,1500,0.6391233205795288,en,target_fpr,,,0.8181818181818182,0.01996255008700165,clf_citizenlab_distilbert,A
en,few_label_64_rand,0.6957769377529621,0.24958366359230186,25,0.7969482735273331,0.031075197238012792,0.04432147562582345,0.30515519568151145,0.9425700058440114,0.6948448043184885,0.36568,0.6948448043184885,False,True,0.9251714469105774,0.494,0.478,1000,1500,0.6391233205795288,en,target_fpr,,,0.8181818181818182,0.021233544654485126,clf_citizenlab_distilbert,A
en,few_label_128_strat,0.5931443232297897,0.23781787995992185,25,0.8122810257246061,0.027699930948229694,0.057233201581027675,0.2741160593792173,0.9287242107988424,0.7258839406207827,0.3875466666666666,0.7258839406207827,False,True,0.9251714469105774,0.494,0.478,1000,1500,0.6391233205795288,en,target_fpr,,,0.8181818181818182,0.0059007924572120896,clf_citizenlab_distilbert,A
en,few_label_128_rand,0.5420969900488853,0.2612591772223466,25,0.8150391328733047,0.02708591261845337,0.060606060606060594,0.26747638326585693,0.9253677288507707,0.7325236167341431,0.3925333333333334,0.7325236167341431,False,True,0.9251714469105774,0.494,0.478,1000,1500,0.6391233205795288,en,target_fpr,,,0.8181818181818182,0.003142685308513582,clf_citizenlab_distilbert,A
en,few_label_256_strat,0.5954287376999855,0.1886900190876091,25,0.8171632710684552,0.014768098926026797,0.056179183135704885,0.2687179487179487,0.9285102183693716,0.7312820512820514,0.38968,0.7312820512820514,False,True,0.9251714469105774,0.494,0.478,1000,1500,0.6391233205795288,en,target_fpr,,,0.8181818181818182,0.001018547113363022,clf_citizenlab_distilbert,A
en,few_label_256_rand,0.6025763219594955,0.19679646673725917,25,0.8149720610525428,0.019706186756656748,0.054071146245059286,0.2731443994601889,0.9310023314601598,0.7268556005398112,0.38642666666666664,0.7268556005398112,False,True,0.9251714469105774,0.494,0.478,1000,1500,0.6391233205795288,en,target_fpr,,,0.8181818181818182,0.0032097571292754035,clf_citizenlab_distilbert,A
en,target_full,0.6391233205795288,0.0,1,0.8181818181818182,0.0,0.05138339920948617,0.27125506072874495,0.9326424870466321,0.728744939271255,0.386,0.728744939271255,False,True,0.9251714469105774,0.494,0.478,1000,1500,0.6391233205795288,en,target_fpr,0.7984418046838525,0.8403523011207819,0.8181818181818182,0.0,clf_citizenlab_distilbert,A
en,test_oracle_unachievable,0.6683788895606995,0.0,1,0.817629179331307,0.0,0.048748353096179184,0.2739541160593792,0.9356521739130435,0.7260458839406208,0.38333333333333336,0.7260458839406208,False,True,0.9251714469105774,0.494,0.478,1000,1500,0.6391233205795288,en,target_fpr,,,0.8181818181818182,0.0005526388505112667,clf_citizenlab_distilbert,A
es,fixed_half,0.5,0.0,1,0.3559510567296997,0.0,0.0403530895334174,0.7736916548797736,0.8333333333333334,0.2263083451202263,0.128,0.2263083451202263,False,False,0.7883255358502883,0.4713333333333333,0.512,1000,1500,0.6391233205795288,en,target_fpr,,,0.4734693877551021,0.11751833102540243,clf_citizenlab_distilbert,A
es,source_global,0.6391233205795288,0.0,1,0.25952380952380955,0.0,0.03026481715006305,0.8458274398868458,0.8195488721804511,0.15417256011315417,0.08866666666666667,0.15417256011315417,False,False,0.7883255358502883,0.4713333333333333,0.512,1000,1500,0.6391233205795288,en,target_fpr,0.21806385400154452,0.2999518059716657,0.4734693877551021,0.21394557823129257,clf_citizenlab_distilbert,A
es,pooled_global,0.5616753168139472,0.0,1,0.3099885189437428,0.0,0.03656998738965952,0.809052333804809,0.823170731707317,0.19094766619519093,0.10933333333333334,0.19094766619519093,False,False,0.7883255358502883,0.4713333333333333,0.512,1000,1500,0.6391233205795288,en,target_fpr,,,0.4734693877551021,0.16348086881135931,clf_citizenlab_distilbert,A
es,worstcase_global,0.8775589317083359,0.0,1,0.10133333333333333,0.0,0.006305170239596469,0.9462517680339463,0.8837209302325582,0.05374823196605375,0.028666666666666667,0.05374823196605375,False,False,0.7883255358502883,0.4713333333333333,0.512,1000,1500,0.6391233205795288,en,target_fpr,,,0.4734693877551021,0.3721360544217688,clf_citizenlab_distilbert,A
es,quantile_match,0.1363836357742548,0.0,1,0.6614173228346457,0.0,0.18032786885245902,0.40594059405940597,0.7460035523978685,0.594059405940594,0.37533333333333335,0.594059405940594,False,False,0.7883255358502883,0.4713333333333333,0.512,1000,1500,0.6391233205795288,en,target_fpr,,,0.4734693877551021,-0.1879479350795436,clf_citizenlab_distilbert,A
es,sld_em,0.9999989660485397,0.0,1,0.0,0.0,0.0,1.0,0.0,0.0,0.0,0.0,True,False,0.7883255358502883,0.4713333333333333,0.512,1000,1500,0.6391233205795288,en,target_fpr,,,0.4734693877551021,0.4734693877551021,clf_citizenlab_distilbert,A
es,bbse,0.9672928299278549,0.0,1,0.011220196353436187,0.0,0.0025220680958385876,0.9943422913719944,0.6666666666666666,0.005657708628005658,0.004,0.005657708628005658,True,False,0.7883255358502883,0.4713333333333333,0.512,1000,1500,0.6391233205795288,en,target_fpr,,,0.4734693877551021,0.4622491914016659,clf_citizenlab_distilbert,A
es,few_label_8_strat,0.32500044349581003,0.23714794288985536,25,0.5075112647338147,0.18131066366977172,0.11994955863808324,0.5787270155586988,0.7947241919261624,0.42127298444130123,0.2619733333333334,0.42127298444130123,False,False,0.7883255358502883,0.4713333333333333,0.512,1000,1500,0.6391233205795288,en,target_fpr,,,0.4734693877551021,-0.03404187697871258,clf_citizenlab_distilbert,A
es,few_label_8_rand,0.21607256160117685,0.21739668647351668,25,0.582783189159583,0.16318574359312218,0.23954602774274902,0.43343705799151344,0.734474955737086,0.5665629420084866,0.39368,0.5665629420084866,False,False,0.7883255358502883,0.4713333333333333,0.512,1000,1500,0.6391233205795288,en,target_fpr,,,0.4734693877551021,-0.10931380140448094,clf_citizenlab_distilbert,A
es,few_label_16_strat,0.4448853249102831,0.26821529728797716,25,0.41640495431143065,0.20464338314696157,0.0807061790668348,0.6768882602545969,0.816805108112473,0.3231117397454031,0.19496000000000002,0.3231117397454031,False,False,0.7883255358502883,0.4713333333333333,0.512,1000,1500,0.6391233205795288,en,target_fpr,,,0.4734693877551021,0.05706443344367146,clf_citizenlab_distilbert,A
es,few_label_16_rand,0.44420964747667313,0.2793766297788699,25,0.4183152007811088,0.21426993968051034,0.08040353089533417,0.6737199434229137,0.8159290566194456,0.32628005657708625,0.19629333333333335,0.32628005657708625,False,False,0.7883255358502883,0.4713333333333333,0.512,1000,1500,0.6391233205795288,en,target_fpr,,,0.4734693877551021,0.055154186973993324,clf_citizenlab_distilbert,A
es,few_label_32_strat,0.5460551805794239,0.27877258510371294,25,0.3374298118001089,0.21138564886682817,0.05044136191677175,0.7567185289957569,0.8222066315026006,0.24328147100424327,0.14133333333333334,0.24328147100424327,False,False,0.7883255358502883,0.4713333333333333,0.512,1000,1500,0.6391233205795288,en,target_fpr,,,0.4734693877551021,0.13603957595499322,clf_citizenlab_distilbert,A
es,few_label_32_rand,0.5142095695436001,0.2732911277049515,25,0.36158939931841066,0.20322607237347837,0.05775535939470366,0.7361810466760962,0.8278529101321266,0.26381895332390387,0.15488,0.26381895332390387,False,False,0.7883255358502883,0.4713333333333333,0.512,1000,1500,0.6391233205795288,en,target_fpr,,,0.4734693877551021,0.11187998843669145,clf_citizenlab_distilbert,A
es,few_label_64_strat,0.41441765561699867,0.21486923298153943,25,0.43519264191970897,0.16483811358777842,0.06617906683480455,0.6813578500707215,0.8177430319475545,0.31864214992927864,0.18517333333333333,0.31864214992927864,False,False,0.7883255358502883,0.4713333333333333,0.512,1000,1500,0.6391233205795288,en,target_fpr,,,0.4734693877551021,0.038276745835393144,clf_citizenlab_distilbert,A
es,few_label_64_rand,0.45920026421546933,0.1765843808489188,25,0.3994686574790924,0.13674063128840475,0.0535687263556116,0.7215275813295615,0.8334822448007266,0.2784724186704385,0.15957333333333332,0.2784724186704385,False,False,0.7883255358502883,0.4713333333333333,0.512,1000,1500,0.6391233205795288,en,target_fpr,,,0.4734693877551021,0.07400073027600973,clf_citizenlab_distilbert,A
es,few_label_128_strat,0.3441734953224659,0.11591729990363953,25,0.4861359759877251,0.08999879272094904,0.0686002522068096,0.6473550212164075,0.8262740596975752,0.35264497878359263,0.20247999999999997,0.35264497878359263,False,False,0.7883255358502883,0.4713333333333333,0.512,1000,1500,0.6391233205795288,en,target_fpr,,,0.4734693877551021,-0.01266658823262301,clf_citizenlab_distilbert,A
es,few_label_128_rand,0.38738669753074645,0.16656833497756804,25,0.45523586373935065,0.1262270568854443,0.06486759142496848,0.6716265912305515,0.8283662635811198,0.3283734087694484,0.1890666666666667,0.3283734087694484,False,False,0.7883255358502883,0.4713333333333333,0.512,1000,1500,0.6391233205795288,en,target_fpr,,,0.4734693877551021,0.018233524015751457,clf_citizenlab_distilbert,A
es,few_label_256_strat,0.3466818568110466,0.06650679306475824,25,0.48419330390518295,0.052923170578169317,0.06189155107187894,0.6560113154172561,0.8340192403715224,0.34398868458274395,0.19485333333333338,0.34398868458274395,False,False,0.7883255358502883,0.4713333333333333,0.512,1000,1500,0.6391233205795288,en,target_fpr,,,0.4734693877551021,-0.010723916150080837,clf_citizenlab_distilbert,A
es,few_label_256_rand,0.3930357977747917,0.10924801412310756,25,0.4488296988880231,0.0870137901645006,0.056696090794451454,0.6866195190947667,0.8327806479123325,0.31338048090523335,0.17768000000000003,0.31338048090523335,False,False,0.7883255358502883,0.4713333333333333,0.512,1000,1500,0.6391233205795288,en,target_fpr,,,0.4734693877551021,0.024639688867079013,clf_citizenlab_distilbert,A
es,target_full,0.3641737997531891,0.0,1,0.4734693877551021,0.0,0.05170239596469105,0.6718528995756718,0.8498168498168498,0.32814710042432815,0.182,0.32814710042432815,False,False,0.7883255358502883,0.4713333333333333,0.512,1000,1500,0.6391233205795288,en,target_fpr,0.44035477563465236,0.5064734227280064,0.4734693877551021,0.0,clf_citizenlab_distilbert,A
es,test_oracle_unachievable,0.3895382881164551,0.0,1,0.45548654244306414,0.0,0.04918032786885246,0.6888260254596889,0.8494208494208494,0.31117397454031115,0.17266666666666666,0.31117397454031115,False,False,0.7883255358502883,0.4713333333333333,0.512,1000,1500,0.6391233205795288,en,target_fpr,,,0.4734693877551021,0.017982845312037976,clf_citizenlab_distilbert,A
fr,fixed_half,0.5,0.0,1,0.5338645418326693,0.0,0.015463917525773196,0.6298342541436464,0.9571428571428572,0.3701657458563536,0.18666666666666668,0.3701657458563536,False,False,0.9244069317081506,0.4826666666666667,0.517,1000,1500,0.6391233205795288,en,target_fpr,,,0.7588477366255144,0.22498319479284512,clf_citizenlab_distilbert,A
fr,source_global,0.6391233205795288,0.0,1,0.4589473684210526,0.0,0.010309278350515464,0.6988950276243094,0.9646017699115044,0.3011049723756906,0.15066666666666667,0.3011049723756906,False,False,0.9244069317081506,0.4826666666666667,0.517,1000,1500,0.6391233205795288,en,target_fpr,0.4184559602148098,0.49440737489025455,0.7588477366255144,0.2999003682044618,clf_citizenlab_distilbert,A
fr,pooled_global,0.5642118165497783,0.0,1,0.49590163934426235,0.0,0.01288659793814433,0.6657458563535912,0.9603174603174603,0.3342541436464088,0.168,0.3342541436464088,False,False,0.9244069317081506,0.4826666666666667,0.517,1000,1500,0.6391233205795288,en,target_fpr,,,0.7588477366255144,0.26294609728125207,clf_citizenlab_distilbert,A
fr,worstcase_global,0.8775589317083359,0.0,1,0.26491646778042954,0.0,0.003865979381443299,0.8466850828729282,0.9736842105263158,0.15331491712707182,0.076,0.15331491712707182,False,False,0.9244069317081506,0.4826666666666667,0.517,1000,1500,0.6391233205795288,en,target_fpr,,,0.7588477366255144,0.49393126884508487,clf_citizenlab_distilbert,A
fr,quantile_match,0.14312756605446345,0.0,1,0.7717041800643087,0.0,0.05154639175257732,0.3370165745856354,0.9230769230769231,0.6629834254143646,0.3466666666666667,0.6629834254143646,False,False,0.9244069317081506,0.4826666666666667,0.517,1000,1500,0.6391233205795288,en,target_fpr,,,0.7588477366255144,-0.01285644343879433,clf_citizenlab_distilbert,A
fr,sld_em,0.9157846351781599,0.0,1,0.21375921375921375,0.0,0.003865979381443299,0.8798342541436464,0.9666666666666667,0.12016574585635359,0.06,0.12016574585635359,False,False,0.9244069317081506,0.4826666666666667,0.517,1000,1500,0.6391233205795288,en,target_fpr,,,0.7588477366255144,0.5450885228663007,clf_citizenlab_distilbert,A
fr,bbse,0.8882525318918587,0.0,1,0.24819277108433735,0.0,0.003865979381443299,0.8577348066298343,0.9716981132075472,0.14226519337016574,0.07066666666666667,0.14226519337016574,False,False,0.9244069317081506,0.4826666666666667,0.517,1000,1500,0.6391233205795288,en,target_fpr,,,0.7588477366255144,0.5106549655411771,clf_citizenlab_distilbert,A
fr,few_label_8_strat,0.20389728097245097,0.2119646446270204,25,0.7288639634506242,0.16113761244767036,0.06530927835051545,0.36,0.9140022985725978,0.64,0.34269333333333335,0.64,False,False,0.9244069317081506,0.4826666666666667,0.517,1000,1500,0.6391233205795288,en,target_fpr,,,0.7588477366255144,0.029983773174890205,clf_citizenlab_distilbert,A
fr,few_label_8_rand,0.2601149798743427,0.2485998651304524,25,0.6906986178249629,0.1609229268756479,0.09221649484536083,0.38491712707182324,0.8968697340848252,0.6150828729281768,0.3445866666666667,0.6150828729281768,False,False,0.9244069317081506,0.4826666666666667,0.517,1000,1500,0.6391233205795288,en,target_fpr,,,0.7588477366255144,0.06814911880055152,clf_citizenlab_distilbert,A
fr,few_label_16_strat,0.22507435336709022,0.21871313948712218,25,0.7192656209738153,0.1403141033952625,0.0739175257731959,0.3683977900552486,0.9092205628705069,0.6316022099447514,0.34309333333333325,0.6316022099447514,False,False,0.9244069317081506,0.4826666666666667,0.517,1000,1500,0.6391233205795288,en,target_fpr,,,0.7588477366255144,0.03958211565169911,clf_citizenlab_distilbert,A
fr,few_label_16_rand,0.28676535503938794,0.2950723833245068,25,0.6694771578293676,0.20778227604871788,0.08025773195876289,0.4070165745856354,0.9066597707587364,0.5929834254143647,0.3277333333333333,0.5929834254143647,False,False,0.9244069317081506,0.4826666666666667,0.517,1000,1500,0.6391233205795288,en,target_fpr,,,0.7588477366255144,0.08937057879614685,clf_citizenlab_distilbert,A
fr,few_label_32_strat,0.44604696743190286,0.3128510599128031,25,0.5657254567073149,0.2202009358173332,0.036701030927835054,0.5485635359116022,0.9415864280475232,0.4514364640883979,0.23687999999999998,0.4514364640883979,False,False,0.9244069317081506,0.4826666666666667,0.517,1000,1500,0.6391233205795288,en,target_fpr,,,0.7588477366255144,0.19312227991819952,clf_citizenlab_distilbert,A
fr,few_label_32_rand,0.48971928186714647,0.29778244150730276,25,0.5387795241321099,0.21115563100091211,0.0277319587628866,0.5849171270718232,0.9500285617027356,0.41508287292817686,0.21469333333333332,0.41508287292817686,False,False,0.9244069317081506,0.4826666666666667,0.517,1000,1500,0.6391233205795288,en,target_fpr,,,0.7588477366255144,0.22006821249340447,clf_citizenlab_distilbert,A
fr,few_label_64_strat,0.24429848209023475,0.17008359064349635,25,0.7085464568960816,0.11030108271462465,0.04984536082474226,0.4064640883977901,0.9273863460645146,0.59353591160221,0.3122666666666667,0.59353591160221,False,False,0.9244069317081506,0.4826666666666667,0.517,1000,1500,0.6391233205795288,en,target_fpr,,,0.7588477366255144,0.05030127972943277,clf_citizenlab_distilbert,A
fr,few_label_64_rand,0.2710661095008254,0.23630928319340344,25,0.6907825540640414,0.15327820761033434,0.052061855670103095,0.41690607734806634,0.9261145251672751,0.5830939226519337,0.30837333333333333,0.5830939226519337,False,False,0.9244069317081506,0.4826666666666667,0.517,1000,1500,0.6391233205795288,en,target_fpr,,,0.7588477366255144,0.06806518256147298,clf_citizenlab_distilbert,A
fr,few_label_128_strat,0.21779338128864764,0.1718012393734119,25,0.7249652490732337,0.11360336877256925,0.04896907216494846,0.3869060773480663,0.9271785471355891,0.6130939226519336,0.3212533333333333,0.6130939226519336,False,False,0.9244069317081506,0.4826666666666667,0.517,1000,1500,0.6391233205795288,en,target_fpr,,,0.7588477366255144,0.03388248755228074,clf_citizenlab_distilbert,A
fr,few_label_128_rand,0.22824734479188918,0.1372812553580779,25,0.7207960569114747,0.08852126107750954,0.042216494845360816,0.4019337016574586,0.9335760577428168,0.5980662983425415,0.3105066666666667,0.5980662983425415,False,False,0.9244069317081506,0.4826666666666667,0.517,1000,1500,0.6391233205795288,en,target_fpr,,,0.7588477366255144,0.038051679714039666,clf_citizenlab_distilbert,A
fr,few_label_256_strat,0.1940630292892456,0.10841625799664144,25,0.7429465517405202,0.07070332490917355,0.04556701030927835,0.3738674033149171,0.9304942518104172,0.6261325966850829,0.3257866666666666,0.6261325966850829,False,False,0.9244069317081506,0.4826666666666667,0.517,1000,1500,0.6391233205795288,en,target_fpr,,,0.7588477366255144,0.015901184884994257,clf_citizenlab_distilbert,A
fr,few_label_256_rand,0.20830278493463994,0.0874277019415055,25,0.73383494126955,0.057719762804620746,0.04036082474226804,0.39088397790055246,0.9360401188350231,0.6091160220994475,0.31488,0.6091160220994475,False,False,0.9244069317081506,0.4826666666666667,0.517,1000,1500,0.6391233205795288,en,target_fpr,,,0.7588477366255144,0.025012795355964457,clf_citizenlab_distilbert,A
fr,target_full,0.17782797664403915,0.0,1,0.7588477366255144,0.0,0.03865979381443299,0.3632596685082873,0.9389002036659878,0.6367403314917127,0.3273333333333333,0.6367403314917127,False,False,0.9244069317081506,0.4826666666666667,0.517,1000,1500,0.6391233205795288,en,target_fpr,0.7329961101844048,0.7894202674412275,0.7588477366255144,0.0,clf_citizenlab_distilbert,A
fr,test_oracle_unachievable,0.1502077579498291,0.0,1,0.7702265372168285,0.0,0.04639175257731959,0.3425414364640884,0.9296875,0.6574585635359116,0.3413333333333333,0.6574585635359116,False,False,0.9244069317081506,0.4826666666666667,0.517,1000,1500,0.6391233205795288,en,target_fpr,,,0.7588477366255144,-0.011378800591314131,clf_citizenlab_distilbert,A
he,fixed_half,0.5,0.0,1,0.056910569105691054,0.0,0.016216216216216217,0.9699570815450643,0.5384615384615384,0.030042918454935622,0.02155887230514096,0.030042918454935622,False,False,0.6246607122143603,0.3864013266998342,0.43283582089552236,402,603,0.6391233205795288,en,target_fpr,,,0.20422535211267606,0.147314783006985,clf_citizenlab_distilbert,A
he,source_global,0.6391233205795288,0.0,1,0.04166666666666667,0.0,0.005405405405405406,0.9785407725321889,0.7142857142857143,0.02145922746781116,0.011608623548922056,0.02145922746781116,False,False,0.6246607122143603,0.3864013266998342,0.43283582089552236,402,603,0.6391233205795288,en,target_fpr,0.009322973266681156,0.07827936255883852,0.20422535211267606,0.16255868544600938,clf_citizenlab_distilbert,A
he,pooled_global,0.5621195169405195,0.0,1,0.05714285714285714,0.0,0.013513513513513514,0.9699570815450643,0.5833333333333334,0.030042918454935622,0.01990049751243781,0.030042918454935622,False,False,0.6246607122143603,0.3864013266998342,0.43283582089552236,402,603,0.6391233205795288,en,target_fpr,,,0.20422535211267606,0.14708249496981893,clf_citizenlab_distilbert,A
he,worstcase_global,0.8775589317083359,0.0,1,0.0,0.0,0.0,1.0,0.0,0.0,0.0,0.0,True,False,0.6246607122143603,0.3864013266998342,0.43283582089552236,402,603,0.6391233205795288,en,target_fpr,,,0.20422535211267606,0.20422535211267606,clf_citizenlab_distilbert,A
he,quantile_match,0.05776667311787605,0.0,1,0.5043859649122808,0.0,0.2918918918918919,0.5064377682403434,0.515695067264574,0.49356223175965663,0.36981757877280264,0.49356223175965663,False,False,0.6246607122143603,0.3864013266998342,0.43283582089552236,402,603,0.6391233205795288,en,target_fpr,,,0.20422535211267606,-0.30016061279960476,clf_citizenlab_distilbert,A
he,sld_em,0.9999989660485397,0.0,1,0.0,0.0,0.0,1.0,0.0,0.0,0.0,0.0,True,False,0.6246607122143603,0.3864013266998342,0.43283582089552236,402,603,0.6391233205795288,en,target_fpr,,,0.20422535211267606,0.20422535211267606,clf_citizenlab_distilbert,A
he,bbse,0.6391233205795287,0.0,1,0.04166666666666667,0.0,0.005405405405405406,0.9785407725321889,0.7142857142857143,0.02145922746781116,0.011608623548922056,0.02145922746781116,False,False,0.6246607122143603,0.3864013266998342,0.43283582089552236,402,603,0.6391233205795288,en,target_fpr,,,0.20422535211267606,0.16255868544600938,clf_citizenlab_distilbert,A
he,few_label_8_strat,0.1810573672130704,0.08778421836197169,25,0.3096055751742211,0.12473139866822361,0.1317837837837838,0.7557081545064378,0.5538164804062711,0.24429184549356225,0.175257048092869,0.24429184549356225,False,False,0.6246607122143603,0.3864013266998342,0.43283582089552236,402,603,0.6391233205795288,en,target_fpr,,,0.20422535211267606,-0.10538022306154504,clf_citizenlab_distilbert,A
he,few_label_8_rand,0.20397881638258697,0.1669566519520795,25,0.32138562945588267,0.16733336805071441,0.16043243243243244,0.7215450643776825,0.5512441953118039,0.2784549356223176,0.20603648424543944,0.2784549356223176,False,False,0.6246607122143603,0.3864013266998342,0.43283582089552236,402,603,0.6391233205795288,en,target_fpr,,,0.20422535211267606,-0.11716027734320661,clf_citizenlab_distilbert,A
he,few_label_16_strat,0.2810498782247305,0.17611078352433734,25,0.22546868472814907,0.11480404861884233,0.07459459459459461,0.846695278969957,0.5497145866690526,0.15330472103004292,0.1050082918739635,0.15330472103004292,False,False,0.6246607122143603,0.3864013266998342,0.43283582089552236,402,603,0.6391233205795288,en,target_fpr,,,0.20422535211267606,-0.02124333261547301,clf_citizenlab_distilbert,A
he,few_label_16_rand,0.29476771876215935,0.1985139201207784,25,0.23069185646787294,0.13739396979931912,0.07913513513513513,0.8363948497854078,0.5565456533633572,0.1636051502145923,0.11177446102819237,0.1636051502145923,False,False,0.6246607122143603,0.3864013266998342,0.43283582089552236,402,603,0.6391233205795288,en,target_fpr,,,0.20422535211267606,-0.026466504355196874,clf_citizenlab_distilbert,A
he,few_label_32_strat,0.4023707801103592,0.20789710487975357,25,0.13883327312796015,0.08142273668186058,0.04075675675675676,0.9165665236051501,0.5562110207469989,0.08343347639484978,0.057247097844112776,0.08343347639484978,False,False,0.6246607122143603,0.3864013266998342,0.43283582089552236,402,603,0.6391233205795288,en,target_fpr,,,0.20422535211267606,0.06539207898471591,clf_citizenlab_distilbert,A
he,few_label_32_rand,0.31956534639000894,0.18753773900762086,25,0.18942495844595889,0.0977457167802214,0.05978378378378379,0.8786266094420602,0.5092234320799127,0.1213733905579399,0.0835820895522388,0.1213733905579399,False,False,0.6246607122143603,0.3864013266998342,0.43283582089552236,402,603,0.6391233205795288,en,target_fpr,,,0.20422535211267606,0.014800393666717176,clf_citizenlab_distilbert,A
he,few_label_64_strat,0.33198727771639824,0.16596894916720248,25,0.17188076708423725,0.07977306629823873,0.05113513513513514,0.8944206008583692,0.5173059716244183,0.10557939914163089,0.07217247097844114,0.10557939914163089,False,False,0.6246607122143603,0.3864013266998342,0.43283582089552236,402,603,0.6391233205795288,en,target_fpr,,,0.20422535211267606,0.032344585028438816,clf_citizenlab_distilbert,A
he,few_label_64_rand,0.3106019188463688,0.1077430235218837,25,0.17123215315981052,0.059329353539406146,0.050594594594594595,0.8966523605150215,0.5735562963272888,0.10334763948497853,0.07097844112769486,0.10334763948497853,False,False,0.6246607122143603,0.3864013266998342,0.43283582089552236,402,603,0.6391233205795288,en,target_fpr,,,0.20422535211267606,0.03299319895286554,clf_citizenlab_distilbert,A
he,few_label_128_strat,0.2426680424809456,0.03538315775503847,25,0.2173166038771627,0.03735315433854409,0.06443243243243243,0.864549356223176,0.5686160744431676,0.13545064377682403,0.09187396351575457,0.13545064377682403,False,False,0.6246607122143603,0.3864013266998342,0.43283582089552236,402,603,0.6391233205795288,en,target_fpr,,,0.20422535211267606,-0.013091251764486639,clf_citizenlab_distilbert,A
he,few_label_128_rand,0.2658652149140835,0.026613485923718073,25,0.19622649866678585,0.02237577640054381,0.0574054054054054,0.881030042918455,0.5644058523860749,0.11896995708154508,0.08119402985074627,0.11896995708154508,False,False,0.6246607122143603,0.3864013266998342,0.43283582089552236,402,603,0.6391233205795288,en,target_fpr,,,0.20422535211267606,0.007998853445890214,clf_citizenlab_distilbert,A
he,few_label_256_strat,0.2556214715540409,0.01637976403124971,25,0.20461385789785125,0.010309835062321391,0.05956756756756758,0.8751931330472102,0.5685654560625594,0.12480686695278971,0.08477611940298509,0.12480686695278971,False,False,0.6246607122143603,0.3864013266998342,0.43283582089552236,402,603,0.6391233205795288,en,target_fpr,,,0.20422535211267606,-0.0003885057851751861,clf_citizenlab_distilbert,A
he,few_label_256_rand,0.2556297132372856,0.011728001605870106,25,0.2057382976741626,0.006521461579520303,0.05935135135135136,0.8745064377682403,0.5709698090485814,0.12549356223175967,0.08490878938640133,0.12549356223175967,False,False,0.6246607122143603,0.3864013266998342,0.43283582089552236,402,603,0.6391233205795288,en,target_fpr,,,0.20422535211267606,-0.0015129455614865395,clf_citizenlab_distilbert,A
he,target_full,0.25366218760609627,0.0,1,0.20422535211267606,0.0,0.05945945945945946,0.8755364806866953,0.5686274509803921,0.12446351931330472,0.0845771144278607,0.12446351931330472,False,False,0.6246607122143603,0.3864013266998342,0.43283582089552236,402,603,0.6391233205795288,en,target_fpr,0.14552844063153342,0.26603218935425677,0.20422535211267606,0.0,clf_citizenlab_distilbert,A
he,test_oracle_unachievable,0.31390373408794403,0.0,1,0.15441176470588233,0.0,0.04864864864864865,0.9098712446351931,0.5384615384615384,0.09012875536480687,0.06467661691542288,0.09012875536480687,False,False,0.6246607122143603,0.3864013266998342,0.43283582089552236,402,603,0.6391233205795288,en,target_fpr,,,0.20422535211267606,0.04981358740679373,clf_citizenlab_distilbert,A
hi,fixed_half,0.5,0.0,1,0.02365308804204993,0.0,0.0013351134846461949,0.9880159786950732,0.9,0.011984021304926764,0.006666666666666667,0.011984021304926764,True,False,0.7527657826947248,0.5006666666666667,0.519,1000,1500,0.6391233205795288,en,target_fpr,,,0.39260020554984587,0.36894711750779596,clf_citizenlab_distilbert,A
hi,source_global,0.6391233205795288,0.0,1,0.013210039630118891,0.0,0.0013351134846461949,0.9933422103861518,0.8333333333333334,0.006657789613848202,0.004,0.006657789613848202,True,False,0.7527657826947248,0.5006666666666667,0.519,1000,1500,0.6391233205795288,en,target_fpr,0.002670053475935829,0.026670411878484467,0.39260020554984587,0.37939016591972696,clf_citizenlab_distilbert,A
hi,pooled_global,0.5753132707628981,0.0,1,0.013210039630118891,0.0,0.0013351134846461949,0.9933422103861518,0.8333333333333334,0.006657789613848202,0.004,0.006657789613848202,True,False,0.7527657826947248,0.5006666666666667,0.519,1000,1500,0.6391233205795288,en,target_fpr,,,0.39260020554984587,0.37939016591972696,clf_citizenlab_distilbert,A
hi,worstcase_global,0.8775589317083359,0.0,1,0.0,0.0,0.0013351134846461949,1.0,0.0,0.0,0.0006666666666666666,0.0,True,False,0.7527657826947248,0.5006666666666667,0.519,1000,1500,0.6391233205795288,en,target_fpr,,,0.39260020554984587,0.39260020554984587,clf_citizenlab_distilbert,A
hi,quantile_match,0.06727545194327832,0.0,1,0.6271999999999999,0.0,0.14285714285714285,0.4780292942743009,0.7855711422845691,0.521970705725699,0.33266666666666667,0.521970705725699,False,False,0.7527657826947248,0.5006666666666667,0.519,1000,1500,0.6391233205795288,en,target_fpr,,,0.39260020554984587,-0.234599794450154,clf_citizenlab_distilbert,A
hi,sld_em,0.9999989660485397,0.0,1,0.0,0.0,0.0,1.0,0.0,0.0,0.0,0.0,True,False,0.7527657826947248,0.5006666666666667,0.519,1000,1500,0.6391233205795288,en,target_fpr,,,0.39260020554984587,0.39260020554984587,clf_citizenlab_distilbert,A
hi,bbse,0.6391233205795287,0.0,1,0.013210039630118891,0.0,0.0013351134846461949,0.9933422103861518,0.8333333333333334,0.006657789613848202,0.004,0.006657789613848202,True,False,0.7527657826947248,0.5006666666666667,0.519,1000,1500,0.6391233205795288,en,target_fpr,,,0.39260020554984587,0.37939016591972696,clf_citizenlab_distilbert,A
hi,few_label_8_strat,0.1290104584954679,0.09359737570226707,25,0.46714819020300186,0.20275896311582886,0.1244859813084112,0.6157656458055926,0.8115682273105562,0.38423435419440743,0.2545333333333333,0.38423435419440743,False,False,0.7527657826947248,0.5006666666666667,0.519,1000,1500,0.6391233205795288,en,target_fpr,,,0.39260020554984587,-0.07454798465315599,clf_citizenlab_distilbert,A
hi,few_label_8_rand,0.11942117592319847,0.07907285306746296,25,0.4781863702843798,0.19556075681889087,0.13692923898531373,0.5993075898801598,0.8031232731118881,0.4006924101198402,0.26898666666666665,0.4006924101198402,False,False,0.7527657826947248,0.5006666666666667,0.519,1000,1500,0.6391233205795288,en,target_fpr,,,0.39260020554984587,-0.08558616473453395,clf_citizenlab_distilbert,A
hi,few_label_16_strat,0.1257390297949314,0.06801952479555672,25,0.4575468320162938,0.17833067183003995,0.09890520694259014,0.6431957390146472,0.8227796402274532,0.35680426098535284,0.2280266666666667,0.35680426098535284,False,False,0.7527657826947248,0.5006666666666667,0.519,1000,1500,0.6391233205795288,en,target_fpr,,,0.39260020554984587,-0.06494662646644794,clf_citizenlab_distilbert,A
hi,few_label_16_rand,0.13201916195452212,0.07179743223543317,25,0.4484749060736268,0.15937377665780486,0.07946595460614152,0.666577896138482,0.8331841129417152,0.33342210386151794,0.20661333333333334,0.33342210386151794,False,False,0.7527657826947248,0.5006666666666667,0.519,1000,1500,0.6391233205795288,en,target_fpr,,,0.39260020554984587,-0.05587470052378091,clf_citizenlab_distilbert,A
hi,few_label_32_strat,0.20417873583734036,0.09752562307017901,25,0.2936011839477213,0.1714525597643938,0.03823765020026702,0.8031424766977363,0.8670824168284796,0.19685752330226364,0.11765333333333333,0.19685752330226364,False,False,0.7527657826947248,0.5006666666666667,0.519,1000,1500,0.6391233205795288,en,target_fpr,,,0.39260020554984587,0.09899902160212459,clf_citizenlab_distilbert,A
hi,few_label_32_rand,0.21984420523047446,0.11849407197189377,25,0.2796483555862559,0.17774096446188878,0.0363150867823765,0.8125699067909454,0.8672367692456185,0.1874300932090546,0.11197333333333331,0.1874300932090546,False,False,0.7527657826947248,0.5006666666666667,0.519,1000,1500,0.6391233205795288,en,target_fpr,,,0.39260020554984587,0.11295184996358998,clf_citizenlab_distilbert,A
hi,few_label_64_strat,0.16935940526425838,0.08021717656672259,25,0.3487500416227748,0.1184627384539236,0.04170894526034713,0.771185086551265,0.8523414233375759,0.22881491344873503,0.13538666666666668,0.22881491344873503,False,False,0.7527657826947248,0.5006666666666667,0.519,1000,1500,0.6391233205795288,en,target_fpr,,,0.39260020554984587,0.043850163927071084,clf_citizenlab_distilbert,A
hi,few_label_64_rand,0.12130773197859526,0.03750988014962103,25,0.46019676362199513,0.11406972350251124,0.07065420560747664,0.6682290279627164,0.8365708833155173,0.33177097203728356,0.20138666666666666,0.33177097203728356,False,False,0.7527657826947248,0.5006666666666667,0.519,1000,1500,0.6391233205795288,en,target_fpr,,,0.39260020554984587,-0.06759655807214926,clf_citizenlab_distilbert,A
hi,few_label_128_strat,0.1368677569180727,0.03427372582537636,25,0.4164282512903141,0.09857991973511877,0.051588785046728966,0.7168575233022636,0.8498714560066861,0.28314247669773634,0.16752000000000003,0.28314247669773634,False,False,0.7527657826947248,0.5006666666666667,0.519,1000,1500,0.6391233205795288,en,target_fpr,,,0.39260020554984587,-0.023828045740468207,clf_citizenlab_distilbert,A
hi,few_label_128_rand,0.16195769391953946,0.05138087821823646,25,0.35448545667206965,0.12410202139329803,0.041548731642189585,0.7663382157123835,0.8565604158956694,0.2336617842876165,0.13773333333333335,0.2336617842876165,False,False,0.7527657826947248,0.5006666666666667,0.519,1000,1500,0.6391233205795288,en,target_fpr,,,0.39260020554984587,0.03811474887777622,clf_citizenlab_distilbert,A
hi,few_label_256_strat,0.14887275733053684,0.024437494878504818,25,0.3769633069555002,0.07263633982421668,0.04160213618157543,0.7547270306258324,0.856807892921777,0.24527296937416776,0.14357333333333333,0.24527296937416776,False,False,0.7527657826947248,0.5006666666666667,0.519,1000,1500,0.6391233205795288,en,target_fpr,,,0.39260020554984587,0.015636898594345694,clf_citizenlab_distilbert,A
hi,few_label_256_rand,0.14161500483751296,0.024880157800606543,25,0.39927932007183176,0.0746202832957093,0.045927903871829094,0.7353395472703061,0.8545953277968621,0.26466045272969374,0.15544,0.26466045272969374,False,False,0.7527657826947248,0.5006666666666667,0.519,1000,1500,0.6391233205795288,en,target_fpr,,,0.39260020554984587,-0.006679114521985885,clf_citizenlab_distilbert,A
hi,target_full,0.14442788064479828,0.0,1,0.39260020554984587,0.0,0.04138851802403204,0.7456724367509987,0.8603603603603603,0.25432756324900135,0.148,0.25432756324900135,False,False,0.7527657826947248,0.5006666666666667,0.519,1000,1500,0.6391233205795288,en,target_fpr,0.35633129009330394,0.4306689134294226,0.39260020554984587,0.0,clf_citizenlab_distilbert,A
hi,test_oracle_unachievable,0.13061216473579407,0.0,1,0.4349553128103277,0.0,0.049399198931909215,0.7083888149134487,0.85546875,0.29161118508655126,0.17066666666666666,0.29161118508655126,False,False,0.7527657826947248,0.5006666666666667,0.519,1000,1500,0.6391233205795288,en,target_fpr,,,0.39260020554984587,-0.042355107260481806,clf_citizenlab_distilbert,A
hin,fixed_half,0.5,0.0,1,0.4631578947368421,0.0,0.20722135007849293,0.639344262295082,0.6470588235294118,0.36065573770491804,0.28593272171253825,0.36065573770491804,False,False,0.637751007774427,0.5129969418960245,0.4868270332187858,873,1308,0.6391233205795288,en,target_fpr,,,0.1552393272962484,-0.3079185674405937,clf_citizenlab_distilbert,A
hin,source_global,0.6391233205795288,0.0,1,0.3866943866943867,0.0,0.16483516483516483,0.7228017883755589,0.6391752577319587,0.27719821162444114,0.22247706422018348,0.27719821162444114,False,False,0.637751007774427,0.5129969418960245,0.4868270332187858,873,1308,0.6391233205795288,en,target_fpr,0.3421085442004876,0.42361066755023985,0.1552393272962484,-0.23145505939813832,clf_citizenlab_distilbert,A
hin,pooled_global,0.47122522145733314,0.0,1,0.48120300751879697,0.0,0.2150706436420722,0.6184798807749627,0.6513994910941476,0.38152011922503726,0.30045871559633025,0.38152011922503726,False,False,0.637751007774427,0.5129969418960245,0.4868270332187858,873,1308,0.6391233205795288,en,target_fpr,,,0.1552393272962484,-0.32596368022254857,clf_citizenlab_distilbert,A
hin,worstcase_global,0.8775589317083359,0.0,1,0.1437908496732026,0.0,0.061224489795918366,0.9180327868852459,0.5851063829787234,0.08196721311475409,0.07186544342507645,0.08196721311475409,False,False,0.637751007774427,0.5129969418960245,0.4868270332187858,873,1308,0.6391233205795288,en,target_fpr,,,0.1552393272962484,0.011448477623045794,clf_citizenlab_distilbert,A
hin,quantile_match,0.42158046007156397,0.0,1,0.5054347826086957,0.0,0.24175824175824176,0.5842026825633383,0.6443418013856813,0.4157973174366617,0.33103975535168195,0.4157973174366617,False,False,0.637751007774427,0.5129969418960245,0.4868270332187858,873,1308,0.6391233205795288,en,target_fpr,,,0.1552393272962484,-0.3501954553124473,clf_citizenlab_distilbert,A
hin,sld_em,0.8500768500493077,0.0,1,0.18181818181818182,0.0,0.07692307692307693,0.8926974664679582,0.5950413223140496,0.10730253353204174,0.09250764525993883,0.10730253353204174,False,False,0.637751007774427,0.5129969418960245,0.4868270332187858,873,1308,0.6391233205795288,en,target_fpr,,,0.1552393272962484,-0.026578854521933426,clf_citizenlab_distilbert,A
hin,bbse,0.8045714311097777,0.0,1,0.22276029055690072,0.0,0.0989010989010989,0.8628912071535022,0.5935483870967742,0.13710879284649777,0.11850152905198777,0.13710879284649777,False,False,0.637751007774427,0.5129969418960245,0.4868270332187858,873,1308,0.6391233205795288,en,target_fpr,,,0.1552393272962484,-0.06752096326065232,clf_citizenlab_distilbert,A
hin,few_label_8_strat,0.6536588252335787,0.2405646585443591,25,0.3270916492278007,0.18428971190766474,0.1631397174254317,0.7410432190760059,0.6114541032071452,0.258956780923994,0.21229357798165135,0.258956780923994,False,False,0.637751007774427,0.5129969418960245,0.4868270332187858,873,1308,0.6391233205795288,en,target_fpr,,,0.1552393272962484,-0.1718523219315523,clf_citizenlab_distilbert,A
hin,few_label_8_rand,0.7132762104272843,0.20811856732834988,25,0.2827242188817643,0.16771728331729285,0.12941915227629514,0.7920715350223547,0.6124512931123958,0.20792846497764533,0.16969418960244645,0.20792846497764533,False,False,0.637751007774427,0.5129969418960245,0.4868270332187858,873,1308,0.6391233205795288,en,target_fpr,,,0.1552393272962484,-0.1274848915855159,clf_citizenlab_distilbert,A
hin,few_label_16_strat,0.8393203139305114,0.11723451048216366,25,0.1755979769396044,0.12744765773530187,0.07390894819466248,0.8869150521609538,0.6024064613738264,0.11308494783904618,0.09400611620795107,0.11308494783904618,False,False,0.637751007774427,0.5129969418960245,0.4868270332187858,873,1308,0.6391233205795288,en,target_fpr,,,0.1552393272962484,-0.020358649643356014,clf_citizenlab_distilbert,A
hin,few_label_16_rand,0.8032403498888016,0.13808834069074682,25,0.20978358298564623,0.13097013901105736,0.09067503924646783,0.8612220566318928,0.6052294567730672,0.1387779433681073,0.11535168195718652,0.1387779433681073,False,False,0.637751007774427,0.5129969418960245,0.4868270332187858,873,1308,0.6391233205795288,en,target_fpr,,,0.1552393272962484,-0.05454425568939783,clf_citizenlab_distilbert,A
hin,few_label_32_strat,0.9057982242107392,0.07559919680672232,25,0.10298738807898142,0.09012527722995849,0.04251177394034537,0.9388971684053652,0.6009222518242786,0.06110283159463488,0.05204892966360857,0.06110283159463488,False,False,0.637751007774427,0.5129969418960245,0.4868270332187858,873,1308,0.6391233205795288,en,target_fpr,,,0.1552393272962484,0.05225193921726698,clf_citizenlab_distilbert,A
hin,few_label_32_rand,0.8813317000865937,0.08279998156600207,25,0.1311177803853971,0.09993239539329961,0.05607535321821036,0.9204769001490314,0.5779459835107188,0.0795230998509687,0.0681039755351682,0.0795230998509687,False,False,0.637751007774427,0.5129969418960245,0.4868270332187858,873,1308,0.6391233205795288,en,target_fpr,,,0.1552393272962484,0.024121546910851305,clf_citizenlab_distilbert,A
hin,few_label_64_strat,0.8616481137275696,0.07051704163307607,25,0.15722653935775693,0.08182980367993914,0.06706436420722135,0.9052160953800298,0.6121577326182581,0.09478390461997019,0.08128440366972478,0.09478390461997019,False,False,0.637751007774427,0.5129969418960245,0.4868270332187858,873,1308,0.6391233205795288,en,target_fpr,,,0.1552393272962484,-0.0019872120615085365,clf_citizenlab_distilbert,A
hin,few_label_64_rand,0.8446816849708557,0.07074567744701404,25,0.17628222512225342,0.08531911756905142,0.07560439560439561,0.8921013412816693,0.5971703651604411,0.10789865871833085,0.09217125382262996,0.10789865871833085,False,False,0.637751007774427,0.5129969418960245,0.4868270332187858,873,1308,0.6391233205795288,en,target_fpr,,,0.1552393272962484,-0.02104289782600502,clf_citizenlab_distilbert,A
hin,few_label_128_strat,0.8847673457860946,0.05619423865073002,25,0.12656807257052777,0.07140004946149786,0.054945054945054944,0.9260804769001488,0.5778240317764863,0.07391952309985096,0.06467889908256881,0.07391952309985096,False,False,0.637751007774427,0.5129969418960245,0.4868270332187858,873,1308,0.6391233205795288,en,target_fpr,,,0.1552393272962484,0.02867125472572063,clf_citizenlab_distilbert,A
hin,few_label_128_rand,0.8685428297519684,0.06521411132483568,25,0.14665575506986053,0.08109788531248237,0.06417582417582418,0.9122503725782416,0.5823964531118638,0.08774962742175857,0.0762691131498471,0.08774962742175857,False,False,0.637751007774427,0.5129969418960245,0.4868270332187858,873,1308,0.6391233205795288,en,target_fpr,,,0.1552393272962484,0.008583572226387864,clf_citizenlab_distilbert,A
hin,few_label_256_strat,0.8634613245725632,0.038702290923598684,25,0.15849070920694677,0.05026518691403801,0.06744113029827316,0.9070044709388972,0.5855070995672895,0.09299552906110284,0.08055045871559634,0.09299552906110284,False,False,0.637751007774427,0.5129969418960245,0.4868270332187858,873,1308,0.6391233205795288,en,target_fpr,,,0.1552393272962484,-0.0032513819106983755,clf_citizenlab_distilbert,A
hin,few_label_256_rand,0.8717528367042542,0.04261499955956268,25,0.14643249581396323,0.05420264016764505,0.06285714285714286,0.914634873323398,0.5809510734559156,0.08536512667660208,0.07440366972477064,0.08536512667660208,False,False,0.637751007774427,0.5129969418960245,0.4868270332187858,873,1308,0.6391233205795288,en,target_fpr,,,0.1552393272962484,0.008806831482285171,clf_citizenlab_distilbert,A
hin,target_full,0.8712929040193558,0.0,1,0.1552393272962484,0.0,0.06593406593406594,0.910581222056632,0.5882352941176471,0.08941877794336811,0.0779816513761468,0.08941877794336811,False,False,0.637751007774427,0.5129969418960245,0.4868270332187858,873,1308,0.6391233205795288,en,target_fpr,0.12026938486688005,0.1890659998792666,0.1552393272962484,0.0,clf_citizenlab_distilbert,A
hin,test_oracle_unachievable,0.8934567868709564,0.0,1,0.12550066755674233,0.0,0.04866562009419152,0.9299552906110283,0.6025641025641025,0.07004470938897168,0.05963302752293578,0.07004470938897168,False,False,0.637751007774427,0.5129969418960245,0.4868270332187858,873,1308,0.6391233205795288,en,target_fpr,,,0.1552393272962484,0.029738659739506068,clf_citizenlab_distilbert,A
it,fixed_half,0.5,0.0,1,0.5396290050590219,0.0,0.17447916666666666,0.5628415300546448,0.7048458149779736,0.4371584699453552,0.30266666666666664,0.4371584699453552,False,False,0.7187660092213115,0.488,0.497,1000,1500,0.6391233205795288,en,target_fpr,,,0.22923976608187135,-0.31038923897715054,clf_citizenlab_distilbert,A
it,source_global,0.6391233205795288,0.0,1,0.4661654135338346,0.0,0.109375,0.6612021857923497,0.7469879518072289,0.33879781420765026,0.22133333333333333,0.33879781420765026,False,False,0.7187660092213115,0.488,0.497,1000,1500,0.6391233205795288,en,target_fpr,0.4212138941414467,0.5052469304613589,0.22923976608187135,-0.23692564745196326,clf_citizenlab_distilbert,A
it,pooled_global,0.4908864631645077,0.0,1,0.5495420482930891,0.0,0.18098958333333334,0.5491803278688525,0.7036247334754797,0.45081967213114754,0.31266666666666665,0.45081967213114754,False,False,0.7187660092213115,0.488,0.497,1000,1500,0.6391233205795288,en,target_fpr,,,0.22923976608187135,-0.3203022822112177,clf_citizenlab_distilbert,A
it,worstcase_global,0.8712929040193558,0.0,1,0.2392566782810685,0.0,0.033854166666666664,0.8592896174863388,0.7984496124031008,0.1407103825136612,0.086,0.1407103825136612,False,False,0.7187660092213115,0.488,0.497,1000,1500,0.6391233205795288,en,target_fpr,,,0.22923976608187135,-0.010016912199197148,clf_citizenlab_distilbert,A
it,quantile_match,0.41523332431912424,0.0,1,0.5853658536585367,0.0,0.21744791666666666,0.4918032786885246,0.6901669758812616,0.5081967213114754,0.35933333333333334,0.5081967213114754,False,False,0.7187660092213115,0.488,0.497,1000,1500,0.6391233205795288,en,target_fpr,,,0.22923976608187135,-0.3561260875766653,clf_citizenlab_distilbert,A
it,sld_em,0.8092794914941762,0.0,1,0.31842966194111233,0.0,0.05078125,0.8005464480874317,0.7891891891891892,0.1994535519125683,0.12333333333333334,0.1994535519125683,False,False,0.7187660092213115,0.488,0.497,1000,1500,0.6391233205795288,en,target_fpr,,,0.22923976608187135,-0.08918989585924098,clf_citizenlab_distilbert,A
it,bbse,0.8036484395539757,0.0,1,0.31842966194111233,0.0,0.05078125,0.8005464480874317,0.7891891891891892,0.1994535519125683,0.12333333333333334,0.1994535519125683,False,False,0.7187660092213115,0.488,0.497,1000,1500,0.6391233205795288,en,target_fpr,,,0.22923976608187135,-0.08918989585924098,clf_citizenlab_distilbert,A
it,few_label_8_strat,0.6375958582758904,0.23374478765358128,25,0.41840593297256246,0.16743696110988956,0.13046875,0.6674863387978143,0.7525268136921249,0.3325136612021858,0.22906666666666664,0.3325136612021858,False,False,0.7187660092213115,0.488,0.497,1000,1500,0.6391233205795288,en,target_fpr,,,0.22923976608187135,-0.1891661668906911,clf_citizenlab_distilbert,A
it,few_label_8_rand,0.5633566008508205,0.28947576256357616,25,0.4508785254695724,0.19600201241309306,0.18635416666666668,0.601639344262295,0.7328732869803543,0.3983606557377049,0.28981333333333337,0.3983606557377049,False,False,0.7187660092213115,0.488,0.497,1000,1500,0.6391233205795288,en,target_fpr,,,0.22923976608187135,-0.22163875938770106,clf_citizenlab_distilbert,A
it,few_label_16_strat,0.7892933800816536,0.19986912684299005,25,0.28040405512275285,0.17650944639319938,0.06916666666666665,0.7993989071038251,0.7928747463570079,0.20060109289617487,0.13330666666666666,0.20060109289617487,False,False,0.7187660092213115,0.488,0.497,1000,1500,0.6391233205795288,en,target_fpr,,,0.22923976608187135,-0.051164289040881494,clf_citizenlab_distilbert,A
it,few_label_16_rand,0.6969155475497246,0.21790841427923668,25,0.3679125935324679,0.18368414016875004,0.10197916666666668,0.7203278688524591,0.7711613287926901,0.27967213114754097,0.18869333333333332,0.27967213114754097,False,False,0.7187660092213115,0.488,0.497,1000,1500,0.6391233205795288,en,target_fpr,,,0.22923976608187135,-0.13867282745059656,clf_citizenlab_distilbert,A
it,few_label_32_strat,0.9020047831535339,0.09457610912564503,25,0.17121575876004136,0.11736328650382574,0.024322916666666666,0.8966120218579234,0.8416559880714338,0.10338797814207651,0.06290666666666667,0.10338797814207651,False,False,0.7187660092213115,0.488,0.497,1000,1500,0.6391233205795288,en,target_fpr,,,0.22923976608187135,0.058024007321829996,clf_citizenlab_distilbert,A
it,few_label_32_rand,0.817519366145134,0.14319382893067772,25,0.266968670813915,0.14904999680693795,0.05072916666666666,0.8231693989071037,0.8044287938857968,0.17683060109289617,0.11226666666666667,0.17683060109289617,False,False,0.7187660092213115,0.488,0.497,1000,1500,0.6391233205795288,en,target_fpr,,,0.22923976608187135,-0.037728904732043655,clf_citizenlab_distilbert,A
it,few_label_64_strat,0.8498954439163208,0.11584932039001036,25,0.2413650985476392,0.12295341240052104,0.04078125,0.8472131147540983,0.814566317989034,0.15278688524590164,0.09543999999999998,0.15278688524590164,False,False,0.7187660092213115,0.488,0.497,1000,1500,0.6391233205795288,en,target_fpr,,,0.22923976608187135,-0.012125332465767857,clf_citizenlab_distilbert,A
it,few_label_64_rand,0.821248768568039,0.1478554892484061,25,0.26311834270277834,0.14411770605218324,0.05151041666666667,0.8257377049180328,0.7973823615066639,0.17426229508196722,0.11141333333333332,0.17426229508196722,False,False,0.7187660092213115,0.488,0.497,1000,1500,0.6391233205795288,en,target_fpr,,,0.22923976608187135,-0.033878576620906986,clf_citizenlab_distilbert,A
it,few_label_128_strat,0.8515238326787948,0.08345747673994079,25,0.2508011888915404,0.08612225131230884,0.04010416666666666,0.8457923497267759,0.7945957424622473,0.15420765027322403,0.09578666666666667,0.15420765027322403,False,False,0.7187660092213115,0.488,0.497,1000,1500,0.6391233205795288,en,target_fpr,,,0.22923976608187135,-0.02156142280966905,clf_citizenlab_distilbert,A
it,few_label_128_rand,0.8451578062772751,0.09509156401719368,25,0.2550332640406065,0.10496807303630341,0.04114583333333334,0.8408196721311475,0.8035349890371448,0.15918032786885247,0.09874666666666668,0.15918032786885247,False,False,0.7187660092213115,0.488,0.497,1000,1500,0.6391233205795288,en,target_fpr,,,0.22923976608187135,-0.025793497958735145,clf_citizenlab_distilbert,A
it,few_label_256_strat,0.8595406651496887,0.04021663007918474,25,0.25079355213647764,0.04910754462811039,0.03630208333333333,0.8498360655737704,0.7994535789993291,0.15016393442622952,0.09186666666666668,0.15016393442622952,False,False,0.7187660092213115,0.488,0.497,1000,1500,0.6391233205795288,en,target_fpr,,,0.22923976608187135,-0.021553786054606283,clf_citizenlab_distilbert,A
it,few_label_256_rand,0.8546550220251083,0.06262636325673814,25,0.2518773204761985,0.07132310776311276,0.03802083333333333,0.8471584699453552,0.797286105994081,0.1528415300546448,0.09405333333333334,0.1528415300546448,False,False,0.7187660092213115,0.488,0.497,1000,1500,0.6391233205795288,en,target_fpr,,,0.22923976608187135,-0.02263755439432713,clf_citizenlab_distilbert,A
it,target_full,0.8775589317083359,0.0,1,0.22923976608187135,0.0,0.032552083333333336,0.8661202185792349,0.7967479674796748,0.13387978142076504,0.082,0.13387978142076504,False,False,0.7187660092213115,0.488,0.497,1000,1500,0.6391233205795288,en,target_fpr,0.19128176401690686,0.2645041918681693,0.22923976608187135,0.0,clf_citizenlab_distilbert,A
it,test_oracle_unachievable,0.8124390244483948,0.0,1,0.3150984682713348,0.0,0.049479166666666664,0.8032786885245902,0.7912087912087912,0.19672131147540983,0.12133333333333333,0.19672131147540983,False,False,0.7187660092213115,0.488,0.497,1000,1500,0.6391233205795288,en,target_fpr,,,0.22923976608187135,-0.08585870218946345,clf_citizenlab_distilbert,A
ja,fixed_half,0.5,0.0,1,0.061696658097686374,0.0,0.01971090670170828,0.9675236806495264,0.6153846153846154,0.03247631935047361,0.026,0.03247631935047361,False,False,0.6307027822873899,0.49266666666666664,0.508,1000,1500,0.6391233205795288,en,target_fpr,,,0.14832535885167467,0.08662870075398829,clf_citizenlab_distilbert,A
ja,source_global,0.6391233205795288,0.0,1,0.0392156862745098,0.0,0.01445466491458607,0.979702300405954,0.5769230769230769,0.02029769959404601,0.017333333333333333,0.02029769959404601,False,False,0.6307027822873899,0.49266666666666664,0.508,1000,1500,0.6391233205795288,en,target_fpr,0.020879928141303922,0.059458029502975435,0.14832535885167467,0.10910967257716486,clf_citizenlab_distilbert,A
ja,pooled_global,0.5681323852611813,0.0,1,0.05188067444876783,0.0,0.01576872536136662,0.972936400541272,0.625,0.02706359945872801,0.021333333333333333,0.02706359945872801,False,False,0.6307027822873899,0.49266666666666664,0.508,1000,1500,0.6391233205795288,en,target_fpr,,,0.14832535885167467,0.09644468440290684,clf_citizenlab_distilbert,A
ja,worstcase_global,0.8775589317083359,0.0,1,0.0,0.0,0.001314060446780552,1.0,0.0,0.0,0.0006666666666666666,0.0,True,False,0.6307027822873899,0.49266666666666664,0.508,1000,1500,0.6391233205795288,en,target_fpr,,,0.14832535885167467,0.14832535885167467,clf_citizenlab_distilbert,A
ja,quantile_match,0.02974763894453645,0.0,1,0.4837133550488599,0.0,0.25229960578186594,0.5981055480378891,0.6073619631901841,0.401894451962111,0.326,0.401894451962111,False,False,0.6307027822873899,0.49266666666666664,0.508,1000,1500,0.6391233205795288,en,target_fpr,,,0.14832535885167467,-0.3353879961971853,clf_citizenlab_distilbert,A
ja,sld_em,0.9999989660485397,0.0,1,0.0,0.0,0.0,1.0,0.0,0.0,0.0,0.0,True,False,0.6307027822873899,0.49266666666666664,0.508,1000,1500,0.6391233205795288,en,target_fpr,,,0.14832535885167467,0.14832535885167467,clf_citizenlab_distilbert,A
ja,bbse,0.6391233205795287,0.0,1,0.0392156862745098,0.0,0.01445466491458607,0.979702300405954,0.5769230769230769,0.02029769959404601,0.017333333333333333,0.02029769959404601,False,False,0.6307027822873899,0.49266666666666664,0.508,1000,1500,0.6391233205795288,en,target_fpr,,,0.14832535885167467,0.10910967257716486,clf_citizenlab_distilbert,A
ja,few_label_8_strat,0.15838538160547613,0.1432030233867008,25,0.3233270948956652,0.17258290502930546,0.15427069645203678,0.7433829499323411,0.6343319872522615,0.25661705006765906,0.2046933333333333,0.25661705006765906,False,False,0.6307027822873899,0.49266666666666664,0.508,1000,1500,0.6391233205795288,en,target_fpr,,,0.14832535885167467,-0.17500173604399052,clf_citizenlab_distilbert,A
ja,few_label_8_rand,0.15917923874221743,0.17344809116515084,25,0.34061011476795744,0.184729403940195,0.1840210249671485,0.7122056833558864,0.6297781338797082,0.28779431664411365,0.23514666666666667,0.28779431664411365,False,False,0.6307027822873899,0.49266666666666664,0.508,1000,1500,0.6391233205795288,en,target_fpr,,,0.14832535885167467,-0.19228475591628277,clf_citizenlab_distilbert,A
ja,few_label_16_strat,0.24597092099487783,0.1777817905327514,25,0.22943135517582358,0.1415721873791904,0.08399474375821286,0.8446549391069013,0.6412208189534878,0.1553450608930988,0.11914666666666665,0.1553450608930988,False,False,0.6307027822873899,0.49266666666666664,0.508,1000,1500,0.6391233205795288,en,target_fpr,,,0.14832535885167467,-0.08110599632414892,clf_citizenlab_distilbert,A
ja,few_label_16_rand,0.26486966099590065,0.19354728177202823,25,0.2200113147990453,0.14503259510853103,0.08078843626806834,0.8507713125845738,0.6404982006112934,0.14922868741542625,0.11450666666666669,0.14922868741542625,False,False,0.6307027822873899,0.49266666666666664,0.508,1000,1500,0.6391233205795288,en,target_fpr,,,0.14832535885167467,-0.07168595594737062,clf_citizenlab_distilbert,A
ja,few_label_32_strat,0.4210243313014507,0.1997692137669166,25,0.12616774909466144,0.13058155233905633,0.0452562417871222,0.9184303112313938,0.6055584710872516,0.08156968876860624,0.06314666666666667,0.08156968876860624,False,False,0.6307027822873899,0.49266666666666664,0.508,1000,1500,0.6391233205795288,en,target_fpr,,,0.14832535885167467,0.022157609757013225,clf_citizenlab_distilbert,A
ja,few_label_32_rand,0.2850144948810339,0.14815325622985437,25,0.18100715323891478,0.10483885534594585,0.05787122207621551,0.8880108254397834,0.6453463778989371,0.11198917456021652,0.08453333333333331,0.11198917456021652,False,False,0.6307027822873899,0.49266666666666664,0.508,1000,1500,0.6391233205795288,en,target_fpr,,,0.14832535885167467,-0.032681794387240115,clf_citizenlab_distilbert,A
ja,few_label_64_strat,0.36540195301175116,0.1657985896703333,25,0.1371217312301196,0.10271913979973858,0.042890932982917206,0.9173477672530445,0.6358331373913049,0.08265223274695535,0.062479999999999994,0.08265223274695535,False,False,0.6307027822873899,0.49266666666666664,0.508,1000,1500,0.6391233205795288,en,target_fpr,,,0.14832535885167467,0.011203627621555079,clf_citizenlab_distilbert,A
ja,few_label_64_rand,0.330301051735878,0.16840376721320116,25,0.1549908223519479,0.09366332088350793,0.04730617608409986,0.907171853856563,0.6455908623191868,0.09282814614343707,0.06973333333333334,0.09282814614343707,False,False,0.6307027822873899,0.49266666666666664,0.508,1000,1500,0.6391233205795288,en,target_fpr,,,0.14832535885167467,-0.006665463500273222,clf_citizenlab_distilbert,A
ja,few_label_128_strat,0.2907081161439419,0.10443908046898841,25,0.15537106409682,0.047365530682127774,0.04678055190538765,0.9105818673883626,0.6445656924578468,0.08941813261163734,0.06778666666666668,0.08941813261163734,False,False,0.6307027822873899,0.49266666666666664,0.508,1000,1500,0.6391233205795288,en,target_fpr,,,0.14832535885167467,-0.007045705245145334,clf_citizenlab_distilbert,A
ja,few_label_128_rand,0.34334793746471404,0.1260313068796675,25,0.1338949492122128,0.07122866403891606,0.04078843626806833,0.9225981055480379,0.6407876836609802,0.07740189445196212,0.058826666666666666,0.07740189445196212,False,False,0.6307027822873899,0.49266666666666664,0.508,1000,1500,0.6391233205795288,en,target_fpr,,,0.14832535885167467,0.014430409639461877,clf_citizenlab_distilbert,A
ja,few_label_256_strat,0.3092262862622738,0.07911439680979188,25,0.14174850537110603,0.04318127817444773,0.0421550591327201,0.9194587280108254,0.6479697462251538,0.08054127198917456,0.061066666666666665,0.08054127198917456,False,False,0.6307027822873899,0.49266666666666664,0.508,1000,1500,0.6391233205795288,en,target_fpr,,,0.14832535885167467,0.006576853480568634,clf_citizenlab_distilbert,A
ja,few_label_256_rand,0.3079011657834053,0.0766356637425778,25,0.14065180870713082,0.04168557314122217,0.04173455978975033,0.9202165087956697,0.6486849309165967,0.07978349120433018,0.06048,0.07978349120433018,False,False,0.6307027822873899,0.49266666666666664,0.508,1000,1500,0.6391233205795288,en,target_fpr,,,0.14832535885167467,0.00767355014454385,clf_citizenlab_distilbert,A
ja,target_full,0.2819588780403137,0.0,1,0.14832535885167467,0.0,0.045992115637319315,0.9161028416779432,0.6391752577319587,0.08389715832205684,0.06466666666666666,0.08389715832205684,False,False,0.6307027822873899,0.49266666666666664,0.508,1000,1500,0.6391233205795288,en,target_fpr,0.1159195967177471,0.1820946872529564,0.14832535885167467,0.0,clf_citizenlab_distilbert,A
ja,test_oracle_unachievable,0.2523959055542946,0.0,1,0.16745283018867924,0.0,0.04993429697766097,0.9039242219215156,0.6513761467889908,0.09607577807848444,0.07266666666666667,0.09607577807848444,False,False,0.6307027822873899,0.49266666666666664,0.508,1000,1500,0.6391233205795288,en,target_fpr,,,0.14832535885167467,-0.01912747133700457,clf_citizenlab_distilbert,A
ru,fixed_half,0.5,0.0,1,0.3047830923248053,0.0,0.030223390275952694,0.8146143437077131,0.85625,0.18538565629228687,0.10666666666666667,0.18538565629228687,False,False,0.7204056339230306,0.49266666666666664,0.508,1000,1500,0.6391233205795288,en,target_fpr,,,0.3447537473233405,0.03997065499853519,clf_citizenlab_distilbert,A
ru,source_global,0.6391233205795288,0.0,1,0.2201183431952663,0.0,0.017082785808147174,0.8741542625169147,0.8773584905660378,0.12584573748308525,0.07066666666666667,0.12584573748308525,False,False,0.7204056339230306,0.49266666666666664,0.508,1000,1500,0.6391233205795288,en,target_fpr,0.18386720582750865,0.25435650643122604,0.3447537473233405,0.12463540412807422,clf_citizenlab_distilbert,A
ru,pooled_global,0.5560254475484794,0.0,1,0.2710706150341686,0.0,0.026281208935611037,0.8389715832205683,0.8561151079136691,0.16102841677943167,0.09266666666666666,0.16102841677943167,False,False,0.7204056339230306,0.49266666666666664,0.508,1000,1500,0.6391233205795288,en,target_fpr,,,0.3447537473233405,0.0736831322891719,clf_citizenlab_distilbert,A
ru,worstcase_global,0.8775589317083359,0.0,1,0.057667103538663174,0.0,0.002628120893561104,0.9702300405953992,0.9166666666666666,0.029769959404600813,0.016,0.029769959404600813,False,False,0.7204056339230306,0.49266666666666664,0.508,1000,1500,0.6391233205795288,en,target_fpr,,,0.3447537473233405,0.28708664378467735,clf_citizenlab_distilbert,A
ru,quantile_match,0.12830137856304646,0.0,1,0.5926517571884984,0.0,0.18659658344283836,0.4979702300405954,0.723196881091618,0.5020297699594046,0.342,0.5020297699594046,False,False,0.7204056339230306,0.49266666666666664,0.508,1000,1500,0.6391233205795288,en,target_fpr,,,0.3447537473233405,-0.24789800986515786,clf_citizenlab_distilbert,A
ru,sld_em,0.9999989660485397,0.0,1,0.0,0.0,0.0,1.0,0.0,0.0,0.0,0.0,True,False,0.7204056339230306,0.49266666666666664,0.508,1000,1500,0.6391233205795288,en,target_fpr,,,0.3447537473233405,0.3447537473233405,clf_citizenlab_distilbert,A
ru,bbse,0.9832237780621496,0.0,1,0.0,0.0,0.0,1.0,0.0,0.0,0.0,0.0,True,False,0.7204056339230306,0.49266666666666664,0.508,1000,1500,0.6391233205795288,en,target_fpr,,,0.3447537473233405,0.3447537473233405,clf_citizenlab_distilbert,A
ru,few_label_8_strat,0.3231564380787313,0.21239598053005349,25,0.437030351861177,0.1552762095966735,0.11674113009198424,0.6603518267929636,0.7845085746302667,0.3396481732070365,0.22655999999999998,0.3396481732070365,False,False,0.7204056339230306,0.49266666666666664,0.508,1000,1500,0.6391233205795288,en,target_fpr,,,0.3447537473233405,-0.09227660453783648,clf_citizenlab_distilbert,A
ru,few_label_8_rand,0.3645100667793304,0.2570524529617415,25,0.41069039510124505,0.18703399320314196,0.1478580814717477,0.6569959404600811,0.7775521714854331,0.34300405953991875,0.244,0.34300405953991875,False,False,0.7204056339230306,0.49266666666666664,0.508,1000,1500,0.6391233205795288,en,target_fpr,,,0.3447537473233405,-0.06593664777790453,clf_citizenlab_distilbert,A
ru,few_label_16_strat,0.5274337331950665,0.29985453676178214,25,0.3004133970244737,0.21040969149183114,0.0688042049934297,0.777807848443843,0.8212497718606336,0.22219215155615693,0.14437333333333333,0.22219215155615693,False,False,0.7204056339230306,0.49266666666666664,0.508,1000,1500,0.6391233205795288,en,target_fpr,,,0.3447537473233405,0.04434035029886679,clf_citizenlab_distilbert,A
ru,few_label_16_rand,0.41459480999037623,0.2994252232865642,25,0.376877245863087,0.21312548620412952,0.11490144546649146,0.6975913396481731,0.7927884085672383,0.3024086603518268,0.20728,0.3024086603518268,False,False,0.7204056339230306,0.49266666666666664,0.508,1000,1500,0.6391233205795288,en,target_fpr,,,0.3447537473233405,-0.0321234985397465,clf_citizenlab_distilbert,A
ru,few_label_32_strat,0.6079849573969841,0.25566741018016764,25,0.23658474102354646,0.17235736919387123,0.0345335085413929,0.844979702300406,0.8431223351849185,0.15502029769959405,0.09389333333333333,0.15502029769959405,False,False,0.7204056339230306,0.49266666666666664,0.508,1000,1500,0.6391233205795288,en,target_fpr,,,0.3447537473233405,0.10816900629979406,clf_citizenlab_distilbert,A
ru,few_label_32_rand,0.5921856513619423,0.22219308312171776,25,0.2458781640379005,0.14626025239688542,0.03137976346911958,0.8444384303112313,0.8518835062452045,0.15556156968876858,0.09256000000000002,0.15556156968876858,False,False,0.7204056339230306,0.49266666666666664,0.508,1000,1500,0.6391233205795288,en,target_fpr,,,0.3447537473233405,0.09887558328544002,clf_citizenlab_distilbert,A
ru,few_label_64_strat,0.5174032637476921,0.24491991212090655,25,0.2950996358577843,0.16333301034954548,0.04436268068331142,0.8044925575101489,0.8252520384514489,0.1955074424898512,0.11882666666666668,0.1955074424898512,False,False,0.7204056339230306,0.49266666666666664,0.508,1000,1500,0.6391233205795288,en,target_fpr,,,0.3447537473233405,0.049654111465556205,clf_citizenlab_distilbert,A
ru,few_label_64_rand,0.45713689148426057,0.1919288055400858,25,0.33927516686962683,0.12507676823469613,0.05019710906701708,0.7752097428958052,0.8294467864535935,0.22479025710419484,0.13621333333333335,0.22479025710419484,False,False,0.7204056339230306,0.49266666666666664,0.508,1000,1500,0.6391233205795288,en,target_fpr,,,0.3447537473233405,0.005478580453713688,clf_citizenlab_distilbert,A
ru,few_label_128_strat,0.42610384404659274,0.14859052740705833,25,0.35525630231217137,0.09693202741157007,0.051143232588699086,0.766765899864682,0.8259501434414399,0.23323410013531798,0.14085333333333336,0.23323410013531798,False,False,0.7204056339230306,0.49266666666666664,0.508,1000,1500,0.6391233205795288,en,target_fpr,,,0.3447537473233405,-0.010502554988830848,clf_citizenlab_distilbert,A
ru,few_label_128_rand,0.45450307756662367,0.15460553059976898,25,0.33528492156035056,0.1004143187737619,0.04646517739816032,0.7830581867388362,0.8295429257416518,0.2169418132611637,0.13045333333333334,0.2169418132611637,False,False,0.7204056339230306,0.49266666666666664,0.508,1000,1500,0.6391233205795288,en,target_fpr,,,0.3447537473233405,0.009468825762989963,clf_citizenlab_distilbert,A
ru,few_label_256_strat,0.47676403254270555,0.10495152528488544,25,0.32166808997307383,0.064855026678552,0.03947437582128778,0.797997293640054,0.8388962112814685,0.20200270635994585,0.11954666666666666,0.20200270635994585,False,False,0.7204056339230306,0.49266666666666664,0.508,1000,1500,0.6391233205795288,en,target_fpr,,,0.3447537473233405,0.023085657350266686,clf_citizenlab_distilbert,A
ru,few_label_256_rand,0.4326340591907501,0.11143462137876933,25,0.3501277458023841,0.07499018750291542,0.0476215505913272,0.7734776725304464,0.8300801266499686,0.22652232746955345,0.13576,0.22652232746955345,False,False,0.7204056339230306,0.49266666666666664,0.508,1000,1500,0.6391233205795288,en,target_fpr,,,0.3447537473233405,-0.0053739984790435735,clf_citizenlab_distilbert,A
ru,target_full,0.4297102838754654,0.0,1,0.3447537473233405,0.0,0.04467805519053877,0.7821380243572396,0.8256410256410256,0.2178619756427605,0.13,0.2178619756427605,False,False,0.7204056339230306,0.49266666666666664,0.508,1000,1500,0.6391233205795288,en,target_fpr,0.3132776147225171,0.38264869584197314,0.3447537473233405,0.0,clf_citizenlab_distilbert,A
ru,test_oracle_unachievable,0.3962853252887726,0.0,1,0.3727748691099476,0.0,0.04993429697766097,0.7591339648173207,0.8240740740740741,0.2408660351826793,0.144,0.2408660351826793,False,False,0.7204056339230306,0.49266666666666664,0.508,1000,1500,0.6391233205795288,en,target_fpr,,,0.3447537473233405,-0.028021121786607095,clf_citizenlab_distilbert,A
tt,fixed_half,0.5,0.0,1,0.06435643564356436,0.0,0.04648074369189907,0.965194109772423,0.4262295081967213,0.03480589022757698,0.04066666666666666,0.03480589022757698,False,False,0.5568569097105553,0.498,0.454,1000,1500,0.6391233205795288,en,target_fpr,,,0.05243445692883895,-0.01192197871472541,clf_citizenlab_distilbert,A
tt,source_global,0.6391233205795288,0.0,1,0.030769230769230767,0.0,0.027888446215139442,0.9839357429718876,0.36363636363636365,0.01606425702811245,0.022,0.01606425702811245,False,False,0.5568569097105553,0.498,0.454,1000,1500,0.6391233205795288,en,target_fpr,0.014965157119904347,0.05013190954773869,0.05243445692883895,0.02166522615960818,clf_citizenlab_distilbert,A
tt,pooled_global,0.554884054605337,0.0,1,0.04767879548306148,0.0,0.041168658698539175,0.9745649263721553,0.38,0.025435073627844713,0.03333333333333333,0.025435073627844713,False,False,0.5568569097105553,0.498,0.454,1000,1500,0.6391233205795288,en,target_fpr,,,0.05243445692883895,0.004755661445777465,clf_citizenlab_distilbert,A
tt,worstcase_global,0.8775589317083359,0.0,1,0.005319148936170213,0.0,0.00398406374501992,0.9973226238286479,0.4,0.002677376171352075,0.0033333333333333335,0.002677376171352075,True,False,0.5568569097105553,0.498,0.454,1000,1500,0.6391233205795288,en,target_fpr,,,0.05243445692883895,0.047115307992668734,clf_citizenlab_distilbert,A
tt,quantile_match,0.0956711370497942,0.0,1,0.4988662131519274,0.0,0.32669322709163345,0.5582329317269076,0.5729166666666666,0.44176706827309237,0.384,0.44176706827309237,False,False,0.5568569097105553,0.498,0.454,1000,1500,0.6391233205795288,en,target_fpr,,,0.05243445692883895,-0.44643175622308845,clf_citizenlab_distilbert,A
tt,sld_em,0.9999989660485397,0.0,1,0.0,0.0,0.0,1.0,0.0,0.0,0.0,0.0,True,False,0.5568569097105553,0.498,0.454,1000,1500,0.6391233205795288,en,target_fpr,,,0.05243445692883895,0.05243445692883895,clf_citizenlab_distilbert,A
tt,bbse,0.6391233205795287,0.0,1,0.030769230769230767,0.0,0.027888446215139442,0.9839357429718876,0.36363636363636365,0.01606425702811245,0.022,0.01606425702811245,False,False,0.5568569097105553,0.498,0.454,1000,1500,0.6391233205795288,en,target_fpr,,,0.05243445692883895,0.02166522615960818,clf_citizenlab_distilbert,A
tt,few_label_8_strat,0.2947895186394453,0.19675284205057458,25,0.22509015747574754,0.14800689980332105,0.15065073041168658,0.833520749665328,0.46705300030493985,0.16647925033467204,0.15853333333333333,0.16647925033467204,False,False,0.5568569097105553,0.498,0.454,1000,1500,0.6391233205795288,en,target_fpr,,,0.05243445692883895,-0.1726557005469086,clf_citizenlab_distilbert,A
tt,few_label_8_rand,0.29399841859936715,0.21641118055997943,25,0.25321706161118834,0.18160181127107003,0.1748207171314741,0.7965729585006693,0.4821492539074225,0.20342704149933066,0.18906666666666666,0.20342704149933066,False,False,0.5568569097105553,0.498,0.454,1000,1500,0.6391233205795288,en,target_fpr,,,0.05243445692883895,-0.2007826046823494,clf_citizenlab_distilbert,A
tt,few_label_16_strat,0.3826760694384575,0.22895783918182386,25,0.17664670480502498,0.14774424386872287,0.11713147410358565,0.8744310575635876,0.45819916494192947,0.12556894243641234,0.12133333333333335,0.12556894243641234,False,False,0.5568569097105553,0.498,0.454,1000,1500,0.6391233205795288,en,target_fpr,,,0.05243445692883895,-0.12421224787618604,clf_citizenlab_distilbert,A
tt,few_label_16_rand,0.45068156242370605,0.2138873181725025,25,0.12741523767886012,0.1275317130223365,0.08632138114209827,0.9137349397590362,0.4334101605694236,0.08626506024096385,0.08629333333333333,0.08626506024096385,False,False,0.5568569097105553,0.498,0.454,1000,1500,0.6391233205795288,en,target_fpr,,,0.05243445692883895,-0.07498078075002118,clf_citizenlab_distilbert,A
tt,few_label_32_strat,0.5187824815511703,0.19774835847130554,25,0.08701229328491739,0.08938967533004527,0.06077025232403718,0.9462918340026774,0.4115512076035129,0.05370816599732262,0.05725333333333334,0.05370816599732262,False,False,0.5568569097105553,0.498,0.454,1000,1500,0.6391233205795288,en,target_fpr,,,0.05243445692883895,-0.03457783635607844,clf_citizenlab_distilbert,A
tt,few_label_32_rand,0.5030008843541145,0.23450868004618292,25,0.10620567197353374,0.11107785950674001,0.07187250996015936,0.9310843373493976,0.41749078509562204,0.06891566265060241,0.0704,0.06891566265060241,False,False,0.5568569097105553,0.498,0.454,1000,1500,0.6391233205795288,en,target_fpr,,,0.05243445692883895,-0.053771215044694794,clf_citizenlab_distilbert,A
tt,few_label_64_strat,0.5748555901646614,0.19418902134567922,25,0.06198062495944016,0.05633239803845049,0.046162018592297474,0.9644444444444444,0.39594423730384654,0.035555555555555556,0.04088,0.035555555555555556,False,False,0.5568569097105553,0.498,0.454,1000,1500,0.6391233205795288,en,target_fpr,,,0.05243445692883895,-0.00954616803060121,clf_citizenlab_distilbert,A
tt,few_label_64_rand,0.5539607357978821,0.21929542159489773,25,0.08086516327917583,0.09081602931017752,0.05614873837981408,0.9498795180722892,0.4124700737869506,0.05012048192771085,0.05314666666666667,0.05012048192771085,False,False,0.5568569097105553,0.498,0.454,1000,1500,0.6391233205795288,en,target_fpr,,,0.05243445692883895,-0.028430706350336878,clf_citizenlab_distilbert,A
tt,few_label_128_strat,0.4887015841901302,0.1484188603127081,25,0.08094316026114534,0.0543006130909902,0.060398406374501994,0.9533065595716198,0.41076796592051,0.04669344042838018,0.05357333333333334,0.04669344042838018,False,False,0.5568569097105553,0.498,0.454,1000,1500,0.6391233205795288,en,target_fpr,,,0.05243445692883895,-0.028508703332306394,clf_citizenlab_distilbert,A
tt,few_label_128_rand,0.510955889672041,0.15957994646485588,25,0.07392041889701777,0.047709245966204,0.055564409030544486,0.9579651941097725,0.40718762647477824,0.042034805890227574,0.04882666666666667,0.042034805890227574,False,False,0.5568569097105553,0.498,0.454,1000,1500,0.6391233205795288,en,target_fpr,,,0.05243445692883895,-0.02148596196817882,clf_citizenlab_distilbert,A
tt,few_label_256_strat,0.5269901725649834,0.11449975287135375,25,0.06286714272209341,0.035854608170870196,0.04945551128818061,0.9650870147255689,0.3979480924886658,0.034912985274431055,0.04221333333333334,0.034912985274431055,False,False,0.5568569097105553,0.498,0.454,1000,1500,0.6391233205795288,en,target_fpr,,,0.05243445692883895,-0.010432685793254466,clf_citizenlab_distilbert,A
tt,few_label_256_rand,0.5107884356379508,0.09927626275886124,25,0.0648505155365011,0.03300601770195772,0.052270916334661355,0.9640160642570281,0.3918225626886596,0.03598393574297189,0.044160000000000005,0.03598393574297189,False,False,0.5568569097105553,0.498,0.454,1000,1500,0.6391233205795288,en,target_fpr,,,0.05243445692883895,-0.012416058607662157,clf_citizenlab_distilbert,A
tt,target_full,0.5310762375593185,0.0,1,0.05243445692883895,0.0,0.043824701195219126,0.9718875502008032,0.3888888888888889,0.028112449799196786,0.036,0.028112449799196786,False,False,0.5568569097105553,0.498,0.454,1000,1500,0.6391233205795288,en,target_fpr,0.03257298525330576,0.0734538862587643,0.05243445692883895,0.0,clf_citizenlab_distilbert,A
tt,test_oracle_unachievable,0.48831668496131897,0.0,1,0.06658446362515412,0.0,0.049136786188579015,0.963855421686747,0.421875,0.03614457831325301,0.042666666666666665,0.03614457831325301,False,False,0.5568569097105553,0.498,0.454,1000,1500,0.6391233205795288,en,target_fpr,,,0.05243445692883895,-0.014150006696315172,clf_citizenlab_distilbert,A
uk,fixed_half,0.5,0.0,1,0.11881188118811882,0.0,0.02631578947368421,0.9351351351351351,0.7058823529411765,0.06486486486486487,0.04533333333333334,0.06486486486486487,False,False,0.6391269559032717,0.49333333333333335,0.494,1000,1500,0.6391233205795288,en,target_fpr,,,0.1919075144508671,0.07309563326274827,clf_citizenlab_distilbert,A
uk,source_global,0.6391233205795288,0.0,1,0.08163265306122448,0.0,0.015789473684210527,0.9567567567567568,0.7272727272727273,0.043243243243243246,0.029333333333333333,0.043243243243243246,False,False,0.6391269559032717,0.49333333333333335,0.494,1000,1500,0.6391233205795288,en,target_fpr,0.056735783172597275,0.11073101265822782,0.1919075144508671,0.11027486138964261,clf_citizenlab_distilbert,A
uk,pooled_global,0.5660498712646059,0.0,1,0.10763454317897374,0.0,0.021052631578947368,0.9418918918918919,0.7288135593220338,0.05810810810810811,0.03933333333333333,0.05810810810810811,False,False,0.6391269559032717,0.49333333333333335,0.494,1000,1500,0.6391233205795288,en,target_fpr,,,0.1919075144508671,0.08427297127189336,clf_citizenlab_distilbert,A
uk,worstcase_global,0.8775589317083359,0.0,1,0.013386880856760376,0.0,0.002631578947368421,0.9932432432432432,0.7142857142857143,0.006756756756756757,0.004666666666666667,0.006756756756756757,True,False,0.6391269559032717,0.49333333333333335,0.494,1000,1500,0.6391233205795288,en,target_fpr,,,0.1919075144508671,0.17852063359410672,clf_citizenlab_distilbert,A
uk,quantile_match,0.07918620850890874,0.0,1,0.515625,0.0,0.27631578947368424,0.5540540540540541,0.6111111111111112,0.44594594594594594,0.36,0.44594594594594594,False,False,0.6391269559032717,0.49333333333333335,0.494,1000,1500,0.6391233205795288,en,target_fpr,,,0.1919075144508671,-0.32371748554913293,clf_citizenlab_distilbert,A
uk,sld_em,0.9999989660485397,0.0,1,0.0,0.0,0.0,1.0,0.0,0.0,0.0,0.0,True,False,0.6391269559032717,0.49333333333333335,0.494,1000,1500,0.6391233205795288,en,target_fpr,,,0.1919075144508671,0.1919075144508671,clf_citizenlab_distilbert,A
uk,bbse,0.6391233205795287,0.0,1,0.08163265306122448,0.0,0.015789473684210527,0.9567567567567568,0.7272727272727273,0.043243243243243246,0.029333333333333333,0.043243243243243246,False,False,0.6391269559032717,0.49333333333333335,0.494,1000,1500,0.6391233205795288,en,target_fpr,,,0.1919075144508671,0.11027486138964261,clf_citizenlab_distilbert,A
uk,few_label_8_strat,0.20074893333017826,0.1617131911291949,25,0.3793832232999012,0.16733240127843796,0.19978947368421054,0.6801621621621622,0.6380236219682085,0.31983783783783787,0.2590133333333333,0.31983783783783787,False,False,0.6391269559032717,0.49333333333333335,0.494,1000,1500,0.6391233205795288,en,target_fpr,,,0.1919075144508671,-0.1874757088490341,clf_citizenlab_distilbert,A
uk,few_label_8_rand,0.2884050359111279,0.21755325390417082,25,0.30464883213646415,0.1796299418557732,0.14889473684210525,0.7552432432432432,0.6664502399505109,0.24475675675675673,0.1961866666666667,0.24475675675675673,False,False,0.6391269559032717,0.49333333333333335,0.494,1000,1500,0.6391233205795288,en,target_fpr,,,0.1919075144508671,-0.11274131768559706,clf_citizenlab_distilbert,A
uk,few_label_16_strat,0.3519982244819403,0.19167855999152814,25,0.24059897681711995,0.1497783239990142,0.09300000000000001,0.830054054054054,0.6698608574489378,0.16994594594594595,0.13096,0.16994594594594595,False,False,0.6391269559032717,0.49333333333333335,0.494,1000,1500,0.6391233205795288,en,target_fpr,,,0.1919075144508671,-0.04869146236625285,clf_citizenlab_distilbert,A
uk,few_label_16_rand,0.35732678819447755,0.18987145957124343,25,0.23501429726132547,0.15629728779522248,0.09689473684210526,0.8285405405405406,0.674975749697515,0.17145945945945942,0.13368000000000002,0.17145945945945942,False,False,0.6391269559032717,0.49333333333333335,0.494,1000,1500,0.6391233205795288,en,target_fpr,,,0.1919075144508671,-0.04310678281045838,clf_citizenlab_distilbert,A
uk,few_label_32_strat,0.48325607776641843,0.22017220266665108,25,0.15913632816398215,0.10568202488772961,0.04631578947368421,0.9027567567567567,0.6926231382409277,0.09724324324324325,0.07144,0.09724324324324325,False,False,0.6391269559032717,0.49333333333333335,0.494,1000,1500,0.6391233205795288,en,target_fpr,,,0.1919075144508671,0.03277118628688494,clf_citizenlab_distilbert,A
uk,few_label_32_rand,0.4154297259449959,0.21381603683318195,25,0.19310792370370833,0.1124077937203905,0.06136842105263158,0.8781081081081082,0.6830059345603431,0.12189189189189191,0.09122666666666665,0.12189189189189191,False,False,0.6391269559032717,0.49333333333333335,0.494,1000,1500,0.6391233205795288,en,target_fpr,,,0.1919075144508671,-0.0012004092528412336,clf_citizenlab_distilbert,A
uk,few_label_64_strat,0.37690733417868616,0.13943317980460546,25,0.1938949770721427,0.07913064705094239,0.05721052631578947,0.882216216216216,0.6814131352552133,0.11778378378378379,0.08709333333333333,0.11778378378378379,False,False,0.6391269559032717,0.49333333333333335,0.494,1000,1500,0.6391233205795288,en,target_fpr,,,0.1919075144508671,-0.0019874626212756097,clf_citizenlab_distilbert,A
uk,few_label_64_rand,0.4491341336071491,0.2028525343771287,25,0.1734417601642117,0.10761462892321787,0.05294736842105263,0.8922162162162163,0.689105044933251,0.1077837837837838,0.07999999999999999,0.1077837837837838,False,False,0.6391269559032717,0.49333333333333335,0.494,1000,1500,0.6391233205795288,en,target_fpr,,,0.1919075144508671,0.018465754286655395,clf_citizenlab_distilbert,A
uk,few_label_128_strat,0.3701310813426971,0.12069038137018842,25,0.1967359902227243,0.07631804122580502,0.05742105263157895,0.8805945945945944,0.6811443447027083,0.11940540540540541,0.08800000000000001,0.11940540540540541,False,False,0.6391269559032717,0.49333333333333335,0.494,1000,1500,0.6391233205795288,en,target_fpr,,,0.1919075144508671,-0.004828475771857216,clf_citizenlab_distilbert,A
uk,few_label_128_rand,0.35871679544448853,0.12292649973619965,25,0.2019858013847573,0.07209230160380661,0.060210526315789464,0.8773513513513513,0.6742146955255061,0.12264864864864865,0.09101333333333333,0.12264864864864865,False,False,0.6391269559032717,0.49333333333333335,0.494,1000,1500,0.6391233205795288,en,target_fpr,,,0.1919075144508671,-0.010078286933890207,clf_citizenlab_distilbert,A
uk,few_label_256_strat,0.36535978615283965,0.04335097404031983,25,0.17967587581741193,0.024896630066646705,0.05078947368421052,0.8957837837837838,0.667816755852877,0.10421621621621624,0.07714666666666667,0.10421621621621624,False,False,0.6391269559032717,0.49333333333333335,0.494,1000,1500,0.6391233205795288,en,target_fpr,,,0.1919075144508671,0.012231638633455166,clf_citizenlab_distilbert,A
uk,few_label_256_rand,0.32735099017620084,0.052757429028234076,25,0.2072702843275816,0.04346901958205993,0.06173684210526316,0.8757837837837837,0.6636184933941387,0.12421621621621623,0.09256,0.12421621621621623,False,False,0.6391269559032717,0.49333333333333335,0.494,1000,1500,0.6391233205795288,en,target_fpr,,,0.1919075144508671,-0.015362769876714505,clf_citizenlab_distilbert,A
uk,target_full,0.3462337851524353,0.0,1,0.1919075144508671,0.0,0.05526315789473684,0.8878378378378379,0.664,0.11216216216216217,0.08333333333333333,0.11216216216216217,False,False,0.6391269559032717,0.49333333333333335,0.494,1000,1500,0.6391233205795288,en,target_fpr,0.15465613528079356,0.22382361484278554,0.1919075144508671,0.0,clf_citizenlab_distilbert,A
uk,test_oracle_unachievable,0.37456831336021423,0.0,1,0.16509433962264153,0.0,0.05,0.9054054054054054,0.6481481481481481,0.0945945945945946,0.072,0.0945945945945946,False,False,0.6391269559032717,0.49333333333333335,0.494,1000,1500,0.6391233205795288,en,target_fpr,,,0.1919075144508671,0.026813174828225567,clf_citizenlab_distilbert,A
zh,fixed_half,0.5,0.0,1,0.1023720349563046,0.0,0.01856763925729443,0.9450402144772118,0.7454545454545455,0.054959785522788206,0.03666666666666667,0.054959785522788206,False,False,0.6437765340880808,0.49733333333333335,0.495,1000,1500,0.6391233205795288,en,target_fpr,,,0.20342857142857143,0.10105653647226683,clf_citizenlab_distilbert,A
zh,source_global,0.6391233205795288,0.0,1,0.05154639175257732,0.0,0.013262599469496022,0.9731903485254692,0.6666666666666666,0.02680965147453083,0.02,0.02680965147453083,False,False,0.6437765340880808,0.49733333333333335,0.495,1000,1500,0.6391233205795288,en,target_fpr,0.03205897496831432,0.07521671289875173,0.20342857142857143,0.1518821796759941,clf_citizenlab_distilbert,A
zh,pooled_global,0.5674429273175977,0.0,1,0.07369758576874205,0.0,0.015915119363395226,0.9611260053619303,0.7073170731707317,0.0388739946380697,0.027333333333333334,0.0388739946380697,False,False,0.6437765340880808,0.49733333333333335,0.495,1000,1500,0.6391233205795288,en,target_fpr,,,0.20342857142857143,0.12973098565982938,clf_citizenlab_distilbert,A
zh,worstcase_global,0.8775589317083359,0.0,1,0.013315579227696406,0.0,0.0,0.9932975871313673,1.0,0.006702412868632708,0.0033333333333333335,0.006702412868632708,True,False,0.6437765340880808,0.49733333333333335,0.495,1000,1500,0.6391233205795288,en,target_fpr,,,0.20342857142857143,0.19011299220087502,clf_citizenlab_distilbert,A
zh,quantile_match,0.03452370779588819,0.0,1,0.5068603712671509,0.0,0.23740053050397877,0.579088471849866,0.6369168356997972,0.42091152815013405,0.32866666666666666,0.42091152815013405,False,False,0.6437765340880808,0.49733333333333335,0.495,1000,1500,0.6391233205795288,en,target_fpr,,,0.20342857142857143,-0.3034317998385795,clf_citizenlab_distilbert,A
zh,sld_em,0.9999989660485397,0.0,1,0.0,0.0,0.0,1.0,0.0,0.0,0.0,0.0,True,False,0.6437765340880808,0.49733333333333335,0.495,1000,1500,0.6391233205795288,en,target_fpr,,,0.20342857142857143,0.20342857142857143,clf_citizenlab_distilbert,A
zh,bbse,0.6391233205795287,0.0,1,0.05154639175257732,0.0,0.013262599469496022,0.9731903485254692,0.6666666666666666,0.02680965147453083,0.02,0.02680965147453083,False,False,0.6437765340880808,0.49733333333333335,0.495,1000,1500,0.6391233205795288,en,target_fpr,,,0.20342857142857143,0.1518821796759941,clf_citizenlab_distilbert,A
zh,few_label_8_strat,0.20376764975488185,0.1939869363918027,25,0.31492869439869303,0.17533804083409726,0.13480106100795755,0.7572117962466488,0.6640248237072689,0.2427882037533512,0.18850666666666666,0.2427882037533512,False,False,0.6437765340880808,0.49733333333333335,0.495,1000,1500,0.6391233205795288,en,target_fpr,,,0.20342857142857143,-0.1115001229701216,clf_citizenlab_distilbert,A
zh,few_label_8_rand,0.1869487246591598,0.19545312574239562,25,0.3326479720678146,0.17214085683447788,0.14753315649867374,0.7383378016085791,0.6668085065384415,0.26166219839142096,0.20429333333333333,0.26166219839142096,False,False,0.6437765340880808,0.49733333333333335,0.495,1000,1500,0.6391233205795288,en,target_fpr,,,0.20342857142857143,-0.12921940063924317,clf_citizenlab_distilbert,A
zh,few_label_16_strat,0.3332766308635473,0.2747714078807757,25,0.2178909066322527,0.14364133854678604,0.06976127320954907,0.8560857908847184,0.6450036954900483,0.1439142091152815,0.10664,0.1439142091152815,False,False,0.6437765340880808,0.49733333333333335,0.495,1000,1500,0.6391233205795288,en,target_fpr,,,0.20342857142857143,-0.014462335203681259,clf_citizenlab_distilbert,A
zh,few_label_16_rand,0.2859591879323125,0.250093660325667,25,0.25111630979843563,0.1617990432665482,0.09023872679045092,0.8233243967828417,0.676473135387563,0.1766756032171582,0.13322666666666666,0.1766756032171582,False,False,0.6437765340880808,0.49733333333333335,0.495,1000,1500,0.6391233205795288,en,target_fpr,,,0.20342857142857143,-0.0476877383698642,clf_citizenlab_distilbert,A
zh,few_label_32_strat,0.3985341756045818,0.24015172096514098,25,0.16742522516182035,0.12166417647137116,0.04907161803713528,0.8952815013404826,0.6566247087878513,0.10471849865951743,0.07674666666666666,0.10471849865951743,False,False,0.6437765340880808,0.49733333333333335,0.495,1000,1500,0.6391233205795288,en,target_fpr,,,0.20342857142857143,0.036003346266751085,clf_citizenlab_distilbert,A
zh,few_label_32_rand,0.3666106238216162,0.2647310341948322,25,0.19558034014874529,0.14129773218647057,0.06270557029177719,0.8718498659517426,0.6652964910317799,0.12815013404825737,0.09525333333333333,0.12815013404825737,False,False,0.6437765340880808,0.49733333333333335,0.495,1000,1500,0.6391233205795288,en,target_fpr,,,0.20342857142857143,0.007848231279826146,clf_citizenlab_distilbert,A
zh,few_label_64_strat,0.30148035295307635,0.17480962103186035,25,0.19762051302766312,0.09345896125593253,0.05442970822281167,0.8794101876675603,0.686670235382057,0.12058981233243965,0.08733333333333335,0.12058981233243965,False,False,0.6437765340880808,0.49733333333333335,0.495,1000,1500,0.6391233205795288,en,target_fpr,,,0.20342857142857143,0.005808058400908311,clf_citizenlab_distilbert,A
zh,few_label_64_rand,0.345168119892478,0.21942364750674612,25,0.18422727339612557,0.1105600676720902,0.05368700265251989,0.8857908847184988,0.6821591235883184,0.11420911528150135,0.08378666666666666,0.11420911528150135,False,False,0.6437765340880808,0.49733333333333335,0.495,1000,1500,0.6391233205795288,en,target_fpr,,,0.20342857142857143,0.019201298032445857,clf_citizenlab_distilbert,A
zh,few_label_128_strat,0.2657453462481499,0.10449078496296402,25,0.19995738101813576,0.06197963420111533,0.054376657824933686,0.8805898123324396,0.6853998671539814,0.11941018766756031,0.08671999999999999,0.11941018766756031,False,False,0.6437765340880808,0.49733333333333335,0.495,1000,1500,0.6391233205795288,en,target_fpr,,,0.20342857142857143,0.0034711904104356706,clf_citizenlab_distilbert,A
zh,few_label_128_rand,0.25389919996261595,0.11714685157758091,25,0.21573028822714824,0.0813144963682084,0.061061007957559685,0.8674530831099198,0.6845318383465816,0.13254691689008044,0.09661333333333333,0.13254691689008044,False,False,0.6437765340880808,0.49733333333333335,0.495,1000,1500,0.6391233205795288,en,target_fpr,,,0.20342857142857143,-0.012301716798576806,clf_citizenlab_distilbert,A
zh,few_label_256_strat,0.26323539689183234,0.08734311154466454,25,0.19547457395571916,0.04598112608962706,0.05183023872679045,0.8848793565683646,0.6863002556614162,0.11512064343163539,0.08330666666666665,0.11512064343163539,False,False,0.6437765340880808,0.49733333333333335,0.495,1000,1500,0.6391233205795288,en,target_fpr,,,0.20342857142857143,0.007953997472852276,clf_citizenlab_distilbert,A
zh,few_label_256_rand,0.26522516265511514,0.10477193420920403,25,0.19824542342141493,0.05629931994244299,0.05315649867374005,0.8823056300268096,0.6873668617002988,0.11769436997319035,0.08525333333333332,0.11769436997319035,False,False,0.6437765340880808,0.49733333333333335,0.495,1000,1500,0.6391233205795288,en,target_fpr,,,0.20342857142857143,0.005183148007156496,clf_citizenlab_distilbert,A
zh,target_full,0.244244746863842,0.0,1,0.20342857142857143,0.0,0.05305039787798409,0.8806970509383378,0.689922480620155,0.1193029490616622,0.086,0.1193029490616622,False,False,0.6437765340880808,0.49733333333333335,0.495,1000,1500,0.6391233205795288,en,target_fpr,0.17036991267095072,0.23950994024578148,0.20342857142857143,0.0,clf_citizenlab_distilbert,A
zh,test_oracle_unachievable,0.2693834751844406,0.0,1,0.1853997682502897,0.0,0.04907161803713528,0.8927613941018767,0.6837606837606838,0.10723860589812333,0.078,0.10723860589812333,False,False,0.6437765340880808,0.49733333333333335,0.495,1000,1500,0.6391233205795288,en,target_fpr,,,0.20342857142857143,0.018028803178281733,clf_citizenlab_distilbert,A
