language,strategy,threshold,threshold_sd,n_draws,f1,f1_sd,fpr,fnr,precision,recall,predicted_positive_rate,objective_value,is_degenerate,is_source,test_auroc,test_prevalence,dev_prevalence,n_dev,n_test,tau_source,source_language,objective,f1_ci_low,f1_ci_high,f1_target_full,f1_gap_to_full,prevalence_setting,task,encoder,exp_id
am,fixed_half,0.5,0.0,1,0.6207302709069493,0.0,0.5803571428571429,0.2639664804469274,0.5366598778004074,0.7360335195530726,0.6546666666666666,0.7360335195530726,False,False,0.6243070202941512,0.47733333333333333,0.511,1000,1500,0.8590346218212428,de,target_fpr,,,0.2261072261072261,-0.3946230447997232,native,toxicity,encoder_minilm,EXP-005-de
am,source_global,0.8590346218212428,0.0,1,0.48800661703887505,0.0,0.25255102040816324,0.5879888268156425,0.5983772819472617,0.41201117318435754,0.32866666666666666,0.41201117318435754,False,False,0.6243070202941512,0.47733333333333333,0.511,1000,1500,0.8590346218212428,de,target_fpr,0.4557320118620259,0.5221600829332169,0.2261072261072261,-0.26189939093164893,native,toxicity,encoder_minilm,EXP-005-de
am,quantile_match,0.8400412458524344,0.0,1,0.5107741420590584,0.0,0.2767857142857143,0.553072625698324,0.595903165735568,0.44692737430167595,0.358,0.44692737430167595,False,False,0.6243070202941512,0.47733333333333333,0.511,1000,1500,0.8590346218212428,de,target_fpr,,,0.2261072261072261,-0.28466691595183224,native,toxicity,encoder_minilm,EXP-005-de
am,sld_em,0.7170763275835126,0.0,1,0.5776566757493188,0.0,0.41836734693877553,0.40782122905027934,0.5638297872340425,0.5921787709497207,0.5013333333333333,0.5921787709497207,False,False,0.6243070202941512,0.47733333333333333,0.511,1000,1500,0.8590346218212428,de,target_fpr,,,0.2261072261072261,-0.35154944964209267,native,toxicity,encoder_minilm,EXP-005-de
am,bbse,0.8748464286130297,0.0,1,0.4688832054560955,0.0,0.23214285714285715,0.6159217877094972,0.6017505470459519,0.3840782122905028,0.30466666666666664,0.3840782122905028,False,False,0.6243070202941512,0.47733333333333333,0.511,1000,1500,0.8590346218212428,de,target_fpr,,,0.2261072261072261,-0.2427759793488694,native,toxicity,encoder_minilm,EXP-005-de
am,few_label_8_strat,0.909750890366039,0.14654608812622485,25,0.29701415719103375,0.15218702399730327,0.13377551020408165,0.7709497206703909,0.6652080438596549,0.22905027932960895,0.17925333333333332,0.22905027932960895,False,False,0.6243070202941512,0.47733333333333333,0.511,1000,1500,0.8590346218212428,de,target_fpr,,,0.2261072261072261,-0.07090693108380763,native,toxicity,encoder_minilm,EXP-005-de
am,few_label_8_rand,0.8524088269765895,0.1828358790842053,25,0.3412242992957513,0.2138816024934857,0.20556122448979594,0.6899441340782123,0.6656667453369917,0.3100558659217877,0.25543999999999994,0.3100558659217877,False,False,0.6243070202941512,0.47733333333333333,0.511,1000,1500,0.8590346218212428,de,target_fpr,,,0.2261072261072261,-0.11511707318852521,native,toxicity,encoder_minilm,EXP-005-de
am,few_label_16_strat,0.9487208017073553,0.04520130140306071,25,0.24982828852596506,0.15516129361935155,0.09270408163265306,0.8233519553072626,0.674751511755088,0.1766480446927374,0.1327733333333333,0.1766480446927374,False,False,0.6243070202941512,0.47733333333333333,0.511,1000,1500,0.8590346218212428,de,target_fpr,,,0.2261072261072261,-0.023721062418738947,native,toxicity,encoder_minilm,EXP-005-de
am,few_label_16_rand,0.9423209417777397,0.06196757444501126,25,0.25250940160963353,0.1651798377396814,0.10091836734693878,0.8153631284916202,0.6893834173599663,0.1846368715083799,0.14088,0.1846368715083799,False,False,0.6243070202941512,0.47733333333333333,0.511,1000,1500,0.8590346218212428,de,target_fpr,,,0.2261072261072261,-0.02640217550240742,native,toxicity,encoder_minilm,EXP-005-de
am,few_label_32_strat,0.9683062400354312,0.036999248249272726,25,0.17802943046392009,0.13387015258642376,0.0561734693877551,0.8835195530726255,0.723404053112863,0.1164804469273743,0.08495999999999998,0.1164804469273743,False,False,0.6243070202941512,0.47733333333333333,0.511,1000,1500,0.8590346218212428,de,target_fpr,,,0.2261072261072261,0.048077795643306026,native,toxicity,encoder_minilm,EXP-005-de
am,few_label_32_rand,0.9558971348135672,0.040534305879295296,25,0.234847832649202,0.1291906648297462,0.07933673469387756,0.8417877094972067,0.6779051903051598,0.1582122905027933,0.11698666666666668,0.1582122905027933,False,False,0.6243070202941512,0.47733333333333333,0.511,1000,1500,0.8590346218212428,de,target_fpr,,,0.2261072261072261,-0.008740606541975893,native,toxicity,encoder_minilm,EXP-005-de
am,few_label_64_strat,0.9687029662874227,0.01901540784472619,25,0.1997447864260976,0.09390860478187875,0.05566326530612245,0.876927374301676,0.6987817095484978,0.12307262569832403,0.08784,0.12307262569832403,False,False,0.6243070202941512,0.47733333333333333,0.511,1000,1500,0.8590346218212428,de,target_fpr,,,0.2261072261072261,0.026362439681128502,native,toxicity,encoder_minilm,EXP-005-de
am,few_label_64_rand,0.9648476832148877,0.01937582705224405,25,0.219406767754362,0.09189708001514349,0.06311224489795919,0.862905027932961,0.6896754189359187,0.1370949720670391,0.09842666666666666,0.1370949720670391,False,False,0.6243070202941512,0.47733333333333333,0.511,1000,1500,0.8590346218212428,de,target_fpr,,,0.2261072261072261,0.006700458352864119,native,toxicity,encoder_minilm,EXP-005-de
am,few_label_128_strat,0.9597033111645841,0.014955323572986927,25,0.24764188151182992,0.06053284858067311,0.07224489795918368,0.844804469273743,0.6705480982674836,0.15519553072625697,0.11183999999999998,0.15519553072625697,False,False,0.6243070202941512,0.47733333333333333,0.511,1000,1500,0.8590346218212428,de,target_fpr,,,0.2261072261072261,-0.02153465540460381,native,toxicity,encoder_minilm,EXP-005-de
am,few_label_128_rand,0.9651196373739048,0.014221638404018199,25,0.2245487101265318,0.0648998906412804,0.06234693877551021,0.862122905027933,0.6755967754728259,0.13787709497206702,0.09839999999999999,0.13787709497206702,False,False,0.6243070202941512,0.47733333333333333,0.511,1000,1500,0.8590346218212428,de,target_fpr,,,0.2261072261072261,0.0015585159806943139,native,toxicity,encoder_minilm,EXP-005-de
am,few_label_256_strat,0.9666693109351097,0.008636446259426778,25,0.22213783938762416,0.039454012488664356,0.05908163265306122,0.865977653631285,0.6773754387893328,0.13402234636871507,0.09485333333333333,0.13402234636871507,False,False,0.6243070202941512,0.47733333333333333,0.511,1000,1500,0.8590346218212428,de,target_fpr,,,0.2261072261072261,0.003969386719601953,native,toxicity,encoder_minilm,EXP-005-de
am,few_label_256_rand,0.9691224225668552,0.012986130598231728,25,0.20724743805472567,0.05948962163242502,0.05454081632653062,0.8752513966480447,0.6836138262877482,0.12474860335195531,0.08805333333333332,0.12474860335195531,False,False,0.6243070202941512,0.47733333333333333,0.511,1000,1500,0.8590346218212428,de,target_fpr,,,0.2261072261072261,0.018859788052500437,native,toxicity,encoder_minilm,EXP-005-de
am,target_full,0.9669044055753802,0.0,1,0.2261072261072261,0.0,0.05739795918367347,0.8645251396648045,0.6830985915492958,0.13547486033519554,0.09466666666666666,0.13547486033519554,False,False,0.6243070202941512,0.47733333333333333,0.511,1000,1500,0.8590346218212428,de,target_fpr,0.19022815671936172,0.2614310556984939,0.2261072261072261,0.0,native,toxicity,encoder_minilm,EXP-005-de
am,test_oracle_unachievable,0.9714061603106368,0.0,1,0.20877817319098457,0.0,0.04974489795918367,0.8770949720670391,0.6929133858267716,0.12290502793296089,0.08466666666666667,0.12290502793296089,False,False,0.6243070202941512,0.47733333333333333,0.511,1000,1500,0.8590346218212428,de,target_fpr,,,0.2261072261072261,0.01732905291624154,native,toxicity,encoder_minilm,EXP-005-de
ar,fixed_half,0.5,0.0,1,0.3937153419593346,0.0,0.15641711229946523,0.7167553191489362,0.6454545454545455,0.28324468085106386,0.22,0.28324468085106386,False,False,0.6094354448742747,0.5013333333333333,0.503,1000,1500,0.8590346218212428,de,target_fpr,,,0.1423487544483986,-0.251366587510936,native,toxicity,encoder_minilm,EXP-005-de
ar,source_global,0.8590346218212428,0.0,1,0.20449438202247192,0.0,0.06283422459893048,0.8789893617021277,0.6594202898550725,0.12101063829787234,0.092,0.12101063829787234,False,False,0.6094354448742747,0.5013333333333333,0.503,1000,1500,0.8590346218212428,de,target_fpr,0.16818208001298682,0.23758191122189729,0.1423487544483986,-0.062145627574073325,native,toxicity,encoder_minilm,EXP-005-de
ar,quantile_match,0.21004981210058343,0.0,1,0.49688473520249227,0.0,0.28475935828877,0.5757978723404256,0.599624060150376,0.4242021276595745,0.3546666666666667,0.4242021276595745,False,False,0.6094354448742747,0.5013333333333333,0.503,1000,1500,0.8590346218212428,de,target_fpr,,,0.1423487544483986,-0.35453598075409365,native,toxicity,encoder_minilm,EXP-005-de
ar,sld_em,0.9815150707112599,0.0,1,0.04113110539845758,0.0,0.013368983957219251,0.9787234042553191,0.6153846153846154,0.02127659574468085,0.017333333333333333,0.02127659574468085,False,False,0.6094354448742747,0.5013333333333333,0.503,1000,1500,0.8590346218212428,de,target_fpr,,,0.1423487544483986,0.10121764904994102,native,toxicity,encoder_minilm,EXP-005-de
ar,bbse,0.9895361272534996,0.0,1,0.02857142857142857,0.0,0.009358288770053475,0.9853723404255319,0.6111111111111112,0.014627659574468085,0.012,0.014627659574468085,False,False,0.6094354448742747,0.5013333333333333,0.503,1000,1500,0.8590346218212428,de,target_fpr,,,0.1423487544483986,0.11377732587697002,native,toxicity,encoder_minilm,EXP-005-de
ar,few_label_8_strat,0.5862725170649675,0.3125425410879111,25,0.31921769766336133,0.1815906982804753,0.15807486631016043,0.7475531914893616,0.6377954667087279,0.2524468085106383,0.2053866666666667,0.2524468085106383,False,False,0.6094354448742747,0.5013333333333333,0.503,1000,1500,0.8590346218212428,de,target_fpr,,,0.1423487544483986,-0.17686894321496274,native,toxicity,encoder_minilm,EXP-005-de
ar,few_label_8_rand,0.5786838394967423,0.3338759399682576,25,0.3181443756291376,0.19268522503088925,0.16850267379679143,0.740691489361702,0.6305973790405084,0.2593085106382979,0.21402666666666664,0.2593085106382979,False,False,0.6094354448742747,0.5013333333333333,0.503,1000,1500,0.8590346218212428,de,target_fpr,,,0.1423487544483986,-0.17579562118073902,native,toxicity,encoder_minilm,EXP-005-de
ar,few_label_16_strat,0.7163884968230201,0.29587129181964994,25,0.2377405880619416,0.1831462096118566,0.10737967914438502,0.8219148936170214,0.6477929009760658,0.17808510638297873,0.14282666666666666,0.17808510638297873,False,False,0.6094354448742747,0.5013333333333333,0.503,1000,1500,0.8590346218212428,de,target_fpr,,,0.1423487544483986,-0.095391833613543,native,toxicity,encoder_minilm,EXP-005-de
ar,few_label_16_rand,0.6883307041872281,0.25873730752007956,25,0.27417180214424625,0.1491578723565974,0.11497326203208555,0.8035106382978724,0.6434713724766198,0.19648936170212766,0.15584,0.19648936170212766,False,False,0.6094354448742747,0.5013333333333333,0.503,1000,1500,0.8590346218212428,de,target_fpr,,,0.1423487544483986,-0.13182304769584766,native,toxicity,encoder_minilm,EXP-005-de
ar,few_label_32_strat,0.8615371584813822,0.1496166730084184,25,0.16095884791648501,0.12140866261889022,0.05304812834224599,0.8992021276595744,0.6535349387378386,0.10079787234042552,0.07698666666666666,0.10079787234042552,False,False,0.6094354448742747,0.5013333333333333,0.503,1000,1500,0.8590346218212428,de,target_fpr,,,0.1423487544483986,-0.018610093468086425,native,toxicity,encoder_minilm,EXP-005-de
ar,few_label_32_rand,0.7911828495059146,0.24198108271876778,25,0.19317035163546886,0.1577270116696332,0.07491978609625669,0.867659574468085,0.644415411275897,0.13234042553191488,0.10370666666666667,0.13234042553191488,False,False,0.6094354448742747,0.5013333333333333,0.503,1000,1500,0.8590346218212428,de,target_fpr,,,0.1423487544483986,-0.05082159718707027,native,toxicity,encoder_minilm,EXP-005-de
ar,few_label_64_strat,0.8803046203937585,0.14733563635130106,25,0.14689863602390518,0.10508550620505494,0.04834224598930482,0.91,0.6553644610577024,0.09,0.06922666666666666,0.09,False,False,0.6094354448742747,0.5013333333333333,0.503,1000,1500,0.8590346218212428,de,target_fpr,,,0.1423487544483986,-0.0045498815755065924,native,toxicity,encoder_minilm,EXP-005-de
ar,few_label_64_rand,0.8051522715994498,0.16883282060024032,25,0.2085488927824675,0.1194733130546687,0.07133689839572192,0.8660638297872341,0.6584928585882114,0.13393617021276596,0.10272,0.13393617021276596,False,False,0.6094354448742747,0.5013333333333333,0.503,1000,1500,0.8590346218212428,de,target_fpr,,,0.1423487544483986,-0.0662001383340689,native,toxicity,encoder_minilm,EXP-005-de
ar,few_label_128_strat,0.9026080310823142,0.05948669625327177,25,0.14634561707218752,0.06342196588479351,0.04352941176470588,0.915531914893617,0.6632345315544712,0.08446808510638297,0.06405333333333334,0.08446808510638297,False,False,0.6094354448742747,0.5013333333333333,0.503,1000,1500,0.8590346218212428,de,target_fpr,,,0.1423487544483986,-0.003996862623788927,native,toxicity,encoder_minilm,EXP-005-de
ar,few_label_128_rand,0.8698652098801724,0.09875498150860923,25,0.1703566680144556,0.0879578544091509,0.05304812834224599,0.8976063829787233,0.6584859470927162,0.1023936170212766,0.07778666666666667,0.1023936170212766,False,False,0.6094354448742747,0.5013333333333333,0.503,1000,1500,0.8590346218212428,de,target_fpr,,,0.1423487544483986,-0.028007913566057002,native,toxicity,encoder_minilm,EXP-005-de
ar,few_label_256_strat,0.9020829281096779,0.05242005003427109,25,0.14704075651800486,0.05487676960418848,0.044598930481283425,0.9155319148936171,0.6568477975870092,0.08446808510638298,0.06458666666666667,0.08446808510638298,False,False,0.6094354448742747,0.5013333333333333,0.503,1000,1500,0.8590346218212428,de,target_fpr,,,0.1423487544483986,-0.004692002069606266,native,toxicity,encoder_minilm,EXP-005-de
ar,few_label_256_rand,0.9143833047003769,0.054524983604567825,25,0.13393971472078173,0.057481070430479855,0.04026737967914438,0.9236170212765957,0.6563226824252376,0.07638297872340426,0.05837333333333333,0.07638297872340426,False,False,0.6094354448742747,0.5013333333333333,0.503,1000,1500,0.8590346218212428,de,target_fpr,,,0.1423487544483986,0.008409039727616863,native,toxicity,encoder_minilm,EXP-005-de
ar,target_full,0.9075105689390861,0.0,1,0.1423487544483986,0.0,0.04144385026737968,0.9202127659574468,0.6593406593406593,0.0797872340425532,0.06066666666666667,0.0797872340425532,False,False,0.6094354448742747,0.5013333333333333,0.503,1000,1500,0.8590346218212428,de,target_fpr,0.11050466638268211,0.17356850117096018,0.1423487544483986,0.0,native,toxicity,encoder_minilm,EXP-005-de
ar,test_oracle_unachievable,0.8948220535471438,0.0,1,0.15456674473067916,0.0,0.0481283422459893,0.9122340425531915,0.6470588235294118,0.08776595744680851,0.068,0.08776595744680851,False,False,0.6094354448742747,0.5013333333333333,0.503,1000,1500,0.8590346218212428,de,target_fpr,,,0.1423487544483986,-0.012217990282280572,native,toxicity,encoder_minilm,EXP-005-de
de,fixed_half,0.5,0.0,1,0.8305647840531561,0.0,0.17553191489361702,0.16443850267379678,0.8256274768824307,0.8355614973262032,0.5046666666666667,0.8355614973262032,False,True,0.9126731567868928,0.49866666666666665,0.508,1000,1500,0.8590346218212428,de,target_fpr,,,0.7545382794001578,-0.07602650465299832,native,toxicity,encoder_minilm,EXP-005-de
de,source_global,0.8590346218212428,0.0,1,0.7545382794001578,0.0,0.05452127659574468,0.3609625668449198,0.9210019267822736,0.6390374331550802,0.346,0.6390374331550802,False,True,0.9126731567868928,0.49866666666666665,0.508,1000,1500,0.8590346218212428,de,target_fpr,0.723284942297124,0.7791194684871389,0.7545382794001578,0.0,native,toxicity,encoder_minilm,EXP-005-de
de,quantile_match,0.8587728915530238,0.0,1,0.7545382794001578,0.0,0.05452127659574468,0.3609625668449198,0.9210019267822736,0.6390374331550802,0.346,0.6390374331550802,False,True,0.9126731567868928,0.49866666666666665,0.508,1000,1500,0.8590346218212428,de,target_fpr,,,0.7545382794001578,0.0,native,toxicity,encoder_minilm,EXP-005-de
de,sld_em,0.8590346218212428,0.0,1,0.7545382794001578,0.0,0.05452127659574468,0.3609625668449198,0.9210019267822736,0.6390374331550802,0.346,0.6390374331550802,False,True,0.9126731567868928,0.49866666666666665,0.508,1000,1500,0.8590346218212428,de,target_fpr,,,0.7545382794001578,0.0,native,toxicity,encoder_minilm,EXP-005-de
de,bbse,0.8590346218212428,0.0,1,0.7545382794001578,0.0,0.05452127659574468,0.3609625668449198,0.9210019267822736,0.6390374331550802,0.346,0.6390374331550802,False,True,0.9126731567868928,0.49866666666666665,0.508,1000,1500,0.8590346218212428,de,target_fpr,,,0.7545382794001578,0.0,native,toxicity,encoder_minilm,EXP-005-de
de,few_label_8_strat,0.6028054789105896,0.26991867176052653,25,0.7830984873463929,0.06321516984802547,0.14819148936170212,0.24941176470588233,0.8531252913127194,0.7505882352941177,0.4485866666666667,0.7505882352941177,False,True,0.9126731567868928,0.49866666666666665,0.508,1000,1500,0.8590346218212428,de,target_fpr,,,0.7545382794001578,-0.02856020794623504,native,toxicity,encoder_minilm,EXP-005-de
de,few_label_8_rand,0.5796838596626845,0.2785857952719775,25,0.7774221972735644,0.081689689600108,0.16329787234042553,0.24491978609625673,0.8451682584310519,0.7550802139037434,0.45840000000000003,0.7550802139037434,False,True,0.9126731567868928,0.49866666666666665,0.508,1000,1500,0.8590346218212428,de,target_fpr,,,0.7545382794001578,-0.0228839178734066,native,toxicity,encoder_minilm,EXP-005-de
de,few_label_16_strat,0.6776286651942081,0.20125038501990322,25,0.7621794641893485,0.12662140853687615,0.11776595744680851,0.28973262032085567,0.8727586964285504,0.7102673796791444,0.4132266666666667,0.7102673796791444,False,True,0.9126731567868928,0.49866666666666665,0.508,1000,1500,0.8590346218212428,de,target_fpr,,,0.7545382794001578,-0.007641184789190625,native,toxicity,encoder_minilm,EXP-005-de
de,few_label_16_rand,0.7646180750269608,0.1886311511128783,25,0.7399132913296491,0.11026084104774032,0.08888297872340425,0.34283422459893054,0.89529881042208,0.6571657754010696,0.3722666666666666,0.6571657754010696,False,True,0.9126731567868928,0.49866666666666665,0.508,1000,1500,0.8590346218212428,de,target_fpr,,,0.7545382794001578,0.014624988070508715,native,toxicity,encoder_minilm,EXP-005-de
de,few_label_32_strat,0.856046023353049,0.12064755142044467,25,0.7016594837087168,0.10547329107415293,0.057712765957446815,0.41406417112299465,0.920470935912446,0.5859358288770052,0.32112,0.5859358288770052,False,True,0.9126731567868928,0.49866666666666665,0.508,1000,1500,0.8590346218212428,de,target_fpr,,,0.7545382794001578,0.05287879569144105,native,toxicity,encoder_minilm,EXP-005-de
de,few_label_32_rand,0.7948413860580643,0.19940630644338894,25,0.6919363787613395,0.14708744888150427,0.07648936170212765,0.40219251336898393,0.9086995587713953,0.597807486631016,0.3364533333333333,0.597807486631016,False,True,0.9126731567868928,0.49866666666666665,0.508,1000,1500,0.8590346218212428,de,target_fpr,,,0.7545382794001578,0.06260190063881832,native,toxicity,encoder_minilm,EXP-005-de
de,few_label_64_strat,0.8515386231642162,0.11556860810738037,25,0.7002786870520883,0.11388651381601718,0.058936170212765954,0.41304812834224597,0.9197853906397293,0.586951871657754,0.32223999999999997,0.586951871657754,False,True,0.9126731567868928,0.49866666666666665,0.508,1000,1500,0.8590346218212428,de,target_fpr,,,0.7545382794001578,0.05425959234806954,native,toxicity,encoder_minilm,EXP-005-de
de,few_label_64_rand,0.7706528740655493,0.17005416159978223,25,0.7526949784690228,0.0909206699363571,0.08670212765957447,0.3317647058823529,0.8957377387178629,0.6682352941176469,0.3766933333333333,0.6682352941176469,False,True,0.9126731567868928,0.49866666666666665,0.508,1000,1500,0.8590346218212428,de,target_fpr,,,0.7545382794001578,0.0018433009311350501,native,toxicity,encoder_minilm,EXP-005-de
de,few_label_128_strat,0.7850454836513316,0.10676571741382204,25,0.7686834739246504,0.05123808729602783,0.08271276595744681,0.31877005347593584,0.8961496564344453,0.6812299465240642,0.38117333333333336,0.6812299465240642,False,True,0.9126731567868928,0.49866666666666665,0.508,1000,1500,0.8590346218212428,de,target_fpr,,,0.7545382794001578,-0.014145194524492588,native,toxicity,encoder_minilm,EXP-005-de
de,few_label_128_rand,0.8249590297894265,0.0992122240051973,25,0.7508037196449519,0.054757472547142284,0.06882978723404255,0.35213903743315506,0.9084653518144967,0.6478609625668449,0.35757333333333335,0.6478609625668449,False,True,0.9126731567868928,0.49866666666666665,0.508,1000,1500,0.8590346218212428,de,target_fpr,,,0.7545382794001578,0.0037345597552059795,native,toxicity,encoder_minilm,EXP-005-de
de,few_label_256_strat,0.857078992450831,0.051608642405661306,25,0.7484315687954204,0.030348358812949637,0.0575,0.3658288770053476,0.9179768424081617,0.6341711229946523,0.3450666666666667,0.6341711229946523,False,True,0.9126731567868928,0.49866666666666665,0.508,1000,1500,0.8590346218212428,de,target_fpr,,,0.7545382794001578,0.006106710604737442,native,toxicity,encoder_minilm,EXP-005-de
de,few_label_256_rand,0.8680843232651799,0.055650164000953885,25,0.7356936460973277,0.043572527782038316,0.05361702127659574,0.383903743315508,0.9216090285542025,0.616096256684492,0.33410666666666666,0.616096256684492,False,True,0.9126731567868928,0.49866666666666665,0.508,1000,1500,0.8590346218212428,de,target_fpr,,,0.7545382794001578,0.01884463330283015,native,toxicity,encoder_minilm,EXP-005-de
de,target_full,0.8590346218212428,0.0,1,0.7545382794001578,0.0,0.05452127659574468,0.3609625668449198,0.9210019267822736,0.6390374331550802,0.346,0.6390374331550802,False,True,0.9126731567868928,0.49866666666666665,0.508,1000,1500,0.8590346218212428,de,target_fpr,0.7284600114199722,0.7802457031015657,0.7545382794001578,0.0,native,toxicity,encoder_minilm,EXP-005-de
de,test_oracle_unachievable,0.8870113106265285,0.0,1,0.7348912167606769,0.0,0.04920212765957447,0.39037433155080214,0.9249492900608519,0.6096256684491979,0.32866666666666666,0.6096256684491979,False,True,0.9126731567868928,0.49866666666666665,0.508,1000,1500,0.8590346218212428,de,target_fpr,,,0.7545382794001578,0.019647062639480906,native,toxicity,encoder_minilm,EXP-005-de
en,fixed_half,0.5,0.0,1,0.7953216374269007,0.0,0.10935441370223979,0.2658569500674764,0.8676236044657097,0.7341430499325237,0.418,0.7341430499325237,False,False,0.9037479174778946,0.494,0.478,1000,1500,0.8590346218212428,de,target_fpr,,,0.6972010178117047,-0.09812061961519591,native,toxicity,encoder_minilm,EXP-005-de
en,source_global,0.8590346218212428,0.0,1,0.64,0.0,0.03162055335968379,0.5141700404858299,0.9375,0.48582995951417,0.256,0.48582995951417,False,False,0.9037479174778946,0.494,0.478,1000,1500,0.8590346218212428,de,target_fpr,0.6080152786684592,0.672291216312474,0.6972010178117047,0.057201017811704724,native,toxicity,encoder_minilm,EXP-005-de
en,quantile_match,0.6365519683996754,0.0,1,0.7556596409055424,0.0,0.07378129117259552,0.3468286099865047,0.8962962962962963,0.6531713900134952,0.36,0.6531713900134952,False,False,0.9037479174778946,0.494,0.478,1000,1500,0.8590346218212428,de,target_fpr,,,0.6972010178117047,-0.05845862309383765,native,toxicity,encoder_minilm,EXP-005-de
en,sld_em,0.9178250253363885,0.0,1,0.566793893129771,0.0,0.013175230566534914,0.5991902834008097,0.9674267100977199,0.4008097165991903,0.20466666666666666,0.4008097165991903,False,False,0.9037479174778946,0.494,0.478,1000,1500,0.8590346218212428,de,target_fpr,,,0.6972010178117047,0.13040712468193372,native,toxicity,encoder_minilm,EXP-005-de
en,bbse,0.924870186742188,0.0,1,0.5540540540540541,0.0,0.010540184453227932,0.6126855600539811,0.9728813559322034,0.3873144399460189,0.19666666666666666,0.3873144399460189,False,False,0.9037479174778946,0.494,0.478,1000,1500,0.8590346218212428,de,target_fpr,,,0.6972010178117047,0.14314696375765068,native,toxicity,encoder_minilm,EXP-005-de
en,few_label_8_strat,0.5043769063684987,0.24103187032266316,25,0.7574240009816687,0.09240758805567054,0.1275889328063241,0.2951147098515519,0.8622683204023339,0.704885290148448,0.4127733333333333,0.704885290148448,False,False,0.9037479174778946,0.494,0.478,1000,1500,0.8590346218212428,de,target_fpr,,,0.6972010178117047,-0.060222983169963995,native,toxicity,encoder_minilm,EXP-005-de
en,few_label_8_rand,0.5455862002739582,0.28638350333571966,25,0.7106871288066986,0.15178849580974604,0.11968379446640316,0.3476923076923077,0.8718168047775994,0.6523076923076923,0.3827999999999999,0.6523076923076923,False,False,0.9037479174778946,0.494,0.478,1000,1500,0.8590346218212428,de,target_fpr,,,0.6972010178117047,-0.01348611099499386,native,toxicity,encoder_minilm,EXP-005-de
en,few_label_16_strat,0.7389897649271078,0.24943988933019268,25,0.6380014801581421,0.1445371132659355,0.06276679841897233,0.47481781376518223,0.9212494384910667,0.5251821862348178,0.2912,0.5251821862348178,False,False,0.9037479174778946,0.494,0.478,1000,1500,0.8590346218212428,de,target_fpr,,,0.6972010178117047,0.05919953765356267,native,toxicity,encoder_minilm,EXP-005-de
en,few_label_16_rand,0.6827042935476658,0.2754261267513976,25,0.639061365321069,0.17806754234998204,0.07662714097496706,0.4547908232118759,0.9101745170273522,0.5452091767881242,0.3081066666666667,0.5452091767881242,False,False,0.9037479174778946,0.494,0.478,1000,1500,0.8590346218212428,de,target_fpr,,,0.6972010178117047,0.058139652490635685,native,toxicity,encoder_minilm,EXP-005-de
en,few_label_32_strat,0.7828654218783272,0.20904772290876394,25,0.6219879752962971,0.13199473496077485,0.046534914361001316,0.5060188933873144,0.934472519709865,0.4939811066126856,0.26757333333333333,0.4939811066126856,False,False,0.9037479174778946,0.494,0.478,1000,1500,0.8590346218212428,de,target_fpr,,,0.6972010178117047,0.07521304251540761,native,toxicity,encoder_minilm,EXP-005-de
en,few_label_32_rand,0.823944615884387,0.17143472913113939,25,0.6013909504466133,0.12744619151841347,0.03541501976284585,0.5368960863697706,0.9437753765736457,0.46310391363022946,0.24669333333333332,0.46310391363022946,False,False,0.9037479174778946,0.494,0.478,1000,1500,0.8590346218212428,de,target_fpr,,,0.6972010178117047,0.09581006736509146,native,toxicity,encoder_minilm,EXP-005-de
en,few_label_64_strat,0.7352917440097559,0.20831234090487163,25,0.6661365894620179,0.12036289775785516,0.057233201581027675,0.4522537112010796,0.9215729767390551,0.5477462887989204,0.29954666666666663,0.5477462887989204,False,False,0.9037479174778946,0.494,0.478,1000,1500,0.8590346218212428,de,target_fpr,,,0.6972010178117047,0.031064428349686812,native,toxicity,encoder_minilm,EXP-005-de
en,few_label_64_rand,0.7928565192176468,0.13756689360166519,25,0.6555314583055778,0.0961844190847851,0.0407905138339921,0.4811875843454791,0.9348020652629228,0.518812415654521,0.2769333333333333,0.518812415654521,False,False,0.9037479174778946,0.494,0.478,1000,1500,0.8590346218212428,de,target_fpr,,,0.6972010178117047,0.04166955950612694,native,toxicity,encoder_minilm,EXP-005-de
en,few_label_128_strat,0.8027275297191747,0.10604739382982908,25,0.6602715974606598,0.07532960917275401,0.038208168642951255,0.48124156545209185,0.934987967774524,0.5187584345479082,0.2756,0.5187584345479082,False,False,0.9037479174778946,0.494,0.478,1000,1500,0.8590346218212428,de,target_fpr,,,0.6972010178117047,0.03692942035104496,native,toxicity,encoder_minilm,EXP-005-de
en,few_label_128_rand,0.7754442191422511,0.1351822596000917,25,0.6693952130083758,0.08711262978191626,0.04437417654808959,0.4646153846153846,0.9298656490032637,0.5353846153846153,0.2869333333333333,0.5353846153846153,False,False,0.9037479174778946,0.494,0.478,1000,1500,0.8590346218212428,de,target_fpr,,,0.6972010178117047,0.02780580480332895,native,toxicity,encoder_minilm,EXP-005-de
en,few_label_256_strat,0.801953590629504,0.10251176323617453,25,0.6684264101046169,0.06737871739939147,0.03873517786561265,0.47255060728744935,0.9344735508470865,0.5274493927125505,0.28016,0.5274493927125505,False,False,0.9037479174778946,0.494,0.478,1000,1500,0.8590346218212428,de,target_fpr,,,0.6972010178117047,0.02877460770708784,native,toxicity,encoder_minilm,EXP-005-de
en,few_label_256_rand,0.7471474965016235,0.13678004342057992,25,0.6914232504113125,0.08100035686391384,0.049855072463768114,0.4360053981106613,0.9243343183733705,0.5639946018893387,0.30384,0.5639946018893387,False,False,0.9037479174778946,0.494,0.478,1000,1500,0.8590346218212428,de,target_fpr,,,0.6972010178117047,0.005777767400392264,native,toxicity,encoder_minilm,EXP-005-de
en,target_full,0.8000003470034928,0.0,1,0.6972010178117047,0.0,0.03557312252964427,0.44534412955465585,0.9383561643835616,0.5546558704453441,0.292,0.5546558704453441,False,False,0.9037479174778946,0.494,0.478,1000,1500,0.8590346218212428,de,target_fpr,0.6677691979801954,0.7290036177268616,0.6972010178117047,0.0,native,toxicity,encoder_minilm,EXP-005-de
en,test_oracle_unachievable,0.7465343762124623,0.0,1,0.7220394736842105,0.0,0.04743083003952569,0.407557354925776,0.9242105263157895,0.5924426450742241,0.31666666666666665,0.5924426450742241,False,False,0.9037479174778946,0.494,0.478,1000,1500,0.8590346218212428,de,target_fpr,,,0.6972010178117047,-0.02483845587250577,native,toxicity,encoder_minilm,EXP-005-de
es,fixed_half,0.5,0.0,1,0.6821818181818182,0.0,0.2509457755359395,0.33663366336633666,0.7020958083832335,0.6633663366336634,0.44533333333333336,0.6633663366336634,False,False,0.7771251634260886,0.4713333333333333,0.512,1000,1500,0.8590346218212428,de,target_fpr,,,0.4365904365904365,-0.24559138159138172,native,toxicity,encoder_minilm,EXP-005-de
es,source_global,0.8590346218212428,0.0,1,0.5649819494584838,0.0,0.11097099621689786,0.5572842998585573,0.7805486284289277,0.44271570014144274,0.2673333333333333,0.44271570014144274,False,False,0.7771251634260886,0.4713333333333333,0.512,1000,1500,0.8590346218212428,de,target_fpr,0.5317513980475458,0.5989431603716519,0.4365904365904365,-0.1283915128680473,native,toxicity,encoder_minilm,EXP-005-de
es,quantile_match,0.7216147065205137,0.0,1,0.635255889520715,0.0,0.1677175283732661,0.44695898161244696,0.7461832061068703,0.553041018387553,0.34933333333333333,0.553041018387553,False,False,0.7771251634260886,0.4713333333333333,0.512,1000,1500,0.8590346218212428,de,target_fpr,,,0.4365904365904365,-0.19866545293027849,native,toxicity,encoder_minilm,EXP-005-de
es,sld_em,0.8806119332500456,0.0,1,0.544280442804428,0.0,0.1034047919293821,0.5827439886845828,0.7824933687002652,0.41725601131541723,0.25133333333333335,0.41725601131541723,False,False,0.7771251634260886,0.4713333333333333,0.512,1000,1500,0.8590346218212428,de,target_fpr,,,0.4365904365904365,-0.1076900062139915,native,toxicity,encoder_minilm,EXP-005-de
es,bbse,0.91323116599336,0.0,1,0.5058365758754864,0.0,0.07692307692307693,0.6322489391796322,0.8099688473520249,0.36775106082036774,0.214,0.36775106082036774,False,False,0.7771251634260886,0.4713333333333333,0.512,1000,1500,0.8590346218212428,de,target_fpr,,,0.4365904365904365,-0.06924613928504986,native,toxicity,encoder_minilm,EXP-005-de
es,few_label_8_strat,0.7206142848832161,0.22573766790815036,25,0.5613699337710026,0.15569179703881697,0.1605044136191677,0.5078925035360679,0.7649010354145294,0.4921074964639322,0.31679999999999997,0.4921074964639322,False,False,0.7771251634260886,0.4713333333333333,0.512,1000,1500,0.8590346218212428,de,target_fpr,,,0.4365904365904365,-0.12477949718056613,native,toxicity,encoder_minilm,EXP-005-de
es,few_label_8_rand,0.5575113137490837,0.29874335072965014,25,0.6288463285651223,0.09924011600402431,0.2534678436317781,0.3873267326732674,0.7157750199480755,0.6126732673267327,0.42277333333333333,0.6126732673267327,False,False,0.7771251634260886,0.4713333333333333,0.512,1000,1500,0.8590346218212428,de,target_fpr,,,0.4365904365904365,-0.19225589197468584,native,toxicity,encoder_minilm,EXP-005-de
es,few_label_16_strat,0.7958634491133061,0.17713837259710438,25,0.5100304453457464,0.18162334812112899,0.12368221941992434,0.5762376237623762,0.7859877142878757,0.4237623762376238,0.26512,0.4237623762376238,False,False,0.7771251634260886,0.4713333333333333,0.512,1000,1500,0.8590346218212428,de,target_fpr,,,0.4365904365904365,-0.07344000875530987,native,toxicity,encoder_minilm,EXP-005-de
es,few_label_16_rand,0.8910177844876747,0.1330811228989373,25,0.3894958885019398,0.2070031592998872,0.07258511979823455,0.7038189533239039,0.8315892612066026,0.29618104667609624,0.17797333333333334,0.29618104667609624,False,False,0.7771251634260886,0.4713333333333333,0.512,1000,1500,0.8590346218212428,de,target_fpr,,,0.4365904365904365,0.047094548088496724,native,toxicity,encoder_minilm,EXP-005-de
es,few_label_32_strat,0.9089323755420236,0.12287643446683272,25,0.39071215591047626,0.18242392688795664,0.06572509457755359,0.7127015558698727,0.8324589592390247,0.2872984441301273,0.17015999999999998,0.2872984441301273,False,False,0.7771251634260886,0.4713333333333333,0.512,1000,1500,0.8590346218212428,de,target_fpr,,,0.4365904365904365,0.04587828067996025,native,toxicity,encoder_minilm,EXP-005-de
es,few_label_32_rand,0.92182856302739,0.09880506445629253,25,0.3644148383992411,0.19107532965923354,0.05871374527112232,0.7356152758132956,0.8402012616892521,0.2643847241867044,0.15565333333333334,0.2643847241867044,False,False,0.7771251634260886,0.4713333333333333,0.512,1000,1500,0.8590346218212428,de,target_fpr,,,0.4365904365904365,0.0721755981911954,native,toxicity,encoder_minilm,EXP-005-de
es,few_label_64_strat,0.9488101322801927,0.04940510433241534,25,0.3502541954996679,0.1675769426450906,0.04756620428751577,0.7585289957567185,0.8450998311969973,0.24147100424328144,0.13896,0.24147100424328144,False,False,0.7771251634260886,0.4713333333333333,0.512,1000,1500,0.8590346218212428,de,target_fpr,,,0.4365904365904365,0.0863362410907686,native,toxicity,encoder_minilm,EXP-005-de
es,few_label_64_rand,0.9408237356163366,0.06367643090099158,25,0.37108608627074186,0.15352801208533548,0.05104665825977302,0.7421782178217822,0.8430979405382172,0.25782178217821783,0.14850666666666668,0.25782178217821783,False,False,0.7771251634260886,0.4713333333333333,0.512,1000,1500,0.8590346218212428,de,target_fpr,,,0.4365904365904365,0.06550435031969465,native,toxicity,encoder_minilm,EXP-005-de
es,few_label_128_strat,0.9346636445356553,0.053367545388778886,25,0.42317608225795633,0.1102590920011023,0.05911727616645649,0.7039321074964638,0.8319013017098975,0.29606789250353605,0.1708,0.29606789250353605,False,False,0.7771251634260886,0.4713333333333333,0.512,1000,1500,0.8590346218212428,de,target_fpr,,,0.4365904365904365,0.013414354332480172,native,toxicity,encoder_minilm,EXP-005-de
es,few_label_128_rand,0.943266224034213,0.04223030100467358,25,0.41979255980763575,0.07889855866206409,0.05442622950819672,0.7127581329561528,0.8331614346076083,0.2872418670438473,0.16415999999999997,0.2872418670438473,False,False,0.7771251634260886,0.4713333333333333,0.512,1000,1500,0.8590346218212428,de,target_fpr,,,0.4365904365904365,0.016797876782800758,native,toxicity,encoder_minilm,EXP-005-de
es,few_label_256_strat,0.9481347512595082,0.008796773741809264,25,0.4320417751569293,0.02447470696147061,0.055535939470365704,0.7068175388967468,0.825214338469127,0.2931824611032532,0.16754666666666665,0.2931824611032532,False,False,0.7771251634260886,0.4713333333333333,0.512,1000,1500,0.8590346218212428,de,target_fpr,,,0.4365904365904365,0.004548661433507184,native,toxicity,encoder_minilm,EXP-005-de
es,few_label_256_rand,0.9469734146757135,0.020697132129645437,25,0.4257422862615492,0.06422209887390302,0.05457755359394704,0.7099292786421499,0.8301072531203216,0.2900707213578501,0.16557333333333335,0.2900707213578501,False,False,0.7771251634260886,0.4713333333333333,0.512,1000,1500,0.8590346218212428,de,target_fpr,,,0.4365904365904365,0.010848150328887307,native,toxicity,encoder_minilm,EXP-005-de
es,target_full,0.9480720906842933,0.0,1,0.4365904365904365,0.0,0.05674653215636822,0.7029702970297029,0.8235294117647058,0.297029702970297,0.17,0.297029702970297,False,False,0.7771251634260886,0.4713333333333333,0.512,1000,1500,0.8590346218212428,de,target_fpr,0.3972725681146734,0.48114522338662324,0.4365904365904365,0.0,native,toxicity,encoder_minilm,EXP-005-de
es,test_oracle_unachievable,0.9531853633048183,0.0,1,0.41445270988310307,0.0,0.04918032786885246,0.7241867043847242,0.8333333333333334,0.2758132956152758,0.156,0.2758132956152758,False,False,0.7771251634260886,0.4713333333333333,0.512,1000,1500,0.8590346218212428,de,target_fpr,,,0.4365904365904365,0.02213772670733344,native,toxicity,encoder_minilm,EXP-005-de
fr,fixed_half,0.5,0.0,1,0.714975845410628,0.0,0.09536082474226804,0.3867403314917127,0.8571428571428571,0.6132596685082873,0.3453333333333333,0.6132596685082873,False,False,0.8568288289571111,0.4826666666666667,0.517,1000,1500,0.8590346218212428,de,target_fpr,,,0.625,-0.08997584541062797,native,toxicity,encoder_minilm,EXP-005-de
fr,source_global,0.8590346218212428,0.0,1,0.5334645669291339,0.0,0.027061855670103094,0.6256906077348067,0.928082191780822,0.3743093922651934,0.19466666666666665,0.3743093922651934,False,False,0.8568288289571111,0.4826666666666667,0.517,1000,1500,0.8590346218212428,de,target_fpr,0.4945442265088886,0.5681492434187797,0.625,0.09153543307086609,native,toxicity,encoder_minilm,EXP-005-de
fr,quantile_match,0.4699143516716469,0.0,1,0.7255369928400953,0.0,0.09922680412371133,0.3701657458563536,0.8555347091932458,0.6298342541436464,0.35533333333333333,0.6298342541436464,False,False,0.8568288289571111,0.4826666666666667,0.517,1000,1500,0.8590346218212428,de,target_fpr,,,0.625,-0.10053699284009532,native,toxicity,encoder_minilm,EXP-005-de
fr,sld_em,0.9391633767095852,0.0,1,0.40522875816993464,0.0,0.010309278350515464,0.7430939226519337,0.9587628865979382,0.2569060773480663,0.12933333333333333,0.2569060773480663,False,False,0.8568288289571111,0.4826666666666667,0.517,1000,1500,0.8590346218212428,de,target_fpr,,,0.625,0.21977124183006536,native,toxicity,encoder_minilm,EXP-005-de
fr,bbse,0.9561402981310345,0.0,1,0.35480225988700564,0.0,0.005154639175257732,0.7831491712707183,0.9751552795031055,0.21685082872928177,0.10733333333333334,0.21685082872928177,False,False,0.8568288289571111,0.4826666666666667,0.517,1000,1500,0.8590346218212428,de,target_fpr,,,0.625,0.27019774011299436,native,toxicity,encoder_minilm,EXP-005-de
fr,few_label_8_strat,0.4634927076691921,0.25331497885602616,25,0.6921134412560614,0.10792904695471267,0.12530927835051547,0.38187845303867407,0.8386966107025781,0.618121546961326,0.36317333333333335,0.618121546961326,False,False,0.8568288289571111,0.4826666666666667,0.517,1000,1500,0.8590346218212428,de,target_fpr,,,0.625,-0.06711344125606145,native,toxicity,encoder_minilm,EXP-005-de
fr,few_label_8_rand,0.5684432116650584,0.2562799563707044,25,0.6470519411387906,0.13047251290701295,0.09896907216494846,0.44911602209944745,0.8618318091057563,0.5508839779005525,0.31709333333333334,0.5508839779005525,False,False,0.8568288289571111,0.4826666666666667,0.517,1000,1500,0.8590346218212428,de,target_fpr,,,0.625,-0.02205194113879061,native,toxicity,encoder_minilm,EXP-005-de
fr,few_label_16_strat,0.6285847570139029,0.24086385921308068,25,0.6218928375480658,0.13471291012311695,0.0822680412371134,0.4874585635359116,0.8770424423220798,0.5125414364640885,0.2899466666666667,0.5125414364640885,False,False,0.8568288289571111,0.4826666666666667,0.517,1000,1500,0.8590346218212428,de,target_fpr,,,0.625,0.003107162451934209,native,toxicity,encoder_minilm,EXP-005-de
fr,few_label_16_rand,0.6746063107877146,0.23096712783886275,25,0.5911643009708252,0.1527744327100749,0.06819587628865978,0.5257458563535912,0.88823050589025,0.4742541436464089,0.2641866666666667,0.4742541436464089,False,False,0.8568288289571111,0.4826666666666667,0.517,1000,1500,0.8590346218212428,de,target_fpr,,,0.625,0.033835699029174826,native,toxicity,encoder_minilm,EXP-005-de
fr,few_label_32_strat,0.6948633410205965,0.24388000890430658,25,0.5388152662507225,0.21993932670538757,0.0625257731958763,0.56646408839779,0.8944985060723843,0.43353591160220994,0.24159999999999995,0.43353591160220994,False,False,0.8568288289571111,0.4826666666666667,0.517,1000,1500,0.8590346218212428,de,target_fpr,,,0.625,0.08618473374927749,native,toxicity,encoder_minilm,EXP-005-de
fr,few_label_32_rand,0.7616710125804625,0.19555487099665253,25,0.5345561211732194,0.16686369024116215,0.04809278350515464,0.5930386740331491,0.9082119853987427,0.4069613259668508,0.2213066666666667,0.4069613259668508,False,False,0.8568288289571111,0.4826666666666667,0.517,1000,1500,0.8590346218212428,de,target_fpr,,,0.625,0.09044387882678062,native,toxicity,encoder_minilm,EXP-005-de
fr,few_label_64_strat,0.6828620603905654,0.1945257237368114,25,0.6161488924339322,0.09634221950000968,0.06634020618556702,0.5112707182320442,0.8852154841501114,0.4887292817679558,0.27021333333333336,0.4887292817679558,False,False,0.8568288289571111,0.4826666666666667,0.517,1000,1500,0.8590346218212428,de,target_fpr,,,0.625,0.008851107566067773,native,toxicity,encoder_minilm,EXP-005-de
fr,few_label_64_rand,0.7201816916009001,0.1813231960225115,25,0.5847557691907077,0.12460142060816844,0.05675257731958763,0.5460220994475138,0.8963420436720273,0.4539779005524862,0.24848000000000003,0.4539779005524862,False,False,0.8568288289571111,0.4826666666666667,0.517,1000,1500,0.8590346218212428,de,target_fpr,,,0.625,0.04024423080929229,native,toxicity,encoder_minilm,EXP-005-de
fr,few_label_128_strat,0.6686990088458323,0.11779188801989898,25,0.6396504454873796,0.06050020768898088,0.06824742268041237,0.49082872928176796,0.8781643984180958,0.5091712707182321,0.28106666666666663,0.5091712707182321,False,False,0.8568288289571111,0.4826666666666667,0.517,1000,1500,0.8590346218212428,de,target_fpr,,,0.625,-0.014650445487379593,native,toxicity,encoder_minilm,EXP-005-de
fr,few_label_128_rand,0.699260748381775,0.11800400187002091,25,0.6226265669908021,0.06608514881776643,0.06309278350515463,0.5123204419889502,0.8826654179421862,0.48767955801104973,0.2680266666666667,0.48767955801104973,False,False,0.8568288289571111,0.4826666666666667,0.517,1000,1500,0.8590346218212428,de,target_fpr,,,0.625,0.0023734330091979006,native,toxicity,encoder_minilm,EXP-005-de
fr,few_label_256_strat,0.7187795797955733,0.06470900506739513,25,0.6210380652894483,0.031616149436934596,0.06077319587628867,0.5190607734806629,0.8818302108137495,0.48093922651933707,0.2635733333333333,0.48093922651933707,False,False,0.8568288289571111,0.4826666666666667,0.517,1000,1500,0.8590346218212428,de,target_fpr,,,0.625,0.003961934710551729,native,toxicity,encoder_minilm,EXP-005-de
fr,few_label_256_rand,0.7491220474912678,0.06802105343531187,25,0.6042468964329483,0.03950295645075828,0.054226804123711336,0.5401104972375691,0.8899237380799383,0.45988950276243096,0.2500266666666667,0.45988950276243096,False,False,0.8568288289571111,0.4826666666666667,0.517,1000,1500,0.8590346218212428,de,target_fpr,,,0.625,0.020753103567051734,native,toxicity,encoder_minilm,EXP-005-de
fr,target_full,0.7195366468347858,0.0,1,0.625,0.0,0.059278350515463915,0.5165745856353591,0.8838383838383839,0.48342541436464087,0.264,0.48342541436464087,False,False,0.8568288289571111,0.4826666666666667,0.517,1000,1500,0.8590346218212428,de,target_fpr,0.593035707384003,0.6559378380097983,0.625,0.0,native,toxicity,encoder_minilm,EXP-005-de
fr,test_oracle_unachievable,0.7693476057133206,0.0,1,0.5966850828729282,0.0,0.04896907216494845,0.5524861878453039,0.8950276243093923,0.44751381215469616,0.24133333333333334,0.44751381215469616,False,False,0.8568288289571111,0.4826666666666667,0.517,1000,1500,0.8590346218212428,de,target_fpr,,,0.625,0.028314917127071793,native,toxicity,encoder_minilm,EXP-005-de
he,fixed_half,0.5,0.0,1,0.589247311827957,0.0,0.25675675675675674,0.41201716738197425,0.5905172413793104,0.5879828326180258,0.38474295190713104,0.5879828326180258,False,False,0.7019255306808955,0.3864013266998342,0.43283582089552236,402,603,0.8590346218212428,de,target_fpr,,,0.2318840579710145,-0.35736325385694245,native,toxicity,encoder_minilm,EXP-005-de
he,source_global,0.8590346218212428,0.0,1,0.4289855072463768,0.0,0.10270270270270271,0.6824034334763949,0.6607142857142857,0.31759656652360513,0.1857379767827529,0.31759656652360513,False,False,0.7019255306808955,0.3864013266998342,0.43283582089552236,402,603,0.8590346218212428,de,target_fpr,0.36110114065816495,0.49267324816105296,0.2318840579710145,-0.1971014492753623,native,toxicity,encoder_minilm,EXP-005-de
he,quantile_match,0.6795310473838485,0.0,1,0.5375302663438257,0.0,0.1864864864864865,0.5236051502145923,0.6166666666666667,0.47639484978540775,0.29850746268656714,0.47639484978540775,False,False,0.7019255306808955,0.3864013266998342,0.43283582089552236,402,603,0.8590346218212428,de,target_fpr,,,0.2318840579710145,-0.3056462083728112,native,toxicity,encoder_minilm,EXP-005-de
he,sld_em,0.9098352960303732,0.0,1,0.35668789808917195,0.0,0.06756756756756757,0.759656652360515,0.691358024691358,0.24034334763948498,0.13432835820895522,0.24034334763948498,False,False,0.7019255306808955,0.3864013266998342,0.43283582089552236,402,603,0.8590346218212428,de,target_fpr,,,0.2318840579710145,-0.12480384011815746,native,toxicity,encoder_minilm,EXP-005-de
he,bbse,0.9356452831181093,0.0,1,0.32,0.0,0.051351351351351354,0.7939914163090128,0.7164179104477612,0.20600858369098712,0.1111111111111111,0.20600858369098712,False,False,0.7019255306808955,0.3864013266998342,0.43283582089552236,402,603,0.8590346218212428,de,target_fpr,,,0.2318840579710145,-0.08811594202898551,native,toxicity,encoder_minilm,EXP-005-de
he,few_label_8_strat,0.7385874805314192,0.2617599496392756,25,0.40658961480357303,0.17358414219686583,0.15556756756756757,0.6394849785407726,0.6445883649584091,0.3605150214592275,0.23475953565505805,0.3605150214592275,False,False,0.7019255306808955,0.3864013266998342,0.43283582089552236,402,603,0.8590346218212428,de,target_fpr,,,0.2318840579710145,-0.17470555683255853,native,toxicity,encoder_minilm,EXP-005-de
he,few_label_8_rand,0.8256154079254486,0.2178083716610688,25,0.35058120395724546,0.15620085300087894,0.11675675675675676,0.7151931330472102,0.6617242608504348,0.28480686695278973,0.18169154228855722,0.28480686695278973,False,False,0.7019255306808955,0.3864013266998342,0.43283582089552236,402,603,0.8590346218212428,de,target_fpr,,,0.2318840579710145,-0.11869714598623096,native,toxicity,encoder_minilm,EXP-005-de
he,few_label_16_strat,0.8605577234025229,0.13638789555592423,25,0.3280444917800463,0.1796484419278399,0.0905945945945946,0.7462660944206009,0.6644028190977519,0.2537339055793991,0.1536318407960199,0.2537339055793991,False,False,0.7019255306808955,0.3864013266998342,0.43283582089552236,402,603,0.8590346218212428,de,target_fpr,,,0.2318840579710145,-0.0961604338090318,native,toxicity,encoder_minilm,EXP-005-de
he,few_label_16_rand,0.884275260221426,0.1388267313405391,25,0.2992630535891675,0.16008346076033547,0.07600000000000001,0.7781974248927038,0.6689184894127956,0.22180257510729615,0.13233830845771144,0.22180257510729615,False,False,0.7019255306808955,0.3864013266998342,0.43283582089552236,402,603,0.8590346218212428,de,target_fpr,,,0.2318840579710145,-0.067378995618153,native,toxicity,encoder_minilm,EXP-005-de
he,few_label_32_strat,0.9377964959021979,0.0682067952797093,25,0.2408534348952183,0.13502528026634456,0.04897297297297297,0.8389699570815451,0.6924473237242489,0.16103004291845494,0.09227197346600331,0.16103004291845494,False,False,0.7019255306808955,0.3864013266998342,0.43283582089552236,402,603,0.8590346218212428,de,target_fpr,,,0.2318840579710145,-0.008969376924203798,native,toxicity,encoder_minilm,EXP-005-de
he,few_label_32_rand,0.9600904341895832,0.037548745706404804,25,0.1999288457938487,0.12384906072650503,0.034378378378378385,0.8739914163090128,0.7282854721744795,0.1260085836909871,0.06978441127694861,0.1260085836909871,False,False,0.7019255306808955,0.3864013266998342,0.43283582089552236,402,603,0.8590346218212428,de,target_fpr,,,0.2318840579710145,0.03195521217716579,native,toxicity,encoder_minilm,EXP-005-de
he,few_label_64_strat,0.9663400559862727,0.029406129510300673,25,0.1898790418742796,0.10386882005191496,0.030486486486486487,0.8841201716738197,0.7067460062814637,0.11587982832618027,0.06348258706467662,0.11587982832618027,False,False,0.7019255306808955,0.3864013266998342,0.43283582089552236,402,603,0.8590346218212428,de,target_fpr,,,0.2318840579710145,0.042005016096734904,native,toxicity,encoder_minilm,EXP-005-de
he,few_label_64_rand,0.9558725188631844,0.04073070619478175,25,0.21872329209939095,0.11074319736433526,0.03848648648648648,0.8619742489270387,0.6948335174331991,0.13802575107296136,0.0769485903814262,0.13802575107296136,False,False,0.7019255306808955,0.3864013266998342,0.43283582089552236,402,603,0.8590346218212428,de,target_fpr,,,0.2318840579710145,0.013160765871623542,native,toxicity,encoder_minilm,EXP-005-de
he,few_label_128_strat,0.9589883456399432,0.02371493260871418,25,0.23534417473115476,0.07141581037123262,0.03513513513513514,0.8561373390557939,0.7227005900281398,0.14386266094420602,0.07714759535655058,0.14386266094420602,False,False,0.7019255306808955,0.3864013266998342,0.43283582089552236,402,603,0.8590346218212428,de,target_fpr,,,0.2318840579710145,-0.0034601167601402694,native,toxicity,encoder_minilm,EXP-005-de
he,few_label_128_rand,0.9691101429631995,0.017390899242250003,25,0.19891545461215113,0.06420299318020584,0.02918918918918919,0.8822317596566523,0.7167604684892688,0.11776824034334764,0.0634162520729685,0.11776824034334764,False,False,0.7019255306808955,0.3864013266998342,0.43283582089552236,402,603,0.8590346218212428,de,target_fpr,,,0.2318840579710145,0.03296860335886337,native,toxicity,encoder_minilm,EXP-005-de
he,few_label_256_strat,0.9664776030131651,0.018435061987424502,25,0.2095026150155457,0.061752764703336856,0.03145945945945946,0.8750214592274678,0.7125209334926911,0.12497854077253219,0.06759535655058042,0.12497854077253219,False,False,0.7019255306808955,0.3864013266998342,0.43283582089552236,402,603,0.8590346218212428,de,target_fpr,,,0.2318840579710145,0.02238144295546879,native,toxicity,encoder_minilm,EXP-005-de
he,few_label_256_rand,0.9729559954013999,0.00926487583911278,25,0.18834101668221603,0.039653757983533613,0.027243243243243245,0.8908154506437769,0.7127974086134992,0.10918454935622318,0.058905472636815934,0.10918454935622318,False,False,0.7019255306808955,0.3864013266998342,0.43283582089552236,402,603,0.8590346218212428,de,target_fpr,,,0.2318840579710145,0.04354304128879846,native,toxicity,encoder_minilm,EXP-005-de
he,target_full,0.9673332264832208,0.0,1,0.2318840579710145,0.0,0.02972972972972973,0.8626609442060086,0.7441860465116279,0.13733905579399142,0.07131011608623548,0.13733905579399142,False,False,0.7019255306808955,0.3864013266998342,0.43283582089552236,402,603,0.8590346218212428,de,target_fpr,0.1777750288635989,0.30741861135119564,0.2318840579710145,0.0,native,toxicity,encoder_minilm,EXP-005-de
he,test_oracle_unachievable,0.9388147612368818,0.0,1,0.3221476510067114,0.0,0.04594594594594595,0.7939914163090128,0.7384615384615385,0.20600858369098712,0.1077943615257048,0.20600858369098712,False,False,0.7019255306808955,0.3864013266998342,0.43283582089552236,402,603,0.8590346218212428,de,target_fpr,,,0.2318840579710145,-0.09026359303569689,native,toxicity,encoder_minilm,EXP-005-de
hi,fixed_half,0.5,0.0,1,0.5070955534531694,0.0,0.050734312416555405,0.6431424766977364,0.8758169934640523,0.35685752330226367,0.204,0.35685752330226367,False,False,0.8006734234194194,0.5006666666666667,0.519,1000,1500,0.8590346218212428,de,target_fpr,,,0.4918032786885245,-0.015292274764644842,native,toxicity,encoder_minilm,EXP-005-de
hi,source_global,0.8590346218212428,0.0,1,0.31567328918322296,0.0,0.01602136181575434,0.8095872170439414,0.9225806451612903,0.1904127829560586,0.10333333333333333,0.1904127829560586,False,False,0.8006734234194194,0.5006666666666667,0.519,1000,1500,0.8590346218212428,de,target_fpr,0.2792340616798484,0.3546808597580908,0.4918032786885245,0.17612998950530157,native,toxicity,encoder_minilm,EXP-005-de
hi,quantile_match,0.16172458565272113,0.0,1,0.6614420062695925,0.0,0.1375166889185581,0.4380825565912117,0.8038095238095239,0.5619174434087882,0.35,0.5619174434087882,False,False,0.8006734234194194,0.5006666666666667,0.519,1000,1500,0.8590346218212428,de,target_fpr,,,0.4918032786885245,-0.16963872758106796,native,toxicity,encoder_minilm,EXP-005-de
hi,sld_em,0.9789849133128603,0.0,1,0.11055276381909548,0.0,0.0013351134846461949,0.9414114513981359,0.9777777777777777,0.05858854860186418,0.03,0.05858854860186418,False,False,0.8006734234194194,0.5006666666666667,0.519,1000,1500,0.8590346218212428,de,target_fpr,,,0.4918032786885245,0.38125051486942907,native,toxicity,encoder_minilm,EXP-005-de
hi,bbse,0.9841958499727697,0.0,1,0.0816326530612245,0.0,0.0013351134846461949,0.9573901464713716,0.9696969696969697,0.0426098535286285,0.022,0.0426098535286285,False,False,0.8006734234194194,0.5006666666666667,0.519,1000,1500,0.8590346218212428,de,target_fpr,,,0.4918032786885245,0.4101706256273,native,toxicity,encoder_minilm,EXP-005-de
hi,few_label_8_strat,0.3203032719166925,0.2744353073372489,25,0.5821891527182089,0.1367584198624873,0.16886515353805073,0.4888948069241012,0.8064475731587736,0.5111051930758989,0.3402133333333333,0.5111051930758989,False,False,0.8006734234194194,0.5006666666666667,0.519,1000,1500,0.8590346218212428,de,target_fpr,,,0.4918032786885245,-0.0903858740296844,native,toxicity,encoder_minilm,EXP-005-de
hi,few_label_8_rand,0.39588982943342055,0.2916899276426994,25,0.5424115767944248,0.15675887712286776,0.13687583444592788,0.5424766977363515,0.8284764686320147,0.45752330226364846,0.2974133333333333,0.45752330226364846,False,False,0.8006734234194194,0.5006666666666667,0.519,1000,1500,0.8590346218212428,de,target_fpr,,,0.4918032786885245,-0.05060829810590023,native,toxicity,encoder_minilm,EXP-005-de
hi,few_label_16_strat,0.473640904508829,0.2510894621897322,25,0.5104697365006216,0.12670249306822048,0.07182910547396529,0.6169374167776298,0.8631598056917451,0.3830625832223702,0.22765333333333332,0.3830625832223702,False,False,0.8006734234194194,0.5006666666666667,0.519,1000,1500,0.8590346218212428,de,target_fpr,,,0.4918032786885245,-0.018666457812097026,native,toxicity,encoder_minilm,EXP-005-de
hi,few_label_16_rand,0.49612320284819383,0.3100036719070141,25,0.48928952701633777,0.17553884808848996,0.08934579439252338,0.6157656458055926,0.8575874620529188,0.3842343541944075,0.23698666666666665,0.3842343541944075,False,False,0.8006734234194194,0.5006666666666667,0.519,1000,1500,0.8590346218212428,de,target_fpr,,,0.4918032786885245,0.002513751672186759,native,toxicity,encoder_minilm,EXP-005-de
hi,few_label_32_strat,0.5281273454415079,0.23462237964532395,25,0.4885051584459779,0.11027805561887047,0.058104138851802406,0.6465512649800266,0.8752390258075752,0.3534487350199733,0.2059733333333333,0.3534487350199733,False,False,0.8006734234194194,0.5006666666666667,0.519,1000,1500,0.8590346218212428,de,target_fpr,,,0.4918032786885245,0.0032981202425466094,native,toxicity,encoder_minilm,EXP-005-de
hi,few_label_32_rand,0.6036680726290845,0.30433182477913095,25,0.4091213624206733,0.20589190617931025,0.05287049399198932,0.7000266311584553,0.8926782667397808,0.29997336884154463,0.17658666666666664,0.29997336884154463,False,False,0.8006734234194194,0.5006666666666667,0.519,1000,1500,0.8590346218212428,de,target_fpr,,,0.4918032786885245,0.08268191626785121,native,toxicity,encoder_minilm,EXP-005-de
hi,few_label_64_strat,0.527728841845831,0.21128737079800472,25,0.48976343305941844,0.10070393542188709,0.058264352469959944,0.6466577896138481,0.8748548441857418,0.35334221038615177,0.20600000000000002,0.35334221038615177,False,False,0.8006734234194194,0.5006666666666667,0.519,1000,1500,0.8590346218212428,de,target_fpr,,,0.4918032786885245,0.002039845629106085,native,toxicity,encoder_minilm,EXP-005-de
hi,few_label_64_rand,0.46648604353999495,0.1940894401810113,25,0.515971350052887,0.0845632049360578,0.06675567423230974,0.6215179760319575,0.8618519751136953,0.37848202396804254,0.22282666666666667,0.37848202396804254,False,False,0.8006734234194194,0.5006666666666667,0.519,1000,1500,0.8590346218212428,de,target_fpr,,,0.4918032786885245,-0.024168071364362442,native,toxicity,encoder_minilm,EXP-005-de
hi,few_label_128_strat,0.4482990598202785,0.15031325616710867,25,0.5263474699627522,0.061674298975523005,0.06456608811748998,0.6157123834886817,0.8627182212612716,0.38428761651131826,0.22464000000000003,0.38428761651131826,False,False,0.8006734234194194,0.5006666666666667,0.519,1000,1500,0.8590346218212428,de,target_fpr,,,0.4918032786885245,-0.03454419127422764,native,toxicity,encoder_minilm,EXP-005-de
hi,few_label_128_rand,0.5105828275288747,0.15858159584604037,25,0.5001744775689904,0.06812967969966181,0.0544192256341789,0.6438348868175765,0.8750087688165558,0.35616511318242344,0.20549333333333333,0.35616511318242344,False,False,0.8006734234194194,0.5006666666666667,0.519,1000,1500,0.8590346218212428,de,target_fpr,,,0.4918032786885245,-0.008371198880465835,native,toxicity,encoder_minilm,EXP-005-de
hi,few_label_256_strat,0.5156245836738288,0.12762623326944603,25,0.5008028498051542,0.054182721867216434,0.050627503337783715,0.6459121171770973,0.8806877018287951,0.3540878828229028,0.20256,0.3540878828229028,False,False,0.8006734234194194,0.5006666666666667,0.519,1000,1500,0.8590346218212428,de,target_fpr,,,0.4918032786885245,-0.00899957111662969,native,toxicity,encoder_minilm,EXP-005-de
hi,few_label_256_rand,0.48715466420154485,0.14181860763485418,25,0.510315514148933,0.05515722209685484,0.05671562082777037,0.634780292942743,0.8718937193399638,0.3652197070572571,0.21117333333333335,0.3652197070572571,False,False,0.8006734234194194,0.5006666666666667,0.519,1000,1500,0.8590346218212428,de,target_fpr,,,0.4918032786885245,-0.01851223546040842,native,toxicity,encoder_minilm,EXP-005-de
hi,target_full,0.5383215999707242,0.0,1,0.4918032786885245,0.0,0.04138851802403204,0.6604527296937417,0.8916083916083916,0.3395472703062583,0.19066666666666668,0.3395472703062583,False,False,0.8006734234194194,0.5006666666666667,0.519,1000,1500,0.8590346218212428,de,target_fpr,0.45351407721417303,0.5267137500614971,0.4918032786885245,0.0,native,toxicity,encoder_minilm,EXP-005-de
hi,test_oracle_unachievable,0.5094301324416957,0.0,1,0.5023786869647954,0.0,0.04806408544726302,0.6484687083888149,0.88,0.35153129161118507,0.2,0.35153129161118507,False,False,0.8006734234194194,0.5006666666666667,0.519,1000,1500,0.8590346218212428,de,target_fpr,,,0.4918032786885245,-0.010575408276270848,native,toxicity,encoder_minilm,EXP-005-de
hin,fixed_half,0.5,0.0,1,0.1673101673101673,0.0,0.06436420722135008,0.9031296572280179,0.6132075471698113,0.09687034277198212,0.08103975535168195,0.09687034277198212,False,False,0.5211334333114193,0.5129969418960245,0.4868270332187858,873,1308,0.8590346218212428,de,target_fpr,,,0.1092896174863388,-0.058020549823828496,native,toxicity,encoder_minilm,EXP-005-de
hin,source_global,0.8590346218212428,0.0,1,0.04316546762589928,0.0,0.0141287284144427,0.977645305514158,0.625,0.022354694485842028,0.01834862385321101,0.022354694485842028,False,False,0.5211334333114193,0.5129969418960245,0.4868270332187858,873,1308,0.8590346218212428,de,target_fpr,0.02345717234262126,0.06124442177738108,0.1092896174863388,0.06612414986043952,native,toxicity,encoder_minilm,EXP-005-de
hin,quantile_match,0.016139981688489846,0.0,1,0.45904436860068265,0.0,0.3642072213500785,0.5991058122205664,0.5369261477045908,0.4008941877794337,0.3830275229357798,0.4008941877794337,False,False,0.5211334333114193,0.5129969418960245,0.4868270332187858,873,1308,0.8590346218212428,de,target_fpr,,,0.1092896174863388,-0.34975475111434384,native,toxicity,encoder_minilm,EXP-005-de
hin,sld_em,0.9986538473248449,0.0,1,0.0,0.0,0.0,1.0,0.0,0.0,0.0,0.0,True,False,0.5211334333114193,0.5129969418960245,0.4868270332187858,873,1308,0.8590346218212428,de,target_fpr,,,0.1092896174863388,0.1092896174863388,native,toxicity,encoder_minilm,EXP-005-de
hin,bbse,0.8590346218212428,0.0,1,0.04316546762589928,0.0,0.0141287284144427,0.977645305514158,0.625,0.022354694485842028,0.01834862385321101,0.022354694485842028,False,False,0.5211334333114193,0.5129969418960245,0.4868270332187858,873,1308,0.8590346218212428,de,target_fpr,,,0.1092896174863388,0.06612414986043952,native,toxicity,encoder_minilm,EXP-005-de
hin,few_label_8_strat,0.48159418822915,0.3626523462204828,25,0.21068259617167795,0.1713465921482474,0.1362009419152276,0.8377943368107301,0.5883776876929718,0.16220566318926974,0.14954128440366973,0.16220566318926974,False,False,0.5211334333114193,0.5129969418960245,0.4868270332187858,873,1308,0.8590346218212428,de,target_fpr,,,0.1092896174863388,-0.10139297868533916,native,toxicity,encoder_minilm,EXP-005-de
hin,few_label_8_rand,0.3084416285062329,0.34321916866982294,25,0.2990141703981576,0.1817821858220158,0.22574568288854,0.7450968703427719,0.5763566814799831,0.254903129657228,0.24070336391437308,0.254903129657228,False,False,0.5211334333114193,0.5129969418960245,0.4868270332187858,873,1308,0.8590346218212428,de,target_fpr,,,0.1092896174863388,-0.18972455291181878,native,toxicity,encoder_minilm,EXP-005-de
hin,few_label_16_strat,0.6218868160663077,0.2936376725278827,25,0.13911546852552847,0.11813559816398171,0.06518053375196231,0.9101639344262294,0.6099784180963682,0.0898360655737705,0.07782874617737004,0.0898360655737705,False,False,0.5211334333114193,0.5129969418960245,0.4868270332187858,873,1308,0.8590346218212428,de,target_fpr,,,0.1092896174863388,-0.02982585103918968,native,toxicity,encoder_minilm,EXP-005-de
hin,few_label_16_rand,0.5414306642491883,0.300556359100704,25,0.16263393657751493,0.11285021976550154,0.07227629513343797,0.8969299552906109,0.6009550491430481,0.10307004470938898,0.08807339449541285,0.10307004470938898,False,False,0.5211334333114193,0.5129969418960245,0.4868270332187858,873,1308,0.8590346218212428,de,target_fpr,,,0.1092896174863388,-0.05334431909117614,native,toxicity,encoder_minilm,EXP-005-de
hin,few_label_32_strat,0.7979890730306975,0.19957769626492694,25,0.07010046651283962,0.0667256066403438,0.02448979591836735,0.9605961251862891,0.6295994294541447,0.03940387481371088,0.03214067278287462,0.03940387481371088,False,False,0.5211334333114193,0.5129969418960245,0.4868270332187858,873,1308,0.8590346218212428,de,target_fpr,,,0.1092896174863388,0.039189150973499176,native,toxicity,encoder_minilm,EXP-005-de
hin,few_label_32_rand,0.727271837151622,0.28441501289351934,25,0.09740539377012306,0.10692250178223299,0.04232339089481947,0.9394336810730253,0.617467743237269,0.06056631892697467,0.051681957186544336,0.06056631892697467,False,False,0.5211334333114193,0.5129969418960245,0.4868270332187858,873,1308,0.8590346218212428,de,target_fpr,,,0.1092896174863388,0.011884223716215739,native,toxicity,encoder_minilm,EXP-005-de
hin,few_label_64_strat,0.7759291658641405,0.22710870484774526,25,0.07772187208074482,0.07629773779124348,0.02888540031397174,0.9554098360655736,0.6230897712497389,0.044590163934426226,0.036941896024464835,0.044590163934426226,False,False,0.5211334333114193,0.5129969418960245,0.4868270332187858,873,1308,0.8590346218212428,de,target_fpr,,,0.1092896174863388,0.03156774540559397,native,toxicity,encoder_minilm,EXP-005-de
hin,few_label_64_rand,0.7774413684992542,0.1930281841640306,25,0.07845278642943211,0.07135192938183925,0.028508634222919937,0.9550521609538003,0.6285194692629714,0.0449478390461997,0.03694189602446483,0.0449478390461997,False,False,0.5211334333114193,0.5129969418960245,0.4868270332187858,873,1308,0.8590346218212428,de,target_fpr,,,0.1092896174863388,0.030836831056906683,native,toxicity,encoder_minilm,EXP-005-de
hin,few_label_128_strat,0.648758764971999,0.18814074608242523,25,0.11891796596138882,0.06416521187056597,0.04364207221350079,0.9318628912071536,0.6278945489301124,0.0681371087928465,0.0562079510703364,0.0681371087928465,False,False,0.5211334333114193,0.5129969418960245,0.4868270332187858,873,1308,0.8590346218212428,de,target_fpr,,,0.1092896174863388,-0.009628348475050022,native,toxicity,encoder_minilm,EXP-005-de
hin,few_label_128_rand,0.680453093074667,0.1888148899295814,25,0.11060965738087203,0.06263149656038733,0.03874411302982731,0.9372280178837556,0.6438074767572926,0.0627719821162444,0.051070336391437314,0.0627719821162444,False,False,0.5211334333114193,0.5129969418960245,0.4868270332187858,873,1308,0.8590346218212428,de,target_fpr,,,0.1092896174863388,-0.0013200398945332342,native,toxicity,encoder_minilm,EXP-005-de
hin,few_label_256_strat,0.6145026792219291,0.142297120017958,25,0.13283243152482316,0.04485533851113607,0.04653061224489797,0.9245901639344264,0.6379980188807184,0.07540983606557378,0.06134556574923548,0.07540983606557378,False,False,0.5211334333114193,0.5129969418960245,0.4868270332187858,873,1308,0.8590346218212428,de,target_fpr,,,0.1092896174863388,-0.023542814038484364,native,toxicity,encoder_minilm,EXP-005-de
hin,few_label_256_rand,0.6639380563101467,0.1575120249435297,25,0.11477303001434974,0.05320558670624427,0.04025117739403454,0.9353204172876305,0.6297898818393517,0.0646795827123696,0.05278287461773701,0.0646795827123696,False,False,0.5211334333114193,0.5129969418960245,0.4868270332187858,873,1308,0.8590346218212428,de,target_fpr,,,0.1092896174863388,-0.0054834125280109475,native,toxicity,encoder_minilm,EXP-005-de
hin,target_full,0.7166288263048226,0.0,1,0.1092896174863388,0.0,0.03296703296703297,0.940387481371088,0.6557377049180327,0.05961251862891207,0.046636085626911315,0.05961251862891207,False,False,0.5211334333114193,0.5129969418960245,0.4868270332187858,873,1308,0.8590346218212428,de,target_fpr,0.08267150985572037,0.14324261065571683,0.1092896174863388,0.0,native,toxicity,encoder_minilm,EXP-005-de
hin,test_oracle_unachievable,0.5805006700435036,0.0,1,0.14039735099337747,0.0,0.04866562009419152,0.9210134128166915,0.6309523809523809,0.07898658718330849,0.06422018348623854,0.07898658718330849,False,False,0.5211334333114193,0.5129969418960245,0.4868270332187858,873,1308,0.8590346218212428,de,target_fpr,,,0.1092896174863388,-0.031107733507038673,native,toxicity,encoder_minilm,EXP-005-de
it,fixed_half,0.5,0.0,1,0.5712177121771218,0.0,0.3072916666666667,0.4713114754098361,0.6211878009630819,0.5286885245901639,0.41533333333333333,0.5286885245901639,False,False,0.6485068732923497,0.488,0.497,1000,1500,0.8590346218212428,de,target_fpr,,,0.20785219399538105,-0.3633655181817408,native,toxicity,encoder_minilm,EXP-005-de
it,source_global,0.8590346218212428,0.0,1,0.3918918918918919,0.0,0.13151041666666666,0.7226775956284153,0.6677631578947368,0.2773224043715847,0.20266666666666666,0.2773224043715847,False,False,0.6485068732923497,0.488,0.497,1000,1500,0.8590346218212428,de,target_fpr,0.3585623502448172,0.4273019339961276,0.20785219399538105,-0.18403969789651084,native,toxicity,encoder_minilm,EXP-005-de
it,quantile_match,0.604051151038955,0.0,1,0.5486166007905139,0.0,0.2421875,0.5259562841530054,0.651031894934334,0.47404371584699456,0.35533333333333333,0.47404371584699456,False,False,0.6485068732923497,0.488,0.497,1000,1500,0.8590346218212428,de,target_fpr,,,0.20785219399538105,-0.34076440679513287,native,toxicity,encoder_minilm,EXP-005-de
it,sld_em,0.9146737958583794,0.0,1,0.30271398747390393,0.0,0.10546875,0.8019125683060109,0.6415929203539823,0.19808743169398907,0.15066666666666667,0.19808743169398907,False,False,0.6485068732923497,0.488,0.497,1000,1500,0.8590346218212428,de,target_fpr,,,0.20785219399538105,-0.09486179347852289,native,toxicity,encoder_minilm,EXP-005-de
it,bbse,0.9436940550092513,0.0,1,0.24363233665559247,0.0,0.07942708333333333,0.8497267759562842,0.6432748538011696,0.15027322404371585,0.114,0.15027322404371585,False,False,0.6485068732923497,0.488,0.497,1000,1500,0.8590346218212428,de,target_fpr,,,0.20785219399538105,-0.03578014266021143,native,toxicity,encoder_minilm,EXP-005-de
it,few_label_8_strat,0.8506112233414608,0.21995082541391617,25,0.2733939351988051,0.17325010224710904,0.11708333333333332,0.7909836065573771,0.6757719665203884,0.20901639344262296,0.1619466666666667,0.20901639344262296,False,False,0.6485068732923497,0.488,0.497,1000,1500,0.8590346218212428,de,target_fpr,,,0.20785219399538105,-0.06554174120342407,native,toxicity,encoder_minilm,EXP-005-de
it,few_label_8_rand,0.7522643742191086,0.28161594687607194,25,0.35882892045091835,0.184206137859397,0.1759375,0.6990163934426229,0.6464060893337941,0.300983606557377,0.23695999999999998,0.300983606557377,False,False,0.6485068732923497,0.488,0.497,1000,1500,0.8590346218212428,de,target_fpr,,,0.20785219399538105,-0.1509767264555373,native,toxicity,encoder_minilm,EXP-005-de
it,few_label_16_strat,0.8819077381983503,0.1428487007735154,25,0.2818729723399597,0.1523047194216271,0.10145833333333334,0.7982513661202185,0.6748521236349339,0.20174863387978142,0.15039999999999998,0.20174863387978142,False,False,0.6485068732923497,0.488,0.497,1000,1500,0.8590346218212428,de,target_fpr,,,0.20785219399538105,-0.07402077834457868,native,toxicity,encoder_minilm,EXP-005-de
it,few_label_16_rand,0.8423965972832755,0.24178352000541184,25,0.27272470236055824,0.1880719410174179,0.12302083333333332,0.7840983606557377,0.6920357342215957,0.21590163934426232,0.16834666666666667,0.21590163934426232,False,False,0.6485068732923497,0.488,0.497,1000,1500,0.8590346218212428,de,target_fpr,,,0.20785219399538105,-0.06487250836517719,native,toxicity,encoder_minilm,EXP-005-de
it,few_label_32_strat,0.9736946158094807,0.01892048877171198,25,0.1563853340710165,0.06695806778406471,0.04078125,0.9089617486338798,0.7178205172868618,0.09103825136612022,0.06530666666666667,0.09103825136612022,False,False,0.6485068732923497,0.488,0.497,1000,1500,0.8590346218212428,de,target_fpr,,,0.20785219399538105,0.05146685992436453,native,toxicity,encoder_minilm,EXP-005-de
it,few_label_32_rand,0.9311370508256799,0.13319239171586653,25,0.20774671547886392,0.12403069913579892,0.07046875,0.8620765027322405,0.6950868586705061,0.13792349726775954,0.10338666666666668,0.13792349726775954,False,False,0.6485068732923497,0.488,0.497,1000,1500,0.8590346218212428,de,target_fpr,,,0.20785219399538105,0.00010547851651712681,native,toxicity,encoder_minilm,EXP-005-de
it,few_label_64_strat,0.9654340258492171,0.02086866206829415,25,0.18386299531862196,0.06862138387785473,0.0515625,0.8904918032786885,0.6955826485224711,0.10950819672131148,0.07984,0.10950819672131148,False,False,0.6485068732923497,0.488,0.497,1000,1500,0.8590346218212428,de,target_fpr,,,0.20785219399538105,0.023989198676759083,native,toxicity,encoder_minilm,EXP-005-de
it,few_label_64_rand,0.9602826866770254,0.021841206227064636,25,0.20099580274479106,0.05741822875975604,0.05921875,0.8792349726775955,0.6683828049477598,0.12076502732240436,0.08925333333333335,0.12076502732240436,False,False,0.6485068732923497,0.488,0.497,1000,1500,0.8590346218212428,de,target_fpr,,,0.20785219399538105,0.006856391250589983,native,toxicity,encoder_minilm,EXP-005-de
it,few_label_128_strat,0.9625322971160215,0.01971655333165677,25,0.19793981419740803,0.05299732620738782,0.05703125,0.8818032786885245,0.6731124824878449,0.11819672131147543,0.08688000000000001,0.11819672131147543,False,False,0.6485068732923497,0.488,0.497,1000,1500,0.8590346218212428,de,target_fpr,,,0.20785219399538105,0.00991237979797302,native,toxicity,encoder_minilm,EXP-005-de
it,few_label_128_rand,0.9642335646753,0.014583449542136001,25,0.19699025409072266,0.04178314846827822,0.05619791666666666,0.883224043715847,0.6691818561792043,0.116775956284153,0.08576,0.116775956284153,False,False,0.6485068732923497,0.488,0.497,1000,1500,0.8590346218212428,de,target_fpr,,,0.20785219399538105,0.010861939904658391,native,toxicity,encoder_minilm,EXP-005-de
it,few_label_256_strat,0.9707584260211299,0.010224752888396811,25,0.1801831403445581,0.03472455765179021,0.04906250000000001,0.8951912568306011,0.6741317484546121,0.10480874316939891,0.07626666666666666,0.10480874316939891,False,False,0.6485068732923497,0.488,0.497,1000,1500,0.8590346218212428,de,target_fpr,,,0.20785219399538105,0.02766905365082295,native,toxicity,encoder_minilm,EXP-005-de
it,few_label_256_rand,0.9651133348774645,0.009094461770677943,25,0.19873666139467122,0.027169428657194936,0.05567708333333333,0.8827868852459015,0.6682582126334765,0.11721311475409836,0.08570666666666668,0.11721311475409836,False,False,0.6485068732923497,0.488,0.497,1000,1500,0.8590346218212428,de,target_fpr,,,0.20785219399538105,0.009115532600709825,native,toxicity,encoder_minilm,EXP-005-de
it,target_full,0.9644716338265841,0.0,1,0.20785219399538105,0.0,0.057291666666666664,0.8770491803278688,0.6716417910447762,0.12295081967213115,0.08933333333333333,0.12295081967213115,False,False,0.6485068732923497,0.488,0.497,1000,1500,0.8590346218212428,de,target_fpr,0.17333450210378684,0.2472447402828955,0.20785219399538105,0.0,native,toxicity,encoder_minilm,EXP-005-de
it,test_oracle_unachievable,0.9712464348367973,0.0,1,0.1861012956419317,0.0,0.049479166666666664,0.8920765027322405,0.6752136752136753,0.10792349726775956,0.078,0.10792349726775956,False,False,0.6485068732923497,0.488,0.497,1000,1500,0.8590346218212428,de,target_fpr,,,0.20785219399538105,0.021750898353449344,native,toxicity,encoder_minilm,EXP-005-de
ja,fixed_half,0.5,0.0,1,0.5075960679177837,0.0,0.12614980289093297,0.6156968876860622,0.7473684210526316,0.38430311231393777,0.25333333333333335,0.38430311231393777,False,False,0.7058416121512361,0.49266666666666664,0.508,1000,1500,0.8590346218212428,de,target_fpr,,,0.3351120597652082,-0.17248400815257547,native,toxicity,encoder_minilm,EXP-005-de
ja,source_global,0.8590346218212428,0.0,1,0.2799552071668533,0.0,0.03810775295663601,0.8308525033829499,0.8116883116883117,0.16914749661705006,0.10266666666666667,0.16914749661705006,False,False,0.7058416121512361,0.49266666666666664,0.508,1000,1500,0.8590346218212428,de,target_fpr,0.23660714285714288,0.314431577127585,0.3351120597652082,0.0551568525983549,native,toxicity,encoder_minilm,EXP-005-de
ja,quantile_match,0.30530301722172426,0.0,1,0.5871999999999999,0.0,0.18922470433639949,0.503382949932341,0.7181996086105675,0.496617050067659,0.3406666666666667,0.496617050067659,False,False,0.7058416121512361,0.49266666666666664,0.508,1000,1500,0.8590346218212428,de,target_fpr,,,0.3351120597652082,-0.25208794023479175,native,toxicity,encoder_minilm,EXP-005-de
ja,sld_em,0.9697796620349727,0.0,1,0.11363636363636365,0.0,0.010512483574244415,0.939106901217862,0.8490566037735849,0.06089309878213803,0.035333333333333335,0.06089309878213803,False,False,0.7058416121512361,0.49266666666666664,0.508,1000,1500,0.8590346218212428,de,target_fpr,,,0.3351120597652082,0.22147569612884455,native,toxicity,encoder_minilm,EXP-005-de
ja,bbse,0.9801576021968476,0.0,1,0.09242618741976893,0.0,0.005256241787122208,0.9512855209742895,0.9,0.04871447902571042,0.02666666666666667,0.04871447902571042,False,False,0.7058416121512361,0.49266666666666664,0.508,1000,1500,0.8590346218212428,de,target_fpr,,,0.3351120597652082,0.24268587234543926,native,toxicity,encoder_minilm,EXP-005-de
ja,few_label_8_strat,0.5563493966517796,0.3065827903639214,25,0.43909326540648075,0.17544052124096035,0.15043363994743758,0.6383220568335588,0.7516473374466446,0.3616779431664412,0.25450666666666666,0.3616779431664412,False,False,0.7058416121512361,0.49266666666666664,0.508,1000,1500,0.8590346218212428,de,target_fpr,,,0.3351120597652082,-0.10398120564127256,native,toxicity,encoder_minilm,EXP-005-de
ja,few_label_8_rand,0.4126496706527893,0.2996978822558446,25,0.5135152266205804,0.1499825001899635,0.22402102496714849,0.5391610284167794,0.7137783925777208,0.4608389715832207,0.34069333333333335,0.4608389715832207,False,False,0.7058416121512361,0.49266666666666664,0.508,1000,1500,0.8590346218212428,de,target_fpr,,,0.3351120597652082,-0.17840316685537216,native,toxicity,encoder_minilm,EXP-005-de
ja,few_label_16_strat,0.6451682228868242,0.24325773806888773,25,0.3924916919138658,0.16148977785391952,0.0947700394218134,0.7103112313937754,0.7769429962082652,0.2896887686062246,0.19079999999999997,0.2896887686062246,False,False,0.7058416121512361,0.49266666666666664,0.508,1000,1500,0.8590346218212428,de,target_fpr,,,0.3351120597652082,-0.0573796321486576,native,toxicity,encoder_minilm,EXP-005-de
ja,few_label_16_rand,0.608889027767708,0.24709474444028207,25,0.4244819071751989,0.1413254959495873,0.11316688567674113,0.6782679296346414,0.7656401890351185,0.32173207036535856,0.21592,0.32173207036535856,False,False,0.7058416121512361,0.49266666666666664,0.508,1000,1500,0.8590346218212428,de,target_fpr,,,0.3351120597652082,-0.08936984740999071,native,toxicity,encoder_minilm,EXP-005-de
ja,few_label_32_strat,0.8052591676340675,0.17223930447534203,25,0.2937092939945135,0.13165640294825887,0.0511957950065703,0.8069282814614344,0.8109944357510405,0.19307171853856558,0.12109333333333332,0.19307171853856558,False,False,0.7058416121512361,0.49266666666666664,0.508,1000,1500,0.8590346218212428,de,target_fpr,,,0.3351120597652082,0.04140276577069468,native,toxicity,encoder_minilm,EXP-005-de
ja,few_label_32_rand,0.7932601943822145,0.13404452957375038,25,0.3161664317739471,0.11001743711021437,0.053455978975032854,0.7939918809201623,0.8042086795503137,0.20600811907983763,0.12861333333333333,0.20600811907983763,False,False,0.7058416121512361,0.49266666666666664,0.508,1000,1500,0.8590346218212428,de,target_fpr,,,0.3351120597652082,0.018945627991261094,native,toxicity,encoder_minilm,EXP-005-de
ja,few_label_64_strat,0.7898655298655741,0.10985912320493171,25,0.3226531488707646,0.09666309810991904,0.05487516425755585,0.7909607577807849,0.7975649886239062,0.2090392422192152,0.13082666666666665,0.2090392422192152,False,False,0.7058416121512361,0.49266666666666664,0.508,1000,1500,0.8590346218212428,de,target_fpr,,,0.3351120597652082,0.01245891089444362,native,toxicity,encoder_minilm,EXP-005-de
ja,few_label_64_rand,0.7336886505195607,0.1899836638161359,25,0.35448753580455666,0.12160181677656466,0.07269382391590014,0.7556698240866035,0.789714203349183,0.24433017591339648,0.15725333333333333,0.24433017591339648,False,False,0.7058416121512361,0.49266666666666664,0.508,1000,1500,0.8590346218212428,de,target_fpr,,,0.3351120597652082,-0.01937547603934847,native,toxicity,encoder_minilm,EXP-005-de
ja,few_label_128_strat,0.7540670989413684,0.10099481815757601,25,0.3626817190112333,0.06557651652902757,0.06344283837056505,0.7606495263870096,0.7909404986624823,0.23935047361299053,0.15010666666666667,0.23935047361299053,False,False,0.7058416121512361,0.49266666666666664,0.508,1000,1500,0.8590346218212428,de,target_fpr,,,0.3351120597652082,-0.027569659246025113,native,toxicity,encoder_minilm,EXP-005-de
ja,few_label_128_rand,0.7825519612024783,0.08867436450994028,25,0.3398071854436266,0.07310539690395321,0.05671484888304862,0.7798105548037888,0.7968077434815417,0.22018944519621111,0.1372533333333333,0.22018944519621111,False,False,0.7058416121512361,0.49266666666666664,0.508,1000,1500,0.8590346218212428,de,target_fpr,,,0.3351120597652082,-0.004695125678418399,native,toxicity,encoder_minilm,EXP-005-de
ja,few_label_256_strat,0.7768273244779222,0.06663886967231249,25,0.3506055763370546,0.049993561226968644,0.05739816031537451,0.7730987821380245,0.7962821500136062,0.22690121786197565,0.14090666666666665,0.22690121786197565,False,False,0.7058416121512361,0.49266666666666664,0.508,1000,1500,0.8590346218212428,de,target_fpr,,,0.3351120597652082,-0.015493516571846389,native,toxicity,encoder_minilm,EXP-005-de
ja,few_label_256_rand,0.7784003071782923,0.07554873578491487,25,0.34810921538224254,0.05323815540350554,0.056872536136662294,0.7748308525033829,0.7965249391437158,0.22516914749661704,0.13978666666666667,0.22516914749661704,False,False,0.7058416121512361,0.49266666666666664,0.508,1000,1500,0.8590346218212428,de,target_fpr,,,0.3351120597652082,-0.01299715561703435,native,toxicity,encoder_minilm,EXP-005-de
ja,target_full,0.801661632486079,0.0,1,0.3351120597652082,0.0,0.05387647831800263,0.7875507442489851,0.7929292929292929,0.2124492557510149,0.132,0.2124492557510149,False,False,0.7058416121512361,0.49266666666666664,0.508,1000,1500,0.8590346218212428,de,target_fpr,0.29988581635652434,0.3726181178896834,0.3351120597652082,0.0,native,toxicity,encoder_minilm,EXP-005-de
ja,test_oracle_unachievable,0.8126611934768907,0.0,1,0.32723358449946177,0.0,0.04993429697766097,0.7943166441136671,0.8,0.20568335588633288,0.12666666666666668,0.20568335588633288,False,False,0.7058416121512361,0.49266666666666664,0.508,1000,1500,0.8590346218212428,de,target_fpr,,,0.3351120597652082,0.00787847526574642,native,toxicity,encoder_minilm,EXP-005-de
ru,fixed_half,0.5,0.0,1,0.6940418679549114,0.0,0.09461235216819974,0.4167794316644114,0.856858846918489,0.5832205683355887,0.3353333333333333,0.5832205683355887,False,False,0.8386159511646061,0.49266666666666664,0.508,1000,1500,0.8590346218212428,de,target_fpr,,,0.5528301886792454,-0.14121167927566602,native,toxicity,encoder_minilm,EXP-005-de
ru,source_global,0.8590346218212428,0.0,1,0.48000000000000004,0.0,0.02759526938239159,0.6752368064952639,0.9195402298850575,0.32476319350473615,0.174,0.32476319350473615,False,False,0.8386159511646061,0.49266666666666664,0.508,1000,1500,0.8590346218212428,de,target_fpr,0.4430512016718913,0.5192292747950877,0.5528301886792454,0.07283018867924534,native,toxicity,encoder_minilm,EXP-005-de
ru,quantile_match,0.4478215974770089,0.0,1,0.7083003952569169,0.0,0.10249671484888305,0.39377537212449254,0.8517110266159695,0.6062246278755075,0.3506666666666667,0.6062246278755075,False,False,0.8386159511646061,0.49266666666666664,0.508,1000,1500,0.8590346218212428,de,target_fpr,,,0.5528301886792454,-0.15547020657767152,native,toxicity,encoder_minilm,EXP-005-de
ru,sld_em,0.9466567907153072,0.0,1,0.3134160090191657,0.0,0.011826544021024968,0.8119079837618404,0.9391891891891891,0.1880920162381597,0.09866666666666667,0.1880920162381597,False,False,0.8386159511646061,0.49266666666666664,0.508,1000,1500,0.8590346218212428,de,target_fpr,,,0.5528301886792454,0.23941417966007966,native,toxicity,encoder_minilm,EXP-005-de
ru,bbse,0.9630196284192392,0.0,1,0.2517647058823529,0.0,0.005256241787122208,0.8552097428958051,0.963963963963964,0.14479025710419485,0.074,0.14479025710419485,False,False,0.8386159511646061,0.49266666666666664,0.508,1000,1500,0.8590346218212428,de,target_fpr,,,0.5528301886792454,0.3010654827968925,native,toxicity,encoder_minilm,EXP-005-de
ru,few_label_8_strat,0.507209997816666,0.30739105627918806,25,0.6205014719727082,0.17304476024620918,0.1295137976346912,0.45315290933694186,0.8414859460492417,0.5468470906630581,0.33512000000000003,0.5468470906630581,False,False,0.8386159511646061,0.49266666666666664,0.508,1000,1500,0.8590346218212428,de,target_fpr,,,0.5528301886792454,-0.06767128329346284,native,toxicity,encoder_minilm,EXP-005-de
ru,few_label_8_rand,0.3639146410233382,0.2602235320608961,25,0.6969954811540998,0.07970270878570397,0.20063074901445468,0.33910690121786197,0.7935136763161867,0.660893098782138,0.4273866666666667,0.660893098782138,False,False,0.8386159511646061,0.49266666666666664,0.508,1000,1500,0.8590346218212428,de,target_fpr,,,0.5528301886792454,-0.14416529247485443,native,toxicity,encoder_minilm,EXP-005-de
ru,few_label_16_strat,0.6485824399206558,0.24337268203043777,25,0.5604150351010574,0.19007396218360054,0.07695137976346912,0.5473883626522328,0.8836285523963013,0.4526116373477672,0.26202666666666663,0.4526116373477672,False,False,0.8386159511646061,0.49266666666666664,0.508,1000,1500,0.8590346218212428,de,target_fpr,,,0.5528301886792454,-0.007584846421812008,native,toxicity,encoder_minilm,EXP-005-de
ru,few_label_16_rand,0.6610181979337004,0.24886989621214456,25,0.5506974410531713,0.19044866169987487,0.0740604467805519,0.558105548037889,0.8860020382677319,0.4418944519621109,0.25528,0.4418944519621109,False,False,0.8386159511646061,0.49266666666666664,0.508,1000,1500,0.8590346218212428,de,target_fpr,,,0.5528301886792454,0.002132747626074072,native,toxicity,encoder_minilm,EXP-005-de
ru,few_label_32_strat,0.7625455444570648,0.20818961480951428,25,0.48891833327167483,0.180523223888493,0.04946123521681997,0.6339918809201623,0.9076992075607732,0.3660081190798376,0.20541333333333334,0.3660081190798376,False,False,0.8386159511646061,0.49266666666666664,0.508,1000,1500,0.8590346218212428,de,target_fpr,,,0.5528301886792454,0.06391185540757055,native,toxicity,encoder_minilm,EXP-005-de
ru,few_label_32_rand,0.8046789479866112,0.16546671556626302,25,0.45885255423869026,0.17741841331691724,0.037371879106438896,0.668741542625169,0.9178961967023634,0.33125845737483084,0.18216000000000002,0.33125845737483084,False,False,0.8386159511646061,0.49266666666666664,0.508,1000,1500,0.8590346218212428,de,target_fpr,,,0.5528301886792454,0.09397763444055512,native,toxicity,encoder_minilm,EXP-005-de
ru,few_label_64_strat,0.7377402089550639,0.16648180049040945,25,0.545057139641805,0.12360675346413622,0.04961892247043364,0.5924763193504736,0.9013014636116113,0.40752368064952643,0.22594666666666668,0.40752368064952643,False,False,0.8386159511646061,0.49266666666666664,0.508,1000,1500,0.8590346218212428,de,target_fpr,,,0.5528301886792454,0.0077730490374403605,native,toxicity,encoder_minilm,EXP-005-de
ru,few_label_64_rand,0.8118128489101424,0.12513905522935181,25,0.48137348526931784,0.13783805195995952,0.03484888304862024,0.6580784844384303,0.9162140030786355,0.34192151556156963,0.18613333333333335,0.34192151556156963,False,False,0.8386159511646061,0.49266666666666664,0.508,1000,1500,0.8590346218212428,de,target_fpr,,,0.5528301886792454,0.07145670340992755,native,toxicity,encoder_minilm,EXP-005-de
ru,few_label_128_strat,0.7306922897986853,0.09751035578599396,25,0.5761636607907454,0.07244867828191238,0.04825229960578186,0.5702841677943167,0.9006732526360287,0.4297158322056833,0.23618666666666668,0.4297158322056833,False,False,0.8386159511646061,0.49266666666666664,0.508,1000,1500,0.8590346218212428,de,target_fpr,,,0.5528301886792454,-0.023333472111500053,native,toxicity,encoder_minilm,EXP-005-de
ru,few_label_128_rand,0.7805397308526342,0.09911546220535568,25,0.532528789592946,0.09754366812311292,0.03984231274638633,0.6147767253044656,0.9092959923463403,0.38522327469553447,0.21,0.38522327469553447,False,False,0.8386159511646061,0.49266666666666664,0.508,1000,1500,0.8590346218212428,de,target_fpr,,,0.5528301886792454,0.020301399086299354,native,toxicity,encoder_minilm,EXP-005-de
ru,few_label_256_strat,0.7424395151508836,0.06540090202893234,25,0.5766858382105556,0.045533587883461964,0.04504599211563732,0.5739648173207037,0.903673314526243,0.42603518267929635,0.23274666666666669,0.42603518267929635,False,False,0.8386159511646061,0.49266666666666664,0.508,1000,1500,0.8590346218212428,de,target_fpr,,,0.5528301886792454,-0.023855649531310252,native,toxicity,encoder_minilm,EXP-005-de
ru,few_label_256_rand,0.7832653169039742,0.07305937014192752,25,0.5401376038094023,0.07214905837351199,0.038580814717477006,0.611150202976996,0.9097066492064073,0.38884979702300404,0.21114666666666665,0.38884979702300404,False,False,0.8386159511646061,0.49266666666666664,0.508,1000,1500,0.8590346218212428,de,target_fpr,,,0.5528301886792454,0.012692584869843038,native,toxicity,encoder_minilm,EXP-005-de
ru,target_full,0.7776600485085174,0.0,1,0.5528301886792454,0.0,0.03679369250985545,0.6035182679296346,0.9127725856697819,0.39648173207036536,0.214,0.39648173207036536,False,False,0.8386159511646061,0.49266666666666664,0.508,1000,1500,0.8590346218212428,de,target_fpr,0.5162600012600013,0.5914223425306457,0.5528301886792454,0.0,native,toxicity,encoder_minilm,EXP-005-de
ru,test_oracle_unachievable,0.706178796510345,0.0,1,0.6124999999999999,0.0,0.04993429697766097,0.5358592692828146,0.9002624671916011,0.46414073071718537,0.254,0.46414073071718537,False,False,0.8386159511646061,0.49266666666666664,0.508,1000,1500,0.8590346218212428,de,target_fpr,,,0.5528301886792454,-0.05966981132075455,native,toxicity,encoder_minilm,EXP-005-de
tt,fixed_half,0.5,0.0,1,0.48840381991814463,0.0,0.47941567065073043,0.5207496653279786,0.49791376912378305,0.47925033467202144,0.47933333333333333,0.47925033467202144,False,False,0.5002746710614037,0.498,0.454,1000,1500,0.8590346218212428,de,target_fpr,,,0.1645422943221321,-0.32386152559601256,native,toxicity,encoder_minilm,EXP-005-de
tt,source_global,0.8590346218212428,0.0,1,0.3242258652094718,0.0,0.2297476759628154,0.7617135207496654,0.5071225071225072,0.23828647925033467,0.234,0.23828647925033467,False,False,0.5002746710614037,0.498,0.454,1000,1500,0.8590346218212428,de,target_fpr,0.2877392074135463,0.3569501211644998,0.1645422943221321,-0.15968357088733967,native,toxicity,encoder_minilm,EXP-005-de
tt,quantile_match,0.6643086194858719,0.0,1,0.43816793893129774,0.0,0.3665338645418327,0.6157965194109772,0.5097690941385435,0.38420348058902276,0.37533333333333335,0.38420348058902276,False,False,0.5002746710614037,0.498,0.454,1000,1500,0.8590346218212428,de,target_fpr,,,0.1645422943221321,-0.2736256446091656,native,toxicity,encoder_minilm,EXP-005-de
tt,sld_em,0.8937932632947068,0.0,1,0.29254302103250474,0.0,0.19389110225763612,0.7951807228915663,0.5117056856187291,0.20481927710843373,0.19933333333333333,0.20481927710843373,False,False,0.5002746710614037,0.498,0.454,1000,1500,0.8590346218212428,de,target_fpr,,,0.1645422943221321,-0.12800072671037263,native,toxicity,encoder_minilm,EXP-005-de
tt,bbse,0.9350990372871353,0.0,1,0.2372528616024974,0.0,0.13280212483399734,0.8473895582329317,0.5327102803738317,0.15261044176706828,0.14266666666666666,0.15261044176706828,False,False,0.5002746710614037,0.498,0.454,1000,1500,0.8590346218212428,de,target_fpr,,,0.1645422943221321,-0.07271056728036529,native,toxicity,encoder_minilm,EXP-005-de
tt,few_label_8_strat,0.8394424082348175,0.15046906719086298,25,0.27737265034086717,0.1457182890092839,0.2048339973439575,0.7821686746987954,0.5464728477580207,0.21783132530120483,0.21130666666666667,0.21783132530120483,False,False,0.5002746710614037,0.498,0.454,1000,1500,0.8590346218212428,de,target_fpr,,,0.1645422943221321,-0.11283035601873506,native,toxicity,encoder_minilm,EXP-005-de
tt,few_label_8_rand,0.7812994044876259,0.21779027060995126,25,0.3146917090897034,0.13948398420393723,0.24849933598937582,0.7392235609103079,0.528312288845109,0.2607764390896921,0.25461333333333336,0.2607764390896921,False,False,0.5002746710614037,0.498,0.454,1000,1500,0.8590346218212428,de,target_fpr,,,0.1645422943221321,-0.1501494147675713,native,toxicity,encoder_minilm,EXP-005-de
tt,few_label_16_strat,0.9433310580376808,0.05808977821128454,25,0.19052855414494935,0.09732329728947368,0.10305444887118194,0.8753413654618474,0.5844472203403487,0.12465863453815261,0.11381333333333334,0.12465863453815261,False,False,0.5002746710614037,0.498,0.454,1000,1500,0.8590346218212428,de,target_fpr,,,0.1645422943221321,-0.025986259822817243,native,toxicity,encoder_minilm,EXP-005-de
tt,few_label_16_rand,0.9270599995250766,0.14737433281615953,25,0.19524516846475273,0.10058364211750082,0.11261620185922974,0.8670414993306559,0.5697079035035485,0.13295850066934403,0.12274666666666667,0.13295850066934403,False,False,0.5002746710614037,0.498,0.454,1000,1500,0.8590346218212428,de,target_fpr,,,0.1645422943221321,-0.03070287414262063,native,toxicity,encoder_minilm,EXP-005-de
tt,few_label_32_strat,0.9808449193625033,0.02431953288527734,25,0.1110986005163605,0.07322547310468258,0.04393094289508632,0.9349397590361446,0.6373055189098108,0.06506024096385542,0.05445333333333335,0.06506024096385542,False,False,0.5002746710614037,0.498,0.454,1000,1500,0.8590346218212428,de,target_fpr,,,0.1645422943221321,0.0534436938057716,native,toxicity,encoder_minilm,EXP-005-de
tt,few_label_32_rand,0.9680756485725156,0.02675220920593544,25,0.15936200591911892,0.06256044212612197,0.07256308100929615,0.9038821954484604,0.6031723346271045,0.0961178045515395,0.08429333333333332,0.0961178045515395,False,False,0.5002746710614037,0.498,0.454,1000,1500,0.8590346218212428,de,target_fpr,,,0.1645422943221321,0.0051802884030131835,native,toxicity,encoder_minilm,EXP-005-de
tt,few_label_64_strat,0.9735487784146047,0.022636201018423886,25,0.14373484055042146,0.06687357140887044,0.06289508632138113,0.9144846050870146,0.6159550443066791,0.08551539491298529,0.07416,0.08551539491298529,False,False,0.5002746710614037,0.498,0.454,1000,1500,0.8590346218212428,de,target_fpr,,,0.1645422943221321,0.020807453771710643,native,toxicity,encoder_minilm,EXP-005-de
tt,few_label_64_rand,0.9754824700889961,0.017745332173266598,25,0.14856028407641977,0.052734868157164404,0.060664010624169984,0.9129317269076306,0.6086448962273768,0.08706827309236946,0.07381333333333333,0.08706827309236946,False,False,0.5002746710614037,0.498,0.454,1000,1500,0.8590346218212428,de,target_fpr,,,0.1645422943221321,0.01598201024571233,native,toxicity,encoder_minilm,EXP-005-de
tt,few_label_128_strat,0.9769104759977643,0.014418336107969264,25,0.14877857451494894,0.04777817782312349,0.058592297476759626,0.9133601070950468,0.607084933399434,0.08663989290495314,0.07256,0.08663989290495314,False,False,0.5002746710614037,0.498,0.454,1000,1500,0.8590346218212428,de,target_fpr,,,0.1645422943221321,0.015763719807183163,native,toxicity,encoder_minilm,EXP-005-de
tt,few_label_128_rand,0.9823523936387158,0.007711773693842462,25,0.13439538509916274,0.03787108476403112,0.048021248339973434,0.9235876840696118,0.6279328777629297,0.07641231593038822,0.06215999999999999,0.07641231593038822,False,False,0.5002746710614037,0.498,0.454,1000,1500,0.8590346218212428,de,target_fpr,,,0.1645422943221321,0.030146909222969365,native,toxicity,encoder_minilm,EXP-005-de
tt,few_label_256_strat,0.975289982634891,0.011329574397407505,25,0.15990830978714854,0.03412119388976157,0.06374501992031872,0.9066666666666666,0.6030797443672434,0.09333333333333332,0.07848,0.09333333333333332,False,False,0.5002746710614037,0.498,0.454,1000,1500,0.8590346218212428,de,target_fpr,,,0.1645422943221321,0.004633984534983565,native,toxicity,encoder_minilm,EXP-005-de
tt,few_label_256_rand,0.9807647617432091,0.00796320966748212,25,0.1438561007526751,0.024783207042524336,0.05301460823373174,0.9179116465863453,0.6118700645038322,0.08208835341365461,0.06749333333333332,0.08208835341365461,False,False,0.5002746710614037,0.498,0.454,1000,1500,0.8590346218212428,de,target_fpr,,,0.1645422943221321,0.020686193569457,native,toxicity,encoder_minilm,EXP-005-de
tt,target_full,0.977479334443234,0.0,1,0.1645422943221321,0.0,0.05976095617529881,0.9049531459170014,0.6120689655172413,0.09504685408299866,0.07733333333333334,0.09504685408299866,False,False,0.5002746710614037,0.498,0.454,1000,1500,0.8590346218212428,de,target_fpr,0.1358641367914895,0.19924990790650815,0.1645422943221321,0.0,native,toxicity,encoder_minilm,EXP-005-de
tt,test_oracle_unachievable,0.9841279589058942,0.0,1,0.14218009478672985,0.0,0.049136786188579015,0.9196787148594378,0.6185567010309279,0.08032128514056225,0.06466666666666666,0.08032128514056225,False,False,0.5002746710614037,0.498,0.454,1000,1500,0.8590346218212428,de,target_fpr,,,0.1645422943221321,0.02236219953540225,native,toxicity,encoder_minilm,EXP-005-de
uk,fixed_half,0.5,0.0,1,0.45338208409506403,0.0,0.1394736842105263,0.6648648648648648,0.7005649717514124,0.33513513513513515,0.236,0.33513513513513515,False,False,0.6820839260312944,0.49333333333333335,0.494,1000,1500,0.8590346218212428,de,target_fpr,,,0.248868778280543,-0.20451330581452104,native,toxicity,encoder_minilm,EXP-005-de
uk,source_global,0.8590346218212428,0.0,1,0.1990632318501171,0.0,0.038157894736842106,0.8851351351351351,0.7456140350877193,0.11486486486486487,0.076,0.11486486486486487,False,False,0.6820839260312944,0.49333333333333335,0.494,1000,1500,0.8590346218212428,de,target_fpr,0.16450543899975112,0.2384839052535682,0.248868778280543,0.049805546430425895,native,toxicity,encoder_minilm,EXP-005-de
uk,quantile_match,0.2525253046860653,0.0,1,0.5488663017982799,0.0,0.24736842105263157,0.5256756756756756,0.6512059369202227,0.4743243243243243,0.35933333333333334,0.4743243243243243,False,False,0.6820839260312944,0.49333333333333335,0.494,1000,1500,0.8590346218212428,de,target_fpr,,,0.248868778280543,-0.2999975235177369,native,toxicity,encoder_minilm,EXP-005-de
uk,sld_em,0.9835206297896693,0.0,1,0.042105263157894736,0.0,0.005263157894736842,0.9783783783783784,0.8,0.021621621621621623,0.013333333333333334,0.021621621621621623,False,False,0.6820839260312944,0.49333333333333335,0.494,1000,1500,0.8590346218212428,de,target_fpr,,,0.248868778280543,0.20676351512264826,native,toxicity,encoder_minilm,EXP-005-de
uk,bbse,0.9912548531728417,0.0,1,0.026595744680851068,0.0,0.002631578947368421,0.9864864864864865,0.8333333333333334,0.013513513513513514,0.008,0.013513513513513514,True,False,0.6820839260312944,0.49333333333333335,0.494,1000,1500,0.8590346218212428,de,target_fpr,,,0.248868778280543,0.22227303359969192,native,toxicity,encoder_minilm,EXP-005-de
uk,few_label_8_strat,0.5645056145786697,0.24757810778763104,25,0.3911226307051183,0.15269655339663313,0.13557894736842105,0.6994594594594595,0.7132905729499932,0.3005405405405405,0.21696000000000001,0.3005405405405405,False,False,0.6820839260312944,0.49333333333333335,0.494,1000,1500,0.8590346218212428,de,target_fpr,,,0.248868778280543,-0.14225385242457533,native,toxicity,encoder_minilm,EXP-005-de
uk,few_label_8_rand,0.5111629898753806,0.31079554274861887,25,0.40635182854461793,0.18583733339415393,0.16294736842105262,0.666,0.7107431126474135,0.33399999999999996,0.24733333333333335,0.33399999999999996,False,False,0.6820839260312944,0.49333333333333335,0.494,1000,1500,0.8590346218212428,de,target_fpr,,,0.248868778280543,-0.15748305026407494,native,toxicity,encoder_minilm,EXP-005-de
uk,few_label_16_strat,0.6626134171490241,0.27704428600289094,25,0.31800098715796904,0.17804147899886433,0.10557894736842105,0.7615135135135135,0.7352890793999793,0.2384864864864865,0.17114666666666664,0.2384864864864865,False,False,0.6820839260312944,0.49333333333333335,0.494,1000,1500,0.8590346218212428,de,target_fpr,,,0.248868778280543,-0.06913220887742605,native,toxicity,encoder_minilm,EXP-005-de
uk,few_label_16_rand,0.6001483283060388,0.2774676121837864,25,0.3656350262627733,0.1661601643182136,0.13115789473684208,0.7161621621621621,0.7204196052861493,0.2838378378378379,0.20648,0.2838378378378379,False,False,0.6820839260312944,0.49333333333333335,0.494,1000,1500,0.8590346218212428,de,target_fpr,,,0.248868778280543,-0.11676624798223029,native,toxicity,encoder_minilm,EXP-005-de
uk,few_label_32_strat,0.7819211820760961,0.23523732720137797,25,0.23066913692653906,0.168194768131321,0.061421052631578946,0.8411351351351353,0.7743493947814715,0.15886486486486487,0.10949333333333333,0.15886486486486487,False,False,0.6820839260312944,0.49333333333333335,0.494,1000,1500,0.8590346218212428,de,target_fpr,,,0.248868778280543,0.018199641354003926,native,toxicity,encoder_minilm,EXP-005-de
uk,few_label_32_rand,0.7753955869113368,0.19924639314838172,25,0.249643140756545,0.1418873224737968,0.063,0.8335675675675676,0.7553827628379857,0.16643243243243244,0.11402666666666668,0.16643243243243244,False,False,0.6820839260312944,0.49333333333333335,0.494,1000,1500,0.8590346218212428,de,target_fpr,,,0.248868778280543,-0.0007743624760020162,native,toxicity,encoder_minilm,EXP-005-de
uk,few_label_64_strat,0.8040434981136874,0.13147076948042877,25,0.2437471224052285,0.10549192875533393,0.051736842105263164,0.8467027027027028,0.7622432490814678,0.1532972972972973,0.10184000000000001,0.1532972972972973,False,False,0.6820839260312944,0.49333333333333335,0.494,1000,1500,0.8590346218212428,de,target_fpr,,,0.248868778280543,0.00512165587531449,native,toxicity,encoder_minilm,EXP-005-de
uk,few_label_64_rand,0.7496431340277454,0.18739900603403004,25,0.2759950907527895,0.13606976352004466,0.06905263157894737,0.8152432432432432,0.7488435435041587,0.18475675675675673,0.12613333333333332,0.18475675675675673,False,False,0.6820839260312944,0.49333333333333335,0.494,1000,1500,0.8590346218212428,de,target_fpr,,,0.248868778280543,-0.027126312472246505,native,toxicity,encoder_minilm,EXP-005-de
uk,few_label_128_strat,0.813694936837394,0.09074257208011449,25,0.24230143159098944,0.07832407007852461,0.04847368421052632,0.8515135135135136,0.7591580089013674,0.1484864864864865,0.09781333333333335,0.1484864864864865,False,False,0.6820839260312944,0.49333333333333335,0.494,1000,1500,0.8590346218212428,de,target_fpr,,,0.248868778280543,0.006567346689553555,native,toxicity,encoder_minilm,EXP-005-de
uk,few_label_128_rand,0.76317465706448,0.09640589187496848,25,0.2860910793373107,0.07995417258995147,0.06263157894736841,0.8182162162162163,0.7458272366900864,0.1817837837837838,0.12141333333333333,0.1817837837837838,False,False,0.6820839260312944,0.49333333333333335,0.494,1000,1500,0.8590346218212428,de,target_fpr,,,0.248868778280543,-0.037222301056767715,native,toxicity,encoder_minilm,EXP-005-de
uk,few_label_256_strat,0.7979753360204046,0.05565764457697887,25,0.2633549843303478,0.048920009937338964,0.05142105263157895,0.8388648648648649,0.7546676803730272,0.16113513513513514,0.10554666666666669,0.16113513513513514,False,False,0.6820839260312944,0.49333333333333335,0.494,1000,1500,0.8590346218212428,de,target_fpr,,,0.248868778280543,-0.014486206049804828,native,toxicity,encoder_minilm,EXP-005-de
uk,few_label_256_rand,0.7976719865694735,0.06263385714233301,25,0.2623113789010393,0.05493132576340488,0.05226315789473683,0.8389729729729729,0.7547097324885546,0.16102702702702704,0.10592,0.16102702702702704,False,False,0.6820839260312944,0.49333333333333335,0.494,1000,1500,0.8590346218212428,de,target_fpr,,,0.248868778280543,-0.013442600620496292,native,toxicity,encoder_minilm,EXP-005-de
uk,target_full,0.8165268417360367,0.0,1,0.248868778280543,0.0,0.04473684210526316,0.8513513513513513,0.7638888888888888,0.14864864864864866,0.096,0.14864864864864866,False,False,0.6820839260312944,0.49333333333333335,0.494,1000,1500,0.8590346218212428,de,target_fpr,0.20899653979238755,0.2845163614302505,0.248868778280543,0.0,native,toxicity,encoder_minilm,EXP-005-de
uk,test_oracle_unachievable,0.7879732152324241,0.0,1,0.2787610619469027,0.0,0.05,0.8297297297297297,0.7682926829268293,0.17027027027027028,0.10933333333333334,0.17027027027027028,False,False,0.6820839260312944,0.49333333333333335,0.494,1000,1500,0.8590346218212428,de,target_fpr,,,0.248868778280543,-0.02989228366635971,native,toxicity,encoder_minilm,EXP-005-de
zh,fixed_half,0.5,0.0,1,0.4958123953098827,0.0,0.20159151193633953,0.6032171581769437,0.6607142857142857,0.3967828418230563,0.2986666666666667,0.3967828418230563,False,False,0.6587849609944461,0.49733333333333335,0.495,1000,1500,0.8590346218212428,de,target_fpr,,,0.21184510250569477,-0.2839672928041879,native,toxicity,encoder_minilm,EXP-005-de
zh,source_global,0.8590346218212428,0.0,1,0.23240223463687154,0.0,0.05968169761273209,0.8605898123324397,0.697986577181208,0.13941018766756033,0.09933333333333333,0.13941018766756033,False,False,0.6587849609944461,0.49733333333333335,0.495,1000,1500,0.8590346218212428,de,target_fpr,0.19430862803902077,0.2732438606510565,0.21184510250569477,-0.02055713213117677,native,toxicity,encoder_minilm,EXP-005-de
zh,quantile_match,0.3663255764348479,0.0,1,0.5640243902439025,0.0,0.259946949602122,0.5040214477211796,0.6537102473498233,0.4959785522788204,0.37733333333333335,0.4959785522788204,False,False,0.6587849609944461,0.49733333333333335,0.495,1000,1500,0.8590346218212428,de,target_fpr,,,0.21184510250569477,-0.3521792877382077,native,toxicity,encoder_minilm,EXP-005-de
zh,sld_em,0.9676006331384776,0.0,1,0.07151979565772669,0.0,0.011936339522546418,0.9624664879356568,0.7567567567567568,0.03753351206434316,0.024666666666666667,0.03753351206434316,False,False,0.6587849609944461,0.49733333333333335,0.495,1000,1500,0.8590346218212428,de,target_fpr,,,0.21184510250569477,0.14032530684796807,native,toxicity,encoder_minilm,EXP-005-de
zh,bbse,0.9820410225313342,0.0,1,0.03655352480417755,0.0,0.007957559681697613,0.9812332439678284,0.7,0.01876675603217158,0.013333333333333334,0.01876675603217158,False,False,0.6587849609944461,0.49733333333333335,0.495,1000,1500,0.8590346218212428,de,target_fpr,,,0.21184510250569477,0.1752915777015172,native,toxicity,encoder_minilm,EXP-005-de
zh,few_label_8_strat,0.545732498996271,0.24270334104108646,25,0.44476931204640097,0.14030443112558777,0.20562334217506628,0.627882037533512,0.6577361029106403,0.37211796246648793,0.2884266666666667,0.37211796246648793,False,False,0.6587849609944461,0.49733333333333335,0.495,1000,1500,0.8590346218212428,de,target_fpr,,,0.21184510250569477,-0.2329242095407062,native,toxicity,encoder_minilm,EXP-005-de
zh,few_label_8_rand,0.5853264583628123,0.2612615142333178,25,0.40482305818627884,0.1876492031895914,0.18095490716180368,0.6639142091152815,0.6683734413611987,0.3360857908847185,0.25810666666666665,0.3360857908847185,False,False,0.6587849609944461,0.49733333333333335,0.495,1000,1500,0.8590346218212428,de,target_fpr,,,0.21184510250569477,-0.19297795568058407,native,toxicity,encoder_minilm,EXP-005-de
zh,few_label_16_strat,0.7770839150874298,0.2079355290143501,25,0.27095335880135335,0.1627500987695579,0.09713527851458886,0.8048257372654155,0.6987583258319314,0.19517426273458446,0.14589333333333332,0.19517426273458446,False,False,0.6587849609944461,0.49733333333333335,0.495,1000,1500,0.8590346218212428,de,target_fpr,,,0.21184510250569477,-0.05910825629565858,native,toxicity,encoder_minilm,EXP-005-de
zh,few_label_16_rand,0.7851338963315504,0.1862203219457178,25,0.2666711504301261,0.16197238750206816,0.09066312997347481,0.8117962466487936,0.6912522991274845,0.1882037533512064,0.13917333333333334,0.1882037533512064,False,False,0.6587849609944461,0.49733333333333335,0.495,1000,1500,0.8590346218212428,de,target_fpr,,,0.21184510250569477,-0.054826047924431354,native,toxicity,encoder_minilm,EXP-005-de
zh,few_label_32_strat,0.8829589260057007,0.11648783328490564,25,0.173709433062379,0.1287816642082354,0.04981432360742706,0.8898659517426275,0.721574094223445,0.11013404825737265,0.07981333333333333,0.11013404825737265,False,False,0.6587849609944461,0.49733333333333335,0.495,1000,1500,0.8590346218212428,de,target_fpr,,,0.21184510250569477,0.038135669443315784,native,toxicity,encoder_minilm,EXP-005-de
zh,few_label_32_rand,0.8546707125070547,0.18077906812588915,25,0.1868452489162972,0.16613545395331822,0.0606896551724138,0.8710991957104557,0.7241155184795683,0.12890080428954423,0.09461333333333334,0.12890080428954423,False,False,0.6587849609944461,0.49733333333333335,0.495,1000,1500,0.8590346218212428,de,target_fpr,,,0.21184510250569477,0.024999853589397575,native,toxicity,encoder_minilm,EXP-005-de
zh,few_label_64_strat,0.8898984317802023,0.07716706844352056,25,0.17990284181611288,0.09172347384266186,0.04737400530503979,0.8915281501340483,0.7046821963524593,0.10847184986595176,0.07776,0.10847184986595176,False,False,0.6587849609944461,0.49733333333333335,0.495,1000,1500,0.8590346218212428,de,target_fpr,,,0.21184510250569477,0.03194226068958189,native,toxicity,encoder_minilm,EXP-005-de
zh,few_label_64_rand,0.8338672940637647,0.1532114355047737,25,0.22666935888502693,0.13777209416062428,0.07013262599469497,0.8492225201072386,0.6951277145095518,0.15077747989276138,0.11023999999999999,0.15077747989276138,False,False,0.6587849609944461,0.49733333333333335,0.495,1000,1500,0.8590346218212428,de,target_fpr,,,0.21184510250569477,-0.014824256379332157,native,toxicity,encoder_minilm,EXP-005-de
zh,few_label_128_strat,0.8307380852527072,0.09259244277448286,25,0.24593695057754883,0.10009182699946303,0.0719893899204244,0.8430563002680965,0.6902427693863926,0.1569436997319035,0.11424,0.1569436997319035,False,False,0.6587849609944461,0.49733333333333335,0.495,1000,1500,0.8590346218212428,de,target_fpr,,,0.21184510250569477,-0.03409184807185406,native,toxicity,encoder_minilm,EXP-005-de
zh,few_label_128_rand,0.8422669709525021,0.08854809080707106,25,0.23515020296142972,0.0964170559986712,0.06779840848806366,0.8516353887399464,0.6900955574158445,0.14836461126005365,0.10786666666666667,0.14836461126005365,False,False,0.6587849609944461,0.49733333333333335,0.495,1000,1500,0.8590346218212428,de,target_fpr,,,0.21184510250569477,-0.023305100455734945,native,toxicity,encoder_minilm,EXP-005-de
zh,few_label_256_strat,0.8732812470452656,0.06436942192914205,25,0.20571827301044343,0.07269300685956613,0.05591511936339523,0.8756032171581769,0.6920661141949622,0.12439678284182305,0.08997333333333335,0.12439678284182305,False,False,0.6587849609944461,0.49733333333333335,0.495,1000,1500,0.8590346218212428,de,target_fpr,,,0.21184510250569477,0.00612682949525134,native,toxicity,encoder_minilm,EXP-005-de
zh,few_label_256_rand,0.8794465787779612,0.04777695572912393,25,0.19933463112286046,0.06088077051181992,0.05156498673740054,0.8815013404825737,0.6959897395595127,0.11849865951742627,0.08485333333333334,0.11849865951742627,False,False,0.6587849609944461,0.49733333333333335,0.495,1000,1500,0.8590346218212428,de,target_fpr,,,0.21184510250569477,0.012510471382834315,native,toxicity,encoder_minilm,EXP-005-de
zh,target_full,0.8774558266893613,0.0,1,0.21184510250569477,0.0,0.05172413793103448,0.8753351206434317,0.7045454545454546,0.12466487935656836,0.088,0.12466487935656836,False,False,0.6587849609944461,0.49733333333333335,0.495,1000,1500,0.8590346218212428,de,target_fpr,0.1745448074151256,0.2442271754663585,0.21184510250569477,0.0,native,toxicity,encoder_minilm,EXP-005-de
zh,test_oracle_unachievable,0.8872639827649416,0.0,1,0.19999999999999998,0.0,0.04907161803713528,0.8833780160857909,0.7016129032258065,0.11662198391420911,0.08266666666666667,0.11662198391420911,False,False,0.6587849609944461,0.49733333333333335,0.495,1000,1500,0.8590346218212428,de,target_fpr,,,0.21184510250569477,0.011845102505694788,native,toxicity,encoder_minilm,EXP-005-de
