language,strategy,threshold,threshold_sd,n_draws,f1,f1_sd,fpr,fnr,precision,recall,predicted_positive_rate,objective_value,is_degenerate,is_source,test_auroc,test_prevalence,dev_prevalence,n_dev,n_test,tau_source,source_language,objective,f1_ci_low,f1_ci_high,f1_target_full,f1_gap_to_full,prevalence_setting,fpr_budget,task,encoder,exp_id
am,fixed_half,0.5,0.0,1,0.2994871794871795,0.0,0.1441326530612245,0.7960893854748603,0.5637065637065637,0.20391061452513967,0.17266666666666666,0.20391061452513967,False,False,0.5661572939231558,0.47733333333333333,0.511,1000,1500,0.8406066731032429,en,target_fpr,,,0.024657534246575342,-0.27482964524060416,native,0.01,toxicity,encoder_minilm,EXP-007
am,source_global,0.8406066731032429,0.0,1,0.08072916666666666,0.0,0.026785714285714284,0.9567039106145251,0.5961538461538461,0.04329608938547486,0.034666666666666665,0.04329608938547486,False,False,0.5661572939231558,0.47733333333333333,0.511,1000,1500,0.8406066731032429,en,target_fpr,0.05482565024468889,0.10818774749592361,0.024657534246575342,-0.05607163242009132,native,0.01,toxicity,encoder_minilm,EXP-007
am,pooled_global,0.9692097569932547,0.0,1,0.008321775312066574,0.0,0.002551020408163265,0.9958100558659218,0.6,0.004189944134078212,0.0033333333333333335,0.004189944134078212,True,False,0.5661572939231558,0.47733333333333333,0.511,1000,1500,0.8406066731032429,en,target_fpr,,,0.024657534246575342,0.016335758934508768,native,0.01,toxicity,encoder_minilm,EXP-007
am,worstcase_global,0.9896382107439661,0.0,1,0.0,0.0,0.0,1.0,0.0,0.0,0.0,0.0,True,False,0.5661572939231558,0.47733333333333333,0.511,1000,1500,0.8406066731032429,en,target_fpr,,,0.024657534246575342,0.024657534246575342,native,0.01,toxicity,encoder_minilm,EXP-007
am,quantile_match,0.2796587658526835,0.0,1,0.44230769230769235,0.0,0.32653061224489793,0.6145251396648045,0.518796992481203,0.3854748603351955,0.3546666666666667,0.3854748603351955,False,False,0.5661572939231558,0.47733333333333333,0.511,1000,1500,0.8406066731032429,en,target_fpr,,,0.024657534246575342,-0.417650158061117,native,0.01,toxicity,encoder_minilm,EXP-007
am,sld_em,0.9986002703422704,0.0,1,0.0,0.0,0.0,1.0,0.0,0.0,0.0,0.0,True,False,0.5661572939231558,0.47733333333333333,0.511,1000,1500,0.8406066731032429,en,target_fpr,,,0.024657534246575342,0.024657534246575342,native,0.01,toxicity,encoder_minilm,EXP-007
am,bbse,0.9908346896214006,0.0,1,0.0,0.0,0.0,1.0,0.0,0.0,0.0,0.0,True,False,0.5661572939231558,0.47733333333333333,0.511,1000,1500,0.8406066731032429,en,target_fpr,,,0.024657534246575342,0.024657534246575342,native,0.01,toxicity,encoder_minilm,EXP-007
am,few_label_8_strat,0.6395129548993372,0.22920353907738086,25,0.20397405995612267,0.14144015591161727,0.11270408163265305,0.8543016759776535,0.5549900142997051,0.14569832402234634,0.12845333333333334,0.14569832402234634,False,False,0.5661572939231558,0.47733333333333333,0.511,1000,1500,0.8406066731032429,en,target_fpr,,,0.024657534246575342,-0.17931652570954731,native,0.01,toxicity,encoder_minilm,EXP-007
am,few_label_8_rand,0.5824705185647081,0.22078912313350266,25,0.2436671996326161,0.14317809456211278,0.1444387755102041,0.8174301675977653,0.5540587737269078,0.18256983240223462,0.16264,0.18256983240223462,False,False,0.5661572939231558,0.47733333333333333,0.511,1000,1500,0.8406066731032429,en,target_fpr,,,0.024657534246575342,-0.21900966538604075,native,0.01,toxicity,encoder_minilm,EXP-007
am,few_label_16_strat,0.7105713518013093,0.173202977665639,25,0.16059829118463273,0.10765120770680893,0.07673469387755101,0.8958659217877095,0.5733284361856078,0.10413407821229051,0.08981333333333336,0.10413407821229051,False,False,0.5661572939231558,0.47733333333333333,0.511,1000,1500,0.8406066731032429,en,target_fpr,,,0.024657534246575342,-0.13594075693805738,native,0.01,toxicity,encoder_minilm,EXP-007
am,few_label_16_rand,0.7309341088728477,0.19512728983161723,25,0.14876498296466698,0.12498205541325169,0.07500000000000001,0.8991061452513966,0.576080159702441,0.10089385474860336,0.08736000000000001,0.10089385474860336,False,False,0.5661572939231558,0.47733333333333333,0.511,1000,1500,0.8406066731032429,en,target_fpr,,,0.024657534246575342,-0.12410744871809164,native,0.01,toxicity,encoder_minilm,EXP-007
am,few_label_32_strat,0.8230862543790317,0.11552451104850384,25,0.08904262717512507,0.0706610922282116,0.036479591836734694,0.9484357541899441,0.5824270449118845,0.051564245810055864,0.043680000000000004,0.051564245810055864,False,False,0.5661572939231558,0.47733333333333333,0.511,1000,1500,0.8406066731032429,en,target_fpr,,,0.024657534246575342,-0.06438509292854973,native,0.01,toxicity,encoder_minilm,EXP-007
am,few_label_32_rand,0.7979732594332379,0.11748058253469124,25,0.10463950483959301,0.07204763494689805,0.0425,0.9388826815642457,0.5796536060645213,0.061117318435754193,0.05138666666666667,0.061117318435754193,False,False,0.5661572939231558,0.47733333333333333,0.511,1000,1500,0.8406066731032429,en,target_fpr,,,0.024657534246575342,-0.07998197059301768,native,0.01,toxicity,encoder_minilm,EXP-007
am,few_label_64_strat,0.8930074005385934,0.05323812303054319,25,0.04739191465481962,0.02905614999980468,0.015612244897959182,0.9749162011173184,0.5821170410195978,0.025083798882681564,0.020133333333333333,0.025083798882681564,False,False,0.5661572939231558,0.47733333333333333,0.511,1000,1500,0.8406066731032429,en,target_fpr,,,0.024657534246575342,-0.02273438040824428,native,0.01,toxicity,encoder_minilm,EXP-007
am,few_label_64_rand,0.8640714836846881,0.07620056686572961,25,0.06613604065127907,0.04436344578440616,0.022653061224489797,0.963854748603352,0.6007810447283372,0.036145251396648044,0.029093333333333336,0.036145251396648044,False,False,0.5661572939231558,0.47733333333333333,0.511,1000,1500,0.8406066731032429,en,target_fpr,,,0.024657534246575342,-0.04147850640470373,native,0.01,toxicity,encoder_minilm,EXP-007
am,few_label_128_strat,0.9210478815215964,0.05054070545820166,25,0.033649318282453176,0.027297359415568673,0.010765306122448979,0.9823463687150839,0.5819621587592829,0.0176536312849162,0.014053333333333331,0.0176536312849162,False,False,0.5661572939231558,0.47733333333333333,0.511,1000,1500,0.8406066731032429,en,target_fpr,,,0.024657534246575342,-0.008991784035877835,native,0.01,toxicity,encoder_minilm,EXP-007
am,few_label_128_rand,0.9040020309676915,0.043847462610554624,25,0.04175423637624413,0.023013442308779407,0.012602040816326529,0.9781564245810056,0.598117809612378,0.021843575418994413,0.01701333333333333,0.021843575418994413,False,False,0.5661572939231558,0.47733333333333333,0.511,1000,1500,0.8406066731032429,en,target_fpr,,,0.024657534246575342,-0.01709670212966879,native,0.01,toxicity,encoder_minilm,EXP-007
am,few_label_256_strat,0.8954817511435913,0.04246154285405077,25,0.046479462342538774,0.021816845275821707,0.01357142857142857,0.9756424581005586,0.6212529566341769,0.02435754189944134,0.01872,0.02435754189944134,False,False,0.5661572939231558,0.47733333333333333,0.511,1000,1500,0.8406066731032429,en,target_fpr,,,0.024657534246575342,-0.021821928095963432,native,0.01,toxicity,encoder_minilm,EXP-007
am,few_label_256_rand,0.9145716322819996,0.04325768288268813,25,0.03799817551669472,0.022478173899373843,0.011173469387755102,0.9801675977653632,0.6140985837767391,0.01983240223463687,0.015306666666666666,0.01983240223463687,False,False,0.5661572939231558,0.47733333333333333,0.511,1000,1500,0.8406066731032429,en,target_fpr,,,0.024657534246575342,-0.013340641270119375,native,0.01,toxicity,encoder_minilm,EXP-007
am,target_full,0.9450156545303743,0.0,1,0.024657534246575342,0.0,0.006377551020408163,0.9874301675977654,0.6428571428571429,0.012569832402234637,0.009333333333333334,0.012569832402234637,True,False,0.5661572939231558,0.47733333333333333,0.511,1000,1500,0.8406066731032429,en,target_fpr,0.011093411069372928,0.040708332179547536,0.024657534246575342,0.0,native,0.01,toxicity,encoder_minilm,EXP-007
am,test_oracle_unachievable,0.9388084859487518,0.0,1,0.03001364256480218,0.0,0.007653061224489796,0.9846368715083799,0.6470588235294118,0.015363128491620111,0.011333333333333334,0.015363128491620111,False,False,0.5661572939231558,0.47733333333333333,0.511,1000,1500,0.8406066731032429,en,target_fpr,,,0.024657534246575342,-0.005356108318226839,native,0.01,toxicity,encoder_minilm,EXP-007
ar,fixed_half,0.5,0.0,1,0.4515021459227468,0.0,0.20053475935828877,0.6502659574468085,0.6368038740920097,0.3497340425531915,0.2753333333333333,0.3497340425531915,False,False,0.6368525287290931,0.5013333333333333,0.503,1000,1500,0.8406066731032429,en,target_fpr,,,0.07097591888466412,-0.3805262270380827,native,0.01,toxicity,encoder_minilm,EXP-007
ar,source_global,0.8406066731032429,0.0,1,0.24503311258278146,0.0,0.05748663101604278,0.8523936170212766,0.7207792207792207,0.14760638297872342,0.10266666666666667,0.14760638297872342,False,False,0.6368525287290931,0.5013333333333333,0.503,1000,1500,0.8406066731032429,en,target_fpr,0.21246313697339175,0.28390963118658236,0.07097591888466412,-0.17405719369811734,native,0.01,toxicity,encoder_minilm,EXP-007
ar,pooled_global,0.9683055248089676,0.0,1,0.06852791878172589,0.0,0.012032085561497326,0.964095744680851,0.75,0.03590425531914894,0.024,0.03590425531914894,False,False,0.6368525287290931,0.5013333333333333,0.503,1000,1500,0.8406066731032429,en,target_fpr,,,0.07097591888466412,0.002448000102938233,native,0.01,toxicity,encoder_minilm,EXP-007
ar,worstcase_global,0.9896382107439661,0.0,1,0.020942408376963352,0.0,0.0053475935828877,0.9893617021276596,0.6666666666666666,0.010638297872340425,0.008,0.010638297872340425,True,False,0.6368525287290931,0.5013333333333333,0.503,1000,1500,0.8406066731032429,en,target_fpr,,,0.07097591888466412,0.05003351050770077,native,0.01,toxicity,encoder_minilm,EXP-007
ar,quantile_match,0.38121661220601527,0.0,1,0.5098039215686274,0.0,0.2647058823529412,0.5678191489361702,0.621414913957935,0.4321808510638298,0.3486666666666667,0.4321808510638298,False,False,0.6368525287290931,0.5013333333333333,0.503,1000,1500,0.8406066731032429,en,target_fpr,,,0.07097591888466412,-0.43882800268396327,native,0.01,toxicity,encoder_minilm,EXP-007
ar,sld_em,0.9599489506305167,0.0,1,0.08291457286432162,0.0,0.014705882352941176,0.9561170212765957,0.75,0.043882978723404256,0.029333333333333333,0.043882978723404256,False,False,0.6368525287290931,0.5013333333333333,0.503,1000,1500,0.8406066731032429,en,target_fpr,,,0.07097591888466412,-0.011938653979657501,native,0.01,toxicity,encoder_minilm,EXP-007
ar,bbse,0.9720583078886283,0.0,1,0.06607369758576875,0.0,0.012032085561497326,0.9654255319148937,0.7428571428571429,0.034574468085106384,0.023333333333333334,0.034574468085106384,False,False,0.6368525287290931,0.5013333333333333,0.503,1000,1500,0.8406066731032429,en,target_fpr,,,0.07097591888466412,0.004902221298895365,native,0.01,toxicity,encoder_minilm,EXP-007
ar,few_label_8_strat,0.646895007223839,0.23521726759349593,25,0.3462559488341244,0.15866915134302445,0.15310160427807487,0.7316489361702128,0.673062146117882,0.26835106382978724,0.21088000000000004,0.26835106382978724,False,False,0.6368525287290931,0.5013333333333333,0.503,1000,1500,0.8406066731032429,en,target_fpr,,,0.07097591888466412,-0.2752800299494603,native,0.01,toxicity,encoder_minilm,EXP-007
ar,few_label_8_rand,0.5739064849416888,0.27541447838686334,25,0.3897614600266596,0.18111316446167253,0.21668449197860962,0.6605319148936171,0.6498630195057118,0.33946808510638304,0.27824000000000004,0.33946808510638304,False,False,0.6368525287290931,0.5013333333333333,0.503,1000,1500,0.8406066731032429,en,target_fpr,,,0.07097591888466412,-0.31878554114199553,native,0.01,toxicity,encoder_minilm,EXP-007
ar,few_label_16_strat,0.7665513580532068,0.20200065461546107,25,0.2602187563324253,0.15000010951975024,0.09438502673796792,0.8172340425531915,0.6995089047699073,0.1827659574468085,0.13869333333333334,0.1827659574468085,False,False,0.6368525287290931,0.5013333333333333,0.503,1000,1500,0.8406066731032429,en,target_fpr,,,0.07097591888466412,-0.1892428374477612,native,0.01,toxicity,encoder_minilm,EXP-007
ar,few_label_16_rand,0.6876775717835031,0.2308338014627914,25,0.3236986040947162,0.15213489606411876,0.13122994652406417,0.757712765957447,0.6881044562485436,0.2422872340425532,0.1869066666666667,0.2422872340425532,False,False,0.6368525287290931,0.5013333333333333,0.503,1000,1500,0.8406066731032429,en,target_fpr,,,0.07097591888466412,-0.25272268521005203,native,0.01,toxicity,encoder_minilm,EXP-007
ar,few_label_32_strat,0.819919855412175,0.14278957295640435,25,0.22885166086402858,0.120885037099935,0.06818181818181819,0.8522340425531916,0.7081776085789419,0.1477659574468085,0.10808,0.1477659574468085,False,False,0.6368525287290931,0.5013333333333333,0.503,1000,1500,0.8406066731032429,en,target_fpr,,,0.07097591888466412,-0.15787574197936446,native,0.01,toxicity,encoder_minilm,EXP-007
ar,few_label_32_rand,0.8653364483485612,0.11840259405098709,25,0.18976070233336184,0.10995226780525252,0.05197860962566844,0.8820212765957447,0.7153644753968169,0.11797872340425532,0.08506666666666667,0.11797872340425532,False,False,0.6368525287290931,0.5013333333333333,0.503,1000,1500,0.8406066731032429,en,target_fpr,,,0.07097591888466412,-0.11878478344869772,native,0.01,toxicity,encoder_minilm,EXP-007
ar,few_label_64_strat,0.9237005874554353,0.06217450470198683,25,0.1313572522061008,0.08085001947812641,0.028181818181818183,0.9245744680851063,0.7280948335593881,0.07542553191489361,0.051866666666666665,0.07542553191489361,False,False,0.6368525287290931,0.5013333333333333,0.503,1000,1500,0.8406066731032429,en,target_fpr,,,0.07097591888466412,-0.06038133332143669,native,0.01,toxicity,encoder_minilm,EXP-007
ar,few_label_64_rand,0.898684587494128,0.09385131518544959,25,0.15903927997621145,0.09444066405332703,0.03818181818181818,0.9052127659574468,0.7282989796702158,0.0947872340425532,0.06656,0.0947872340425532,False,False,0.6368525287290931,0.5013333333333333,0.503,1000,1500,0.8406066731032429,en,target_fpr,,,0.07097591888466412,-0.08806336109154733,native,0.01,toxicity,encoder_minilm,EXP-007
ar,few_label_128_strat,0.9677607280808411,0.02506381653094142,25,0.0669135992559098,0.04864283351985136,0.012887700534759359,0.9640425531914893,0.7133850921754202,0.03595744680851063,0.02445333333333333,0.03595744680851063,False,False,0.6368525287290931,0.5013333333333333,0.503,1000,1500,0.8406066731032429,en,target_fpr,,,0.07097591888466412,0.004062319628754321,native,0.01,toxicity,encoder_minilm,EXP-007
ar,few_label_128_rand,0.9539467171393441,0.02873670206388743,25,0.09392926087286875,0.05292045185809027,0.017219251336898396,0.9487765957446809,0.7348400867562924,0.05122340425531915,0.03426666666666666,0.05122340425531915,False,False,0.6368525287290931,0.5013333333333333,0.503,1000,1500,0.8406066731032429,en,target_fpr,,,0.07097591888466412,-0.02295334198820463,native,0.01,toxicity,encoder_minilm,EXP-007
ar,few_label_256_strat,0.9548693109982065,0.02688619182843284,25,0.09425315584963491,0.049837735885858894,0.017005347593582888,0.9487234042553192,0.7410164240667951,0.05127659574468086,0.03418666666666667,0.05127659574468086,False,False,0.6368525287290931,0.5013333333333333,0.503,1000,1500,0.8406066731032429,en,target_fpr,,,0.07097591888466412,-0.02327723696497079,native,0.01,toxicity,encoder_minilm,EXP-007
ar,few_label_256_rand,0.9485788882189179,0.028350127266837714,25,0.10521148624059927,0.05055512872269258,0.01893048128342246,0.9423936170212766,0.7470492499495943,0.057606382978723406,0.03832,0.057606382978723406,False,False,0.6368525287290931,0.5013333333333333,0.503,1000,1500,0.8406066731032429,en,target_fpr,,,0.07097591888466412,-0.03423556735593515,native,0.01,toxicity,encoder_minilm,EXP-007
ar,target_full,0.9668374161714957,0.0,1,0.07097591888466412,0.0,0.012032085561497326,0.9627659574468085,0.7567567567567568,0.03723404255319149,0.024666666666666667,0.03723404255319149,False,False,0.6368525287290931,0.5013333333333333,0.503,1000,1500,0.8406066731032429,en,target_fpr,0.045012714938258806,0.09512786083106396,0.07097591888466412,0.0,native,0.01,toxicity,encoder_minilm,EXP-007
ar,test_oracle_unachievable,0.9772521792090945,0.0,1,0.06130268199233716,0.0,0.009358288770053475,0.9680851063829787,0.7741935483870968,0.031914893617021274,0.020666666666666667,0.031914893617021274,False,False,0.6368525287290931,0.5013333333333333,0.503,1000,1500,0.8406066731032429,en,target_fpr,,,0.07097591888466412,0.009673236892326957,native,0.01,toxicity,encoder_minilm,EXP-007
de,fixed_half,0.5,0.0,1,0.7392739273927392,0.0,0.2752659574468085,0.25133689839572193,0.7301173402868318,0.7486631016042781,0.5113333333333333,0.7486631016042781,False,False,0.8162049152349528,0.49866666666666665,0.508,1000,1500,0.8406066731032429,en,target_fpr,,,0.2482758620689655,-0.4909980653237737,native,0.01,toxicity,encoder_minilm,EXP-007
de,source_global,0.8406066731032429,0.0,1,0.4923076923076923,0.0,0.047872340425531915,0.6577540106951871,0.8767123287671232,0.3422459893048128,0.19466666666666665,0.3422459893048128,False,False,0.8162049152349528,0.49866666666666665,0.508,1000,1500,0.8406066731032429,en,target_fpr,0.45320317302574603,0.5260247322865228,0.2482758620689655,-0.24403183023872677,native,0.01,toxicity,encoder_minilm,EXP-007
de,pooled_global,0.9690690637422208,0.0,1,0.10566037735849057,0.0,0.006648936170212766,0.9438502673796791,0.8936170212765957,0.05614973262032086,0.03133333333333333,0.05614973262032086,False,False,0.8162049152349528,0.49866666666666665,0.508,1000,1500,0.8406066731032429,en,target_fpr,,,0.2482758620689655,0.14261548471047494,native,0.01,toxicity,encoder_minilm,EXP-007
de,worstcase_global,0.9896382107439661,0.0,1,0.015894039735099338,0.0,0.0013297872340425532,0.9919786096256684,0.8571428571428571,0.008021390374331552,0.004666666666666667,0.008021390374331552,True,False,0.8162049152349528,0.49866666666666665,0.508,1000,1500,0.8406066731032429,en,target_fpr,,,0.2482758620689655,0.23238182233386617,native,0.01,toxicity,encoder_minilm,EXP-007
de,quantile_match,0.6767930652467635,0.0,1,0.6656225528582616,0.0,0.13829787234042554,0.4318181818181818,0.8034026465028355,0.5681818181818182,0.3526666666666667,0.5681818181818182,False,False,0.8162049152349528,0.49866666666666665,0.508,1000,1500,0.8406066731032429,en,target_fpr,,,0.2482758620689655,-0.41734669078929604,native,0.01,toxicity,encoder_minilm,EXP-007
de,sld_em,0.8265373545542317,0.0,1,0.5074906367041199,0.0,0.06515957446808511,0.6377005347593583,0.846875,0.3622994652406417,0.21333333333333335,0.3622994652406417,False,False,0.8162049152349528,0.49866666666666665,0.508,1000,1500,0.8406066731032429,en,target_fpr,,,0.2482758620689655,-0.25921477463515435,native,0.01,toxicity,encoder_minilm,EXP-007
de,bbse,0.9333504378888718,0.0,1,0.25429553264604815,0.0,0.018617021276595744,0.8516042780748663,0.888,0.1483957219251337,0.08333333333333333,0.1483957219251337,False,False,0.8162049152349528,0.49866666666666665,0.508,1000,1500,0.8406066731032429,en,target_fpr,,,0.2482758620689655,-0.006019670577082636,native,0.01,toxicity,encoder_minilm,EXP-007
de,few_label_8_strat,0.6506278530948962,0.20179454703664282,25,0.5965459309845346,0.1864391268367479,0.18255319148936175,0.45101604278074864,0.787397884621144,0.5489839572192513,0.36528000000000005,0.5489839572192513,False,False,0.8162049152349528,0.49866666666666665,0.508,1000,1500,0.8406066731032429,en,target_fpr,,,0.2482758620689655,-0.34827006891556905,native,0.01,toxicity,encoder_minilm,EXP-007
de,few_label_8_rand,0.7090908519815388,0.20725878861851627,25,0.5505952595759115,0.170740496805716,0.14553191489361703,0.5232620320855614,0.8144038219516736,0.4767379679144385,0.3106933333333333,0.4767379679144385,False,False,0.8162049152349528,0.49866666666666665,0.508,1000,1500,0.8406066731032429,en,target_fpr,,,0.2482758620689655,-0.302319397506946,native,0.01,toxicity,encoder_minilm,EXP-007
de,few_label_16_strat,0.7490100244139328,0.14612902544830303,25,0.5354683382136639,0.17890234298034308,0.11329787234042552,0.5589839572192513,0.8230922078906534,0.4410160427807486,0.27672,0.4410160427807486,False,False,0.8162049152349528,0.49866666666666665,0.508,1000,1500,0.8406066731032429,en,target_fpr,,,0.2482758620689655,-0.2871924761446984,native,0.01,toxicity,encoder_minilm,EXP-007
de,few_label_16_rand,0.8006957568784392,0.16353814362798544,25,0.458565588326028,0.16618825072904098,0.08904255319148938,0.643903743315508,0.842249421639291,0.35609625668449196,0.22221333333333335,0.35609625668449196,False,False,0.8162049152349528,0.49866666666666665,0.508,1000,1500,0.8406066731032429,en,target_fpr,,,0.2482758620689655,-0.2102897262570625,native,0.01,toxicity,encoder_minilm,EXP-007
de,few_label_32_strat,0.8435026766040186,0.10136297637959583,25,0.4191992677057214,0.17037243596691104,0.06037234042553192,0.6955080213903743,0.8569705429271717,0.3044919786096257,0.1821066666666667,0.3044919786096257,False,False,0.8162049152349528,0.49866666666666665,0.508,1000,1500,0.8406066731032429,en,target_fpr,,,0.2482758620689655,-0.1709234056367559,native,0.01,toxicity,encoder_minilm,EXP-007
de,few_label_32_rand,0.8687271100765314,0.0668788469074158,25,0.39630165710338533,0.13623212887786074,0.045106382978723394,0.7289304812834224,0.8701756843942126,0.27106951871657753,0.15778666666666666,0.27106951871657753,False,False,0.8162049152349528,0.49866666666666665,0.508,1000,1500,0.8406066731032429,en,target_fpr,,,0.2482758620689655,-0.14802579503441982,native,0.01,toxicity,encoder_minilm,EXP-007
de,few_label_64_strat,0.8976699690381881,0.039377019830054975,25,0.34653761694234697,0.10007966379947315,0.030053191489361707,0.7783422459893049,0.8851011828991945,0.2216577540106952,0.1256,0.2216577540106952,False,False,0.8162049152349528,0.49866666666666665,0.508,1000,1500,0.8406066731032429,en,target_fpr,,,0.2482758620689655,-0.09826175487338146,native,0.01,toxicity,encoder_minilm,EXP-007
de,few_label_64_rand,0.9034374031448344,0.05838288225066181,25,0.3136788894734783,0.16547457826295325,0.030372340425531913,0.7945989304812834,0.8441184346093933,0.20540106951871656,0.1176533333333333,0.20540106951871656,False,False,0.8162049152349528,0.49866666666666665,0.508,1000,1500,0.8406066731032429,en,target_fpr,,,0.2482758620689655,-0.06540302740451276,native,0.01,toxicity,encoder_minilm,EXP-007
de,few_label_128_strat,0.9236803347200931,0.027971197832020008,25,0.2760764645182224,0.09014748818133297,0.020638297872340425,0.8328342245989304,0.8974836627771512,0.16716577540106953,0.09370666666666665,0.16716577540106953,False,False,0.8162049152349528,0.49866666666666665,0.508,1000,1500,0.8406066731032429,en,target_fpr,,,0.2482758620689655,-0.02780060244925686,native,0.01,toxicity,encoder_minilm,EXP-007
de,few_label_128_rand,0.9298716151282821,0.0269846521535889,25,0.256031121076096,0.09286385429461058,0.018882978723404255,0.8467914438502673,0.86814546637914,0.1532085561497326,0.08586666666666666,0.1532085561497326,False,False,0.8162049152349528,0.49866666666666665,0.508,1000,1500,0.8406066731032429,en,target_fpr,,,0.2482758620689655,-0.007755259007130477,native,0.01,toxicity,encoder_minilm,EXP-007
de,few_label_256_strat,0.927558529460256,0.018303675894052688,25,0.268745038119334,0.0545323063548963,0.019042553191489363,0.8403743315508022,0.8953617768411095,0.15962566844919784,0.08914666666666667,0.15962566844919784,False,False,0.8162049152349528,0.49866666666666665,0.508,1000,1500,0.8406066731032429,en,target_fpr,,,0.2482758620689655,-0.020469176050368465,native,0.01,toxicity,encoder_minilm,EXP-007
de,few_label_256_rand,0.9230123269916539,0.02088218405506033,25,0.2809869536714071,0.06265255587066772,0.020531914893617022,0.8312299465240642,0.8928252437614747,0.16877005347593585,0.09445333333333336,0.16877005347593585,False,False,0.8162049152349528,0.49866666666666665,0.508,1000,1500,0.8406066731032429,en,target_fpr,,,0.2482758620689655,-0.03271109160244157,native,0.01,toxicity,encoder_minilm,EXP-007
de,target_full,0.935487639438563,0.0,1,0.2482758620689655,0.0,0.018617021276595744,0.8556149732620321,0.8852459016393442,0.1443850267379679,0.08133333333333333,0.1443850267379679,False,False,0.8162049152349528,0.49866666666666665,0.508,1000,1500,0.8406066731032429,en,target_fpr,0.20883365946240195,0.2850790030949666,0.2482758620689655,0.0,native,0.01,toxicity,encoder_minilm,EXP-007
de,test_oracle_unachievable,0.9572924097318323,0.0,1,0.1696969696969697,0.0,0.009308510638297872,0.9064171122994652,0.9090909090909091,0.09358288770053476,0.051333333333333335,0.09358288770053476,False,False,0.8162049152349528,0.49866666666666665,0.508,1000,1500,0.8406066731032429,en,target_fpr,,,0.2482758620689655,0.0785788923719958,native,0.01,toxicity,encoder_minilm,EXP-007
en,fixed_half,0.5,0.0,1,0.9500674763832658,0.0,0.048748353096179184,0.04993252361673414,0.9500674763832658,0.9500674763832658,0.494,0.9500674763832658,False,True,0.9897460789909303,0.494,0.478,1000,1500,0.8406066731032429,en,target_fpr,,,0.8773513920240782,-0.07271608435918764,native,0.01,toxicity,encoder_minilm,EXP-007
en,source_global,0.8406066731032429,0.0,1,0.8773513920240782,0.0,0.006587615283267457,0.21322537112010798,0.9914965986394558,0.786774628879892,0.392,0.786774628879892,False,True,0.9897460789909303,0.494,0.478,1000,1500,0.8406066731032429,en,target_fpr,0.8568932622179495,0.8967833660267952,0.8773513920240782,0.0,native,0.01,toxicity,encoder_minilm,EXP-007
en,pooled_global,0.9690926180808486,0.0,1,0.6065727699530516,0.0,0.0013175230566534915,0.5641025641025641,0.9969135802469136,0.4358974358974359,0.216,0.4358974358974359,False,True,0.9897460789909303,0.494,0.478,1000,1500,0.8406066731032429,en,target_fpr,,,0.8773513920240782,0.27077862207102654,native,0.01,toxicity,encoder_minilm,EXP-007
en,worstcase_global,0.9896382107439661,0.0,1,0.40129449838187703,0.0,0.0,0.7489878542510121,1.0,0.25101214574898784,0.124,0.25101214574898784,False,True,0.9897460789909303,0.494,0.478,1000,1500,0.8406066731032429,en,target_fpr,,,0.8773513920240782,0.47605689364220116,native,0.01,toxicity,encoder_minilm,EXP-007
en,quantile_match,0.8404851615277158,0.0,1,0.8781954887218046,0.0,0.006587615283267457,0.21187584345479082,0.9915110356536503,0.7881241565452092,0.39266666666666666,0.7881241565452092,False,True,0.9897460789909303,0.494,0.478,1000,1500,0.8406066731032429,en,target_fpr,,,0.8773513920240782,-0.0008440966977264486,native,0.01,toxicity,encoder_minilm,EXP-007
en,sld_em,0.8406066731032429,0.0,1,0.8773513920240782,0.0,0.006587615283267457,0.21322537112010798,0.9914965986394558,0.786774628879892,0.392,0.786774628879892,False,True,0.9897460789909303,0.494,0.478,1000,1500,0.8406066731032429,en,target_fpr,,,0.8773513920240782,0.0,native,0.01,toxicity,encoder_minilm,EXP-007
en,bbse,0.8406066731032429,0.0,1,0.8773513920240782,0.0,0.006587615283267457,0.21322537112010798,0.9914965986394558,0.786774628879892,0.392,0.786774628879892,False,True,0.9897460789909303,0.494,0.478,1000,1500,0.8406066731032429,en,target_fpr,,,0.8773513920240782,0.0,native,0.01,toxicity,encoder_minilm,EXP-007
en,few_label_8_strat,0.48791414971999036,0.16262811589443088,25,0.9334994771238526,0.02903314129467685,0.07077733860342555,0.060620782726045874,0.9325822411860922,0.9393792172739542,0.4998666666666666,0.9393792172739542,False,True,0.9897460789909303,0.494,0.478,1000,1500,0.8406066731032429,en,target_fpr,,,0.8773513920240782,-0.056148085099774425,native,0.01,toxicity,encoder_minilm,EXP-007
en,few_label_8_rand,0.602592508243393,0.23862775479606843,25,0.904553858598356,0.046865564321826765,0.05918313570487484,0.12032388663967611,0.9450892238037514,0.8796761133603239,0.4645066666666667,0.8796761133603239,False,True,0.9897460789909303,0.494,0.478,1000,1500,0.8406066731032429,en,target_fpr,,,0.8773513920240782,-0.027202466574277828,native,0.01,toxicity,encoder_minilm,EXP-007
en,few_label_16_strat,0.6095867308572176,0.20212313855040034,25,0.910958772676149,0.06029662581896589,0.043320158102766806,0.11913630229419704,0.9564584939392854,0.8808636977058031,0.4570666666666666,0.8808636977058031,False,True,0.9897460789909303,0.494,0.478,1000,1500,0.8406066731032429,en,target_fpr,,,0.8773513920240782,-0.033607380652070806,native,0.01,toxicity,encoder_minilm,EXP-007
en,few_label_16_rand,0.5619700392477359,0.1911348878405318,25,0.9223373735840618,0.04931337491923892,0.050223978919631096,0.09506072874493927,0.9499246311299429,0.9049392712550608,0.4724533333333333,0.9049392712550608,False,True,0.9897460789909303,0.494,0.478,1000,1500,0.8406066731032429,en,target_fpr,,,0.8773513920240782,-0.04498598155998357,native,0.01,toxicity,encoder_minilm,EXP-007
en,few_label_32_strat,0.6910915223535892,0.19500774887664538,25,0.8928411513100915,0.0641148016149547,0.030303030303030304,0.1606477732793522,0.9683907412731354,0.8393522267206478,0.4299733333333333,0.8393522267206478,False,True,0.9897460789909303,0.494,0.478,1000,1500,0.8406066731032429,en,target_fpr,,,0.8773513920240782,-0.01548975928601326,native,0.01,toxicity,encoder_minilm,EXP-007
en,few_label_32_rand,0.6935051795372214,0.1667088979305496,25,0.9093916504282866,0.03512811886894716,0.02824769433465086,0.13894736842105262,0.970220852505572,0.8610526315789473,0.43965333333333334,0.8610526315789473,False,True,0.9897460789909303,0.494,0.478,1000,1500,0.8406066731032429,en,target_fpr,,,0.8773513920240782,-0.03204025840420843,native,0.01,toxicity,encoder_minilm,EXP-007
en,few_label_64_strat,0.7691639418018543,0.13228557034209115,25,0.8816198499602244,0.06143293211024829,0.01702239789196311,0.19163292847503374,0.9808585524392783,0.8083670715249665,0.4079466666666666,0.8083670715249665,False,True,0.9897460789909303,0.494,0.478,1000,1500,0.8406066731032429,en,target_fpr,,,0.8773513920240782,-0.004268457936146164,native,0.01,toxicity,encoder_minilm,EXP-007
en,few_label_64_rand,0.7953084976134795,0.12455450079904719,25,0.8740403591561205,0.05397738054914272,0.014334650856389986,0.2073954116059379,0.9836800515109698,0.792604588394062,0.39879999999999993,0.792604588394062,False,True,0.9897460789909303,0.494,0.478,1000,1500,0.8406066731032429,en,target_fpr,,,0.8773513920240782,0.0033110328679576417,native,0.01,toxicity,encoder_minilm,EXP-007
en,few_label_128_strat,0.8653913050944196,0.061645130198819585,25,0.8328864510282181,0.06864398832213948,0.006376811594202899,0.2756275303643725,0.9916029231874132,0.7243724696356275,0.36106666666666665,0.7243724696356275,False,True,0.9897460789909303,0.494,0.478,1000,1500,0.8406066731032429,en,target_fpr,,,0.8773513920240782,0.04446494099586007,native,0.01,toxicity,encoder_minilm,EXP-007
en,few_label_128_rand,0.8226938907873768,0.077273707055449,25,0.8746162455756021,0.03995479663806793,0.009328063241106719,0.21290148448043184,0.9886507647064338,0.7870985155195682,0.3935466666666666,0.7870985155195682,False,True,0.9897460789909303,0.494,0.478,1000,1500,0.8406066731032429,en,target_fpr,,,0.8773513920240782,0.0027351464484760557,native,0.01,toxicity,encoder_minilm,EXP-007
en,few_label_256_strat,0.8044708088298839,0.07806025501247517,25,0.8840989278144106,0.03246261859656142,0.012279314888010538,0.19573549257759784,0.9854710444656257,0.8042645074224022,0.40352,0.8042645074224022,False,True,0.9897460789909303,0.494,0.478,1000,1500,0.8406066731032429,en,target_fpr,,,0.8773513920240782,-0.006747535790332382,native,0.01,toxicity,encoder_minilm,EXP-007
en,few_label_256_rand,0.8301259195439661,0.05474122548493083,25,0.8745918855915014,0.027252716810804097,0.008959156785243741,0.21441295546558703,0.9889137784023002,0.7855870445344131,0.3926133333333333,0.7855870445344131,False,True,0.9897460789909303,0.494,0.478,1000,1500,0.8406066731032429,en,target_fpr,,,0.8773513920240782,0.0027595064325768304,native,0.01,toxicity,encoder_minilm,EXP-007
en,target_full,0.8406066731032429,0.0,1,0.8773513920240782,0.0,0.006587615283267457,0.21322537112010798,0.9914965986394558,0.786774628879892,0.392,0.786774628879892,False,True,0.9897460789909303,0.494,0.478,1000,1500,0.8406066731032429,en,target_fpr,0.8605738748167326,0.8944260012850717,0.8773513920240782,0.0,native,0.01,toxicity,encoder_minilm,EXP-007
en,test_oracle_unachievable,0.8035578151863156,0.0,1,0.8983799705449189,0.0,0.00922266139657444,0.1767881241565452,0.9886547811993517,0.8232118758434548,0.41133333333333333,0.8232118758434548,False,True,0.9897460789909303,0.494,0.478,1000,1500,0.8406066731032429,en,target_fpr,,,0.8773513920240782,-0.021028578520840724,native,0.01,toxicity,encoder_minilm,EXP-007
es,fixed_half,0.5,0.0,1,0.7181008902077152,0.0,0.19798234552332913,0.31541725601131543,0.7550702028081123,0.6845827439886846,0.42733333333333334,0.6845827439886846,False,False,0.8379294784099199,0.4713333333333333,0.512,1000,1500,0.8406066731032429,en,target_fpr,,,0.3619702176403207,-0.35613067256739445,native,0.01,toxicity,encoder_minilm,EXP-007
es,source_global,0.8406066731032429,0.0,1,0.5106382978723404,0.0,0.03530895334174023,0.6435643564356436,0.9,0.3564356435643564,0.18666666666666668,0.3564356435643564,False,False,0.8379294784099199,0.4713333333333333,0.512,1000,1500,0.8406066731032429,en,target_fpr,0.4723436735382625,0.5436091136711518,0.3619702176403207,-0.14866808023201966,native,0.01,toxicity,encoder_minilm,EXP-007
es,pooled_global,0.9686157051382451,0.0,1,0.2188679245283019,0.0,0.0012610340479192938,0.8769448373408769,0.9886363636363636,0.12305516265912306,0.058666666666666666,0.12305516265912306,False,False,0.8379294784099199,0.4713333333333333,0.512,1000,1500,0.8406066731032429,en,target_fpr,,,0.3619702176403207,0.14310229311201883,native,0.01,toxicity,encoder_minilm,EXP-007
es,worstcase_global,0.9896382107439661,0.0,1,0.0891891891891892,0.0,0.0,0.9533239038189534,1.0,0.04667609618104668,0.022,0.04667609618104668,False,False,0.8379294784099199,0.4713333333333333,0.512,1000,1500,0.8406066731032429,en,target_fpr,,,0.3619702176403207,0.2727810284511315,native,0.01,toxicity,encoder_minilm,EXP-007
es,quantile_match,0.5700966459300051,0.0,1,0.6938136256851997,0.0,0.1601513240857503,0.3734087694483734,0.7771929824561403,0.6265912305516266,0.38,0.6265912305516266,False,False,0.8379294784099199,0.4713333333333333,0.512,1000,1500,0.8406066731032429,en,target_fpr,,,0.3619702176403207,-0.33184340804487894,native,0.01,toxicity,encoder_minilm,EXP-007
es,sld_em,0.8914163306398641,0.0,1,0.4418103448275863,0.0,0.0201765447667087,0.71004243281471,0.9276018099547512,0.28995756718529,0.14733333333333334,0.28995756718529,False,False,0.8379294784099199,0.4713333333333333,0.512,1000,1500,0.8406066731032429,en,target_fpr,,,0.3619702176403207,-0.07984012718726557,native,0.01,toxicity,encoder_minilm,EXP-007
es,bbse,0.934636276982415,0.0,1,0.3472222222222222,0.0,0.008827238335435058,0.7878359264497878,0.9554140127388535,0.21216407355021216,0.10466666666666667,0.21216407355021216,False,False,0.8379294784099199,0.4713333333333333,0.512,1000,1500,0.8406066731032429,en,target_fpr,,,0.3619702176403207,0.014747995418098514,native,0.01,toxicity,encoder_minilm,EXP-007
es,few_label_8_strat,0.6449679629367637,0.18989473432861081,25,0.6133903407049082,0.14951014848111077,0.13150063051702396,0.46517680339462514,0.8174750038753325,0.5348231966053748,0.32159999999999994,0.5348231966053748,False,False,0.8379294784099199,0.4713333333333333,0.512,1000,1500,0.8406066731032429,en,target_fpr,,,0.3619702176403207,-0.25142012306458744,native,0.01,toxicity,encoder_minilm,EXP-007
es,few_label_8_rand,0.5173970998690597,0.21067272135784668,25,0.6788615772985152,0.08780847425813249,0.2051954602774275,0.3493635077793493,0.7685008231049776,0.6506364922206507,0.4151466666666667,0.6506364922206507,False,False,0.8379294784099199,0.4713333333333333,0.512,1000,1500,0.8406066731032429,en,target_fpr,,,0.3619702176403207,-0.3168913596581944,native,0.01,toxicity,encoder_minilm,EXP-007
es,few_label_16_strat,0.7052430883760382,0.17516155094822797,25,0.5750648467568045,0.1581578108863652,0.10098360655737704,0.523055162659123,0.8433389876402896,0.47694483734087695,0.27818666666666664,0.47694483734087695,False,False,0.8379294784099199,0.4713333333333333,0.512,1000,1500,0.8406066731032429,en,target_fpr,,,0.3619702176403207,-0.21309462911648375,native,0.01,toxicity,encoder_minilm,EXP-007
es,few_label_16_rand,0.709210331935771,0.21956626321425712,25,0.524323893480013,0.22512909200116724,0.10572509457755361,0.5514568599717115,0.8532556247272783,0.4485431400282886,0.26730666666666664,0.4485431400282886,False,False,0.8379294784099199,0.4713333333333333,0.512,1000,1500,0.8406066731032429,en,target_fpr,,,0.3619702176403207,-0.16235367583969224,native,0.01,toxicity,encoder_minilm,EXP-007
es,few_label_32_strat,0.7904889912126695,0.14022695447483413,25,0.5084121020121889,0.16365334186825506,0.06315258511979824,0.6109193776520508,0.8817504476203486,0.3890806223479491,0.2167733333333333,0.3890806223479491,False,False,0.8379294784099199,0.4713333333333333,0.512,1000,1500,0.8406066731032429,en,target_fpr,,,0.3619702176403207,-0.14644188437186817,native,0.01,toxicity,encoder_minilm,EXP-007
es,few_label_32_rand,0.8012295944532107,0.158924462200162,25,0.48952694731461593,0.1630369642007162,0.060378310214375785,0.6278359264497878,0.8897369805117047,0.3721640735502122,0.20733333333333334,0.3721640735502122,False,False,0.8379294784099199,0.4713333333333333,0.512,1000,1500,0.8406066731032429,en,target_fpr,,,0.3619702176403207,-0.1275567296742952,native,0.01,toxicity,encoder_minilm,EXP-007
es,few_label_64_strat,0.9075706428068537,0.084978778922877,25,0.3426254348069511,0.1687728526194667,0.01926860025220681,0.7722206506364921,0.9494598039644692,0.22777934936350777,0.11754666666666667,0.22777934936350777,False,False,0.8379294784099199,0.4713333333333333,0.512,1000,1500,0.8406066731032429,en,target_fpr,,,0.3619702176403207,0.0193447828333696,native,0.01,toxicity,encoder_minilm,EXP-007
es,few_label_64_rand,0.871721691138917,0.11623595766073659,25,0.39343349044235415,0.18815954557010434,0.03334174022698613,0.722093352192362,0.923607154254552,0.27790664780763785,0.14861333333333335,0.27790664780763785,False,False,0.8379294784099199,0.4713333333333333,0.512,1000,1500,0.8406066731032429,en,target_fpr,,,0.3619702176403207,-0.031463272802033426,native,0.01,toxicity,encoder_minilm,EXP-007
es,few_label_128_strat,0.9339421249705684,0.05753684885230099,25,0.28327403837162407,0.17620559068752034,0.011298865069356874,0.8188401697312588,0.9613774308898679,0.1811598302687412,0.09136,0.1811598302687412,False,False,0.8379294784099199,0.4713333333333333,0.512,1000,1500,0.8406066731032429,en,target_fpr,,,0.3619702176403207,0.07869617926869665,native,0.01,toxicity,encoder_minilm,EXP-007
es,few_label_128_rand,0.9096342565091804,0.040088070827259265,25,0.38843751741725663,0.09793064180419069,0.015989911727616647,0.7495898161244695,0.9405411530018506,0.2504101838755304,0.12648,0.2504101838755304,False,False,0.8379294784099199,0.4713333333333333,0.512,1000,1500,0.8406066731032429,en,target_fpr,,,0.3619702176403207,-0.026467299776935904,native,0.01,toxicity,encoder_minilm,EXP-007
es,few_label_256_strat,0.9112251151176419,0.052867258461120836,25,0.3766664448207985,0.10776667645988328,0.015687263556116014,0.7570579915134371,0.9468825234876951,0.24294200848656294,0.12279999999999999,0.24294200848656294,False,False,0.8379294784099199,0.4713333333333333,0.512,1000,1500,0.8406066731032429,en,target_fpr,,,0.3619702176403207,-0.01469622718047775,native,0.01,toxicity,encoder_minilm,EXP-007
es,few_label_256_rand,0.9185231237796982,0.03217859957568424,25,0.37684695977480376,0.0770456779492596,0.01301387137452711,0.7611881188118812,0.9479439619389519,0.2388118811881188,0.11943999999999999,0.2388118811881188,False,False,0.8379294784099199,0.4713333333333333,0.512,1000,1500,0.8406066731032429,en,target_fpr,,,0.3619702176403207,-0.014876742134483034,native,0.01,toxicity,encoder_minilm,EXP-007
es,target_full,0.930177257298706,0.0,1,0.3619702176403207,0.0,0.01008827238335435,0.7765205091937766,0.9518072289156626,0.22347949080622348,0.11066666666666666,0.22347949080622348,False,False,0.8379294784099199,0.4713333333333333,0.512,1000,1500,0.8406066731032429,en,target_fpr,0.32091834038054967,0.3957443538636561,0.3619702176403207,0.0,native,0.01,toxicity,encoder_minilm,EXP-007
es,test_oracle_unachievable,0.9341600214049479,0.0,1,0.34913294797687866,0.0,0.008827238335435058,0.7864214992927864,0.9556962025316456,0.21357850070721357,0.10533333333333333,0.21357850070721357,False,False,0.8379294784099199,0.4713333333333333,0.512,1000,1500,0.8406066731032429,en,target_fpr,,,0.3619702176403207,0.012837269663442064,native,0.01,toxicity,encoder_minilm,EXP-007
fr,fixed_half,0.5,0.0,1,0.8262975778546713,0.0,0.15979381443298968,0.17541436464088397,0.8280166435506241,0.824585635359116,0.4806666666666667,0.824585635359116,False,False,0.9034501908070854,0.4826666666666667,0.517,1000,1500,0.8406066731032429,en,target_fpr,,,0.5141700404858299,-0.31212753736884136,native,0.01,toxicity,encoder_minilm,EXP-007
fr,source_global,0.8406066731032429,0.0,1,0.6939843068875327,0.0,0.03221649484536082,0.45027624309392267,0.9408983451536643,0.5497237569060773,0.282,0.5497237569060773,False,False,0.9034501908070854,0.4826666666666667,0.517,1000,1500,0.8406066731032429,en,target_fpr,0.6649117185500873,0.7258688763623028,0.5141700404858299,-0.17981426640170273,native,0.01,toxicity,encoder_minilm,EXP-007
fr,pooled_global,0.9685827990975551,0.0,1,0.3454545454545454,0.0,0.005154639175257732,0.7900552486187845,0.9743589743589743,0.20994475138121546,0.104,0.20994475138121546,False,False,0.9034501908070854,0.4826666666666667,0.517,1000,1500,0.8406066731032429,en,target_fpr,,,0.5141700404858299,0.16871549503128452,native,0.01,toxicity,encoder_minilm,EXP-007
fr,worstcase_global,0.9896382107439661,0.0,1,0.1264516129032258,0.0,0.002577319587628866,0.9323204419889503,0.9607843137254902,0.06767955801104972,0.034,0.06767955801104972,False,False,0.9034501908070854,0.4826666666666667,0.517,1000,1500,0.8406066731032429,en,target_fpr,,,0.5141700404858299,0.3877184275826041,native,0.01,toxicity,encoder_minilm,EXP-007
fr,quantile_match,0.7426456779539004,0.0,1,0.7646586345381525,0.0,0.05798969072164949,0.3425414364640884,0.9136276391554703,0.6574585635359116,0.3473333333333333,0.6574585635359116,False,False,0.9034501908070854,0.4826666666666667,0.517,1000,1500,0.8406066731032429,en,target_fpr,,,0.5141700404858299,-0.2504885940523226,native,0.01,toxicity,encoder_minilm,EXP-007
fr,sld_em,0.8170291684746774,0.0,1,0.7131914893617021,0.0,0.041237113402061855,0.4212707182320442,0.9290465631929047,0.5787292817679558,0.3006666666666667,0.5787292817679558,False,False,0.9034501908070854,0.4826666666666667,0.517,1000,1500,0.8406066731032429,en,target_fpr,,,0.5141700404858299,-0.19902144887587214,native,0.01,toxicity,encoder_minilm,EXP-007
fr,bbse,0.8910876120243626,0.0,1,0.6156716417910448,0.0,0.023195876288659795,0.5441988950276243,0.9482758620689655,0.4558011049723757,0.232,0.4558011049723757,False,False,0.9034501908070854,0.4826666666666667,0.517,1000,1500,0.8406066731032429,en,target_fpr,,,0.5141700404858299,-0.1015016013052149,native,0.01,toxicity,encoder_minilm,EXP-007
fr,few_label_8_strat,0.6734138305636435,0.17732149171067593,25,0.7335964714035709,0.14128914735495374,0.0997938144329897,0.3339779005524862,0.8818262803233357,0.6660220994475138,0.3730933333333333,0.6660220994475138,False,False,0.9034501908070854,0.4826666666666667,0.517,1000,1500,0.8406066731032429,en,target_fpr,,,0.5141700404858299,-0.21942643091774094,native,0.01,toxicity,encoder_minilm,EXP-007
fr,few_label_8_rand,0.6958820525061359,0.21050103937360054,25,0.7193161160846836,0.12721759606380492,0.10195876288659793,0.3554696132596685,0.8851686321019164,0.6445303867403315,0.36384000000000005,0.6445303867403315,False,False,0.9034501908070854,0.4826666666666667,0.517,1000,1500,0.8406066731032429,en,target_fpr,,,0.5141700404858299,-0.20514607559885367,native,0.01,toxicity,encoder_minilm,EXP-007
fr,few_label_16_strat,0.7440476980290691,0.1336464788167902,25,0.7215171338120879,0.12163372347164107,0.0668041237113402,0.37828729281767964,0.908415190425334,0.6217127071823204,0.33464,0.6217127071823204,False,False,0.9034501908070854,0.4826666666666667,0.517,1000,1500,0.8406066731032429,en,target_fpr,,,0.5141700404858299,-0.207347093326258,native,0.01,toxicity,encoder_minilm,EXP-007
fr,few_label_16_rand,0.7037949134384422,0.19162908558059338,25,0.7150967895827779,0.14272709770391437,0.08958762886597939,0.3639779005524862,0.8910509113024656,0.6360220994475138,0.3533333333333333,0.6360220994475138,False,False,0.9034501908070854,0.4826666666666667,0.517,1000,1500,0.8406066731032429,en,target_fpr,,,0.5141700404858299,-0.20092674909694797,native,0.01,toxicity,encoder_minilm,EXP-007
fr,few_label_32_strat,0.7876200263460105,0.14049940950920814,25,0.6908755789300293,0.09901197149445244,0.05551546391752577,0.4274033149171271,0.920333123647847,0.5725966850828729,0.3050933333333333,0.5725966850828729,False,False,0.9034501908070854,0.4826666666666667,0.517,1000,1500,0.8406066731032429,en,target_fpr,,,0.5141700404858299,-0.17670553844419934,native,0.01,toxicity,encoder_minilm,EXP-007
fr,few_label_32_rand,0.8534726454988831,0.11805908259935587,25,0.5831125561329918,0.1899567367245295,0.03525773195876289,0.5430939226519338,0.9379661414732814,0.45690607734806626,0.23877333333333328,0.45690607734806626,False,False,0.9034501908070854,0.4826666666666667,0.517,1000,1500,0.8406066731032429,en,target_fpr,,,0.5141700404858299,-0.06894251564716192,native,0.01,toxicity,encoder_minilm,EXP-007
fr,few_label_64_strat,0.8471680204081493,0.09468777645382614,25,0.6192330620385474,0.15432181996386768,0.0345360824742268,0.5138674033149172,0.9385991533363122,0.48613259668508285,0.25250666666666666,0.48613259668508285,False,False,0.9034501908070854,0.4826666666666667,0.517,1000,1500,0.8406066731032429,en,target_fpr,,,0.5141700404858299,-0.10506302155271752,native,0.01,toxicity,encoder_minilm,EXP-007
fr,few_label_64_rand,0.8645031418554122,0.07705270204902555,25,0.608954021261606,0.14174519804756963,0.029381443298969075,0.5313259668508288,0.94413173051185,0.4686740331491713,0.24141333333333337,0.4686740331491713,False,False,0.9034501908070854,0.4826666666666667,0.517,1000,1500,0.8406066731032429,en,target_fpr,,,0.5141700404858299,-0.0947839807757761,native,0.01,toxicity,encoder_minilm,EXP-007
fr,few_label_128_strat,0.9187405068265952,0.07520505484845917,25,0.45214818267958,0.19356097957872495,0.01737113402061856,0.6778453038674034,0.9558339962357078,0.32215469613259673,0.16448000000000002,0.32215469613259673,False,False,0.9034501908070854,0.4826666666666667,0.517,1000,1500,0.8406066731032429,en,target_fpr,,,0.5141700404858299,0.062021857806249914,native,0.01,toxicity,encoder_minilm,EXP-007
fr,few_label_128_rand,0.919116824679912,0.04952416548979028,25,0.5047208399388124,0.14345696969267702,0.016082474226804123,0.6427624309392266,0.9593073342477628,0.3572375690607735,0.18074666666666667,0.3572375690607735,False,False,0.9034501908070854,0.4826666666666667,0.517,1000,1500,0.8406066731032429,en,target_fpr,,,0.5141700404858299,0.009449200547017478,native,0.01,toxicity,encoder_minilm,EXP-007
fr,few_label_256_strat,0.9270959196788094,0.030793382706397397,25,0.5063132017270662,0.09216724413849622,0.0138659793814433,0.6503867403314917,0.9612591154750639,0.3496132596685083,0.17592000000000002,0.3496132596685083,False,False,0.9034501908070854,0.4826666666666667,0.517,1000,1500,0.8406066731032429,en,target_fpr,,,0.5141700404858299,0.007856838758763751,native,0.01,toxicity,encoder_minilm,EXP-007
fr,few_label_256_rand,0.9278504878826402,0.02316046740669824,25,0.5107460393715203,0.07857268614519011,0.013556701030927836,0.6480662983425414,0.9614549011439335,0.35193370165745863,0.17687999999999998,0.35193370165745863,False,False,0.9034501908070854,0.4826666666666667,0.517,1000,1500,0.8406066731032429,en,target_fpr,,,0.5141700404858299,0.003424001114309627,native,0.01,toxicity,encoder_minilm,EXP-007
fr,target_full,0.9312751771480016,0.0,1,0.5141700404858299,0.0,0.01288659793814433,0.649171270718232,0.9621212121212122,0.35082872928176795,0.176,0.35082872928176795,False,False,0.9034501908070854,0.4826666666666667,0.517,1000,1500,0.8406066731032429,en,target_fpr,0.47683942905869453,0.5533003798480608,0.5141700404858299,0.0,native,0.01,toxicity,encoder_minilm,EXP-007
fr,test_oracle_unachievable,0.9565326403159045,0.0,1,0.41774891774891776,0.0,0.00902061855670103,0.7334254143646409,0.965,0.26657458563535913,0.13333333333333333,0.26657458563535913,False,False,0.9034501908070854,0.4826666666666667,0.517,1000,1500,0.8406066731032429,en,target_fpr,,,0.5141700404858299,0.09642112273691217,native,0.01,toxicity,encoder_minilm,EXP-007
he,fixed_half,0.5,0.0,1,0.6067019400352733,0.0,0.43783783783783786,0.26180257510729615,0.5149700598802395,0.7381974248927039,0.5538971807628524,0.7381974248927039,False,False,0.7037002667903955,0.3864013266998342,0.43283582089552236,402,603,0.8406066731032429,en,target_fpr,,,0.17692307692307693,-0.4297788631121964,native,0.01,toxicity,encoder_minilm,EXP-007
he,source_global,0.8406066731032429,0.0,1,0.5148514851485149,0.0,0.1810810810810811,0.5536480686695279,0.6081871345029239,0.44635193133047213,0.2835820895522388,0.44635193133047213,False,False,0.7037002667903955,0.3864013266998342,0.43283582089552236,402,603,0.8406066731032429,en,target_fpr,0.45691760176296264,0.5782352262718617,0.17692307692307693,-0.3379284082254379,native,0.01,toxicity,encoder_minilm,EXP-007
he,pooled_global,0.9654657233547931,0.0,1,0.35099337748344367,0.0,0.043243243243243246,0.7725321888412017,0.7681159420289855,0.22746781115879827,0.11442786069651742,0.22746781115879827,False,False,0.7037002667903955,0.3864013266998342,0.43283582089552236,402,603,0.8406066731032429,en,target_fpr,,,0.17692307692307693,-0.17407030056036674,native,0.01,toxicity,encoder_minilm,EXP-007
he,worstcase_global,0.9871755001425042,0.0,1,0.20300751879699247,0.0,0.016216216216216217,0.8841201716738197,0.8181818181818182,0.11587982832618025,0.05472636815920398,0.11587982832618025,False,False,0.7037002667903955,0.3864013266998342,0.43283582089552236,402,603,0.8406066731032429,en,target_fpr,,,0.17692307692307693,-0.026084441873915537,native,0.01,toxicity,encoder_minilm,EXP-007
he,quantile_match,0.8126741150292793,0.0,1,0.5361305361305362,0.0,0.21891891891891893,0.5064377682403434,0.5867346938775511,0.49356223175965663,0.3250414593698176,0.49356223175965663,False,False,0.7037002667903955,0.3864013266998342,0.43283582089552236,402,603,0.8406066731032429,en,target_fpr,,,0.17692307692307693,-0.3592074592074592,native,0.01,toxicity,encoder_minilm,EXP-007
he,sld_em,0.6950053358905525,0.0,1,0.5590062111801243,0.0,0.3108108108108108,0.4206008583690987,0.54,0.5793991416309013,0.41459369817578773,0.5793991416309013,False,False,0.7037002667903955,0.3864013266998342,0.43283582089552236,402,603,0.8406066731032429,en,target_fpr,,,0.17692307692307693,-0.3820831342570473,native,0.01,toxicity,encoder_minilm,EXP-007
he,bbse,0.8631870507779422,0.0,1,0.5128205128205128,0.0,0.15405405405405406,0.5708154506437768,0.6369426751592356,0.4291845493562232,0.2603648424543947,0.4291845493562232,False,False,0.7037002667903955,0.3864013266998342,0.43283582089552236,402,603,0.8406066731032429,en,target_fpr,,,0.17692307692307693,-0.3358974358974358,native,0.01,toxicity,encoder_minilm,EXP-007
he,few_label_8_strat,0.8966113037303896,0.09877054115312181,25,0.3798149945461911,0.16889235752393914,0.11459459459459459,0.6909871244635193,0.7034585890053022,0.30901287553648066,0.18971807628524048,0.30901287553648066,False,False,0.7037002667903955,0.3864013266998342,0.43283582089552236,402,603,0.8406066731032429,en,target_fpr,,,0.17692307692307693,-0.20289191762311418,native,0.01,toxicity,encoder_minilm,EXP-007
he,few_label_8_rand,0.8701628834478339,0.126510292160849,25,0.4206398882744597,0.15538031404106817,0.13675675675675675,0.6458369098712446,0.6809095847823556,0.35416309012875535,0.22076285240464344,0.35416309012875535,False,False,0.7037002667903955,0.3864013266998342,0.43283582089552236,402,603,0.8406066731032429,en,target_fpr,,,0.17692307692307693,-0.24371681135138276,native,0.01,toxicity,encoder_minilm,EXP-007
he,few_label_16_strat,0.9308387910419349,0.0810407808604819,25,0.3449008557657882,0.14089689370505937,0.07686486486486487,0.744549356223176,0.7500706730499506,0.255450643776824,0.14587064676616915,0.255450643776824,False,False,0.7037002667903955,0.3864013266998342,0.43283582089552236,402,603,0.8406066731032429,en,target_fpr,,,0.17692307692307693,-0.16797777884271128,native,0.01,toxicity,encoder_minilm,EXP-007
he,few_label_16_rand,0.9376762013502541,0.06402096827904605,25,0.35297376010040116,0.13302711556785357,0.0718918918918919,0.7436909871244636,0.7470115762786257,0.2563090128755365,0.143150912106136,0.2563090128755365,False,False,0.7037002667903955,0.3864013266998342,0.43283582089552236,402,603,0.8406066731032429,en,target_fpr,,,0.17692307692307693,-0.17605068317732422,native,0.01,toxicity,encoder_minilm,EXP-007
he,few_label_32_strat,0.9620938710274725,0.036348328523959764,25,0.30518118800571564,0.12661568125128522,0.045297297297297305,0.7953648068669529,0.7782344048158386,0.20463519313304718,0.10686567164179105,0.20463519313304718,False,False,0.7037002667903955,0.3864013266998342,0.43283582089552236,402,603,0.8406066731032429,en,target_fpr,,,0.17692307692307693,-0.1282581110826387,native,0.01,toxicity,encoder_minilm,EXP-007
he,few_label_32_rand,0.9688122664850405,0.03127050660752545,25,0.2730415752234897,0.12218285752571187,0.03545945945945946,0.8223175965665236,0.8055634693791085,0.17768240343347638,0.09041459369817581,0.17768240343347638,False,False,0.7037002667903955,0.3864013266998342,0.43283582089552236,402,603,0.8406066731032429,en,target_fpr,,,0.17692307692307693,-0.09611849830041277,native,0.01,toxicity,encoder_minilm,EXP-007
he,few_label_64_strat,0.9787683384903285,0.027540827903681484,25,0.1991562599386103,0.13730287066576224,0.024216216216216217,0.8738197424892704,0.8295813587102159,0.1261802575107296,0.06361525704809287,0.1261802575107296,False,False,0.7037002667903955,0.3864013266998342,0.43283582089552236,402,603,0.8406066731032429,en,target_fpr,,,0.17692307692307693,-0.02223318301553337,native,0.01,toxicity,encoder_minilm,EXP-007
he,few_label_64_rand,0.9860136179986657,0.010832086323608721,25,0.18573742711587735,0.09700985077678781,0.015243243243243243,0.8904721030042918,0.8489208338142775,0.10952789699570817,0.05167495854063018,0.10952789699570817,False,False,0.7037002667903955,0.3864013266998342,0.43283582089552236,402,603,0.8406066731032429,en,target_fpr,,,0.17692307692307693,-0.008814350192800413,native,0.01,toxicity,encoder_minilm,EXP-007
he,few_label_128_strat,0.9880903217713138,0.006875460076557376,25,0.17125725883810847,0.08845953656347656,0.012864864864864867,0.9011158798283263,0.846652353794669,0.09888412017167383,0.046102819237147596,0.09888412017167383,False,False,0.7037002667903955,0.3864013266998342,0.43283582089552236,402,603,0.8406066731032429,en,target_fpr,,,0.17692307692307693,0.005665818084968466,native,0.01,toxicity,encoder_minilm,EXP-007
he,few_label_128_rand,0.9909748690272564,0.008053643175615362,25,0.12477912242615895,0.09530720501729462,0.009297297297297297,0.9285836909871245,0.8652850927850929,0.07141630901287555,0.033300165837479266,0.07141630901287555,False,False,0.7037002667903955,0.3864013266998342,0.43283582089552236,402,603,0.8406066731032429,en,target_fpr,,,0.17692307692307693,0.052143954496917985,native,0.01,toxicity,encoder_minilm,EXP-007
he,few_label_256_strat,0.9856741567151502,0.006029890139118799,25,0.2012000549169607,0.059508308314878904,0.015459459459459462,0.8836051502145922,0.8379405077857089,0.11639484978540773,0.054461028192371475,0.11639484978540773,False,False,0.7037002667903955,0.3864013266998342,0.43283582089552236,402,603,0.8406066731032429,en,target_fpr,,,0.17692307692307693,-0.024276977993883758,native,0.01,toxicity,encoder_minilm,EXP-007
he,few_label_256_rand,0.9886775399455174,0.003268703723936454,25,0.17158286086133523,0.04163011331402116,0.011135135135135137,0.9036909871244636,0.8547903087033523,0.09630901287553648,0.04404643449419568,0.09630901287553648,False,False,0.7037002667903955,0.3864013266998342,0.43283582089552236,402,603,0.8406066731032429,en,target_fpr,,,0.17692307692307693,0.005340216061741704,native,0.01,toxicity,encoder_minilm,EXP-007
he,target_full,0.9896382107439661,0.0,1,0.17692307692307693,0.0,0.010810810810810811,0.9012875536480687,0.8518518518518519,0.09871244635193133,0.04477611940298507,0.09871244635193133,False,False,0.7037002667903955,0.3864013266998342,0.43283582089552236,402,603,0.8406066731032429,en,target_fpr,0.12213274995345373,0.24495080900886254,0.17692307692307693,0.0,native,0.01,toxicity,encoder_minilm,EXP-007
he,test_oracle_unachievable,0.9906164459549347,0.0,1,0.17054263565891473,0.0,0.008108108108108109,0.9055793991416309,0.88,0.0944206008583691,0.04145936981757877,0.0944206008583691,False,False,0.7037002667903955,0.3864013266998342,0.43283582089552236,402,603,0.8406066731032429,en,target_fpr,,,0.17692307692307693,0.006380441264162207,native,0.01,toxicity,encoder_minilm,EXP-007
hi,fixed_half,0.5,0.0,1,0.6378466557911908,0.0,0.11214953271028037,0.4793608521970706,0.8231578947368421,0.5206391478029294,0.31666666666666665,0.5206391478029294,False,False,0.8242983543081854,0.5006666666666667,0.519,1000,1500,0.8406066731032429,en,target_fpr,,,0.37808807733619765,-0.25975857845499317,native,0.01,toxicity,encoder_minilm,EXP-007
hi,source_global,0.8406066731032429,0.0,1,0.37108953613807977,0.0,0.0053404539385847796,0.7709720372836218,0.9772727272727273,0.22902796271637815,0.11733333333333333,0.22902796271637815,False,False,0.8242983543081854,0.5006666666666667,0.519,1000,1500,0.8406066731032429,en,target_fpr,0.32184267138022227,0.41092617073268445,0.37808807733619765,0.00699854119811788,native,0.01,toxicity,encoder_minilm,EXP-007
hi,pooled_global,0.9692579855785124,0.0,1,0.145679012345679,0.0,0.0,0.9214380825565912,1.0,0.07856191744340879,0.03933333333333333,0.07856191744340879,False,False,0.8242983543081854,0.5006666666666667,0.519,1000,1500,0.8406066731032429,en,target_fpr,,,0.37808807733619765,0.23240906499051864,native,0.01,toxicity,encoder_minilm,EXP-007
hi,worstcase_global,0.9896382107439661,0.0,1,0.06692406692406692,0.0,0.0,0.9653794940079894,1.0,0.03462050599201065,0.017333333333333333,0.03462050599201065,False,False,0.8242983543081854,0.5006666666666667,0.519,1000,1500,0.8406066731032429,en,target_fpr,,,0.37808807733619765,0.3111640104121307,native,0.01,toxicity,encoder_minilm,EXP-007
hi,quantile_match,0.420099294365056,0.0,1,0.6844106463878327,0.0,0.15220293724966621,0.4007989347536618,0.7978723404255319,0.5992010652463382,0.376,0.5992010652463382,False,False,0.8242983543081854,0.5006666666666667,0.519,1000,1500,0.8406066731032429,en,target_fpr,,,0.37808807733619765,-0.306322569051635,native,0.01,toxicity,encoder_minilm,EXP-007
hi,sld_em,0.9491140819349857,0.0,1,0.2054958183990442,0.0,0.0,0.8854860186418109,1.0,0.11451398135818908,0.05733333333333333,0.11451398135818908,False,False,0.8242983543081854,0.5006666666666667,0.519,1000,1500,0.8406066731032429,en,target_fpr,,,0.37808807733619765,0.17259225893715344,native,0.01,toxicity,encoder_minilm,EXP-007
hi,bbse,0.9690145005307913,0.0,1,0.14796547472256474,0.0,0.0,0.9201065246338216,1.0,0.07989347536617843,0.04,0.07989347536617843,False,False,0.8242983543081854,0.5006666666666667,0.519,1000,1500,0.8406066731032429,en,target_fpr,,,0.37808807733619765,0.2301226026136329,native,0.01,toxicity,encoder_minilm,EXP-007
hi,few_label_8_strat,0.5476482213436517,0.2222808463632484,25,0.5854606185528504,0.13944352269910948,0.12213618157543392,0.5063115845539281,0.8522687807306145,0.49368841544607195,0.30816,0.49368841544607195,False,False,0.8242983543081854,0.5006666666666667,0.519,1000,1500,0.8406066731032429,en,target_fpr,,,0.37808807733619765,-0.20737254121665272,native,0.01,toxicity,encoder_minilm,EXP-007
hi,few_label_8_rand,0.5211690061888501,0.2363261445394141,25,0.5982406811063575,0.14011536349739093,0.1439252336448598,0.47973368841544606,0.8420694900030885,0.520266311584554,0.3323466666666666,0.520266311584554,False,False,0.8242983543081854,0.5006666666666667,0.519,1000,1500,0.8406066731032429,en,target_fpr,,,0.37808807733619765,-0.22015260377015988,native,0.01,toxicity,encoder_minilm,EXP-007
hi,few_label_16_strat,0.6292658686420876,0.17434925646076693,25,0.5444982083869888,0.12611445040879682,0.07102803738317758,0.5811984021304927,0.8891971439750358,0.41880159786950727,0.24514666666666668,0.41880159786950727,False,False,0.8242983543081854,0.5006666666666667,0.519,1000,1500,0.8406066731032429,en,target_fpr,,,0.37808807733619765,-0.16641013105079117,native,0.01,toxicity,encoder_minilm,EXP-007
hi,few_label_16_rand,0.6517406475542787,0.20112443678009279,25,0.5229517070493973,0.12357494735732542,0.0764218958611482,0.596537949400799,0.8986341147635593,0.40346205059920104,0.24016,0.40346205059920104,False,False,0.8242983543081854,0.5006666666666667,0.519,1000,1500,0.8406066731032429,en,target_fpr,,,0.37808807733619765,-0.14486362971319966,native,0.01,toxicity,encoder_minilm,EXP-007
hi,few_label_32_strat,0.6964540398880118,0.16607683024484848,25,0.4916733244432473,0.14129633846628573,0.04656875834445929,0.6410119840213049,0.9194812168100355,0.35898801597869506,0.2029866666666667,0.35898801597869506,False,False,0.8242983543081854,0.5006666666666667,0.519,1000,1500,0.8406066731032429,en,target_fpr,,,0.37808807733619765,-0.11358524710704965,native,0.01,toxicity,encoder_minilm,EXP-007
hi,few_label_32_rand,0.7198912441950409,0.19816324298247256,25,0.45447399769788044,0.16957348587491977,0.048170894526034715,0.6665246338215712,0.9244872521610717,0.33347536617842877,0.19101333333333337,0.33347536617842877,False,False,0.8242983543081854,0.5006666666666667,0.519,1000,1500,0.8406066731032429,en,target_fpr,,,0.37808807733619765,-0.07638592036168279,native,0.01,toxicity,encoder_minilm,EXP-007
hi,few_label_64_strat,0.7741037758945863,0.13297733584622365,25,0.4294494257788397,0.11583794876760821,0.025046728971962615,0.7082290279627164,0.9506758332191337,0.2917709720372836,0.15858666666666665,0.2917709720372836,False,False,0.8242983543081854,0.5006666666666667,0.519,1000,1500,0.8406066731032429,en,target_fpr,,,0.37808807733619765,-0.05136134844264206,native,0.01,toxicity,encoder_minilm,EXP-007
hi,few_label_64_rand,0.7677383781669656,0.11339449004899307,25,0.4404936650312663,0.11122351537781196,0.021468624833110815,0.7026364846870838,0.9503686553754435,0.2973635153129161,0.1596,0.2973635153129161,False,False,0.8242983543081854,0.5006666666666667,0.519,1000,1500,0.8406066731032429,en,target_fpr,,,0.37808807733619765,-0.062405587695068654,native,0.01,toxicity,encoder_minilm,EXP-007
hi,few_label_128_strat,0.8194103221456028,0.06020394186809823,25,0.39583174450667896,0.07760448427933594,0.008651535380507345,0.7479094540612516,0.9711597515848822,0.25209054593874836,0.13053333333333333,0.25209054593874836,False,False,0.8242983543081854,0.5006666666666667,0.519,1000,1500,0.8406066731032429,en,target_fpr,,,0.37808807733619765,-0.017743667170481314,native,0.01,toxicity,encoder_minilm,EXP-007
hi,few_label_128_rand,0.8489058233837238,0.07127153796871283,25,0.35483165865961935,0.09587159512266448,0.006355140186915888,0.7783222370173101,0.9789454753530736,0.22167776298268976,0.11416,0.22167776298268976,False,False,0.8242983543081854,0.5006666666666667,0.519,1000,1500,0.8406066731032429,en,target_fpr,,,0.37808807733619765,0.023256418676578294,native,0.01,toxicity,encoder_minilm,EXP-007
hi,few_label_256_strat,0.8378264814385287,0.049383145701636,25,0.3737416767935045,0.0658578010670088,0.006248331108144193,0.7664980026631159,0.9772404676013444,0.23350199733688418,0.12002666666666667,0.23350199733688418,False,False,0.8242983543081854,0.5006666666666667,0.519,1000,1500,0.8406066731032429,en,target_fpr,,,0.37808807733619765,0.004346400542693141,native,0.01,toxicity,encoder_minilm,EXP-007
hi,few_label_256_rand,0.8354504466047377,0.044995584911568916,25,0.3788399697075661,0.06034414813129339,0.006408544726301736,0.7629294274300933,0.9764104439319855,0.2370705725699068,0.12189333333333334,0.2370705725699068,False,False,0.8242983543081854,0.5006666666666667,0.519,1000,1500,0.8406066731032429,en,target_fpr,,,0.37808807733619765,-0.0007518923713684678,native,0.01,toxicity,encoder_minilm,EXP-007
hi,target_full,0.8368084746495704,0.0,1,0.37808807733619765,0.0,0.0053404539385847796,0.7656458055925432,0.9777777777777777,0.23435419440745672,0.12,0.23435419440745672,False,False,0.8242983543081854,0.5006666666666667,0.519,1000,1500,0.8406066731032429,en,target_fpr,0.3444426048565121,0.41330114362154724,0.37808807733619765,0.0,native,0.01,toxicity,encoder_minilm,EXP-007
hi,test_oracle_unachievable,0.7948256195784754,0.0,1,0.43711340206185567,0.0,0.009345794392523364,0.7177097203728362,0.9680365296803652,0.2822902796271638,0.146,0.2822902796271638,False,False,0.8242983543081854,0.5006666666666667,0.519,1000,1500,0.8406066731032429,en,target_fpr,,,0.37808807733619765,-0.059025324725658024,native,0.01,toxicity,encoder_minilm,EXP-007
hin,fixed_half,0.5,0.0,1,0.3638320775026911,0.0,0.13971742543171115,0.7481371087928465,0.6550387596899225,0.2518628912071535,0.19724770642201836,0.2518628912071535,False,False,0.5787713457502685,0.5129969418960245,0.4868270332187858,873,1308,0.8406066731032429,en,target_fpr,,,0.03498542274052478,-0.3288466547621663,native,0.01,toxicity,encoder_minilm,EXP-007
hin,source_global,0.8406066731032429,0.0,1,0.13568521031207598,0.0,0.02511773940345369,0.9254843517138599,0.7575757575757576,0.07451564828614009,0.05045871559633028,0.07451564828614009,False,False,0.5787713457502685,0.5129969418960245,0.4868270332187858,873,1308,0.8406066731032429,en,target_fpr,0.10220427120341821,0.17146384479717813,0.03498542274052478,-0.1006997875715512,native,0.01,toxicity,encoder_minilm,EXP-007
hin,pooled_global,0.9683363062112886,0.0,1,0.023494860499265784,0.0,0.0031397174254317113,0.9880774962742176,0.8,0.011922503725782414,0.00764525993883792,0.011922503725782414,True,False,0.5787713457502685,0.5129969418960245,0.4868270332187858,873,1308,0.8406066731032429,en,target_fpr,,,0.03498542274052478,0.011490562241258998,native,0.01,toxicity,encoder_minilm,EXP-007
hin,worstcase_global,0.9896382107439661,0.0,1,0.005943536404160476,0.0,0.0,0.9970193740685543,1.0,0.0029806259314456036,0.0015290519877675841,0.0029806259314456036,True,False,0.5787713457502685,0.5129969418960245,0.4868270332187858,873,1308,0.8406066731032429,en,target_fpr,,,0.03498542274052478,0.029041886336364307,native,0.01,toxicity,encoder_minilm,EXP-007
hin,quantile_match,0.2511304202988388,0.0,1,0.48738033072236725,0.0,0.3108320251177394,0.5827123695976155,0.5857740585774058,0.4172876304023845,0.3654434250764526,0.4172876304023845,False,False,0.5787713457502685,0.5129969418960245,0.4868270332187858,873,1308,0.8406066731032429,en,target_fpr,,,0.03498542274052478,-0.45239490798184245,native,0.01,toxicity,encoder_minilm,EXP-007
hin,sld_em,0.9881729709810024,0.0,1,0.008902077151335312,0.0,0.0,0.9955290611028316,1.0,0.004470938897168405,0.0022935779816513763,0.004470938897168405,True,False,0.5787713457502685,0.5129969418960245,0.4868270332187858,873,1308,0.8406066731032429,en,target_fpr,,,0.03498542274052478,0.02608334558918947,native,0.01,toxicity,encoder_minilm,EXP-007
hin,bbse,0.9827805067704262,0.0,1,0.011834319526627219,0.0,0.0015698587127158557,0.9940387481371088,0.8,0.005961251862891207,0.00382262996941896,0.005961251862891207,True,False,0.5787713457502685,0.5129969418960245,0.4868270332187858,873,1308,0.8406066731032429,en,target_fpr,,,0.03498542274052478,0.023151103213897566,native,0.01,toxicity,encoder_minilm,EXP-007
hin,few_label_8_strat,0.5206961291881065,0.2446251111744904,25,0.3394075451147072,0.15640253444212643,0.18737833594976455,0.7288226527570789,0.6544187646944664,0.27117734724292103,0.2303669724770642,0.27117734724292103,False,False,0.5787713457502685,0.5129969418960245,0.4868270332187858,873,1308,0.8406066731032429,en,target_fpr,,,0.03498542274052478,-0.3044221223741824,native,0.01,toxicity,encoder_minilm,EXP-007
hin,few_label_8_rand,0.5056955761986953,0.2873862629078217,25,0.3420894349207147,0.18457139164728806,0.20477237048665617,0.715171385991058,0.6618605618957659,0.2848286140089419,0.2458409785932722,0.2848286140089419,False,False,0.5787713457502685,0.5129969418960245,0.4868270332187858,873,1308,0.8406066731032429,en,target_fpr,,,0.03498542274052478,-0.3071040121801899,native,0.01,toxicity,encoder_minilm,EXP-007
hin,few_label_16_strat,0.7465410410916212,0.22621955508853925,25,0.18794765868853905,0.14859289837149478,0.07428571428571429,0.8712369597615499,0.7201420152255308,0.1287630402384501,0.10223241590214067,0.1287630402384501,False,False,0.5787713457502685,0.5129969418960245,0.4868270332187858,873,1308,0.8406066731032429,en,target_fpr,,,0.03498542274052478,-0.15296223594801428,native,0.01,toxicity,encoder_minilm,EXP-007
hin,few_label_16_rand,0.7129008332079617,0.2526327224722087,25,0.20682992317056734,0.1673292340181002,0.08627943485086341,0.8540685543964232,0.7183867081800586,0.14593144560357676,0.11688073394495413,0.14593144560357676,False,False,0.5787713457502685,0.5129969418960245,0.4868270332187858,873,1308,0.8406066731032429,en,target_fpr,,,0.03498542274052478,-0.17184450043004257,native,0.01,toxicity,encoder_minilm,EXP-007
hin,few_label_32_strat,0.8482066303885936,0.10172690948096588,25,0.12296942950602134,0.07731842147270553,0.0304552590266876,0.9295380029806259,0.7579827096208234,0.07046199701937407,0.05097859327217125,0.07046199701937407,False,False,0.5787713457502685,0.5129969418960245,0.4868270332187858,873,1308,0.8406066731032429,en,target_fpr,,,0.03498542274052478,-0.08798400676549656,native,0.01,toxicity,encoder_minilm,EXP-007
hin,few_label_32_rand,0.8360379854855401,0.14254599845001176,25,0.12687491933868755,0.10257918827914296,0.037174254317111466,0.9238748137108793,0.760010964096975,0.07612518628912071,0.05715596330275229,0.07612518628912071,False,False,0.5787713457502685,0.5129969418960245,0.4868270332187858,873,1308,0.8406066731032429,en,target_fpr,,,0.03498542274052478,-0.09188949659816277,native,0.01,toxicity,encoder_minilm,EXP-007
hin,few_label_64_strat,0.8960891066562187,0.10265518031809755,25,0.08445309490166204,0.08120053685487737,0.019152276295133438,0.951833084947839,0.7966578650403389,0.048166915052160954,0.03403669724770642,0.048166915052160954,False,False,0.5787713457502685,0.5129969418960245,0.4868270332187858,873,1308,0.8406066731032429,en,target_fpr,,,0.03498542274052478,-0.04946767216113726,native,0.01,toxicity,encoder_minilm,EXP-007
hin,few_label_64_rand,0.9265746211850525,0.057879701061575896,25,0.05865915543897256,0.0497297358565544,0.01054945054945055,0.9684649776453056,0.8089039707715441,0.03153502235469449,0.021314984709480123,0.03153502235469449,False,False,0.5787713457502685,0.5129969418960245,0.4868270332187858,873,1308,0.8406066731032429,en,target_fpr,,,0.03498542274052478,-0.023673732698447775,native,0.01,toxicity,encoder_minilm,EXP-007
hin,few_label_128_strat,0.9533981358927186,0.065855822687295,25,0.03453824367596023,0.05141441253281644,0.006781789638932496,0.9811028315946347,0.8458021751210606,0.018897168405365126,0.012996941896024466,0.018897168405365126,False,False,0.5787713457502685,0.5129969418960245,0.4868270332187858,873,1308,0.8406066731032429,en,target_fpr,,,0.03498542274052478,0.00044717906456455403,native,0.01,toxicity,encoder_minilm,EXP-007
hin,few_label_128_rand,0.9535848578810844,0.03374866504949925,25,0.035717512354733014,0.02965842666262451,0.005400313971742543,0.9814008941877793,0.8313565542158894,0.018599105812220563,0.012171253822629971,0.018599105812220563,False,False,0.5787713457502685,0.5129969418960245,0.4868270332187858,873,1308,0.8406066731032429,en,target_fpr,,,0.03498542274052478,-0.0007320896142082312,native,0.01,toxicity,encoder_minilm,EXP-007
hin,few_label_256_strat,0.9292603065306776,0.038528377223771546,25,0.05716997971819736,0.035834929400601435,0.008916797488226061,0.9698360655737704,0.7987051613451654,0.030163934426229506,0.01981651376146789,0.030163934426229506,False,False,0.5787713457502685,0.5129969418960245,0.4868270332187858,873,1308,0.8406066731032429,en,target_fpr,,,0.03498542274052478,-0.022184556977672576,native,0.01,toxicity,encoder_minilm,EXP-007
hin,few_label_256_rand,0.945566724119238,0.028205156460990508,25,0.04311234280017667,0.026374220427332493,0.006216640502354788,0.977585692995529,0.8157920647487212,0.022414307004470942,0.014525993883792047,0.022414307004470942,False,False,0.5787713457502685,0.5129969418960245,0.4868270332187858,873,1308,0.8406066731032429,en,target_fpr,,,0.03498542274052478,-0.00812692005965189,native,0.01,toxicity,encoder_minilm,EXP-007
hin,target_full,0.9539591880215549,0.0,1,0.03498542274052478,0.0,0.004709576138147566,0.9821162444113264,0.8,0.01788375558867362,0.011467889908256881,0.01788375558867362,False,False,0.5787713457502685,0.5129969418960245,0.4868270332187858,873,1308,0.8406066731032429,en,target_fpr,0.01777450980392157,0.05650520030816641,0.03498542274052478,0.0,native,0.01,toxicity,encoder_minilm,EXP-007
hin,test_oracle_unachievable,0.9198543435910569,0.0,1,0.0794326241134752,0.0,0.009419152276295133,0.9582712369597616,0.8235294117647058,0.041728763040238454,0.02599388379204893,0.041728763040238454,False,False,0.5787713457502685,0.5129969418960245,0.4868270332187858,873,1308,0.8406066731032429,en,target_fpr,,,0.03498542274052478,-0.04444720137295041,native,0.01,toxicity,encoder_minilm,EXP-007
it,fixed_half,0.5,0.0,1,0.6491103202846975,0.0,0.2825520833333333,0.3770491803278688,0.6775631500742942,0.6229508196721312,0.44866666666666666,0.6229508196721312,False,False,0.7182145804872495,0.488,0.497,1000,1500,0.8406066731032429,en,target_fpr,,,0.19244823386114493,-0.45666208642355255,native,0.01,toxicity,encoder_minilm,EXP-007
it,source_global,0.8406066731032429,0.0,1,0.3983656792645557,0.0,0.06770833333333333,0.7336065573770492,0.7894736842105263,0.26639344262295084,0.16466666666666666,0.26639344262295084,False,False,0.7182145804872495,0.488,0.497,1000,1500,0.8406066731032429,en,target_fpr,0.36171364607713447,0.4355736960827465,0.19244823386114493,-0.20591744540341075,native,0.01,toxicity,encoder_minilm,EXP-007
it,pooled_global,0.9684393151459141,0.0,1,0.14805520702634883,0.0,0.0078125,0.9193989071038251,0.9076923076923077,0.08060109289617487,0.043333333333333335,0.08060109289617487,False,False,0.7182145804872495,0.488,0.497,1000,1500,0.8406066731032429,en,target_fpr,,,0.19244823386114493,0.044393026834796095,native,0.01,toxicity,encoder_minilm,EXP-007
it,worstcase_global,0.9896382107439661,0.0,1,0.037383177570093455,0.0,0.00390625,0.9808743169398907,0.8235294117647058,0.01912568306010929,0.011333333333333334,0.01912568306010929,False,False,0.7182145804872495,0.488,0.497,1000,1500,0.8406066731032429,en,target_fpr,,,0.19244823386114493,0.15506505629105147,native,0.01,toxicity,encoder_minilm,EXP-007
it,quantile_match,0.6095235883187429,0.0,1,0.5843949044585988,0.0,0.20442708333333334,0.49863387978142076,0.700381679389313,0.5013661202185792,0.34933333333333333,0.5013661202185792,False,False,0.7182145804872495,0.488,0.497,1000,1500,0.8406066731032429,en,target_fpr,,,0.19244823386114493,-0.3919466705974538,native,0.01,toxicity,encoder_minilm,EXP-007
it,sld_em,0.8756617898851635,0.0,1,0.3540772532188841,0.0,0.045572916666666664,0.7745901639344263,0.825,0.22540983606557377,0.13333333333333333,0.22540983606557377,False,False,0.7182145804872495,0.488,0.497,1000,1500,0.8406066731032429,en,target_fpr,,,0.19244823386114493,-0.16162901935773918,native,0.01,toxicity,encoder_minilm,EXP-007
it,bbse,0.946960779291425,0.0,1,0.21770334928229665,0.0,0.016927083333333332,0.8756830601092896,0.875,0.12431693989071038,0.06933333333333333,0.12431693989071038,False,False,0.7182145804872495,0.488,0.497,1000,1500,0.8406066731032429,en,target_fpr,,,0.19244823386114493,-0.02525511542115172,native,0.01,toxicity,encoder_minilm,EXP-007
it,few_label_8_strat,0.7517968841270699,0.17021901197038997,25,0.4421769592591493,0.15364262411798127,0.12369791666666666,0.6520765027322405,0.7719450891727502,0.3479234972677595,0.23312000000000002,0.3479234972677595,False,False,0.7182145804872495,0.488,0.497,1000,1500,0.8406066731032429,en,target_fpr,,,0.19244823386114493,-0.24972872539800436,native,0.01,toxicity,encoder_minilm,EXP-007
it,few_label_8_rand,0.6464191332980647,0.23207221211094295,25,0.5109283608622142,0.13238034755675324,0.20567708333333332,0.5491803278688525,0.7301895330590914,0.4508196721311475,0.32530666666666663,0.4508196721311475,False,False,0.7182145804872495,0.488,0.497,1000,1500,0.8406066731032429,en,target_fpr,,,0.19244823386114493,-0.3184801270010692,native,0.01,toxicity,encoder_minilm,EXP-007
it,few_label_16_strat,0.8335071691346233,0.12920991446311605,25,0.3631902566985648,0.14635052857605813,0.07380208333333334,0.7418579234972679,0.8098213617912816,0.25814207650273224,0.16376,0.25814207650273224,False,False,0.7182145804872495,0.488,0.497,1000,1500,0.8406066731032429,en,target_fpr,,,0.19244823386114493,-0.17074202283741988,native,0.01,toxicity,encoder_minilm,EXP-007
it,few_label_16_rand,0.7963954654937508,0.17497632207648448,25,0.38153688125885954,0.18511894358768965,0.09927083333333334,0.7062841530054643,0.7971977457351838,0.29371584699453557,0.19415999999999997,0.29371584699453557,False,False,0.7182145804872495,0.488,0.497,1000,1500,0.8406066731032429,en,target_fpr,,,0.19244823386114493,-0.1890886473977146,native,0.01,toxicity,encoder_minilm,EXP-007
it,few_label_32_strat,0.9130734370310535,0.07684889448734017,25,0.2539932023319469,0.12387103045065294,0.032552083333333336,0.8401639344262297,0.854287711568571,0.15983606557377047,0.09466666666666666,0.15983606557377047,False,False,0.7182145804872495,0.488,0.497,1000,1500,0.8406066731032429,en,target_fpr,,,0.19244823386114493,-0.06154496847080196,native,0.01,toxicity,encoder_minilm,EXP-007
it,few_label_32_rand,0.8934894481692143,0.08610862701846163,25,0.2874239839101159,0.12600301830318728,0.04244791666666667,0.813879781420765,0.8415669542137034,0.18612021857923497,0.11256000000000001,0.18612021857923497,False,False,0.7182145804872495,0.488,0.497,1000,1500,0.8406066731032429,en,target_fpr,,,0.19244823386114493,-0.09497575004897099,native,0.01,toxicity,encoder_minilm,EXP-007
it,few_label_64_strat,0.9238926397432593,0.05115648132648765,25,0.24563518258693995,0.10134395015313621,0.026718749999999996,0.8506010928961749,0.86197085466317,0.14939890710382514,0.08658666666666665,0.14939890710382514,False,False,0.7182145804872495,0.488,0.497,1000,1500,0.8406066731032429,en,target_fpr,,,0.19244823386114493,-0.05318694872579502,native,0.01,toxicity,encoder_minilm,EXP-007
it,few_label_64_rand,0.9162951590602165,0.05064102884308947,25,0.26306163236767593,0.09822511029176856,0.029739583333333333,0.8385245901639344,0.8558650054696614,0.16147540983606556,0.09402666666666666,0.16147540983606556,False,False,0.7182145804872495,0.488,0.497,1000,1500,0.8406066731032429,en,target_fpr,,,0.19244823386114493,-0.070613398506531,native,0.01,toxicity,encoder_minilm,EXP-007
it,few_label_128_strat,0.9408416348563209,0.03420444320259236,25,0.2082849781655728,0.09129124845030963,0.02005208333333333,0.8775409836065574,0.8699751833107822,0.12245901639344264,0.07002666666666667,0.12245901639344264,False,False,0.7182145804872495,0.488,0.497,1000,1500,0.8406066731032429,en,target_fpr,,,0.19244823386114493,-0.015836744304427858,native,0.01,toxicity,encoder_minilm,EXP-007
it,few_label_128_rand,0.9510751299007274,0.023708591595381853,25,0.19039979212604494,0.06768823281189096,0.015156249999999998,0.8911475409836065,0.8830215508766633,0.10885245901639345,0.06087999999999999,0.10885245901639345,False,False,0.7182145804872495,0.488,0.497,1000,1500,0.8406066731032429,en,target_fpr,,,0.19244823386114493,0.002048441735099993,native,0.01,toxicity,encoder_minilm,EXP-007
it,few_label_256_strat,0.9524758277717689,0.02360602261761524,25,0.1893938686488973,0.06600993507151263,0.014947916666666665,0.8918579234972677,0.8842250217784801,0.10814207650273223,0.06042666666666666,0.10814207650273223,False,False,0.7182145804872495,0.488,0.497,1000,1500,0.8406066731032429,en,target_fpr,,,0.19244823386114493,0.0030543652122476395,native,0.01,toxicity,encoder_minilm,EXP-007
it,few_label_256_rand,0.9545255729424454,0.019555837603269986,25,0.18382971435603257,0.0619111417200142,0.013802083333333333,0.8957377049180327,0.8859668654161436,0.10426229508196722,0.05794666666666666,0.10426229508196722,False,False,0.7182145804872495,0.488,0.497,1000,1500,0.8406066731032429,en,target_fpr,,,0.19244823386114493,0.00861851950511236,native,0.01,toxicity,encoder_minilm,EXP-007
it,target_full,0.9593670585029126,0.0,1,0.19244823386114493,0.0,0.013020833333333334,0.8920765027322405,0.8876404494382022,0.10792349726775956,0.059333333333333335,0.10792349726775956,False,False,0.7182145804872495,0.488,0.497,1000,1500,0.8406066731032429,en,target_fpr,0.16276122001996735,0.22999408590226955,0.19244823386114493,0.0,native,0.01,toxicity,encoder_minilm,EXP-007
it,test_oracle_unachievable,0.9660214390566297,0.0,1,0.17079207920792078,0.0,0.009114583333333334,0.9057377049180327,0.9078947368421053,0.0942622950819672,0.050666666666666665,0.0942622950819672,False,False,0.7182145804872495,0.488,0.497,1000,1500,0.8406066731032429,en,target_fpr,,,0.19244823386114493,0.021656154653224152,native,0.01,toxicity,encoder_minilm,EXP-007
ja,fixed_half,0.5,0.0,1,0.5679939894815929,0.0,0.2812089356110381,0.4884979702300406,0.6385135135135135,0.5115020297699594,0.39466666666666667,0.5115020297699594,False,False,0.6570791227979708,0.49266666666666664,0.508,1000,1500,0.8406066731032429,en,target_fpr,,,0.15763546798029557,-0.41035852150129726,native,0.01,toxicity,encoder_minilm,EXP-007
ja,source_global,0.8406066731032429,0.0,1,0.35983263598326365,0.0,0.05913272010512484,0.7672530446549392,0.7926267281105991,0.2327469553450609,0.14466666666666667,0.2327469553450609,False,False,0.6570791227979708,0.49266666666666664,0.508,1000,1500,0.8406066731032429,en,target_fpr,0.3202490547427256,0.3957790473688819,0.15763546798029557,-0.20219716800296808,native,0.01,toxicity,encoder_minilm,EXP-007
ja,pooled_global,0.9691929409793827,0.0,1,0.12167300380228138,0.0,0.002628120893561104,0.9350473612990527,0.96,0.06495263870094722,0.03333333333333333,0.06495263870094722,False,False,0.6570791227979708,0.49266666666666664,0.508,1000,1500,0.8406066731032429,en,target_fpr,,,0.15763546798029557,0.035962464178014186,native,0.01,toxicity,encoder_minilm,EXP-007
ja,worstcase_global,0.9896382107439661,0.0,1,0.013440860215053764,0.0,0.0,0.993234100135318,1.0,0.006765899864682003,0.0033333333333333335,0.006765899864682003,True,False,0.6570791227979708,0.49266666666666664,0.508,1000,1500,0.8406066731032429,en,target_fpr,,,0.15763546798029557,0.14419460776524182,native,0.01,toxicity,encoder_minilm,EXP-007
ja,quantile_match,0.5557513587913572,0.0,1,0.5471847739888978,0.0,0.2325886990801577,0.5331529093369418,0.6609195402298851,0.4668470906630582,0.348,0.4668470906630582,False,False,0.6570791227979708,0.49266666666666664,0.508,1000,1500,0.8406066731032429,en,target_fpr,,,0.15763546798029557,-0.38954930600860216,native,0.01,toxicity,encoder_minilm,EXP-007
ja,sld_em,0.9024358501999583,0.0,1,0.26333711691259937,0.0,0.03416557161629435,0.8430311231393776,0.8169014084507042,0.15696887686062247,0.09466666666666666,0.15696887686062247,False,False,0.6570791227979708,0.49266666666666664,0.508,1000,1500,0.8406066731032429,en,target_fpr,,,0.15763546798029557,-0.1057016489323038,native,0.01,toxicity,encoder_minilm,EXP-007
ja,bbse,0.9542963081889083,0.0,1,0.15346534653465346,0.0,0.009198423127463863,0.9161028416779432,0.8985507246376812,0.08389715832205684,0.046,0.08389715832205684,False,False,0.6570791227979708,0.49266666666666664,0.508,1000,1500,0.8406066731032429,en,target_fpr,,,0.15763546798029557,0.004170121445642105,native,0.01,toxicity,encoder_minilm,EXP-007
ja,few_label_8_strat,0.740722994580048,0.16318525054755814,25,0.40147608324879897,0.14115242593179017,0.1216819973718791,0.6964005412719891,0.7588368854644532,0.30359945872801075,0.21130666666666667,0.30359945872801075,False,False,0.6570791227979708,0.49266666666666664,0.508,1000,1500,0.8406066731032429,en,target_fpr,,,0.15763546798029557,-0.2438406152685034,native,0.01,toxicity,encoder_minilm,EXP-007
ja,few_label_8_rand,0.5866969893867191,0.24821123130363085,25,0.48710066201735175,0.13910584478359853,0.2564520367936925,0.5561028416779432,0.6897002901107637,0.4438971583220568,0.34879999999999994,0.4438971583220568,False,False,0.6570791227979708,0.49266666666666664,0.508,1000,1500,0.8406066731032429,en,target_fpr,,,0.15763546798029557,-0.3294651940370562,native,0.01,toxicity,encoder_minilm,EXP-007
ja,few_label_16_strat,0.7732105761193818,0.14126842048664193,25,0.3800495173882662,0.12942022241419332,0.10102496714848884,0.7247631935047361,0.7658058913540647,0.2752368064952639,0.18685333333333332,0.2752368064952639,False,False,0.6570791227979708,0.49266666666666664,0.508,1000,1500,0.8406066731032429,en,target_fpr,,,0.15763546798029557,-0.22241404940797063,native,0.01,toxicity,encoder_minilm,EXP-007
ja,few_label_16_rand,0.8392520428330897,0.11723220418142767,25,0.31544348372618863,0.12715322062765624,0.06538764783180026,0.7872259810554803,0.8028365627059094,0.21277401894451967,0.138,0.21277401894451967,False,False,0.6570791227979708,0.49266666666666664,0.508,1000,1500,0.8406066731032429,en,target_fpr,,,0.15763546798029557,-0.15780801574589307,native,0.01,toxicity,encoder_minilm,EXP-007
ja,few_label_32_strat,0.8634675106060928,0.08637767936226544,25,0.2972806283225451,0.10788793200641,0.05088042049934297,0.808173207036536,0.8116683320618754,0.19182679296346414,0.12031999999999998,0.19182679296346414,False,False,0.6570791227979708,0.49266666666666664,0.508,1000,1500,0.8406066731032429,en,target_fpr,,,0.15763546798029557,-0.13964516034224952,native,0.01,toxicity,encoder_minilm,EXP-007
ja,few_label_32_rand,0.8526451921729159,0.08584135244575382,25,0.31400450310438066,0.10678087993735279,0.05582128777923784,0.7950744248985114,0.8056819890431032,0.20492557510148848,0.12927999999999998,0.20492557510148848,False,False,0.6570791227979708,0.49266666666666664,0.508,1000,1500,0.8406066731032429,en,target_fpr,,,0.15763546798029557,-0.1563690351240851,native,0.01,toxicity,encoder_minilm,EXP-007
ja,few_label_64_strat,0.9464865053320236,0.025215844220098985,25,0.16634490555876488,0.057858950312055554,0.013823915900131404,0.906468200270636,0.889615816949282,0.09353179972936401,0.05309333333333333,0.09353179972936401,False,False,0.6570791227979708,0.49266666666666664,0.508,1000,1500,0.8406066731032429,en,target_fpr,,,0.15763546798029557,-0.008709437578469315,native,0.01,toxicity,encoder_minilm,EXP-007
ja,few_label_64_rand,0.8937604260177688,0.060707836152014395,25,0.26153006931811507,0.09932266126412459,0.03716162943495401,0.8381596752368065,0.8363730098193861,0.16184032476319352,0.09858666666666666,0.16184032476319352,False,False,0.6570791227979708,0.49266666666666664,0.508,1000,1500,0.8406066731032429,en,target_fpr,,,0.15763546798029557,-0.1038946013378195,native,0.01,toxicity,encoder_minilm,EXP-007
ja,few_label_128_strat,0.9450744953709345,0.0323398148325074,25,0.16675313467658548,0.0617488445978889,0.014244415243101183,0.9058186738836267,0.8854221920527173,0.09418132611637349,0.05362666666666667,0.09418132611637349,False,False,0.6570791227979708,0.49266666666666664,0.508,1000,1500,0.8406066731032429,en,target_fpr,,,0.15763546798029557,-0.009117666696289911,native,0.01,toxicity,encoder_minilm,EXP-007
ja,few_label_128_rand,0.9483004133960352,0.027945091717910913,25,0.16253324355635684,0.05890959677561336,0.012562417871222076,0.9087415426251693,0.8957930987982493,0.09125845737483085,0.051333333333333335,0.09125845737483085,False,False,0.6570791227979708,0.49266666666666664,0.508,1000,1500,0.8406066731032429,en,target_fpr,,,0.15763546798029557,-0.004897775576061275,native,0.01,toxicity,encoder_minilm,EXP-007
ja,few_label_256_strat,0.9484761310484253,0.014542618967574743,25,0.16429846827089933,0.03160506311764365,0.012825229960578187,0.908849797023004,0.8811732259769117,0.09115020297699594,0.05141333333333332,0.09115020297699594,False,False,0.6570791227979708,0.49266666666666664,0.508,1000,1500,0.8406066731032429,en,target_fpr,,,0.15763546798029557,-0.0066630002906037655,native,0.01,toxicity,encoder_minilm,EXP-007
ja,few_label_256_rand,0.9480200909639376,0.013161239113667782,25,0.16584720966417404,0.02920426528084976,0.012247043363994743,0.9080378890392421,0.8859119270436224,0.09196211096075778,0.05152,0.09196211096075778,False,False,0.6570791227979708,0.49266666666666664,0.508,1000,1500,0.8406066731032429,en,target_fpr,,,0.15763546798029557,-0.008211741683878476,native,0.01,toxicity,encoder_minilm,EXP-007
ja,target_full,0.9514123527008675,0.0,1,0.15763546798029557,0.0,0.011826544021024968,0.9133964817320703,0.8767123287671232,0.08660351826792964,0.048666666666666664,0.08660351826792964,False,False,0.6570791227979708,0.49266666666666664,0.508,1000,1500,0.8406066731032429,en,target_fpr,0.12857668488856608,0.19310433074233965,0.15763546798029557,0.0,native,0.01,toxicity,encoder_minilm,EXP-007
ja,test_oracle_unachievable,0.9544808774713376,0.0,1,0.1536555142503098,0.0,0.00788436268068331,0.9161028416779432,0.9117647058823529,0.08389715832205684,0.04533333333333334,0.08389715832205684,False,False,0.6570791227979708,0.49266666666666664,0.508,1000,1500,0.8406066731032429,en,target_fpr,,,0.15763546798029557,0.003979953729985775,native,0.01,toxicity,encoder_minilm,EXP-007
ru,fixed_half,0.5,0.0,1,0.8280337443218689,0.0,0.21550591327201052,0.13667117726657646,0.7955112219451371,0.8633288227334236,0.5346666666666666,0.8633288227334236,False,False,0.9069026403901995,0.49266666666666664,0.508,1000,1500,0.8406066731032429,en,target_fpr,,,0.5335929892891917,-0.2944407550326772,native,0.01,toxicity,encoder_minilm,EXP-007
ru,source_global,0.8406066731032429,0.0,1,0.7551999999999999,0.0,0.051248357424441525,0.36129905277401897,0.923679060665362,0.638700947225981,0.3406666666666667,0.638700947225981,False,False,0.9069026403901995,0.49266666666666664,0.508,1000,1500,0.8406066731032429,en,target_fpr,0.7291042154566744,0.7790049342105264,0.5335929892891917,-0.22160701071080813,native,0.01,toxicity,encoder_minilm,EXP-007
ru,pooled_global,0.9693050995577072,0.0,1,0.43231899265477436,0.0,0.010512483574244415,0.7212449255751014,0.9626168224299065,0.2787550744248985,0.14266666666666666,0.2787550744248985,False,False,0.9069026403901995,0.49266666666666664,0.508,1000,1500,0.8406066731032429,en,target_fpr,,,0.5335929892891917,0.10127399663441738,native,0.01,toxicity,encoder_minilm,EXP-007
ru,worstcase_global,0.9896382107439661,0.0,1,0.18650306748466258,0.0,0.0,0.8971583220568335,1.0,0.10284167794316644,0.050666666666666665,0.10284167794316644,False,False,0.9069026403901995,0.49266666666666664,0.508,1000,1500,0.8406066731032429,en,target_fpr,,,0.5335929892891917,0.34708992180452913,native,0.01,toxicity,encoder_minilm,EXP-007
ru,quantile_match,0.7974637056250874,0.0,1,0.7984732824427481,0.0,0.06307490144546649,0.2922868741542625,0.9159369527145359,0.7077131258457375,0.38066666666666665,0.7077131258457375,False,False,0.9069026403901995,0.49266666666666664,0.508,1000,1500,0.8406066731032429,en,target_fpr,,,0.5335929892891917,-0.2648802931535563,native,0.01,toxicity,encoder_minilm,EXP-007
ru,sld_em,0.753482940302808,0.0,1,0.8026905829596412,0.0,0.08147174770039421,0.2733423545331529,0.8964941569282137,0.7266576454668471,0.3993333333333333,0.7266576454668471,False,False,0.9069026403901995,0.49266666666666664,0.508,1000,1500,0.8406066731032429,en,target_fpr,,,0.5335929892891917,-0.2690975936704495,native,0.01,toxicity,encoder_minilm,EXP-007
ru,bbse,0.8588973741173113,0.0,1,0.731907894736842,0.0,0.04204993429697766,0.39783491204330174,0.9329140461215933,0.6021650879566982,0.318,0.6021650879566982,False,False,0.9069026403901995,0.49266666666666664,0.508,1000,1500,0.8406066731032429,en,target_fpr,,,0.5335929892891917,-0.1983149054476503,native,0.01,toxicity,encoder_minilm,EXP-007
ru,few_label_8_strat,0.7480427176723807,0.14473044146866165,25,0.7401365290296428,0.1274602186778869,0.09245729303547962,0.3337483085250338,0.8899741593294453,0.6662516914749662,0.37514666666666663,0.6662516914749662,False,False,0.9069026403901995,0.49266666666666664,0.508,1000,1500,0.8406066731032429,en,target_fpr,,,0.5335929892891917,-0.20654353974045103,native,0.01,toxicity,encoder_minilm,EXP-007
ru,few_label_8_rand,0.6858779307051097,0.2125900840464371,25,0.753210314563804,0.09353781703820718,0.13965834428383705,0.29255751014884984,0.8614599364336728,0.7074424898511501,0.4193866666666667,0.7074424898511501,False,False,0.9069026403901995,0.49266666666666664,0.508,1000,1500,0.8406066731032429,en,target_fpr,,,0.5335929892891917,-0.2196173252746123,native,0.01,toxicity,encoder_minilm,EXP-007
ru,few_label_16_strat,0.7958966682492589,0.1523953345484951,25,0.7261416043567585,0.09417664615991933,0.07590013140604468,0.3715290933694182,0.9072430994237323,0.6284709066305818,0.34813333333333335,0.6284709066305818,False,False,0.9069026403901995,0.49266666666666664,0.508,1000,1500,0.8406066731032429,en,target_fpr,,,0.5335929892891917,-0.1925486150675667,native,0.01,toxicity,encoder_minilm,EXP-007
ru,few_label_16_rand,0.8331719560439366,0.10280540413396284,25,0.6883304709192956,0.15522589796168526,0.05519053876478318,0.42024357239512855,0.9229947230090212,0.5797564276048714,0.3136266666666667,0.5797564276048714,False,False,0.9069026403901995,0.49266666666666664,0.508,1000,1500,0.8406066731032429,en,target_fpr,,,0.5335929892891917,-0.1547374816301038,native,0.01,toxicity,encoder_minilm,EXP-007
ru,few_label_32_strat,0.8759422050692711,0.07433537085842237,25,0.6599639820531382,0.10803398241905705,0.039211563731931666,0.47447902571041956,0.9349800942553539,0.5255209742895804,0.2788,0.5255209742895804,False,False,0.9069026403901995,0.49266666666666664,0.508,1000,1500,0.8406066731032429,en,target_fpr,,,0.5335929892891917,-0.12637099276394648,native,0.01,toxicity,encoder_minilm,EXP-007
ru,few_label_32_rand,0.8698590659553453,0.10601333345697017,25,0.6479029288665721,0.138628559744219,0.043521681997371886,0.4796211096075778,0.9333573254221504,0.5203788903924221,0.27845333333333333,0.5203788903924221,False,False,0.9069026403901995,0.49266666666666664,0.508,1000,1500,0.8406066731032429,en,target_fpr,,,0.5335929892891917,-0.11430993957738034,native,0.01,toxicity,encoder_minilm,EXP-007
ru,few_label_64_strat,0.9204814735918185,0.03791013602813962,25,0.5865449608172214,0.1139275916961882,0.02375821287779238,0.5646549391069012,0.9504564565261577,0.4353450608930987,0.22653333333333334,0.4353450608930987,False,False,0.9069026403901995,0.49266666666666664,0.508,1000,1500,0.8406066731032429,en,target_fpr,,,0.5335929892891917,-0.05295197152802966,native,0.01,toxicity,encoder_minilm,EXP-007
ru,few_label_64_rand,0.9339277423881802,0.048934077966149424,25,0.5192823599313509,0.15532904616914853,0.019553219448094614,0.6248443843031123,0.9580603738495523,0.3751556156968877,0.19474666666666668,0.3751556156968877,False,False,0.9069026403901995,0.49266666666666664,0.508,1000,1500,0.8406066731032429,en,target_fpr,,,0.5335929892891917,0.014310629357840887,native,0.01,toxicity,encoder_minilm,EXP-007
ru,few_label_128_strat,0.9504486046984484,0.02698477651862485,25,0.48707634854676374,0.11649574402587591,0.015032851511169516,0.6643572395128552,0.961339879175132,0.3356427604871448,0.17298666666666665,0.3356427604871448,False,False,0.9069026403901995,0.49266666666666664,0.508,1000,1500,0.8406066731032429,en,target_fpr,,,0.5335929892891917,0.046516640742428006,native,0.01,toxicity,encoder_minilm,EXP-007
ru,few_label_128_rand,0.9489879716972931,0.026283723145605137,25,0.4995965704598218,0.10515271997778972,0.01566360052562418,0.6542895805142084,0.9590888308655663,0.3457104194857916,0.17826666666666668,0.3457104194857916,False,False,0.9069026403901995,0.49266666666666664,0.508,1000,1500,0.8406066731032429,en,target_fpr,,,0.5335929892891917,0.033996418829369934,native,0.01,toxicity,encoder_minilm,EXP-007
ru,few_label_256_strat,0.9383972314839035,0.020907232546036134,25,0.551491005038957,0.06629598072803645,0.019395532194480945,0.6083355886332882,0.9523684768367022,0.3916644113667118,0.2028,0.3916644113667118,False,False,0.9069026403901995,0.49266666666666664,0.508,1000,1500,0.8406066731032429,en,target_fpr,,,0.5335929892891917,-0.01789801574976524,native,0.01,toxicity,encoder_minilm,EXP-007
ru,few_label_256_rand,0.9423815629179141,0.020944691735132824,25,0.5358637494399354,0.06709143543843984,0.018554533508541395,0.6236535859269283,0.9527416135606352,0.37634641407307173,0.19482666666666668,0.37634641407307173,False,False,0.9069026403901995,0.49266666666666664,0.508,1000,1500,0.8406066731032429,en,target_fpr,,,0.5335929892891917,-0.002270760150743678,native,0.01,toxicity,encoder_minilm,EXP-007
ru,target_full,0.945448302037099,0.0,1,0.5335929892891917,0.0,0.018396846254927726,0.6292286874154263,0.9513888888888888,0.37077131258457374,0.192,0.37077131258457374,False,False,0.9069026403901995,0.49266666666666664,0.508,1000,1500,0.8406066731032429,en,target_fpr,0.49947597344125305,0.5666214401005276,0.5335929892891917,0.0,native,0.01,toxicity,encoder_minilm,EXP-007
ru,test_oracle_unachievable,0.9701295114775785,0.0,1,0.42781875658587987,0.0,0.009198423127463863,0.7253044654939107,0.9666666666666667,0.2746955345060893,0.14,0.2746955345060893,False,False,0.9069026403901995,0.49266666666666664,0.508,1000,1500,0.8406066731032429,en,target_fpr,,,0.5335929892891917,0.10577423270331188,native,0.01,toxicity,encoder_minilm,EXP-007
tt,fixed_half,0.5,0.0,1,0.5429093122337189,0.0,0.5976095617529881,0.4029451137884873,0.49776785714285715,0.5970548862115127,0.5973333333333334,0.5970548862115127,False,False,0.5184634065256155,0.498,0.454,1000,1500,0.8406066731032429,en,target_fpr,,,0.059278350515463915,-0.4836309617182549,native,0.01,toxicity,encoder_minilm,EXP-007
tt,source_global,0.8406066731032429,0.0,1,0.3712784588441331,0.0,0.24302788844621515,0.7161981258366801,0.5367088607594936,0.2838018741633199,0.2633333333333333,0.2838018741633199,False,False,0.5184634065256155,0.498,0.454,1000,1500,0.8406066731032429,en,target_fpr,0.33785004516711836,0.4045854368631338,0.059278350515463915,-0.31200010832866915,native,0.01,toxicity,encoder_minilm,EXP-007
tt,pooled_global,0.956064124892323,0.0,1,0.16762342135476463,0.0,0.06772908366533864,0.9022757697456493,0.5887096774193549,0.09772423025435073,0.08266666666666667,0.09772423025435073,False,False,0.5184634065256155,0.498,0.454,1000,1500,0.8406066731032429,en,target_fpr,,,0.059278350515463915,-0.10834507083930071,native,0.01,toxicity,encoder_minilm,EXP-007
tt,worstcase_global,0.9896382107439661,0.0,1,0.05188067444876784,0.0,0.005312084993359893,0.9732262382864793,0.8333333333333334,0.02677376171352075,0.016,0.02677376171352075,False,False,0.5184634065256155,0.498,0.454,1000,1500,0.8406066731032429,en,target_fpr,,,0.059278350515463915,0.007397676066696078,native,0.01,toxicity,encoder_minilm,EXP-007
tt,quantile_match,0.7562161558115625,0.0,1,0.42957198443579764,0.0,0.34794156706507307,0.6305220883534136,0.5130111524163569,0.36947791164658633,0.3586666666666667,0.36947791164658633,False,False,0.5184634065256155,0.498,0.454,1000,1500,0.8406066731032429,en,target_fpr,,,0.059278350515463915,-0.3702936339203337,native,0.01,toxicity,encoder_minilm,EXP-007
tt,sld_em,0.6999453314566346,0.0,1,0.4590643274853801,0.0,0.4077025232403719,0.5796519410977242,0.5056360708534622,0.4203480589022758,0.414,0.4203480589022758,False,False,0.5184634065256155,0.498,0.454,1000,1500,0.8406066731032429,en,target_fpr,,,0.059278350515463915,-0.3997859769699162,native,0.01,toxicity,encoder_minilm,EXP-007
tt,bbse,0.8986093123352097,0.0,1,0.29377431906614787,0.0,0.17264276228419656,0.7978580990629184,0.5373665480427047,0.20214190093708165,0.18733333333333332,0.20214190093708165,False,False,0.5184634065256155,0.498,0.454,1000,1500,0.8406066731032429,en,target_fpr,,,0.059278350515463915,-0.23449596855068394,native,0.01,toxicity,encoder_minilm,EXP-007
tt,few_label_8_strat,0.8723562533887924,0.13128550472722209,25,0.27098156543586,0.14568904982993322,0.1789641434262948,0.7895582329317269,0.6023751442094314,0.21044176706827308,0.19463999999999998,0.21044176706827308,False,False,0.5184634065256155,0.498,0.454,1000,1500,0.8406066731032429,en,target_fpr,,,0.059278350515463915,-0.21170321492039607,native,0.01,toxicity,encoder_minilm,EXP-007
tt,few_label_8_rand,0.8128549272623986,0.1839423473612695,25,0.3229088917840876,0.15259702502274433,0.24664010624169985,0.723855421686747,0.5676231545793061,0.276144578313253,0.2613333333333333,0.276144578313253,False,False,0.5184634065256155,0.498,0.454,1000,1500,0.8406066731032429,en,target_fpr,,,0.059278350515463915,-0.2636305412686237,native,0.01,toxicity,encoder_minilm,EXP-007
tt,few_label_16_strat,0.9440802322164978,0.05474167075924426,25,0.17451157016038998,0.10792384696810144,0.08154050464807437,0.8862650602409639,0.657217231061212,0.11373493975903613,0.09757333333333333,0.11373493975903613,False,False,0.5184634065256155,0.498,0.454,1000,1500,0.8406066731032429,en,target_fpr,,,0.059278350515463915,-0.11523321964492607,native,0.01,toxicity,encoder_minilm,EXP-007
tt,few_label_16_rand,0.9338578490320667,0.0771570745296202,25,0.18647041513303833,0.11519861762491831,0.0941832669322709,0.8738420348058902,0.6434219619949648,0.12615796519410977,0.11010666666666663,0.12615796519410977,False,False,0.5184634065256155,0.498,0.454,1000,1500,0.8406066731032429,en,target_fpr,,,0.059278350515463915,-0.12719206461757443,native,0.01,toxicity,encoder_minilm,EXP-007
tt,few_label_32_strat,0.965649994694854,0.025452801159834282,25,0.13204253760972137,0.07382394525753304,0.04706507304116865,0.9220883534136546,0.7020022175365536,0.07791164658634538,0.062426666666666665,0.07791164658634538,False,False,0.5184634065256155,0.498,0.454,1000,1500,0.8406066731032429,en,target_fpr,,,0.059278350515463915,-0.07276418709425746,native,0.01,toxicity,encoder_minilm,EXP-007
tt,few_label_32_rand,0.9614960773441215,0.024988768242505052,25,0.14752429534695477,0.07030138775588508,0.05556440903054449,0.912235609103079,0.6671128551554559,0.08776439089692102,0.0716,0.08776439089692102,False,False,0.5184634065256155,0.498,0.454,1000,1500,0.8406066731032429,en,target_fpr,,,0.059278350515463915,-0.08824594483149086,native,0.01,toxicity,encoder_minilm,EXP-007
tt,few_label_64_strat,0.9796989642674352,0.0072883250155001975,25,0.09183520941721987,0.032005958655697664,0.020132802124833996,0.9503614457831325,0.7483015627386398,0.04963855421686746,0.034826666666666665,0.04963855421686746,False,False,0.5184634065256155,0.498,0.454,1000,1500,0.8406066731032429,en,target_fpr,,,0.059278350515463915,-0.032556858901755956,native,0.01,toxicity,encoder_minilm,EXP-007
tt,few_label_64_rand,0.9839414976922513,0.008135613011097624,25,0.07117180452143311,0.038361509585175785,0.013439575033200533,0.9619277108433735,0.8129710573002618,0.038072289156626506,0.025706666666666666,0.038072289156626506,False,False,0.5184634065256155,0.498,0.454,1000,1500,0.8406066731032429,en,target_fpr,,,0.059278350515463915,-0.011893454005969195,native,0.01,toxicity,encoder_minilm,EXP-007
tt,few_label_128_strat,0.9846966971492672,0.012500608043412768,25,0.06345041107513384,0.05503955823171174,0.015511288180610889,0.9652476572958499,0.8424554251596486,0.03475234270414993,0.025093333333333336,0.03475234270414993,False,False,0.5184634065256155,0.498,0.454,1000,1500,0.8406066731032429,en,target_fpr,,,0.059278350515463915,-0.004172060559669927,native,0.01,toxicity,encoder_minilm,EXP-007
tt,few_label_128_rand,0.9885935408581413,0.007629796756957579,25,0.0481467510247953,0.03729215661641587,0.007543160690571049,0.9745649263721552,0.8734974606026197,0.025435073627844713,0.016453333333333334,0.025435073627844713,False,False,0.5184634065256155,0.498,0.454,1000,1500,0.8406066731032429,en,target_fpr,,,0.059278350515463915,0.011131599490668616,native,0.01,toxicity,encoder_minilm,EXP-007
tt,few_label_256_strat,0.9839295589255131,0.006683994920081992,25,0.07290752732342147,0.031186222586032493,0.012855245683930941,0.9612315930388219,0.7932811450942819,0.038768406961178045,0.025760000000000005,0.038768406961178045,False,False,0.5184634065256155,0.498,0.454,1000,1500,0.8406066731032429,en,target_fpr,,,0.059278350515463915,-0.013629176807957555,native,0.01,toxicity,encoder_minilm,EXP-007
tt,few_label_256_rand,0.9857070880880903,0.00677793878936926,25,0.06418393203244817,0.033695081382694655,0.010730411686586984,0.9659973226238288,0.8223889023280294,0.03400267737617135,0.022320000000000003,0.03400267737617135,False,False,0.5184634065256155,0.498,0.454,1000,1500,0.8406066731032429,en,target_fpr,,,0.059278350515463915,-0.004905581516984253,native,0.01,toxicity,encoder_minilm,EXP-007
tt,target_full,0.9871755001425042,0.0,1,0.059278350515463915,0.0,0.00796812749003984,0.9692101740294511,0.7931034482758621,0.030789825970548863,0.019333333333333334,0.030789825970548863,False,False,0.5184634065256155,0.498,0.454,1000,1500,0.8406066731032429,en,target_fpr,0.03676784764283065,0.08052102289052773,0.059278350515463915,0.0,native,0.01,toxicity,encoder_minilm,EXP-007
tt,test_oracle_unachievable,0.9830071457072214,0.0,1,0.07407407407407407,0.0,0.009296148738379814,0.9611780455153949,0.8055555555555556,0.038821954484605084,0.024,0.038821954484605084,False,False,0.5184634065256155,0.498,0.454,1000,1500,0.8406066731032429,en,target_fpr,,,0.059278350515463915,-0.014795723558610155,native,0.01,toxicity,encoder_minilm,EXP-007
uk,fixed_half,0.5,0.0,1,0.66993006993007,0.0,0.2776315789473684,0.3527027027027027,0.6942028985507246,0.6472972972972973,0.46,0.6472972972972973,False,False,0.7623275248933143,0.49333333333333335,0.494,1000,1500,0.8406066731032429,en,target_fpr,,,0.19001218026796593,-0.479917889662104,native,0.01,toxicity,encoder_minilm,EXP-007
uk,source_global,0.8406066731032429,0.0,1,0.47398843930635837,0.0,0.06842105263157895,0.6675675675675675,0.825503355704698,0.3324324324324324,0.19866666666666666,0.3324324324324324,False,False,0.7623275248933143,0.49333333333333335,0.494,1000,1500,0.8406066731032429,en,target_fpr,0.44196987983418173,0.5103146455168561,0.19001218026796593,-0.2839762590383924,native,0.01,toxicity,encoder_minilm,EXP-007
uk,pooled_global,0.9678181100268444,0.0,1,0.19441069258809238,0.0,0.003947368421052632,0.8918918918918919,0.963855421686747,0.10810810810810811,0.05533333333333333,0.10810810810810811,False,False,0.7623275248933143,0.49333333333333335,0.494,1000,1500,0.8406066731032429,en,target_fpr,,,0.19001218026796593,-0.0043985123201264464,native,0.01,toxicity,encoder_minilm,EXP-007
uk,worstcase_global,0.9896382107439661,0.0,1,0.06028833551769332,0.0,0.0,0.9689189189189189,1.0,0.031081081081081083,0.015333333333333332,0.031081081081081083,False,False,0.7623275248933143,0.49333333333333335,0.494,1000,1500,0.8406066731032429,en,target_fpr,,,0.19001218026796593,0.1297238447502726,native,0.01,toxicity,encoder_minilm,EXP-007
uk,quantile_match,0.6194068040207004,0.0,1,0.6344086021505377,0.0,0.19605263157894737,0.4418918918918919,0.7348754448398577,0.5581081081081081,0.37466666666666665,0.5581081081081081,False,False,0.7623275248933143,0.49333333333333335,0.494,1000,1500,0.8406066731032429,en,target_fpr,,,0.19001218026796593,-0.4443964218825718,native,0.01,toxicity,encoder_minilm,EXP-007
uk,sld_em,0.8683810715571856,0.0,1,0.44930417495029823,0.0,0.05263157894736842,0.6945945945945946,0.849624060150376,0.3054054054054054,0.17733333333333334,0.3054054054054054,False,False,0.7623275248933143,0.49333333333333335,0.494,1000,1500,0.8406066731032429,en,target_fpr,,,0.19001218026796593,-0.2592919946823323,native,0.01,toxicity,encoder_minilm,EXP-007
uk,bbse,0.9337801747302753,0.0,1,0.3240843507214206,0.0,0.019736842105263157,0.8027027027027027,0.906832298136646,0.1972972972972973,0.10733333333333334,0.1972972972972973,False,False,0.7623275248933143,0.49333333333333335,0.494,1000,1500,0.8406066731032429,en,target_fpr,,,0.19001218026796593,-0.13407217045345468,native,0.01,toxicity,encoder_minilm,EXP-007
uk,few_label_8_strat,0.7405822169061428,0.1630764971304781,25,0.5236958607075642,0.12934675894427722,0.13299999999999998,0.575027027027027,0.7924422763355738,0.424972972972973,0.27704,0.424972972972973,False,False,0.7623275248933143,0.49333333333333335,0.494,1000,1500,0.8406066731032429,en,target_fpr,,,0.19001218026796593,-0.3336836804395983,native,0.01,toxicity,encoder_minilm,EXP-007
uk,few_label_8_rand,0.6304519810436122,0.24168585423706787,25,0.5663125281784224,0.1473425362422558,0.2127894736842105,0.4808108108108108,0.7557454116608102,0.5191891891891892,0.36394666666666664,0.5191891891891892,False,False,0.7623275248933143,0.49333333333333335,0.494,1000,1500,0.8406066731032429,en,target_fpr,,,0.19001218026796593,-0.3763003479104564,native,0.01,toxicity,encoder_minilm,EXP-007
uk,few_label_16_strat,0.8541272280291925,0.16673641157053742,25,0.3630395671568298,0.19116908243283764,0.07105263157894737,0.7298918918918919,0.8679047473698149,0.2701081081081081,0.16925333333333334,0.2701081081081081,False,False,0.7623275248933143,0.49333333333333335,0.494,1000,1500,0.8406066731032429,en,target_fpr,,,0.19001218026796593,-0.17302738688886385,native,0.01,toxicity,encoder_minilm,EXP-007
uk,few_label_16_rand,0.7741206084271616,0.18029000990349525,25,0.4709404637251652,0.16923104051396154,0.11305263157894738,0.6241621621621622,0.8186263087568222,0.37583783783783786,0.24269333333333334,0.37583783783783786,False,False,0.7623275248933143,0.49333333333333335,0.494,1000,1500,0.8406066731032429,en,target_fpr,,,0.19001218026796593,-0.2809282834571992,native,0.01,toxicity,encoder_minilm,EXP-007
uk,few_label_32_strat,0.9135899318754308,0.09173648146862284,25,0.2839941022503539,0.17527235792814017,0.035263157894736843,0.8094054054054054,0.9061634483483668,0.19059459459459457,0.11189333333333334,0.19059459459459457,False,False,0.7623275248933143,0.49333333333333335,0.494,1000,1500,0.8406066731032429,en,target_fpr,,,0.19001218026796593,-0.09398192198238794,native,0.01,toxicity,encoder_minilm,EXP-007
uk,few_label_32_rand,0.9013518412601631,0.08447310493452591,25,0.3193735008938049,0.17026880800578312,0.04031578947368421,0.7837837837837838,0.8959413419143546,0.2162162162162162,0.12709333333333336,0.2162162162162162,False,False,0.7623275248933143,0.49333333333333335,0.494,1000,1500,0.8406066731032429,en,target_fpr,,,0.19001218026796593,-0.12936132062583897,native,0.01,toxicity,encoder_minilm,EXP-007
uk,few_label_64_strat,0.9403288481429936,0.05868626192530592,25,0.2408476062065917,0.14853897253821174,0.020157894736842107,0.8487027027027026,0.9308304395204524,0.1512972972972973,0.08485333333333334,0.1512972972972973,False,False,0.7623275248933143,0.49333333333333335,0.494,1000,1500,0.8406066731032429,en,target_fpr,,,0.19001218026796593,-0.05083542593862578,native,0.01,toxicity,encoder_minilm,EXP-007
uk,few_label_64_rand,0.9186285812720725,0.08405364743684328,25,0.27805607811727545,0.17261853619488696,0.031947368421052634,0.8154054054054053,0.9112781183949847,0.18459459459459462,0.10725333333333334,0.18459459459459462,False,False,0.7623275248933143,0.49333333333333335,0.494,1000,1500,0.8406066731032429,en,target_fpr,,,0.19001218026796593,-0.08804389784930952,native,0.01,toxicity,encoder_minilm,EXP-007
uk,few_label_128_strat,0.9724360843108194,0.03880126087269282,25,0.12637937823159778,0.11719239642180314,0.006526315789473683,0.9258918918918918,0.9765899009363944,0.07410810810810811,0.03986666666666667,0.07410810810810811,False,False,0.7623275248933143,0.49333333333333335,0.494,1000,1500,0.8406066731032429,en,target_fpr,,,0.19001218026796593,0.06363280203636815,native,0.01,toxicity,encoder_minilm,EXP-007
uk,few_label_128_rand,0.9638670861023474,0.03668011169071756,25,0.17075818471222257,0.12500345759410722,0.009421052631578946,0.8989189189189191,0.9595971795789231,0.10108108108108109,0.05464,0.10108108108108109,False,False,0.7623275248933143,0.49333333333333335,0.494,1000,1500,0.8406066731032429,en,target_fpr,,,0.19001218026796593,0.019253995555743364,native,0.01,toxicity,encoder_minilm,EXP-007
uk,few_label_256_strat,0.9706188097167022,0.010793651812376156,25,0.16953562176360887,0.06081166655129169,0.004105263157894737,0.9056756756756756,0.962573707214114,0.09432432432432433,0.04861333333333333,0.09432432432432433,False,False,0.7623275248933143,0.49333333333333335,0.494,1000,1500,0.8406066731032429,en,target_fpr,,,0.19001218026796593,0.020476558504357062,native,0.01,toxicity,encoder_minilm,EXP-007
uk,few_label_256_rand,0.9644279655476086,0.0210314451722726,25,0.1894050210734499,0.09058211845787913,0.00736842105263158,0.8912432432432432,0.9566691204800716,0.10875675675675675,0.05738666666666666,0.10875675675675675,False,False,0.7623275248933143,0.49333333333333335,0.494,1000,1500,0.8406066731032429,en,target_fpr,,,0.19001218026796593,0.0006071591945160382,native,0.01,toxicity,encoder_minilm,EXP-007
uk,target_full,0.968363714110112,0.0,1,0.19001218026796593,0.0,0.003947368421052632,0.8945945945945946,0.9629629629629629,0.10540540540540541,0.054,0.10540540540540541,False,False,0.7623275248933143,0.49333333333333335,0.494,1000,1500,0.8406066731032429,en,target_fpr,0.15764136622390892,0.22642297473769532,0.19001218026796593,0.0,native,0.01,toxicity,encoder_minilm,EXP-007
uk,test_oracle_unachievable,0.9562710372718972,0.0,1,0.2485345838218054,0.0,0.009210526315789473,0.8567567567567568,0.9380530973451328,0.14324324324324325,0.07533333333333334,0.14324324324324325,False,False,0.7623275248933143,0.49333333333333335,0.494,1000,1500,0.8406066731032429,en,target_fpr,,,0.19001218026796593,-0.058522403553839475,native,0.01,toxicity,encoder_minilm,EXP-007
zh,fixed_half,0.5,0.0,1,0.5300146412884333,0.0,0.3421750663129973,0.514745308310992,0.5838709677419355,0.48525469168900803,0.41333333333333333,0.48525469168900803,False,False,0.6011193207273451,0.49733333333333335,0.495,1000,1500,0.8406066731032429,en,target_fpr,,,0.0391644908616188,-0.49085015042681457,native,0.01,toxicity,encoder_minilm,EXP-007
zh,source_global,0.8406066731032429,0.0,1,0.2746331236897275,0.0,0.10212201591511937,0.824396782841823,0.6298076923076923,0.17560321715817695,0.13866666666666666,0.17560321715817695,False,False,0.6011193207273451,0.49733333333333335,0.495,1000,1500,0.8406066731032429,en,target_fpr,0.2421396471572796,0.30900079212157827,0.0391644908616188,-0.23546863282810868,native,0.01,toxicity,encoder_minilm,EXP-007
zh,pooled_global,0.9671379605037189,0.0,1,0.07388535031847134,0.0,0.013262599469496022,0.9611260053619303,0.7435897435897436,0.0388739946380697,0.026,0.0388739946380697,False,False,0.6011193207273451,0.49733333333333335,0.495,1000,1500,0.8406066731032429,en,target_fpr,,,0.0391644908616188,-0.034720859456852535,native,0.01,toxicity,encoder_minilm,EXP-007
zh,worstcase_global,0.9896382107439661,0.0,1,0.010652463382157125,0.0,0.001326259946949602,0.9946380697050938,0.8,0.005361930294906166,0.0033333333333333335,0.005361930294906166,True,False,0.6011193207273451,0.49733333333333335,0.495,1000,1500,0.8406066731032429,en,target_fpr,,,0.0391644908616188,0.028512027479461674,native,0.01,toxicity,encoder_minilm,EXP-007
zh,quantile_match,0.5671777258387877,0.0,1,0.48412698412698413,0.0,0.27718832891246686,0.5911528150134048,0.5933852140077821,0.40884718498659517,0.3426666666666667,0.40884718498659517,False,False,0.6011193207273451,0.49733333333333335,0.495,1000,1500,0.8406066731032429,en,target_fpr,,,0.0391644908616188,-0.4449624932653653,native,0.01,toxicity,encoder_minilm,EXP-007
zh,sld_em,0.8889337739390615,0.0,1,0.21899441340782125,0.0,0.06763925729442971,0.868632707774799,0.6577181208053692,0.13136729222520108,0.09933333333333333,0.13136729222520108,False,False,0.6011193207273451,0.49733333333333335,0.495,1000,1500,0.8406066731032429,en,target_fpr,,,0.0391644908616188,-0.17982992254620245,native,0.01,toxicity,encoder_minilm,EXP-007
zh,bbse,0.9445708771864954,0.0,1,0.14423076923076925,0.0,0.034482758620689655,0.9195710455764075,0.6976744186046512,0.08042895442359249,0.05733333333333333,0.08042895442359249,False,False,0.6011193207273451,0.49733333333333335,0.495,1000,1500,0.8406066731032429,en,target_fpr,,,0.0391644908616188,-0.10506627836915045,native,0.01,toxicity,encoder_minilm,EXP-007
zh,few_label_8_strat,0.7689184834200726,0.18819029689784564,25,0.3071951616132839,0.16208213110181394,0.15251989389920426,0.761769436997319,0.648460423142547,0.23823056300268097,0.19514666666666663,0.23823056300268097,False,False,0.6011193207273451,0.49733333333333335,0.495,1000,1500,0.8406066731032429,en,target_fpr,,,0.0391644908616188,-0.2680306707516651,native,0.01,toxicity,encoder_minilm,EXP-007
zh,few_label_8_rand,0.7470175936866157,0.2078955444646546,25,0.3169319374388844,0.18041401213464844,0.17013262599469495,0.743378016085791,0.6436556424417529,0.2566219839142091,0.2131466666666667,0.2566219839142091,False,False,0.6011193207273451,0.49733333333333335,0.495,1000,1500,0.8406066731032429,en,target_fpr,,,0.0391644908616188,-0.2777674465772656,native,0.01,toxicity,encoder_minilm,EXP-007
zh,few_label_16_strat,0.8581299340294999,0.132206034880189,25,0.22694193583544284,0.13198587712800314,0.09013262599469496,0.8447721179624665,0.6680086903937823,0.15522788203753352,0.12250666666666665,0.15522788203753352,False,False,0.6011193207273451,0.49733333333333335,0.495,1000,1500,0.8406066731032429,en,target_fpr,,,0.0391644908616188,-0.18777744497382404,native,0.01,toxicity,encoder_minilm,EXP-007
zh,few_label_16_rand,0.8651677141768921,0.07880238944322988,25,0.23469861943784526,0.1025220605928768,0.08413793103448276,0.8481501340482575,0.6662045689696899,0.15184986595174263,0.11781333333333331,0.15184986595174263,False,False,0.6011193207273451,0.49733333333333335,0.495,1000,1500,0.8406066731032429,en,target_fpr,,,0.0391644908616188,-0.19553412857622646,native,0.01,toxicity,encoder_minilm,EXP-007
zh,few_label_32_strat,0.9359531300479708,0.049005126333605806,25,0.12834930237486958,0.08734381989373664,0.035702917771883294,0.9247184986595174,0.7123881836542689,0.07528150134048256,0.05538666666666667,0.07528150134048256,False,False,0.6011193207273451,0.49733333333333335,0.495,1000,1500,0.8406066731032429,en,target_fpr,,,0.0391644908616188,-0.08918481151325078,native,0.01,toxicity,encoder_minilm,EXP-007
zh,few_label_32_rand,0.9258458326796428,0.07307353094663509,25,0.1366087515917484,0.11086607289084052,0.042599469496021225,0.9158713136729222,0.7114445433723846,0.08412868632707776,0.06325333333333333,0.08412868632707776,False,False,0.6011193207273451,0.49733333333333335,0.495,1000,1500,0.8406066731032429,en,target_fpr,,,0.0391644908616188,-0.0974442607301296,native,0.01,toxicity,encoder_minilm,EXP-007
zh,few_label_64_strat,0.9624927196115937,0.026221297800568436,25,0.07980115174008721,0.06239642169048732,0.017824933687002654,0.9558713136729221,0.7454839250848088,0.04412868632707774,0.030906666666666666,0.04412868632707774,False,False,0.6011193207273451,0.49733333333333335,0.495,1000,1500,0.8406066731032429,en,target_fpr,,,0.0391644908616188,-0.040636660878468414,native,0.01,toxicity,encoder_minilm,EXP-007
zh,few_label_64_rand,0.9547021957123121,0.02545268743706332,25,0.10196625559856551,0.05891379463774832,0.02344827586206897,0.9433243967828419,0.728908287270602,0.05667560321715817,0.03997333333333333,0.05667560321715817,False,False,0.6011193207273451,0.49733333333333335,0.495,1000,1500,0.8406066731032429,en,target_fpr,,,0.0391644908616188,-0.06280176473694671,native,0.01,toxicity,encoder_minilm,EXP-007
zh,few_label_128_strat,0.9716295766385555,0.016213613505024035,25,0.058609004453528825,0.044285583911040434,0.011193633952254643,0.9686327077747989,0.7545329977750223,0.03136729222520107,0.021226666666666665,0.03136729222520107,False,False,0.6011193207273451,0.49733333333333335,0.495,1000,1500,0.8406066731032429,en,target_fpr,,,0.0391644908616188,-0.019444513591910025,native,0.01,toxicity,encoder_minilm,EXP-007
zh,few_label_128_rand,0.9729716322544895,0.01391694055353926,25,0.055993424695351963,0.04123446758383748,0.010716180371352784,0.9701876675603216,0.7516371261588654,0.02981233243967828,0.020213333333333333,0.02981233243967828,False,False,0.6011193207273451,0.49733333333333335,0.495,1000,1500,0.8406066731032429,en,target_fpr,,,0.0391644908616188,-0.016828933833733163,native,0.01,toxicity,encoder_minilm,EXP-007
zh,few_label_256_strat,0.966446588973644,0.01749340586890315,25,0.07028949350853328,0.04882312133690746,0.014588859416445624,0.9619839142091153,0.7385399360884912,0.03801608579088472,0.02624,0.03801608579088472,False,False,0.6011193207273451,0.49733333333333335,0.495,1000,1500,0.8406066731032429,en,target_fpr,,,0.0391644908616188,-0.03112500264691448,native,0.01,toxicity,encoder_minilm,EXP-007
zh,few_label_256_rand,0.9712000657175496,0.011167303443649157,25,0.057764125738722194,0.03306504869721284,0.010503978779840849,0.9694906166219839,0.753148831844484,0.030509383378016088,0.020453333333333334,0.030509383378016088,False,False,0.6011193207273451,0.49733333333333335,0.495,1000,1500,0.8406066731032429,en,target_fpr,,,0.0391644908616188,-0.018599634877103394,native,0.01,toxicity,encoder_minilm,EXP-007
zh,target_full,0.977071901041729,0.0,1,0.0391644908616188,0.0,0.006631299734748011,0.9798927613941019,0.75,0.020107238605898123,0.013333333333333334,0.020107238605898123,False,False,0.6011193207273451,0.49733333333333335,0.495,1000,1500,0.8406066731032429,en,target_fpr,0.021299312817867788,0.05476417605821279,0.0391644908616188,0.0,native,0.01,toxicity,encoder_minilm,EXP-007
zh,test_oracle_unachievable,0.9679995053600636,0.0,1,0.07170294494238155,0.0,0.009283819628647215,0.9624664879356568,0.8,0.03753351206434316,0.023333333333333334,0.03753351206434316,False,False,0.6011193207273451,0.49733333333333335,0.495,1000,1500,0.8406066731032429,en,target_fpr,,,0.0391644908616188,-0.03253845408076275,native,0.01,toxicity,encoder_minilm,EXP-007
am,fixed_half,0.5,0.0,1,0.2994871794871795,0.0,0.1441326530612245,0.7960893854748603,0.5637065637065637,0.20391061452513967,0.17266666666666666,0.20391061452513967,False,False,0.5661572939231558,0.47733333333333333,0.511,1000,1500,0.6076457815873632,en,target_fpr,,,0.10165184243964423,-0.19783533704753528,native,0.05,toxicity,encoder_minilm,EXP-007
am,source_global,0.6076457815873632,0.0,1,0.2204724409448819,0.0,0.09566326530612244,0.8631284916201117,0.5664739884393064,0.13687150837988826,0.11533333333333333,0.13687150837988826,False,False,0.5661572939231558,0.47733333333333333,0.511,1000,1500,0.6076457815873632,en,target_fpr,0.18392440847095734,0.2542271468929558,0.10165184243964423,-0.11882059850523766,native,0.05,toxicity,encoder_minilm,EXP-007
am,pooled_global,0.8868604485105611,0.0,1,0.045637583892617455,0.0,0.015306122448979591,0.9762569832402235,0.5862068965517241,0.023743016759776536,0.019333333333333334,0.023743016759776536,False,False,0.5661572939231558,0.47733333333333333,0.511,1000,1500,0.6076457815873632,en,target_fpr,,,0.10165184243964423,0.056014258547026775,native,0.05,toxicity,encoder_minilm,EXP-007
am,worstcase_global,0.9674550641828019,0.0,1,0.008310249307479223,0.0,0.003826530612244898,0.9958100558659218,0.5,0.004189944134078212,0.004,0.004189944134078212,True,False,0.5661572939231558,0.47733333333333333,0.511,1000,1500,0.6076457815873632,en,target_fpr,,,0.10165184243964423,0.093341593132165,native,0.05,toxicity,encoder_minilm,EXP-007
am,quantile_match,0.2445226446877838,0.0,1,0.47740963855421686,0.0,0.3762755102040816,0.5572625698324022,0.5179738562091504,0.44273743016759776,0.408,0.44273743016759776,False,False,0.5661572939231558,0.47733333333333333,0.511,1000,1500,0.6076457815873632,en,target_fpr,,,0.10165184243964423,-0.3757577961145726,native,0.05,toxicity,encoder_minilm,EXP-007
am,sld_em,0.9952495471613964,0.0,1,0.0,0.0,0.0,1.0,0.0,0.0,0.0,0.0,True,False,0.5661572939231558,0.47733333333333333,0.511,1000,1500,0.6076457815873632,en,target_fpr,,,0.10165184243964423,0.10165184243964423,native,0.05,toxicity,encoder_minilm,EXP-007
am,bbse,0.9319414210711565,0.0,1,0.02997275204359673,0.0,0.008928571428571428,0.9846368715083799,0.6111111111111112,0.015363128491620111,0.012,0.015363128491620111,False,False,0.5661572939231558,0.47733333333333333,0.511,1000,1500,0.6076457815873632,en,target_fpr,,,0.10165184243964423,0.0716790903960475,native,0.05,toxicity,encoder_minilm,EXP-007
am,few_label_8_strat,0.6395129548993372,0.22920353907738086,25,0.20397405995612267,0.14144015591161727,0.11270408163265305,0.8543016759776535,0.5549900142997051,0.14569832402234634,0.12845333333333334,0.14569832402234634,False,False,0.5661572939231558,0.47733333333333333,0.511,1000,1500,0.6076457815873632,en,target_fpr,,,0.10165184243964423,-0.10232221751647844,native,0.05,toxicity,encoder_minilm,EXP-007
am,few_label_8_rand,0.5824705185647081,0.22078912313350266,25,0.2436671996326161,0.14317809456211278,0.1444387755102041,0.8174301675977653,0.5540587737269078,0.18256983240223462,0.16264,0.18256983240223462,False,False,0.5661572939231558,0.47733333333333333,0.511,1000,1500,0.6076457815873632,en,target_fpr,,,0.10165184243964423,-0.14201535719297187,native,0.05,toxicity,encoder_minilm,EXP-007
am,few_label_16_strat,0.7105713518013093,0.173202977665639,25,0.16059829118463273,0.10765120770680893,0.07673469387755101,0.8958659217877095,0.5733284361856078,0.10413407821229051,0.08981333333333336,0.10413407821229051,False,False,0.5661572939231558,0.47733333333333333,0.511,1000,1500,0.6076457815873632,en,target_fpr,,,0.10165184243964423,-0.0589464487449885,native,0.05,toxicity,encoder_minilm,EXP-007
am,few_label_16_rand,0.7309341088728477,0.19512728983161723,25,0.14876498296466698,0.12498205541325169,0.07500000000000001,0.8991061452513966,0.576080159702441,0.10089385474860336,0.08736000000000001,0.10089385474860336,False,False,0.5661572939231558,0.47733333333333333,0.511,1000,1500,0.6076457815873632,en,target_fpr,,,0.10165184243964423,-0.047113140525022745,native,0.05,toxicity,encoder_minilm,EXP-007
am,few_label_32_strat,0.8230862543790317,0.11552451104850384,25,0.08904262717512507,0.0706610922282116,0.036479591836734694,0.9484357541899441,0.5824270449118845,0.051564245810055864,0.043680000000000004,0.051564245810055864,False,False,0.5661572939231558,0.47733333333333333,0.511,1000,1500,0.6076457815873632,en,target_fpr,,,0.10165184243964423,0.012609215264519164,native,0.05,toxicity,encoder_minilm,EXP-007
am,few_label_32_rand,0.7955181795830351,0.11510416237007175,25,0.10617353140939605,0.07083356580535054,0.043061224489795914,0.9380446927374301,0.5828013472122625,0.061955307262569835,0.05208,0.061955307262569835,False,False,0.5661572939231558,0.47733333333333333,0.511,1000,1500,0.6076457815873632,en,target_fpr,,,0.10165184243964423,-0.0045216889697518164,native,0.05,toxicity,encoder_minilm,EXP-007
am,few_label_64_strat,0.8045159525826603,0.1013974891163582,25,0.0998405933492014,0.06272983925833849,0.039540816326530615,0.9427932960893856,0.5821078495850336,0.057206703910614526,0.04797333333333333,0.057206703910614526,False,False,0.5661572939231558,0.47733333333333333,0.511,1000,1500,0.6076457815873632,en,target_fpr,,,0.10165184243964423,0.0018112490904428347,native,0.05,toxicity,encoder_minilm,EXP-007
am,few_label_64_rand,0.7899008129089264,0.11586256149886566,25,0.11020696989526886,0.07046199214160252,0.04418367346938776,0.9357541899441343,0.5865484296431154,0.06424581005586591,0.053759999999999995,0.06424581005586591,False,False,0.5661572939231558,0.47733333333333333,0.511,1000,1500,0.6076457815873632,en,target_fpr,,,0.10165184243964423,-0.008555127455624631,native,0.05,toxicity,encoder_minilm,EXP-007
am,few_label_128_strat,0.7892395993082744,0.08612926744573701,25,0.10967698270345043,0.05507630063418598,0.043010204081632655,0.93731843575419,0.5778106879025073,0.06268156424581005,0.0524,0.06268156424581005,False,False,0.5661572939231558,0.47733333333333333,0.511,1000,1500,0.6076457815873632,en,target_fpr,,,0.10165184243964423,-0.0080251402638062,native,0.05,toxicity,encoder_minilm,EXP-007
am,few_label_128_rand,0.7676761365713091,0.07847251898694668,25,0.12097443610305197,0.047904465170701335,0.049846938775510205,0.9306145251396649,0.5683433323399665,0.0693854748603352,0.059173333333333335,0.0693854748603352,False,False,0.5661572939231558,0.47733333333333333,0.511,1000,1500,0.6076457815873632,en,target_fpr,,,0.10165184243964423,-0.019322593663407744,native,0.05,toxicity,encoder_minilm,EXP-007
am,few_label_256_strat,0.7886080603997563,0.06016375493446956,25,0.10952873307058919,0.03725393447010186,0.042653061224489794,0.9384357541899441,0.576114895231857,0.06156424581005586,0.051680000000000004,0.06156424581005586,False,False,0.5661572939231558,0.47733333333333333,0.511,1000,1500,0.6076457815873632,en,target_fpr,,,0.10165184243964423,-0.00787689063094496,native,0.05,toxicity,encoder_minilm,EXP-007
am,few_label_256_rand,0.7935107677321294,0.04546093734870507,25,0.10597242584051327,0.025827142539962544,0.04142857142857143,0.9410614525139664,0.5722292334042491,0.05893854748603351,0.049786666666666674,0.05893854748603351,False,False,0.5661572939231558,0.47733333333333333,0.511,1000,1500,0.6076457815873632,en,target_fpr,,,0.10165184243964423,-0.004320583400869035,native,0.05,toxicity,encoder_minilm,EXP-007
am,target_full,0.796865772303853,0.0,1,0.10165184243964423,0.0,0.039540816326530615,0.9441340782122905,0.5633802816901409,0.055865921787709494,0.04733333333333333,0.055865921787709494,False,False,0.5661572939231558,0.47733333333333333,0.511,1000,1500,0.6076457815873632,en,target_fpr,0.07231661726206848,0.1294733044733045,0.10165184243964423,0.0,native,0.05,toxicity,encoder_minilm,EXP-007
am,test_oracle_unachievable,0.7655849349952408,0.0,1,0.12422360248447206,0.0,0.04974489795918367,0.9301675977653632,0.5617977528089888,0.06983240223463687,0.059333333333333335,0.06983240223463687,False,False,0.5661572939231558,0.47733333333333333,0.511,1000,1500,0.6076457815873632,en,target_fpr,,,0.10165184243964423,-0.022571760044827832,native,0.05,toxicity,encoder_minilm,EXP-007
ar,fixed_half,0.5,0.0,1,0.4515021459227468,0.0,0.20053475935828877,0.6502659574468085,0.6368038740920097,0.3497340425531915,0.2753333333333333,0.3497340425531915,False,False,0.6368525287290931,0.5013333333333333,0.503,1000,1500,0.6076457815873632,en,target_fpr,,,0.2209695603156708,-0.23053258560707598,native,0.05,toxicity,encoder_minilm,EXP-007
ar,source_global,0.6076457815873632,0.0,1,0.38468720821661995,0.0,0.15106951871657753,0.726063829787234,0.64576802507837,0.27393617021276595,0.21266666666666667,0.27393617021276595,False,False,0.6368525287290931,0.5013333333333333,0.503,1000,1500,0.6076457815873632,en,target_fpr,0.345290884540043,0.42468811725472155,0.2209695603156708,-0.16371764790094914,native,0.05,toxicity,encoder_minilm,EXP-007
ar,pooled_global,0.8845046277619,0.0,1,0.20642201834862386,0.0,0.040106951871657755,0.8803191489361702,0.75,0.1196808510638298,0.08,0.1196808510638298,False,False,0.6368525287290931,0.5013333333333333,0.503,1000,1500,0.6076457815873632,en,target_fpr,,,0.2209695603156708,0.01454754196704694,native,0.05,toxicity,encoder_minilm,EXP-007
ar,worstcase_global,0.9674550641828019,0.0,1,0.07097591888466412,0.0,0.012032085561497326,0.9627659574468085,0.7567567567567568,0.03723404255319149,0.024666666666666667,0.03723404255319149,False,False,0.6368525287290931,0.5013333333333333,0.503,1000,1500,0.6076457815873632,en,target_fpr,,,0.2209695603156708,0.14999364143100669,native,0.05,toxicity,encoder_minilm,EXP-007
ar,quantile_match,0.2764397773139985,0.0,1,0.5766526019690577,0.0,0.34759358288770054,0.45478723404255317,0.6119402985074627,0.5452127659574468,0.44666666666666666,0.5452127659574468,False,False,0.6368525287290931,0.5013333333333333,0.503,1000,1500,0.6076457815873632,en,target_fpr,,,0.2209695603156708,-0.3556830416533868,native,0.05,toxicity,encoder_minilm,EXP-007
ar,sld_em,0.8755995809795645,0.0,1,0.21387940841865757,0.0,0.04411764705882353,0.875,0.7401574803149606,0.125,0.08466666666666667,0.125,False,False,0.6368525287290931,0.5013333333333333,0.503,1000,1500,0.6076457815873632,en,target_fpr,,,0.2209695603156708,0.0070901518970132305,native,0.05,toxicity,encoder_minilm,EXP-007
ar,bbse,0.8397193326325513,0.0,1,0.24889867841409694,0.0,0.05748663101604278,0.8497340425531915,0.7243589743589743,0.1502659574468085,0.104,0.1502659574468085,False,False,0.6368525287290931,0.5013333333333333,0.503,1000,1500,0.6076457815873632,en,target_fpr,,,0.2209695603156708,-0.02792911809842613,native,0.05,toxicity,encoder_minilm,EXP-007
ar,few_label_8_strat,0.646895007223839,0.23521726759349593,25,0.3462559488341244,0.15866915134302445,0.15310160427807487,0.7316489361702128,0.673062146117882,0.26835106382978724,0.21088000000000004,0.26835106382978724,False,False,0.6368525287290931,0.5013333333333333,0.503,1000,1500,0.6076457815873632,en,target_fpr,,,0.2209695603156708,-0.1252863885184536,native,0.05,toxicity,encoder_minilm,EXP-007
ar,few_label_8_rand,0.5739064849416888,0.27541447838686334,25,0.3897614600266596,0.18111316446167253,0.21668449197860962,0.6605319148936171,0.6498630195057118,0.33946808510638304,0.27824000000000004,0.33946808510638304,False,False,0.6368525287290931,0.5013333333333333,0.503,1000,1500,0.6076457815873632,en,target_fpr,,,0.2209695603156708,-0.16879189971098882,native,0.05,toxicity,encoder_minilm,EXP-007
ar,few_label_16_strat,0.7665513580532068,0.20200065461546107,25,0.2602187563324253,0.15000010951975024,0.09438502673796792,0.8172340425531915,0.6995089047699073,0.1827659574468085,0.13869333333333334,0.1827659574468085,False,False,0.6368525287290931,0.5013333333333333,0.503,1000,1500,0.6076457815873632,en,target_fpr,,,0.2209695603156708,-0.0392491960167545,native,0.05,toxicity,encoder_minilm,EXP-007
ar,few_label_16_rand,0.6876775717835031,0.2308338014627914,25,0.3236986040947162,0.15213489606411876,0.13122994652406417,0.757712765957447,0.6881044562485436,0.2422872340425532,0.1869066666666667,0.2422872340425532,False,False,0.6368525287290931,0.5013333333333333,0.503,1000,1500,0.6076457815873632,en,target_fpr,,,0.2209695603156708,-0.10272904377904538,native,0.05,toxicity,encoder_minilm,EXP-007
ar,few_label_32_strat,0.819919855412175,0.14278957295640435,25,0.22885166086402858,0.120885037099935,0.06818181818181819,0.8522340425531916,0.7081776085789419,0.1477659574468085,0.10808,0.1477659574468085,False,False,0.6368525287290931,0.5013333333333333,0.503,1000,1500,0.6076457815873632,en,target_fpr,,,0.2209695603156708,-0.007882100548357779,native,0.05,toxicity,encoder_minilm,EXP-007
ar,few_label_32_rand,0.8562172176585056,0.12272621543004762,25,0.19705868229037515,0.11324970079580401,0.05577540106951871,0.8763829787234042,0.7107755936942927,0.12361702127659574,0.08978666666666667,0.12361702127659574,False,False,0.6368525287290931,0.5013333333333333,0.503,1000,1500,0.6076457815873632,en,target_fpr,,,0.2209695603156708,0.02391087802529565,native,0.05,toxicity,encoder_minilm,EXP-007
ar,few_label_64_strat,0.8536337965900335,0.07232912654788522,25,0.2205436118417539,0.06896352185410567,0.05358288770053475,0.8665425531914893,0.7248159817953571,0.13345744680851065,0.09362666666666668,0.13345744680851065,False,False,0.6368525287290931,0.5013333333333333,0.503,1000,1500,0.6076457815873632,en,target_fpr,,,0.2209695603156708,0.00042594847391691504,native,0.05,toxicity,encoder_minilm,EXP-007
ar,few_label_64_rand,0.816018546092492,0.13926491309182806,25,0.23816423303864392,0.11048218814259579,0.07005347593582888,0.8464361702127658,0.7137430857939866,0.15356382978723404,0.11192000000000002,0.15356382978723404,False,False,0.6368525287290931,0.5013333333333333,0.503,1000,1500,0.6076457815873632,en,target_fpr,,,0.2209695603156708,-0.01719467272297312,native,0.05,toxicity,encoder_minilm,EXP-007
ar,few_label_128_strat,0.855942886310623,0.041300289650509296,25,0.2270045050411007,0.039472902432051184,0.052192513368983964,0.8643085106382977,0.7294427756257233,0.13569148936170214,0.09405333333333334,0.13569148936170214,False,False,0.6368525287290931,0.5013333333333333,0.503,1000,1500,0.6076457815873632,en,target_fpr,,,0.2209695603156708,-0.006034944725429897,native,0.05,toxicity,encoder_minilm,EXP-007
ar,few_label_128_rand,0.8448009254375202,0.05204505079168655,25,0.2355289236806442,0.0478907933900632,0.05716577540106952,0.8574468085106384,0.7228271296468453,0.1425531914893617,0.09997333333333333,0.1425531914893617,False,False,0.6368525287290931,0.5013333333333333,0.503,1000,1500,0.6076457815873632,en,target_fpr,,,0.2209695603156708,-0.014559363364973404,native,0.05,toxicity,encoder_minilm,EXP-007
ar,few_label_256_strat,0.8572458029602865,0.03288730453554461,25,0.22912796261505938,0.0314701880699704,0.05112299465240642,0.8634042553191489,0.7323661845893039,0.13659574468085106,0.09397333333333334,0.13659574468085106,False,False,0.6368525287290931,0.5013333333333333,0.503,1000,1500,0.6076457815873632,en,target_fpr,,,0.2209695603156708,-0.008158402299388579,native,0.05,toxicity,encoder_minilm,EXP-007
ar,few_label_256_rand,0.8550332067803137,0.032224099207462144,25,0.23137520340593482,0.032173838142728305,0.052513368983957226,0.8617021276595744,0.7291892064437581,0.13829787234042554,0.09551999999999998,0.13829787234042554,False,False,0.6368525287290931,0.5013333333333333,0.503,1000,1500,0.6076457815873632,en,target_fpr,,,0.2209695603156708,-0.01040564309026401,native,0.05,toxicity,encoder_minilm,EXP-007
ar,target_full,0.8700044310202599,0.0,1,0.2209695603156708,0.0,0.04946524064171123,0.8696808510638298,0.725925925925926,0.13031914893617022,0.09,0.13031914893617022,False,False,0.6368525287290931,0.5013333333333333,0.503,1000,1500,0.6076457815873632,en,target_fpr,0.18301632203610482,0.25809376850599175,0.2209695603156708,0.0,native,0.05,toxicity,encoder_minilm,EXP-007
ar,test_oracle_unachievable,0.8661853460466133,0.0,1,0.2249718785151856,0.0,0.04946524064171123,0.8670212765957447,0.7299270072992701,0.13297872340425532,0.09133333333333334,0.13297872340425532,False,False,0.6368525287290931,0.5013333333333333,0.503,1000,1500,0.6076457815873632,en,target_fpr,,,0.2209695603156708,-0.004002318199514798,native,0.05,toxicity,encoder_minilm,EXP-007
de,fixed_half,0.5,0.0,1,0.7392739273927392,0.0,0.2752659574468085,0.25133689839572193,0.7301173402868318,0.7486631016042781,0.5113333333333333,0.7486631016042781,False,False,0.8162049152349528,0.49866666666666665,0.508,1000,1500,0.6076457815873632,en,target_fpr,,,0.4528301886792453,-0.28644373871349393,native,0.05,toxicity,encoder_minilm,EXP-007
de,source_global,0.6076457815873632,0.0,1,0.7057122198120028,0.0,0.19547872340425532,0.34759358288770054,0.768503937007874,0.6524064171122995,0.42333333333333334,0.6524064171122995,False,False,0.8162049152349528,0.49866666666666665,0.508,1000,1500,0.6076457815873632,en,target_fpr,0.6792913269088214,0.7350880430753824,0.4528301886792453,-0.25288203113275753,native,0.05,toxicity,encoder_minilm,EXP-007
de,pooled_global,0.8846878713120416,0.0,1,0.39999999999999997,0.0,0.031914893617021274,0.7419786096256684,0.8894009216589862,0.2580213903743315,0.14466666666666667,0.2580213903743315,False,False,0.8162049152349528,0.49866666666666665,0.508,1000,1500,0.6076457815873632,en,target_fpr,,,0.4528301886792453,0.05283018867924533,native,0.05,toxicity,encoder_minilm,EXP-007
de,worstcase_global,0.9674550641828019,0.0,1,0.12437810945273632,0.0,0.007978723404255319,0.9331550802139037,0.8928571428571429,0.06684491978609626,0.037333333333333336,0.06684491978609626,False,False,0.8162049152349528,0.49866666666666665,0.508,1000,1500,0.6076457815873632,en,target_fpr,,,0.4528301886792453,0.328452079226509,native,0.05,toxicity,encoder_minilm,EXP-007
de,quantile_match,0.5535594297776123,0.0,1,0.7279005524861879,0.0,0.2300531914893617,0.29545454545454547,0.7528571428571429,0.7045454545454546,0.4666666666666667,0.7045454545454546,False,False,0.8162049152349528,0.49866666666666665,0.508,1000,1500,0.6076457815873632,en,target_fpr,,,0.4528301886792453,-0.2750703638069426,native,0.05,toxicity,encoder_minilm,EXP-007
de,sld_em,0.5832090551959219,0.0,1,0.7148936170212766,0.0,0.21010638297872342,0.32620320855614976,0.7613293051359517,0.6737967914438503,0.44133333333333336,0.6737967914438503,False,False,0.8162049152349528,0.49866666666666665,0.508,1000,1500,0.6076457815873632,en,target_fpr,,,0.4528301886792453,-0.26206342834203133,native,0.05,toxicity,encoder_minilm,EXP-007
de,bbse,0.6479603112396881,0.0,1,0.6773455377574371,0.0,0.15824468085106383,0.40641711229946526,0.7886323268206039,0.5935828877005348,0.37533333333333335,0.5935828877005348,False,False,0.8162049152349528,0.49866666666666665,0.508,1000,1500,0.6076457815873632,en,target_fpr,,,0.4528301886792453,-0.22451534907819182,native,0.05,toxicity,encoder_minilm,EXP-007
de,few_label_8_strat,0.6506278530948962,0.20179454703664282,25,0.5965459309845346,0.1864391268367479,0.18255319148936175,0.45101604278074864,0.787397884621144,0.5489839572192513,0.36528000000000005,0.5489839572192513,False,False,0.8162049152349528,0.49866666666666665,0.508,1000,1500,0.6076457815873632,en,target_fpr,,,0.4528301886792453,-0.14371574230528927,native,0.05,toxicity,encoder_minilm,EXP-007
de,few_label_8_rand,0.6997724163209036,0.20637141241105061,25,0.559131440676084,0.17293352507793652,0.15143617021276598,0.510855614973262,0.8100754862813037,0.4891443850267379,0.31984,0.4891443850267379,False,False,0.8162049152349528,0.49866666666666665,0.508,1000,1500,0.6076457815873632,en,target_fpr,,,0.4528301886792453,-0.10630125199683871,native,0.05,toxicity,encoder_minilm,EXP-007
de,few_label_16_strat,0.7490100244139328,0.14612902544830303,25,0.5354683382136639,0.17890234298034308,0.11329787234042552,0.5589839572192513,0.8230922078906534,0.4410160427807486,0.27672,0.4410160427807486,False,False,0.8162049152349528,0.49866666666666665,0.508,1000,1500,0.6076457815873632,en,target_fpr,,,0.4528301886792453,-0.08263814953441861,native,0.05,toxicity,encoder_minilm,EXP-007
de,few_label_16_rand,0.8006957568784392,0.16353814362798544,25,0.458565588326028,0.16618825072904098,0.08904255319148938,0.643903743315508,0.842249421639291,0.35609625668449196,0.22221333333333335,0.35609625668449196,False,False,0.8162049152349528,0.49866666666666665,0.508,1000,1500,0.6076457815873632,en,target_fpr,,,0.4528301886792453,-0.005735399646782713,native,0.05,toxicity,encoder_minilm,EXP-007
de,few_label_32_strat,0.8435026766040186,0.10136297637959583,25,0.4191992677057214,0.17037243596691104,0.06037234042553192,0.6955080213903743,0.8569705429271717,0.3044919786096257,0.1821066666666667,0.3044919786096257,False,False,0.8162049152349528,0.49866666666666665,0.508,1000,1500,0.6076457815873632,en,target_fpr,,,0.4528301886792453,0.03363092097352388,native,0.05,toxicity,encoder_minilm,EXP-007
de,few_label_32_rand,0.867596882678152,0.06764328101614066,25,0.39767595632979386,0.13738176830036833,0.046382978723404245,0.7271657754010695,0.8682853237786395,0.2728342245989305,0.15930666666666668,0.2728342245989305,False,False,0.8162049152349528,0.49866666666666665,0.508,1000,1500,0.6076457815873632,en,target_fpr,,,0.4528301886792453,0.05515423234945144,native,0.05,toxicity,encoder_minilm,EXP-007
de,few_label_64_strat,0.8511939201864942,0.047534748601374306,25,0.4505662738730812,0.08966865087744472,0.05074468085106382,0.6881818181818181,0.8657267589073822,0.31181818181818177,0.18093333333333336,0.31181818181818177,False,False,0.8162049152349528,0.49866666666666665,0.508,1000,1500,0.6076457815873632,en,target_fpr,,,0.4528301886792453,0.0022639148061641134,native,0.05,toxicity,encoder_minilm,EXP-007
de,few_label_64_rand,0.8499712830222188,0.06226681691388363,25,0.4428435818750366,0.11253432900201185,0.05319148936170213,0.6906417112299466,0.8624551491419848,0.30935828877005345,0.18093333333333333,0.30935828877005345,False,False,0.8162049152349528,0.49866666666666665,0.508,1000,1500,0.6076457815873632,en,target_fpr,,,0.4528301886792453,0.009986606804208709,native,0.05,toxicity,encoder_minilm,EXP-007
de,few_label_128_strat,0.823996944396624,0.04719173738611381,25,0.4975468776998103,0.078454917729136,0.06606382978723405,0.6414973262032087,0.8496373102311299,0.35850267379679146,0.21189333333333335,0.35850267379679146,False,False,0.8162049152349528,0.49866666666666665,0.508,1000,1500,0.6076457815873632,en,target_fpr,,,0.4528301886792453,-0.044716689020565026,native,0.05,toxicity,encoder_minilm,EXP-007
de,few_label_128_rand,0.859410127724786,0.037360878686749414,25,0.44034309761551355,0.07461627143829987,0.047287234042553195,0.7,0.8688910787561989,0.3,0.1733066666666667,0.3,False,False,0.8162049152349528,0.49866666666666665,0.508,1000,1500,0.6076457815873632,en,target_fpr,,,0.4528301886792453,0.012487091063731748,native,0.05,toxicity,encoder_minilm,EXP-007
de,few_label_256_strat,0.8484044779436144,0.022866980249607646,25,0.47063616834591804,0.04056652686066155,0.04957446808510639,0.6755080213903742,0.8695754796691153,0.3244919786096257,0.18666666666666665,0.3244919786096257,False,False,0.8162049152349528,0.49866666666666665,0.508,1000,1500,0.6076457815873632,en,target_fpr,,,0.4528301886792453,-0.017805979666672744,native,0.05,toxicity,encoder_minilm,EXP-007
de,few_label_256_rand,0.8516240993801264,0.02894611434418243,25,0.46154393234538565,0.05251327841075214,0.04851063829787233,0.6831016042780749,0.8699818169631922,0.3168983957219251,0.18234666666666666,0.3168983957219251,False,False,0.8162049152349528,0.49866666666666665,0.508,1000,1500,0.6076457815873632,en,target_fpr,,,0.4528301886792453,-0.008713743666140361,native,0.05,toxicity,encoder_minilm,EXP-007
de,target_full,0.8595435064412243,0.0,1,0.4528301886792453,0.0,0.041223404255319146,0.6951871657754011,0.8803088803088803,0.3048128342245989,0.17266666666666666,0.3048128342245989,False,False,0.8162049152349528,0.49866666666666665,0.508,1000,1500,0.6076457815873632,en,target_fpr,0.4086166698940496,0.4948353535335297,0.4528301886792453,0.0,native,0.05,toxicity,encoder_minilm,EXP-007
de,test_oracle_unachievable,0.8370541949720487,0.0,1,0.4947267497603068,0.0,0.04920212765957447,0.6550802139037433,0.8745762711864407,0.3449197860962567,0.19666666666666666,0.3449197860962567,False,False,0.8162049152349528,0.49866666666666665,0.508,1000,1500,0.6076457815873632,en,target_fpr,,,0.4528301886792453,-0.04189656108106149,native,0.05,toxicity,encoder_minilm,EXP-007
en,fixed_half,0.5,0.0,1,0.9500674763832658,0.0,0.048748353096179184,0.04993252361673414,0.9500674763832658,0.9500674763832658,0.494,0.9500674763832658,False,True,0.9897460789909303,0.494,0.478,1000,1500,0.6076457815873632,en,target_fpr,,,0.9457789979409746,-0.004288478442291188,native,0.05,toxicity,encoder_minilm,EXP-007
en,source_global,0.6076457815873632,0.0,1,0.9457789979409746,0.0,0.03557312252964427,0.07017543859649122,0.9622905027932961,0.9298245614035088,0.47733333333333333,0.9298245614035088,False,True,0.9897460789909303,0.494,0.478,1000,1500,0.6076457815873632,en,target_fpr,0.9341887488719387,0.9562212108438997,0.9457789979409746,0.0,native,0.05,toxicity,encoder_minilm,EXP-007
en,pooled_global,0.8883876445287814,0.0,1,0.8311076197957581,0.0,0.003952569169960474,0.28609986504723345,0.9943609022556391,0.7139001349527665,0.3546666666666667,0.7139001349527665,False,True,0.9897460789909303,0.494,0.478,1000,1500,0.6076457815873632,en,target_fpr,,,0.9457789979409746,0.11467137814521655,native,0.05,toxicity,encoder_minilm,EXP-007
en,worstcase_global,0.9674550641828019,0.0,1,0.6169617893755825,0.0,0.0013175230566534915,0.553306342780027,0.9969879518072289,0.446693657219973,0.22133333333333333,0.446693657219973,False,True,0.9897460789909303,0.494,0.478,1000,1500,0.6076457815873632,en,target_fpr,,,0.9457789979409746,0.3288172085653921,native,0.05,toxicity,encoder_minilm,EXP-007
en,quantile_match,0.6090500336079796,0.0,1,0.9443298969072165,0.0,0.03557312252964427,0.0728744939271255,0.9621848739495799,0.9271255060728745,0.476,0.9271255060728745,False,True,0.9897460789909303,0.494,0.478,1000,1500,0.6076457815873632,en,target_fpr,,,0.9457789979409746,0.0014491010337581711,native,0.05,toxicity,encoder_minilm,EXP-007
en,sld_em,0.607645781587363,0.0,1,0.9457789979409746,0.0,0.03557312252964427,0.07017543859649122,0.9622905027932961,0.9298245614035088,0.47733333333333333,0.9298245614035088,False,True,0.9897460789909303,0.494,0.478,1000,1500,0.6076457815873632,en,target_fpr,,,0.9457789979409746,0.0,native,0.05,toxicity,encoder_minilm,EXP-007
en,bbse,0.6076457815873632,0.0,1,0.9457789979409746,0.0,0.03557312252964427,0.07017543859649122,0.9622905027932961,0.9298245614035088,0.47733333333333333,0.9298245614035088,False,True,0.9897460789909303,0.494,0.478,1000,1500,0.6076457815873632,en,target_fpr,,,0.9457789979409746,0.0,native,0.05,toxicity,encoder_minilm,EXP-007
en,few_label_8_strat,0.48791414971999036,0.16262811589443088,25,0.9334994771238526,0.02903314129467685,0.07077733860342555,0.060620782726045874,0.9325822411860922,0.9393792172739542,0.4998666666666666,0.9393792172739542,False,True,0.9897460789909303,0.494,0.478,1000,1500,0.6076457815873632,en,target_fpr,,,0.9457789979409746,0.012279520817122025,native,0.05,toxicity,encoder_minilm,EXP-007
en,few_label_8_rand,0.593274072582758,0.2336479484860791,25,0.9072909628350319,0.04719397097770644,0.06034255599472991,0.11460188933873144,0.9439209799699051,0.8853981106612686,0.46792,0.8853981106612686,False,True,0.9897460789909303,0.494,0.478,1000,1500,0.6076457815873632,en,target_fpr,,,0.9457789979409746,0.038488035105942786,native,0.05,toxicity,encoder_minilm,EXP-007
en,few_label_16_strat,0.6095867308572176,0.20212313855040034,25,0.910958772676149,0.06029662581896589,0.043320158102766806,0.11913630229419704,0.9564584939392854,0.8808636977058031,0.4570666666666666,0.8808636977058031,False,True,0.9897460789909303,0.494,0.478,1000,1500,0.6076457815873632,en,target_fpr,,,0.9457789979409746,0.034820225264825644,native,0.05,toxicity,encoder_minilm,EXP-007
en,few_label_16_rand,0.5619700392477359,0.1911348878405318,25,0.9223373735840618,0.04931337491923892,0.050223978919631096,0.09506072874493927,0.9499246311299429,0.9049392712550608,0.4724533333333333,0.9049392712550608,False,True,0.9897460789909303,0.494,0.478,1000,1500,0.6076457815873632,en,target_fpr,,,0.9457789979409746,0.023441624356912882,native,0.05,toxicity,encoder_minilm,EXP-007
en,few_label_32_strat,0.6910915223535892,0.19500774887664538,25,0.8928411513100915,0.0641148016149547,0.030303030303030304,0.1606477732793522,0.9683907412731354,0.8393522267206478,0.4299733333333333,0.8393522267206478,False,True,0.9897460789909303,0.494,0.478,1000,1500,0.6076457815873632,en,target_fpr,,,0.9457789979409746,0.05293784663088319,native,0.05,toxicity,encoder_minilm,EXP-007
en,few_label_32_rand,0.6900479947293512,0.1673400142041456,25,0.9102542744658122,0.03567436347296293,0.028616600790513834,0.13705802968960865,0.9698905363255108,0.8629419703103914,0.44077333333333335,0.8629419703103914,False,True,0.9897460789909303,0.494,0.478,1000,1500,0.6076457815873632,en,target_fpr,,,0.9457789979409746,0.035524723475162445,native,0.05,toxicity,encoder_minilm,EXP-007
en,few_label_64_strat,0.6205284519919019,0.1697875386352848,25,0.9245127652887437,0.027228451598639538,0.03942028985507247,0.10348178137651821,0.9595605124325809,0.8965182186234817,0.46282666666666666,0.8965182186234817,False,True,0.9897460789909303,0.494,0.478,1000,1500,0.6076457815873632,en,target_fpr,,,0.9457789979409746,0.021266232652230932,native,0.05,toxicity,encoder_minilm,EXP-007
en,few_label_64_rand,0.6365889584754324,0.16365089614267558,25,0.9223578423352372,0.03273316567789776,0.03488801054018446,0.1106612685560054,0.9636886749779547,0.8893387314439947,0.45698666666666665,0.8893387314439947,False,True,0.9897460789909303,0.494,0.478,1000,1500,0.6076457815873632,en,target_fpr,,,0.9457789979409746,0.02342115560573743,native,0.05,toxicity,encoder_minilm,EXP-007
en,few_label_128_strat,0.6105851368659594,0.12295595818411093,25,0.934273411978523,0.01741633952226852,0.037259552042160735,0.08890688259109311,0.9607935046681908,0.9110931174089071,0.4689333333333333,0.9110931174089071,False,True,0.9897460789909303,0.494,0.478,1000,1500,0.6076457815873632,en,target_fpr,,,0.9457789979409746,0.011505585962451659,native,0.05,toxicity,encoder_minilm,EXP-007
en,few_label_128_rand,0.6021736412875329,0.12258668104116101,25,0.9348635558109055,0.018487133020499563,0.037891963109354415,0.08717948717948719,0.9601683555826536,0.9128205128205127,0.47010666666666673,0.9128205128205127,False,True,0.9897460789909303,0.494,0.478,1000,1500,0.6076457815873632,en,target_fpr,,,0.9457789979409746,0.01091544213006912,native,0.05,toxicity,encoder_minilm,EXP-007
en,few_label_256_strat,0.5940845008108544,0.09309634130230394,25,0.9394831383562584,0.010621110243058484,0.039262187088274045,0.078110661268556,0.958665479348847,0.921889338731444,0.47528000000000004,0.921889338731444,False,True,0.9897460789909303,0.494,0.478,1000,1500,0.6076457815873632,en,target_fpr,,,0.9457789979409746,0.006295859584716235,native,0.05,toxicity,encoder_minilm,EXP-007
en,few_label_256_rand,0.6023269055898038,0.0932537898067628,25,0.9382066113062728,0.009852102990176786,0.03857707509881423,0.08113360323886638,0.9592603665462706,0.9188663967611335,0.47344,0.9188663967611335,False,True,0.9897460789909303,0.494,0.478,1000,1500,0.6076457815873632,en,target_fpr,,,0.9457789979409746,0.007572386634701833,native,0.05,toxicity,encoder_minilm,EXP-007
en,target_full,0.6076457815873632,0.0,1,0.9457789979409746,0.0,0.03557312252964427,0.07017543859649122,0.9622905027932961,0.9298245614035088,0.47733333333333333,0.9298245614035088,False,True,0.9897460789909303,0.494,0.478,1000,1500,0.6076457815873632,en,target_fpr,0.9348709611202958,0.9557018572909967,0.9457789979409746,0.0,native,0.05,toxicity,encoder_minilm,EXP-007
en,test_oracle_unachievable,0.5038621943325384,0.0,1,0.9500674763832658,0.0,0.048748353096179184,0.04993252361673414,0.9500674763832658,0.9500674763832658,0.494,0.9500674763832658,False,True,0.9897460789909303,0.494,0.478,1000,1500,0.6076457815873632,en,target_fpr,,,0.9457789979409746,-0.004288478442291188,native,0.05,toxicity,encoder_minilm,EXP-007
es,fixed_half,0.5,0.0,1,0.7181008902077152,0.0,0.19798234552332913,0.31541725601131543,0.7550702028081123,0.6845827439886846,0.42733333333333334,0.6845827439886846,False,False,0.8379294784099199,0.4713333333333333,0.512,1000,1500,0.6076457815873632,en,target_fpr,,,0.5789971617786188,-0.13910372842909635,native,0.05,toxicity,encoder_minilm,EXP-007
es,source_global,0.6076457815873632,0.0,1,0.6812297734627831,0.0,0.13619167717528374,0.4045261669024045,0.7958412098298677,0.5954738330975955,0.3526666666666667,0.5954738330975955,False,False,0.8379294784099199,0.4713333333333333,0.512,1000,1500,0.6076457815873632,en,target_fpr,0.6557398509814035,0.714172604908947,0.5789971617786188,-0.10223261168416431,native,0.05,toxicity,encoder_minilm,EXP-007
es,pooled_global,0.8856482707790243,0.0,1,0.453475935828877,0.0,0.0201765447667087,0.7001414427157001,0.9298245614035088,0.29985855728429983,0.152,0.29985855728429983,False,False,0.8379294784099199,0.4713333333333333,0.512,1000,1500,0.6076457815873632,en,target_fpr,,,0.5789971617786188,0.1255212259497418,native,0.05,toxicity,encoder_minilm,EXP-007
es,worstcase_global,0.9674550641828019,0.0,1,0.22999999999999995,0.0,0.0012610340479192938,0.8698727015558698,0.989247311827957,0.13012729844413012,0.062,0.13012729844413012,False,False,0.8379294784099199,0.4713333333333333,0.512,1000,1500,0.6076457815873632,en,target_fpr,,,0.5789971617786188,0.34899716177861884,native,0.05,toxicity,encoder_minilm,EXP-007
es,quantile_match,0.4612393075664694,0.0,1,0.7313218390804599,0.0,0.22194199243379573,0.28005657708628007,0.743065693430657,0.7199434229137199,0.45666666666666667,0.7199434229137199,False,False,0.8379294784099199,0.4713333333333333,0.512,1000,1500,0.6076457815873632,en,target_fpr,,,0.5789971617786188,-0.15232467730184107,native,0.05,toxicity,encoder_minilm,EXP-007
es,sld_em,0.7068157276869708,0.0,1,0.6255506607929516,0.0,0.09205548549810845,0.49787835926449786,0.8294392523364486,0.5021216407355021,0.2853333333333333,0.5021216407355021,False,False,0.8379294784099199,0.4713333333333333,0.512,1000,1500,0.6076457815873632,en,target_fpr,,,0.5789971617786188,-0.04655349901433281,native,0.05,toxicity,encoder_minilm,EXP-007
es,bbse,0.7251848877770758,0.0,1,0.6129032258064516,0.0,0.08448928121059268,0.5162659123055162,0.8361858190709046,0.4837340876944837,0.27266666666666667,0.4837340876944837,False,False,0.8379294784099199,0.4713333333333333,0.512,1000,1500,0.6076457815873632,en,target_fpr,,,0.5789971617786188,-0.033906064027832805,native,0.05,toxicity,encoder_minilm,EXP-007
es,few_label_8_strat,0.6449679629367637,0.18989473432861081,25,0.6133903407049082,0.14951014848111077,0.13150063051702396,0.46517680339462514,0.8174750038753325,0.5348231966053748,0.32159999999999994,0.5348231966053748,False,False,0.8379294784099199,0.4713333333333333,0.512,1000,1500,0.6076457815873632,en,target_fpr,,,0.5789971617786188,-0.03439317892628935,native,0.05,toxicity,encoder_minilm,EXP-007
es,few_label_8_rand,0.5173970998690597,0.21067272135784668,25,0.6788615772985152,0.08780847425813249,0.2051954602774275,0.3493635077793493,0.7685008231049776,0.6506364922206507,0.4151466666666667,0.6506364922206507,False,False,0.8379294784099199,0.4713333333333333,0.512,1000,1500,0.6076457815873632,en,target_fpr,,,0.5789971617786188,-0.09986441551989633,native,0.05,toxicity,encoder_minilm,EXP-007
es,few_label_16_strat,0.7052430883760382,0.17516155094822797,25,0.5750648467568045,0.1581578108863652,0.10098360655737704,0.523055162659123,0.8433389876402896,0.47694483734087695,0.27818666666666664,0.47694483734087695,False,False,0.8379294784099199,0.4713333333333333,0.512,1000,1500,0.6076457815873632,en,target_fpr,,,0.5789971617786188,0.003932315021814348,native,0.05,toxicity,encoder_minilm,EXP-007
es,few_label_16_rand,0.709210331935771,0.21956626321425712,25,0.524323893480013,0.22512909200116724,0.10572509457755361,0.5514568599717115,0.8532556247272783,0.4485431400282886,0.26730666666666664,0.4485431400282886,False,False,0.8379294784099199,0.4713333333333333,0.512,1000,1500,0.6076457815873632,en,target_fpr,,,0.5789971617786188,0.05467326829860586,native,0.05,toxicity,encoder_minilm,EXP-007
es,few_label_32_strat,0.7904889912126695,0.14022695447483413,25,0.5084121020121889,0.16365334186825506,0.06315258511979824,0.6109193776520508,0.8817504476203486,0.3890806223479491,0.2167733333333333,0.3890806223479491,False,False,0.8379294784099199,0.4713333333333333,0.512,1000,1500,0.6076457815873632,en,target_fpr,,,0.5789971617786188,0.07058505976642993,native,0.05,toxicity,encoder_minilm,EXP-007
es,few_label_32_rand,0.7945693702471718,0.16020538427857306,25,0.495235618428637,0.16597220233064935,0.06305170239596468,0.6205374823196605,0.8866027763882575,0.37946251768033945,0.21218666666666663,0.37946251768033945,False,False,0.8379294784099199,0.4713333333333333,0.512,1000,1500,0.6076457815873632,en,target_fpr,,,0.5789971617786188,0.08376154334998182,native,0.05,toxicity,encoder_minilm,EXP-007
es,few_label_64_strat,0.7908860201579696,0.09604258942941905,25,0.5369222121022039,0.10674434975584647,0.058158890290037825,0.598076379066478,0.8769524278554919,0.40192362093352196,0.22018666666666664,0.40192362093352196,False,False,0.8379294784099199,0.4713333333333333,0.512,1000,1500,0.6076457815873632,en,target_fpr,,,0.5789971617786188,0.0420749496764149,native,0.05,toxicity,encoder_minilm,EXP-007
es,few_label_64_rand,0.7595261675091339,0.12254105364944892,25,0.554874568431062,0.12819908803122945,0.0726860025220681,0.5676944837340876,0.8655875766748784,0.43230551626591235,0.24218666666666666,0.43230551626591235,False,False,0.8379294784099199,0.4713333333333333,0.512,1000,1500,0.6076457815873632,en,target_fpr,,,0.5789971617786188,0.024122593347556842,native,0.05,toxicity,encoder_minilm,EXP-007
es,few_label_128_strat,0.7393570205063237,0.092498370542231,25,0.5893764854681741,0.08056151391213769,0.07889029003783103,0.536973125884017,0.8517804644409063,0.463026874115983,0.25994666666666666,0.463026874115983,False,False,0.8379294784099199,0.4713333333333333,0.512,1000,1500,0.6076457815873632,en,target_fpr,,,0.5789971617786188,-0.010379323689555298,native,0.05,toxicity,encoder_minilm,EXP-007
es,few_label_128_rand,0.7228362230306103,0.08715561285369901,25,0.604863419738872,0.06446171783371443,0.08564943253467844,0.5185289957567185,0.8435067093600138,0.48147100424328143,0.27221333333333336,0.48147100424328143,False,False,0.8379294784099199,0.4713333333333333,0.512,1000,1500,0.6076457815873632,en,target_fpr,,,0.5789971617786188,-0.025866257960253214,native,0.05,toxicity,encoder_minilm,EXP-007
es,few_label_256_strat,0.7420159572157807,0.07479504968842862,25,0.5923223561604728,0.06116255618878457,0.07707440100882723,0.5377652050919378,0.8502471094428414,0.4622347949080623,0.25861333333333336,0.4622347949080623,False,False,0.8379294784099199,0.4713333333333333,0.512,1000,1500,0.6076457815873632,en,target_fpr,,,0.5789971617786188,-0.013325194381853978,native,0.05,toxicity,encoder_minilm,EXP-007
es,few_label_256_rand,0.7542132531131921,0.08884229078743865,25,0.5795539823143817,0.0695867927122187,0.07258511979823455,0.5520792079207921,0.8578747844677437,0.44792079207920793,0.24949333333333332,0.44792079207920793,False,False,0.8379294784099199,0.4713333333333333,0.512,1000,1500,0.6076457815873632,en,target_fpr,,,0.5789971617786188,-0.0005568205357628919,native,0.05,toxicity,encoder_minilm,EXP-007
es,target_full,0.7759428546690623,0.0,1,0.5789971617786188,0.0,0.05548549810844893,0.5671852899575672,0.8742857142857143,0.4328147100424328,0.23333333333333334,0.4328147100424328,False,False,0.8379294784099199,0.4713333333333333,0.512,1000,1500,0.6076457815873632,en,target_fpr,0.5455913758633225,0.6125962742191942,0.5789971617786188,0.0,native,0.05,toxicity,encoder_minilm,EXP-007
es,test_oracle_unachievable,0.7983065633050483,0.0,1,0.5491723466407011,0.0,0.04791929382093316,0.6011315417256011,0.88125,0.3988684582743989,0.21333333333333335,0.3988684582743989,False,False,0.8379294784099199,0.4713333333333333,0.512,1000,1500,0.6076457815873632,en,target_fpr,,,0.5789971617786188,0.029824815137917682,native,0.05,toxicity,encoder_minilm,EXP-007
fr,fixed_half,0.5,0.0,1,0.8262975778546713,0.0,0.15979381443298968,0.17541436464088397,0.8280166435506241,0.824585635359116,0.4806666666666667,0.824585635359116,False,False,0.9034501908070854,0.4826666666666667,0.517,1000,1500,0.6076457815873632,en,target_fpr,,,0.7396351575456053,-0.08666242030906601,native,0.05,toxicity,encoder_minilm,EXP-007
fr,source_global,0.6076457815873632,0.0,1,0.8056171470805618,0.0,0.10824742268041238,0.2472375690607735,0.8664546899841018,0.7527624309392266,0.41933333333333334,0.7527624309392266,False,False,0.9034501908070854,0.4826666666666667,0.517,1000,1500,0.6076457815873632,en,target_fpr,0.7803796052024928,0.8253904279884792,0.7396351575456053,-0.06598198953495649,native,0.05,toxicity,encoder_minilm,EXP-007
fr,pooled_global,0.8854380558083188,0.0,1,0.620817843866171,0.0,0.023195876288659795,0.5386740331491713,0.9488636363636364,0.4613259668508287,0.23466666666666666,0.4613259668508287,False,False,0.9034501908070854,0.4826666666666667,0.517,1000,1500,0.6076457815873632,en,target_fpr,,,0.7396351575456053,0.11881731367943427,native,0.05,toxicity,encoder_minilm,EXP-007
fr,worstcase_global,0.9674550641828019,0.0,1,0.34733257661748007,0.0,0.005154639175257732,0.7886740331491713,0.9745222929936306,0.21132596685082872,0.10466666666666667,0.21132596685082872,False,False,0.9034501908070854,0.4826666666666667,0.517,1000,1500,0.6076457815873632,en,target_fpr,,,0.7396351575456053,0.3923025809281252,native,0.05,toxicity,encoder_minilm,EXP-007
fr,quantile_match,0.5895356706300406,0.0,1,0.8084795321637428,0.0,0.1172680412371134,0.2361878453038674,0.8586956521739131,0.7638121546961326,0.42933333333333334,0.7638121546961326,False,False,0.9034501908070854,0.4826666666666667,0.517,1000,1500,0.6076457815873632,en,target_fpr,,,0.7396351575456053,-0.06884437461813753,native,0.05,toxicity,encoder_minilm,EXP-007
fr,sld_em,0.5673448066868637,0.0,1,0.8175287356321838,0.0,0.12757731958762886,0.21408839779005526,0.8517964071856288,0.7859116022099447,0.44533333333333336,0.7859116022099447,False,False,0.9034501908070854,0.4826666666666667,0.517,1000,1500,0.6076457815873632,en,target_fpr,,,0.7396351575456053,-0.07789357808657849,native,0.05,toxicity,encoder_minilm,EXP-007
fr,bbse,0.6208499720046988,0.0,1,0.8038632986627043,0.0,0.10438144329896908,0.2527624309392265,0.8697749196141479,0.7472375690607734,0.4146666666666667,0.7472375690607734,False,False,0.9034501908070854,0.4826666666666667,0.517,1000,1500,0.6076457815873632,en,target_fpr,,,0.7396351575456053,-0.06422814111709907,native,0.05,toxicity,encoder_minilm,EXP-007
fr,few_label_8_strat,0.6734138305636435,0.17732149171067593,25,0.7335964714035709,0.14128914735495374,0.0997938144329897,0.3339779005524862,0.8818262803233357,0.6660220994475138,0.3730933333333333,0.6660220994475138,False,False,0.9034501908070854,0.4826666666666667,0.517,1000,1500,0.6076457815873632,en,target_fpr,,,0.7396351575456053,0.0060386861420344,native,0.05,toxicity,encoder_minilm,EXP-007
fr,few_label_8_rand,0.6865636168455008,0.20903940126720538,25,0.7237814296924047,0.12820539933399122,0.105,0.3473480662983426,0.8821908858951341,0.6526519337016576,0.36933333333333335,0.6526519337016576,False,False,0.9034501908070854,0.4826666666666667,0.517,1000,1500,0.6076457815873632,en,target_fpr,,,0.7396351575456053,0.015853727853200605,native,0.05,toxicity,encoder_minilm,EXP-007
fr,few_label_16_strat,0.7440476980290691,0.1336464788167902,25,0.7215171338120879,0.12163372347164107,0.0668041237113402,0.37828729281767964,0.908415190425334,0.6217127071823204,0.33464,0.6217127071823204,False,False,0.9034501908070854,0.4826666666666667,0.517,1000,1500,0.6076457815873632,en,target_fpr,,,0.7396351575456053,0.01811802373351734,native,0.05,toxicity,encoder_minilm,EXP-007
fr,few_label_16_rand,0.7037949134384422,0.19162908558059338,25,0.7150967895827779,0.14272709770391437,0.08958762886597939,0.3639779005524862,0.8910509113024656,0.6360220994475138,0.3533333333333333,0.6360220994475138,False,False,0.9034501908070854,0.4826666666666667,0.517,1000,1500,0.6076457815873632,en,target_fpr,,,0.7396351575456053,0.02453836796282738,native,0.05,toxicity,encoder_minilm,EXP-007
fr,few_label_32_strat,0.7876200263460105,0.14049940950920814,25,0.6908755789300293,0.09901197149445244,0.05551546391752577,0.4274033149171271,0.920333123647847,0.5725966850828729,0.3050933333333333,0.5725966850828729,False,False,0.9034501908070854,0.4826666666666667,0.517,1000,1500,0.6076457815873632,en,target_fpr,,,0.7396351575456053,0.048759578615576005,native,0.05,toxicity,encoder_minilm,EXP-007
fr,few_label_32_rand,0.8406982662057197,0.13015782491394837,25,0.5896109027879372,0.19488897792177007,0.03932989690721649,0.531657458563536,0.934136207810582,0.46834254143646403,0.2464,0.46834254143646403,False,False,0.9034501908070854,0.4826666666666667,0.517,1000,1500,0.6076457815873632,en,target_fpr,,,0.7396351575456053,0.15002425475766812,native,0.05,toxicity,encoder_minilm,EXP-007
fr,few_label_64_strat,0.7724978460736454,0.1187909698020692,25,0.705554359959732,0.113916659956278,0.05582474226804123,0.4069613259668508,0.9181918702693059,0.5930386740331491,0.31512,0.5930386740331491,False,False,0.9034501908070854,0.4826666666666667,0.517,1000,1500,0.6076457815873632,en,target_fpr,,,0.7396351575456053,0.034080797585873235,native,0.05,toxicity,encoder_minilm,EXP-007
fr,few_label_64_rand,0.7798188332032713,0.07533039480405117,25,0.723294829627231,0.07526302167470142,0.050721649484536085,0.3955801104972375,0.9212746523503063,0.6044198895027625,0.31797333333333333,0.6044198895027625,False,False,0.9034501908070854,0.4826666666666667,0.517,1000,1500,0.6076457815873632,en,target_fpr,,,0.7396351575456053,0.016340327918374253,native,0.05,toxicity,encoder_minilm,EXP-007
fr,few_label_128_strat,0.778539830816739,0.08010781844224577,25,0.7279465716524463,0.05954663862713822,0.05175257731958763,0.39082872928176793,0.9203944402051628,0.6091712707182321,0.3208,0.6091712707182321,False,False,0.9034501908070854,0.4826666666666667,0.517,1000,1500,0.6076457815873632,en,target_fpr,,,0.7396351575456053,0.01168858589315902,native,0.05,toxicity,encoder_minilm,EXP-007
fr,few_label_128_rand,0.7644976546125187,0.07527130400414743,25,0.7386613615976478,0.05915116602332664,0.055463917525773204,0.3746408839779006,0.9166774874061777,0.6253591160220995,0.33053333333333335,0.6253591160220995,False,False,0.9034501908070854,0.4826666666666667,0.517,1000,1500,0.6076457815873632,en,target_fpr,,,0.7396351575456053,0.0009737959479574343,native,0.05,toxicity,encoder_minilm,EXP-007
fr,few_label_256_strat,0.7876141329894211,0.04111877990722635,25,0.7321862376755998,0.036111003179352924,0.04778350515463917,0.39116022099447517,0.9234199677692981,0.6088397790055249,0.3185866666666667,0.6088397790055249,False,False,0.9034501908070854,0.4826666666666667,0.517,1000,1500,0.6076457815873632,en,target_fpr,,,0.7396351575456053,0.00744891987000551,native,0.05,toxicity,encoder_minilm,EXP-007
fr,few_label_256_rand,0.8183767176555201,0.04222161735756581,25,0.7058099664216616,0.04457347502548976,0.04015463917525773,0.42872928176795577,0.9313174826150704,0.5712707182320442,0.29650666666666664,0.5712707182320442,False,False,0.9034501908070854,0.4826666666666667,0.517,1000,1500,0.6076457815873632,en,target_fpr,,,0.7396351575456053,0.033825191123943665,native,0.05,toxicity,encoder_minilm,EXP-007
fr,target_full,0.7866226236482079,0.0,1,0.7396351575456053,0.0,0.04639175257731959,0.3839779005524862,0.9253112033195021,0.6160220994475138,0.32133333333333336,0.6160220994475138,False,False,0.9034501908070854,0.4826666666666667,0.517,1000,1500,0.6076457815873632,en,target_fpr,0.7117301303347814,0.7665354220978965,0.7396351575456053,0.0,native,0.05,toxicity,encoder_minilm,EXP-007
fr,test_oracle_unachievable,0.78628795174639,0.0,1,0.7396351575456053,0.0,0.04639175257731959,0.3839779005524862,0.9253112033195021,0.6160220994475138,0.32133333333333336,0.6160220994475138,False,False,0.9034501908070854,0.4826666666666667,0.517,1000,1500,0.6076457815873632,en,target_fpr,,,0.7396351575456053,0.0,native,0.05,toxicity,encoder_minilm,EXP-007
he,fixed_half,0.5,0.0,1,0.6067019400352733,0.0,0.43783783783783786,0.26180257510729615,0.5149700598802395,0.7381974248927039,0.5538971807628524,0.7381974248927039,False,False,0.7037002667903955,0.3864013266998342,0.43283582089552236,402,603,0.6076457815873632,en,target_fpr,,,0.37012987012987014,-0.2365720699054032,native,0.05,toxicity,encoder_minilm,EXP-007
he,source_global,0.6076457815873632,0.0,1,0.5786407766990291,0.0,0.35945945945945945,0.3605150214592275,0.5283687943262412,0.6394849785407726,0.46766169154228854,0.6394849785407726,False,False,0.7037002667903955,0.3864013266998342,0.43283582089552236,402,603,0.6076457815873632,en,target_fpr,0.5268663829168031,0.6301579402289216,0.37012987012987014,-0.208510906569159,native,0.05,toxicity,encoder_minilm,EXP-007
he,pooled_global,0.8760748629492916,0.0,1,0.5013054830287207,0.0,0.14594594594594595,0.5879828326180258,0.64,0.41201716738197425,0.24875621890547264,0.41201716738197425,False,False,0.7037002667903955,0.3864013266998342,0.43283582089552236,402,603,0.6076457815873632,en,target_fpr,,,0.37012987012987014,-0.13117561289885055,native,0.05,toxicity,encoder_minilm,EXP-007
he,worstcase_global,0.9674550641828019,0.0,1,0.34,0.0,0.043243243243243246,0.7811158798283262,0.7611940298507462,0.21888412017167383,0.1111111111111111,0.21888412017167383,False,False,0.7037002667903955,0.3864013266998342,0.43283582089552236,402,603,0.6076457815873632,en,target_fpr,,,0.37012987012987014,0.030129870129870118,native,0.05,toxicity,encoder_minilm,EXP-007
he,quantile_match,0.7082955811802959,0.0,1,0.5546218487394958,0.0,0.3,0.4334763948497854,0.5432098765432098,0.5665236051502146,0.40298507462686567,0.5665236051502146,False,False,0.7037002667903955,0.3864013266998342,0.43283582089552236,402,603,0.6076457815873632,en,target_fpr,,,0.37012987012987014,-0.18449197860962568,native,0.05,toxicity,encoder_minilm,EXP-007
he,sld_em,0.4009047693162837,0.0,1,0.5893719806763285,0.0,0.5540540540540541,0.2145922746781116,0.47164948453608246,0.7854077253218884,0.6434494195688225,0.7854077253218884,False,False,0.7037002667903955,0.3864013266998342,0.43283582089552236,402,603,0.6076457815873632,en,target_fpr,,,0.37012987012987014,-0.2192421105464583,native,0.05,toxicity,encoder_minilm,EXP-007
he,bbse,0.5409659140265541,0.0,1,0.6018348623853211,0.0,0.4,0.296137339055794,0.5256410256410257,0.703862660944206,0.5174129353233831,0.703862660944206,False,False,0.7037002667903955,0.3864013266998342,0.43283582089552236,402,603,0.6076457815873632,en,target_fpr,,,0.37012987012987014,-0.231704992255451,native,0.05,toxicity,encoder_minilm,EXP-007
he,few_label_8_strat,0.8966113037303896,0.09877054115312181,25,0.3798149945461911,0.16889235752393914,0.11459459459459459,0.6909871244635193,0.7034585890053022,0.30901287553648066,0.18971807628524048,0.30901287553648066,False,False,0.7037002667903955,0.3864013266998342,0.43283582089552236,402,603,0.6076457815873632,en,target_fpr,,,0.37012987012987014,-0.009685124416320967,native,0.05,toxicity,encoder_minilm,EXP-007
he,few_label_8_rand,0.8701628834478339,0.126510292160849,25,0.4206398882744597,0.15538031404106817,0.13675675675675675,0.6458369098712446,0.6809095847823556,0.35416309012875535,0.22076285240464344,0.35416309012875535,False,False,0.7037002667903955,0.3864013266998342,0.43283582089552236,402,603,0.6076457815873632,en,target_fpr,,,0.37012987012987014,-0.05051001814458955,native,0.05,toxicity,encoder_minilm,EXP-007
he,few_label_16_strat,0.9308387910419349,0.0810407808604819,25,0.3449008557657882,0.14089689370505937,0.07686486486486487,0.744549356223176,0.7500706730499506,0.255450643776824,0.14587064676616915,0.255450643776824,False,False,0.7037002667903955,0.3864013266998342,0.43283582089552236,402,603,0.6076457815873632,en,target_fpr,,,0.37012987012987014,0.025229014364081925,native,0.05,toxicity,encoder_minilm,EXP-007
he,few_label_16_rand,0.9376762013502541,0.06402096827904605,25,0.35297376010040116,0.13302711556785357,0.0718918918918919,0.7436909871244636,0.7470115762786257,0.2563090128755365,0.143150912106136,0.2563090128755365,False,False,0.7037002667903955,0.3864013266998342,0.43283582089552236,402,603,0.6076457815873632,en,target_fpr,,,0.37012987012987014,0.017156110029468985,native,0.05,toxicity,encoder_minilm,EXP-007
he,few_label_32_strat,0.9620938710274725,0.036348328523959764,25,0.30518118800571564,0.12661568125128522,0.045297297297297305,0.7953648068669529,0.7782344048158386,0.20463519313304718,0.10686567164179105,0.20463519313304718,False,False,0.7037002667903955,0.3864013266998342,0.43283582089552236,402,603,0.6076457815873632,en,target_fpr,,,0.37012987012987014,0.0649486821241545,native,0.05,toxicity,encoder_minilm,EXP-007
he,few_label_32_rand,0.952484462424671,0.04266681726110069,25,0.3141130251533069,0.14310964560782638,0.053513513513513515,0.7812875536480687,0.7781805778107198,0.2187124463519313,0.11734660033167497,0.2187124463519313,False,False,0.7037002667903955,0.3864013266998342,0.43283582089552236,402,603,0.6076457815873632,en,target_fpr,,,0.37012987012987014,0.05601684497656323,native,0.05,toxicity,encoder_minilm,EXP-007
he,few_label_64_strat,0.9585315811919051,0.02759120040548385,25,0.33510011562483,0.09931190035873265,0.048756756756756746,0.7752789699570815,0.7696205195526511,0.22472103004291846,0.11674958540630181,0.22472103004291846,False,False,0.7037002667903955,0.3864013266998342,0.43283582089552236,402,603,0.6076457815873632,en,target_fpr,,,0.37012987012987014,0.035029754505040145,native,0.05,toxicity,encoder_minilm,EXP-007
he,few_label_64_rand,0.9697755306411575,0.017232621431489254,25,0.3123385748760924,0.06992467852614,0.035891891891891896,0.8006866952789699,0.793963532575939,0.19931330472103004,0.09903814262023218,0.19931330472103004,False,False,0.7037002667903955,0.3864013266998342,0.43283582089552236,402,603,0.6076457815873632,en,target_fpr,,,0.37012987012987014,0.05779129525377774,native,0.05,toxicity,encoder_minilm,EXP-007
he,few_label_128_strat,0.9575819066485219,0.01770293497397411,25,0.3656185145109832,0.058302110685866416,0.05027027027027027,0.7555364806866952,0.7626140181958304,0.24446351931330473,0.1253067993366501,0.24446351931330473,False,False,0.7037002667903955,0.3864013266998342,0.43283582089552236,402,603,0.6076457815873632,en,target_fpr,,,0.37012987012987014,0.004511355618886936,native,0.05,toxicity,encoder_minilm,EXP-007
he,few_label_128_rand,0.9637064092557662,0.014731568944997888,25,0.34399849123531484,0.06115637925496076,0.044216216216216214,0.7747639484978541,0.7721724072639954,0.22523605150214593,0.11416252072968491,0.22523605150214593,False,False,0.7037002667903955,0.3864013266998342,0.43283582089552236,402,603,0.6076457815873632,en,target_fpr,,,0.37012987012987014,0.0261313788945553,native,0.05,toxicity,encoder_minilm,EXP-007
he,few_label_256_strat,0.9608033155796339,0.011630262406188923,25,0.36270217629229684,0.03426770556767105,0.04886486486486486,0.7601716738197425,0.7608296751959238,0.2398283261802575,0.12265339966832504,0.2398283261802575,False,False,0.7037002667903955,0.3864013266998342,0.43283582089552236,402,603,0.6076457815873632,en,target_fpr,,,0.37012987012987014,0.0074276938375733015,native,0.05,toxicity,encoder_minilm,EXP-007
he,few_label_256_rand,0.9618999286491418,0.008673679132104114,25,0.3636948073090182,0.030652652272830642,0.04691891891891892,0.7603433476394851,0.7661117345843346,0.23965665236051503,0.12139303482587066,0.23965665236051503,False,False,0.7037002667903955,0.3864013266998342,0.43283582089552236,402,603,0.6076457815873632,en,target_fpr,,,0.37012987012987014,0.006435062820851933,native,0.05,toxicity,encoder_minilm,EXP-007
he,target_full,0.9623849971146405,0.0,1,0.37012987012987014,0.0,0.04864864864864865,0.7553648068669528,0.76,0.2446351931330472,0.12437810945273632,0.2446351931330472,False,False,0.7037002667903955,0.3864013266998342,0.43283582089552236,402,603,0.6076457815873632,en,target_fpr,0.30532581770385725,0.4452733637184857,0.37012987012987014,0.0,native,0.05,toxicity,encoder_minilm,EXP-007
he,test_oracle_unachievable,0.9629688969850456,0.0,1,0.37012987012987014,0.0,0.04864864864864865,0.7553648068669528,0.76,0.2446351931330472,0.12437810945273632,0.2446351931330472,False,False,0.7037002667903955,0.3864013266998342,0.43283582089552236,402,603,0.6076457815873632,en,target_fpr,,,0.37012987012987014,0.0,native,0.05,toxicity,encoder_minilm,EXP-007
hi,fixed_half,0.5,0.0,1,0.6378466557911908,0.0,0.11214953271028037,0.4793608521970706,0.8231578947368421,0.5206391478029294,0.31666666666666665,0.5206391478029294,False,False,0.8242983543081854,0.5006666666666667,0.519,1000,1500,0.6076457815873632,en,target_fpr,,,0.5368620037807184,-0.10098465201047246,native,0.05,toxicity,encoder_minilm,EXP-007
hi,source_global,0.6076457815873632,0.0,1,0.5793226381461676,0.0,0.06141522029372497,0.5672436750998668,0.876010781671159,0.43275632490013316,0.24733333333333332,0.43275632490013316,False,False,0.8242983543081854,0.5006666666666667,0.519,1000,1500,0.6076457815873632,en,target_fpr,0.542915147306408,0.6166438271122372,0.5368620037807184,-0.042460634365449224,native,0.05,toxicity,encoder_minilm,EXP-007
hi,pooled_global,0.8874665606750322,0.0,1,0.30248306997742663,0.0,0.0013351134846461949,0.8215712383488681,0.9925925925925926,0.17842876165113183,0.09,0.17842876165113183,False,False,0.8242983543081854,0.5006666666666667,0.519,1000,1500,0.6076457815873632,en,target_fpr,,,0.5368620037807184,0.23437893380329172,native,0.05,toxicity,encoder_minilm,EXP-007
hi,worstcase_global,0.9674550641828019,0.0,1,0.15705521472392642,0.0,0.0,0.914780292942743,1.0,0.085219707057257,0.042666666666666665,0.085219707057257,False,False,0.8242983543081854,0.5006666666666667,0.519,1000,1500,0.6076457815873632,en,target_fpr,,,0.5368620037807184,0.37980678905679194,native,0.05,toxicity,encoder_minilm,EXP-007
hi,quantile_match,0.31693003283698834,0.0,1,0.7251217814892136,0.0,0.22029372496662217,0.3062583222370173,0.7594752186588921,0.6937416777629827,0.4573333333333333,0.6937416777629827,False,False,0.8242983543081854,0.5006666666666667,0.519,1000,1500,0.6076457815873632,en,target_fpr,,,0.5368620037807184,-0.18825977770849522,native,0.05,toxicity,encoder_minilm,EXP-007
hi,sld_em,0.8456158085696638,0.0,1,0.36580086580086574,0.0,0.0053404539385847796,0.7749667110519307,0.976878612716763,0.22503328894806923,0.11533333333333333,0.22503328894806923,False,False,0.8242983543081854,0.5006666666666667,0.519,1000,1500,0.6076457815873632,en,target_fpr,,,0.5368620037807184,0.17106113797985262,native,0.05,toxicity,encoder_minilm,EXP-007
hi,bbse,0.8219466517309815,0.0,1,0.40631578947368424,0.0,0.00801068090787717,0.7430093209054593,0.9698492462311558,0.2569906790945406,0.13266666666666665,0.2569906790945406,False,False,0.8242983543081854,0.5006666666666667,0.519,1000,1500,0.6076457815873632,en,target_fpr,,,0.5368620037807184,0.13054621430703411,native,0.05,toxicity,encoder_minilm,EXP-007
hi,few_label_8_strat,0.5476482213436517,0.2222808463632484,25,0.5854606185528504,0.13944352269910948,0.12213618157543392,0.5063115845539281,0.8522687807306145,0.49368841544607195,0.30816,0.49368841544607195,False,False,0.8242983543081854,0.5006666666666667,0.519,1000,1500,0.6076457815873632,en,target_fpr,,,0.5368620037807184,-0.04859861477213201,native,0.05,toxicity,encoder_minilm,EXP-007
hi,few_label_8_rand,0.5211690061888501,0.2363261445394141,25,0.5982406811063575,0.14011536349739093,0.1439252336448598,0.47973368841544606,0.8420694900030885,0.520266311584554,0.3323466666666666,0.520266311584554,False,False,0.8242983543081854,0.5006666666666667,0.519,1000,1500,0.6076457815873632,en,target_fpr,,,0.5368620037807184,-0.061378677325639175,native,0.05,toxicity,encoder_minilm,EXP-007
hi,few_label_16_strat,0.6292658686420876,0.17434925646076693,25,0.5444982083869888,0.12611445040879682,0.07102803738317758,0.5811984021304927,0.8891971439750358,0.41880159786950727,0.24514666666666668,0.41880159786950727,False,False,0.8242983543081854,0.5006666666666667,0.519,1000,1500,0.6076457815873632,en,target_fpr,,,0.5368620037807184,-0.007636204606270458,native,0.05,toxicity,encoder_minilm,EXP-007
hi,few_label_16_rand,0.6517406475542787,0.20112443678009279,25,0.5229517070493973,0.12357494735732542,0.0764218958611482,0.596537949400799,0.8986341147635593,0.40346205059920104,0.24016,0.40346205059920104,False,False,0.8242983543081854,0.5006666666666667,0.519,1000,1500,0.6076457815873632,en,target_fpr,,,0.5368620037807184,0.013910296731321048,native,0.05,toxicity,encoder_minilm,EXP-007
hi,few_label_32_strat,0.6964540398880118,0.16607683024484848,25,0.4916733244432473,0.14129633846628573,0.04656875834445929,0.6410119840213049,0.9194812168100355,0.35898801597869506,0.2029866666666667,0.35898801597869506,False,False,0.8242983543081854,0.5006666666666667,0.519,1000,1500,0.6076457815873632,en,target_fpr,,,0.5368620037807184,0.04518867933747106,native,0.05,toxicity,encoder_minilm,EXP-007
hi,few_label_32_rand,0.7069603080107225,0.19501603321244929,25,0.46761456244703203,0.16650441938861635,0.0508411214953271,0.6547536617842876,0.9192516500668311,0.34524633821571243,0.19823999999999997,0.34524633821571243,False,False,0.8242983543081854,0.5006666666666667,0.519,1000,1500,0.6076457815873632,en,target_fpr,,,0.5368620037807184,0.06924744133368632,native,0.05,toxicity,encoder_minilm,EXP-007
hi,few_label_64_strat,0.640625745268867,0.14999394805329125,25,0.5423932594013963,0.10883973756034389,0.06253671562082777,0.5914247669773636,0.8952217782826786,0.40857523302263643,0.23578666666666667,0.40857523302263643,False,False,0.8242983543081854,0.5006666666666667,0.519,1000,1500,0.6076457815873632,en,target_fpr,,,0.5368620037807184,-0.005531255620677911,native,0.05,toxicity,encoder_minilm,EXP-007
hi,few_label_64_rand,0.6175554743267108,0.14575494918090345,25,0.5616781672501413,0.09891159395807356,0.06953271028037383,0.5703328894806925,0.8853366329237435,0.4296671105193075,0.24983999999999998,0.4296671105193075,False,False,0.8242983543081854,0.5006666666666667,0.519,1000,1500,0.6076457815873632,en,target_fpr,,,0.5368620037807184,-0.024816163469422947,native,0.05,toxicity,encoder_minilm,EXP-007
hi,few_label_128_strat,0.6358636427379643,0.08116668900379721,25,0.5617272873075342,0.0513747922123146,0.05479305740987984,0.5847137150466045,0.8928999800518131,0.4152862849533955,0.23528,0.4152862849533955,False,False,0.8242983543081854,0.5006666666666667,0.519,1000,1500,0.6076457815873632,en,target_fpr,,,0.5368620037807184,-0.02486528352681583,native,0.05,toxicity,encoder_minilm,EXP-007
hi,few_label_128_rand,0.6674464468942142,0.09670961681803335,25,0.5368335836184107,0.06847079104776749,0.045981308411214956,0.6110252996005326,0.9078262766459467,0.3889747003994674,0.21770666666666666,0.3889747003994674,False,False,0.8242983543081854,0.5006666666666667,0.519,1000,1500,0.6076457815873632,en,target_fpr,,,0.5368620037807184,2.8420162307640773e-05,native,0.05,toxicity,encoder_minilm,EXP-007
hi,few_label_256_strat,0.695948995393094,0.06406582781209985,25,0.5221093041320345,0.04736255079530491,0.031775700934579446,0.6331824234354194,0.9269461677330232,0.3668175765645805,0.19951999999999998,0.3668175765645805,False,False,0.8242983543081854,0.5006666666666667,0.519,1000,1500,0.6076457815873632,en,target_fpr,,,0.5368620037807184,0.014752699648683865,native,0.05,toxicity,encoder_minilm,EXP-007
hi,few_label_256_rand,0.6828176250530578,0.07838419920595402,25,0.5291217153387965,0.055198657714448755,0.037703604806408546,0.6232756324900133,0.919207260982092,0.3767243675099867,0.20743999999999999,0.3767243675099867,False,False,0.8242983543081854,0.5006666666666667,0.519,1000,1500,0.6076457815873632,en,target_fpr,,,0.5368620037807184,0.007740288441921872,native,0.05,toxicity,encoder_minilm,EXP-007
hi,target_full,0.6864597301548125,0.0,1,0.5368620037807184,0.0,0.030707610146862484,0.6218375499334221,0.9250814332247557,0.3781624500665779,0.20466666666666666,0.3781624500665779,False,False,0.8242983543081854,0.5006666666666667,0.519,1000,1500,0.6076457815873632,en,target_fpr,0.50195,0.5781878348306272,0.5368620037807184,0.0,native,0.05,toxicity,encoder_minilm,EXP-007
hi,test_oracle_unachievable,0.624638011295465,0.0,1,0.57116953762466,0.0,0.049399198931909215,0.5805592543275633,0.8948863636363636,0.4194407456724368,0.23466666666666666,0.4194407456724368,False,False,0.8242983543081854,0.5006666666666667,0.519,1000,1500,0.6076457815873632,en,target_fpr,,,0.5368620037807184,-0.034307533843941695,native,0.05,toxicity,encoder_minilm,EXP-007
hin,fixed_half,0.5,0.0,1,0.3638320775026911,0.0,0.13971742543171115,0.7481371087928465,0.6550387596899225,0.2518628912071535,0.19724770642201836,0.2518628912071535,False,False,0.5787713457502685,0.5129969418960245,0.4868270332187858,873,1308,0.6076457815873632,en,target_fpr,,,0.1478494623655914,-0.21598261513709968,native,0.05,toxicity,encoder_minilm,EXP-007
hin,source_global,0.6076457815873632,0.0,1,0.28935185185185186,0.0,0.10675039246467818,0.8137108792846498,0.6476683937823834,0.18628912071535023,0.14755351681957188,0.18628912071535023,False,False,0.5787713457502685,0.5129969418960245,0.4868270332187858,873,1308,0.6076457815873632,en,target_fpr,0.2545314393283711,0.3315189137447186,0.1478494623655914,-0.14150238948626045,native,0.05,toxicity,encoder_minilm,EXP-007
hin,pooled_global,0.8850751602362247,0.0,1,0.10013908205841449,0.0,0.018838304552590265,0.9463487332339792,0.75,0.05365126676602087,0.03669724770642202,0.05365126676602087,False,False,0.5787713457502685,0.5129969418960245,0.4868270332187858,873,1308,0.6076457815873632,en,target_fpr,,,0.1478494623655914,0.04771038030717692,native,0.05,toxicity,encoder_minilm,EXP-007
hin,worstcase_global,0.9674550641828019,0.0,1,0.023494860499265784,0.0,0.0031397174254317113,0.9880774962742176,0.8,0.011922503725782414,0.00764525993883792,0.011922503725782414,True,False,0.5787713457502685,0.5129969418960245,0.4868270332187858,873,1308,0.6076457815873632,en,target_fpr,,,0.1478494623655914,0.12435460186632562,native,0.05,toxicity,encoder_minilm,EXP-007
hin,quantile_match,0.1879078850640305,0.0,1,0.5246671887235709,0.0,0.42543171114599687,0.5007451564828614,0.5528052805280528,0.4992548435171386,0.463302752293578,0.4992548435171386,False,False,0.5787713457502685,0.5129969418960245,0.4868270332187858,873,1308,0.6076457815873632,en,target_fpr,,,0.1478494623655914,-0.3768177263579795,native,0.05,toxicity,encoder_minilm,EXP-007
hin,sld_em,0.9608398596404771,0.0,1,0.02923976608187134,0.0,0.004709576138147566,0.9850968703427719,0.7692307692307693,0.014903129657228018,0.009938837920489297,0.014903129657228018,True,False,0.5787713457502685,0.5129969418960245,0.4868270332187858,873,1308,0.6076457815873632,en,target_fpr,,,0.1478494623655914,0.11860969628372006,native,0.05,toxicity,encoder_minilm,EXP-007
hin,bbse,0.9055811063801242,0.0,1,0.08450704225352113,0.0,0.0141287284144427,0.9552906110283159,0.7692307692307693,0.044709388971684055,0.02981651376146789,0.044709388971684055,False,False,0.5787713457502685,0.5129969418960245,0.4868270332187858,873,1308,0.6076457815873632,en,target_fpr,,,0.1478494623655914,0.06334242011207028,native,0.05,toxicity,encoder_minilm,EXP-007
hin,few_label_8_strat,0.5206961291881065,0.2446251111744904,25,0.3394075451147072,0.15640253444212643,0.18737833594976455,0.7288226527570789,0.6544187646944664,0.27117734724292103,0.2303669724770642,0.27117734724292103,False,False,0.5787713457502685,0.5129969418960245,0.4868270332187858,873,1308,0.6076457815873632,en,target_fpr,,,0.1478494623655914,-0.19155808274911582,native,0.05,toxicity,encoder_minilm,EXP-007
hin,few_label_8_rand,0.5056955761986953,0.2873862629078217,25,0.3420894349207147,0.18457139164728806,0.20477237048665617,0.715171385991058,0.6618605618957659,0.2848286140089419,0.2458409785932722,0.2848286140089419,False,False,0.5787713457502685,0.5129969418960245,0.4868270332187858,873,1308,0.6076457815873632,en,target_fpr,,,0.1478494623655914,-0.1942399725551233,native,0.05,toxicity,encoder_minilm,EXP-007
hin,few_label_16_strat,0.7465410410916212,0.22621955508853925,25,0.18794765868853905,0.14859289837149478,0.07428571428571429,0.8712369597615499,0.7201420152255308,0.1287630402384501,0.10223241590214067,0.1287630402384501,False,False,0.5787713457502685,0.5129969418960245,0.4868270332187858,873,1308,0.6076457815873632,en,target_fpr,,,0.1478494623655914,-0.04009819632294764,native,0.05,toxicity,encoder_minilm,EXP-007
hin,few_label_16_rand,0.7129008332079617,0.2526327224722087,25,0.20682992317056734,0.1673292340181002,0.08627943485086341,0.8540685543964232,0.7183867081800586,0.14593144560357676,0.11688073394495413,0.14593144560357676,False,False,0.5787713457502685,0.5129969418960245,0.4868270332187858,873,1308,0.6076457815873632,en,target_fpr,,,0.1478494623655914,-0.05898046080497593,native,0.05,toxicity,encoder_minilm,EXP-007
hin,few_label_32_strat,0.8482066303885936,0.10172690948096588,25,0.12296942950602134,0.07731842147270553,0.0304552590266876,0.9295380029806259,0.7579827096208234,0.07046199701937407,0.05097859327217125,0.07046199701937407,False,False,0.5787713457502685,0.5129969418960245,0.4868270332187858,873,1308,0.6076457815873632,en,target_fpr,,,0.1478494623655914,0.024880032859570064,native,0.05,toxicity,encoder_minilm,EXP-007
hin,few_label_32_rand,0.8283641111718535,0.1419222042336259,25,0.13273694995518062,0.10178802250431603,0.038869701726844584,0.9203576751117736,0.7570229503983448,0.07964232488822652,0.05978593272171253,0.07964232488822652,False,False,0.5787713457502685,0.5129969418960245,0.4868270332187858,873,1308,0.6076457815873632,en,target_fpr,,,0.1478494623655914,0.015112512410410783,native,0.05,toxicity,encoder_minilm,EXP-007
hin,few_label_64_strat,0.8089252349515224,0.11725931436454655,25,0.15124272875954126,0.08712868184502748,0.04106750392464678,0.9107600596125185,0.7313358041865482,0.08923994038748137,0.06577981651376147,0.08923994038748137,False,False,0.5787713457502685,0.5129969418960245,0.4868270332187858,873,1308,0.6076457815873632,en,target_fpr,,,0.1478494623655914,-0.003393266393949851,native,0.05,toxicity,encoder_minilm,EXP-007
hin,few_label_64_rand,0.8382119191243107,0.08892936458781937,25,0.13106371642856662,0.06640150262293322,0.032025117739403454,0.925424739195231,0.7386882007434592,0.07457526080476899,0.05385321100917432,0.07457526080476899,False,False,0.5787713457502685,0.5129969418960245,0.4868270332187858,873,1308,0.6076457815873632,en,target_fpr,,,0.1478494623655914,0.016785745937024782,native,0.05,toxicity,encoder_minilm,EXP-007
hin,few_label_128_strat,0.7953810710094755,0.08791902560787855,25,0.16604462578706133,0.05974785541387425,0.04414442700156986,0.9034873323397915,0.7188799976264391,0.09651266766020865,0.0710091743119266,0.09651266766020865,False,False,0.5787713457502685,0.5129969418960245,0.4868270332187858,873,1308,0.6076457815873632,en,target_fpr,,,0.1478494623655914,-0.01819516342146993,native,0.05,toxicity,encoder_minilm,EXP-007
hin,few_label_128_rand,0.8251416113246849,0.05507089662214583,25,0.146958503781348,0.03995101806199709,0.03403453689167975,0.9172578241430699,0.7320856908357989,0.08274217585692996,0.05902140672782875,0.08274217585692996,False,False,0.5787713457502685,0.5129969418960245,0.4868270332187858,873,1308,0.6076457815873632,en,target_fpr,,,0.1478494623655914,0.0008909585842434009,native,0.05,toxicity,encoder_minilm,EXP-007
hin,few_label_256_strat,0.8002272105081834,0.04035581787291155,25,0.16637394370368136,0.02669264943436297,0.040376766091051806,0.9053353204172875,0.7191816861830788,0.09466467958271238,0.06822629969418961,0.09466467958271238,False,False,0.5787713457502685,0.5129969418960245,0.4868270332187858,873,1308,0.6076457815873632,en,target_fpr,,,0.1478494623655914,-0.018524481338089954,native,0.05,toxicity,encoder_minilm,EXP-007
hin,few_label_256_rand,0.8217284194637745,0.04938251661382264,25,0.15056624732265905,0.03496791467248337,0.03422291993720565,0.915230998509687,0.7330458433019076,0.08476900149031297,0.06015290519877675,0.08476900149031297,False,False,0.5787713457502685,0.5129969418960245,0.4868270332187858,873,1308,0.6076457815873632,en,target_fpr,,,0.1478494623655914,-0.0027167849570676472,native,0.05,toxicity,encoder_minilm,EXP-007
hin,target_full,0.827846302094007,0.0,1,0.1478494623655914,0.0,0.0282574568288854,0.9180327868852459,0.7534246575342466,0.08196721311475409,0.05581039755351682,0.08196721311475409,False,False,0.5787713457502685,0.5129969418960245,0.4868270332187858,873,1308,0.6076457815873632,en,target_fpr,0.11244360330522651,0.1847501115573405,0.1478494623655914,0.0,native,0.05,toxicity,encoder_minilm,EXP-007
hin,test_oracle_unachievable,0.7810273431527575,0.0,1,0.1839378238341969,0.0,0.04709576138147567,0.8941877794336811,0.7029702970297029,0.10581222056631892,0.077217125382263,0.10581222056631892,False,False,0.5787713457502685,0.5129969418960245,0.4868270332187858,873,1308,0.6076457815873632,en,target_fpr,,,0.1478494623655914,-0.0360883614686055,native,0.05,toxicity,encoder_minilm,EXP-007
it,fixed_half,0.5,0.0,1,0.6491103202846975,0.0,0.2825520833333333,0.3770491803278688,0.6775631500742942,0.6229508196721312,0.44866666666666666,0.6229508196721312,False,False,0.7182145804872495,0.488,0.497,1000,1500,0.6076457815873632,en,target_fpr,,,0.36595744680851067,-0.28315287347618684,native,0.05,toxicity,encoder_minilm,EXP-007
it,source_global,0.6076457815873632,0.0,1,0.5855210819411297,0.0,0.20442708333333334,0.4972677595628415,0.700952380952381,0.5027322404371585,0.35,0.5027322404371585,False,False,0.7182145804872495,0.488,0.497,1000,1500,0.6076457815873632,en,target_fpr,0.5565868428512929,0.6160184859051577,0.36595744680851067,-0.21956363513261906,native,0.05,toxicity,encoder_minilm,EXP-007
it,pooled_global,0.8845980698015554,0.0,1,0.33514689880304677,0.0,0.04296875,0.7896174863387978,0.8235294117647058,0.2103825136612022,0.12466666666666666,0.2103825136612022,False,False,0.7182145804872495,0.488,0.497,1000,1500,0.6076457815873632,en,target_fpr,,,0.36595744680851067,0.0308105480054639,native,0.05,toxicity,encoder_minilm,EXP-007
it,worstcase_global,0.9674550641828019,0.0,1,0.1501877346683354,0.0,0.009114583333333334,0.9180327868852459,0.8955223880597015,0.08196721311475409,0.04466666666666667,0.08196721311475409,False,False,0.7182145804872495,0.488,0.497,1000,1500,0.6076457815873632,en,target_fpr,,,0.36595744680851067,0.21576971214017526,native,0.05,toxicity,encoder_minilm,EXP-007
it,quantile_match,0.49694900760689625,0.0,1,0.6553432413305025,0.0,0.2838541666666667,0.3674863387978142,0.6798825256975036,0.6325136612021858,0.454,0.6325136612021858,False,False,0.7182145804872495,0.488,0.497,1000,1500,0.6076457815873632,en,target_fpr,,,0.36595744680851067,-0.2893857945219918,native,0.05,toxicity,encoder_minilm,EXP-007
it,sld_em,0.6740702978968675,0.0,1,0.5491873396065012,0.0,0.15104166666666666,0.5614754098360656,0.7345537757437071,0.4385245901639344,0.29133333333333333,0.4385245901639344,False,False,0.7182145804872495,0.488,0.497,1000,1500,0.6076457815873632,en,target_fpr,,,0.36595744680851067,-0.18322989279799057,native,0.05,toxicity,encoder_minilm,EXP-007
it,bbse,0.6995864640713275,0.0,1,0.5268722466960353,0.0,0.13541666666666666,0.5915300546448088,0.7419354838709677,0.40846994535519127,0.26866666666666666,0.40846994535519127,False,False,0.7182145804872495,0.488,0.497,1000,1500,0.6076457815873632,en,target_fpr,,,0.36595744680851067,-0.1609147998875246,native,0.05,toxicity,encoder_minilm,EXP-007
it,few_label_8_strat,0.7517968841270699,0.17021901197038997,25,0.4421769592591493,0.15364262411798127,0.12369791666666666,0.6520765027322405,0.7719450891727502,0.3479234972677595,0.23312000000000002,0.3479234972677595,False,False,0.7182145804872495,0.488,0.497,1000,1500,0.6076457815873632,en,target_fpr,,,0.36595744680851067,-0.07621951245063863,native,0.05,toxicity,encoder_minilm,EXP-007
it,few_label_8_rand,0.6464191332980647,0.23207221211094295,25,0.5109283608622142,0.13238034755675324,0.20567708333333332,0.5491803278688525,0.7301895330590914,0.4508196721311475,0.32530666666666663,0.4508196721311475,False,False,0.7182145804872495,0.488,0.497,1000,1500,0.6076457815873632,en,target_fpr,,,0.36595744680851067,-0.1449709140537035,native,0.05,toxicity,encoder_minilm,EXP-007
it,few_label_16_strat,0.8335071691346233,0.12920991446311605,25,0.3631902566985648,0.14635052857605813,0.07380208333333334,0.7418579234972679,0.8098213617912816,0.25814207650273224,0.16376,0.25814207650273224,False,False,0.7182145804872495,0.488,0.497,1000,1500,0.6076457815873632,en,target_fpr,,,0.36595744680851067,0.0027671901099458607,native,0.05,toxicity,encoder_minilm,EXP-007
it,few_label_16_rand,0.7963954654937508,0.17497632207648448,25,0.38153688125885954,0.18511894358768965,0.09927083333333334,0.7062841530054643,0.7971977457351838,0.29371584699453557,0.19415999999999997,0.29371584699453557,False,False,0.7182145804872495,0.488,0.497,1000,1500,0.6076457815873632,en,target_fpr,,,0.36595744680851067,-0.015579434450348872,native,0.05,toxicity,encoder_minilm,EXP-007
it,few_label_32_strat,0.9130734370310535,0.07684889448734017,25,0.2539932023319469,0.12387103045065294,0.032552083333333336,0.8401639344262297,0.854287711568571,0.15983606557377047,0.09466666666666666,0.15983606557377047,False,False,0.7182145804872495,0.488,0.497,1000,1500,0.6076457815873632,en,target_fpr,,,0.36595744680851067,0.11196424447656378,native,0.05,toxicity,encoder_minilm,EXP-007
it,few_label_32_rand,0.8733806652073749,0.08479602076038516,25,0.32495407736630816,0.11626426408291396,0.05109375,0.7857377049180329,0.826305948869448,0.21426229508196723,0.13072,0.21426229508196723,False,False,0.7182145804872495,0.488,0.497,1000,1500,0.6076457815873632,en,target_fpr,,,0.36595744680851067,0.04100336944220251,native,0.05,toxicity,encoder_minilm,EXP-007
it,few_label_64_strat,0.8551326176819584,0.07125093384787451,25,0.3640770556652537,0.08612649431430909,0.05734374999999999,0.7579781420765026,0.8150687447742868,0.24202185792349729,0.14746666666666666,0.24202185792349729,False,False,0.7182145804872495,0.488,0.497,1000,1500,0.6076457815873632,en,target_fpr,,,0.36595744680851067,0.0018803911432569431,native,0.05,toxicity,encoder_minilm,EXP-007
it,few_label_64_rand,0.8609491543636948,0.07093602225095337,25,0.3528788676114371,0.09823260712788819,0.05526041666666667,0.7662295081967213,0.8186609934143614,0.23377049180327866,0.14237333333333332,0.23377049180327866,False,False,0.7182145804872495,0.488,0.497,1000,1500,0.6076457815873632,en,target_fpr,,,0.36595744680851067,0.013078579197073559,native,0.05,toxicity,encoder_minilm,EXP-007
it,few_label_128_strat,0.8359819891608424,0.06300205135245242,25,0.3924354106660962,0.07686551592152478,0.06567708333333334,0.7342076502732242,0.8027574763009028,0.26579234972677596,0.16333333333333333,0.26579234972677596,False,False,0.7182145804872495,0.488,0.497,1000,1500,0.6076457815873632,en,target_fpr,,,0.36595744680851067,-0.02647796385758555,native,0.05,toxicity,encoder_minilm,EXP-007
it,few_label_128_rand,0.8799960749255288,0.03275913761001541,25,0.3390142419263341,0.0498938553065071,0.04588541666666667,0.7843715846994536,0.8212899620481626,0.21562841530054644,0.12872000000000003,0.21562841530054644,False,False,0.7182145804872495,0.488,0.497,1000,1500,0.6076457815873632,en,target_fpr,,,0.36595744680851067,0.026943204882176552,native,0.05,toxicity,encoder_minilm,EXP-007
it,few_label_256_strat,0.8671153781938118,0.035846287521535104,25,0.35763556227680987,0.04911755031910122,0.05229166666666667,0.7685245901639345,0.8121144735187117,0.23147540983606557,0.13973333333333332,0.23147540983606557,False,False,0.7182145804872495,0.488,0.497,1000,1500,0.6076457815873632,en,target_fpr,,,0.36595744680851067,0.008321884531700796,native,0.05,toxicity,encoder_minilm,EXP-007
it,few_label_256_rand,0.8693170992756751,0.02746896349737853,25,0.35756699167151035,0.03868273013463039,0.050156250000000006,0.7697267759562841,0.816937688660882,0.23027322404371586,0.13805333333333333,0.23027322404371586,False,False,0.7182145804872495,0.488,0.497,1000,1500,0.6076457815873632,en,target_fpr,,,0.36595744680851067,0.008390455137000319,native,0.05,toxicity,encoder_minilm,EXP-007
it,target_full,0.8679559783911529,0.0,1,0.36595744680851067,0.0,0.046875,0.7650273224043715,0.8269230769230769,0.23497267759562843,0.13866666666666666,0.23497267759562843,False,False,0.7182145804872495,0.488,0.497,1000,1500,0.6076457815873632,en,target_fpr,0.33141647810156094,0.4016765005424314,0.36595744680851067,0.0,native,0.05,toxicity,encoder_minilm,EXP-007
it,test_oracle_unachievable,0.8638652574772221,0.0,1,0.3755274261603375,0.0,0.049479166666666664,0.7568306010928961,0.8240740740740741,0.24316939890710382,0.144,0.24316939890710382,False,False,0.7182145804872495,0.488,0.497,1000,1500,0.6076457815873632,en,target_fpr,,,0.36595744680851067,-0.009569979351826852,native,0.05,toxicity,encoder_minilm,EXP-007
ja,fixed_half,0.5,0.0,1,0.5679939894815929,0.0,0.2812089356110381,0.4884979702300406,0.6385135135135135,0.5115020297699594,0.39466666666666667,0.5115020297699594,False,False,0.6570791227979708,0.49266666666666664,0.508,1000,1500,0.6076457815873632,en,target_fpr,,,0.31624863685932386,-0.251745352622269,native,0.05,toxicity,encoder_minilm,EXP-007
ja,source_global,0.6076457815873632,0.0,1,0.5209380234505863,0.0,0.18922470433639949,0.5791610284167794,0.6835164835164835,0.4208389715832206,0.30333333333333334,0.4208389715832206,False,False,0.6570791227979708,0.49266666666666664,0.508,1000,1500,0.6076457815873632,en,target_fpr,0.48515744110323694,0.5538482234058076,0.31624863685932386,-0.2046893865912624,native,0.05,toxicity,encoder_minilm,EXP-007
ja,pooled_global,0.8845940431237567,0.0,1,0.2983425414364641,0.0,0.040735873850197106,0.8173207036535859,0.8132530120481928,0.18267929634641408,0.11066666666666666,0.18267929634641408,False,False,0.6570791227979708,0.49266666666666664,0.508,1000,1500,0.6076457815873632,en,target_fpr,,,0.31624863685932386,0.017906095422859758,native,0.05,toxicity,encoder_minilm,EXP-007
ja,worstcase_global,0.9674550641828019,0.0,1,0.12373737373737376,0.0,0.005256241787122208,0.9336941813261164,0.9245283018867925,0.06630581867388363,0.035333333333333335,0.06630581867388363,False,False,0.6570791227979708,0.49266666666666664,0.508,1000,1500,0.6076457815873632,en,target_fpr,,,0.31624863685932386,0.1925112631219501,native,0.05,toxicity,encoder_minilm,EXP-007
ja,quantile_match,0.4578238479672179,0.0,1,0.5772298767222626,0.0,0.3180026281208936,0.4614343707713126,0.621875,0.5385656292286874,0.4266666666666667,0.5385656292286874,False,False,0.6570791227979708,0.49266666666666664,0.508,1000,1500,0.6076457815873632,en,target_fpr,,,0.31624863685932386,-0.2609812398629387,native,0.05,toxicity,encoder_minilm,EXP-007
ja,sld_em,0.7309141634579581,0.0,1,0.4490566037735849,0.0,0.10906701708278581,0.6779431664411367,0.7414330218068536,0.32205683355886333,0.214,0.32205683355886333,False,False,0.6570791227979708,0.49266666666666664,0.508,1000,1500,0.6076457815873632,en,target_fpr,,,0.31624863685932386,-0.13280796691426106,native,0.05,toxicity,encoder_minilm,EXP-007
ja,bbse,0.7443164026223367,0.0,1,0.43636363636363634,0.0,0.10249671484888305,0.6914749661705006,0.7450980392156863,0.3085250338294993,0.204,0.3085250338294993,False,False,0.6570791227979708,0.49266666666666664,0.508,1000,1500,0.6076457815873632,en,target_fpr,,,0.31624863685932386,-0.12011499950431248,native,0.05,toxicity,encoder_minilm,EXP-007
ja,few_label_8_strat,0.740722994580048,0.16318525054755814,25,0.40147608324879897,0.14115242593179017,0.1216819973718791,0.6964005412719891,0.7588368854644532,0.30359945872801075,0.21130666666666667,0.30359945872801075,False,False,0.6570791227979708,0.49266666666666664,0.508,1000,1500,0.6076457815873632,en,target_fpr,,,0.31624863685932386,-0.0852274463894751,native,0.05,toxicity,encoder_minilm,EXP-007
ja,few_label_8_rand,0.5866969893867191,0.24821123130363085,25,0.48710066201735175,0.13910584478359853,0.2564520367936925,0.5561028416779432,0.6897002901107637,0.4438971583220568,0.34879999999999994,0.4438971583220568,False,False,0.6570791227979708,0.49266666666666664,0.508,1000,1500,0.6076457815873632,en,target_fpr,,,0.31624863685932386,-0.1708520251580279,native,0.05,toxicity,encoder_minilm,EXP-007
ja,few_label_16_strat,0.7732105761193818,0.14126842048664193,25,0.3800495173882662,0.12942022241419332,0.10102496714848884,0.7247631935047361,0.7658058913540647,0.2752368064952639,0.18685333333333332,0.2752368064952639,False,False,0.6570791227979708,0.49266666666666664,0.508,1000,1500,0.6076457815873632,en,target_fpr,,,0.31624863685932386,-0.06380088052894234,native,0.05,toxicity,encoder_minilm,EXP-007
ja,few_label_16_rand,0.8392520428330897,0.11723220418142767,25,0.31544348372618863,0.12715322062765624,0.06538764783180026,0.7872259810554803,0.8028365627059094,0.21277401894451967,0.138,0.21277401894451967,False,False,0.6570791227979708,0.49266666666666664,0.508,1000,1500,0.6076457815873632,en,target_fpr,,,0.31624863685932386,0.000805153133135228,native,0.05,toxicity,encoder_minilm,EXP-007
ja,few_label_32_strat,0.8634675106060928,0.08637767936226544,25,0.2972806283225451,0.10788793200641,0.05088042049934297,0.808173207036536,0.8116683320618754,0.19182679296346414,0.12031999999999998,0.19182679296346414,False,False,0.6570791227979708,0.49266666666666664,0.508,1000,1500,0.6076457815873632,en,target_fpr,,,0.31624863685932386,0.01896800853677877,native,0.05,toxicity,encoder_minilm,EXP-007
ja,few_label_32_rand,0.8511034122451973,0.08541929560529336,25,0.3164779803955541,0.10496787525466973,0.05671484888304862,0.793234100135318,0.8034083096677932,0.20676589986468197,0.13063999999999998,0.20676589986468197,False,False,0.6570791227979708,0.49266666666666664,0.508,1000,1500,0.6076457815873632,en,target_fpr,,,0.31624863685932386,-0.00022934353623021986,native,0.05,toxicity,encoder_minilm,EXP-007
ja,few_label_64_strat,0.9089276331534449,0.02862294084887744,25,0.2482336058200357,0.05832619700971756,0.030381077529566362,0.8520703653585927,0.8334748503700553,0.14792963464140732,0.08829333333333335,0.14792963464140732,False,False,0.6570791227979708,0.49266666666666664,0.508,1000,1500,0.6076457815873632,en,target_fpr,,,0.31624863685932386,0.06801503103928816,native,0.05,toxicity,encoder_minilm,EXP-007
ja,few_label_64_rand,0.8453097585338132,0.07680000603035914,25,0.3319011122141262,0.08691827560370756,0.05865965834428384,0.7832746955345061,0.79878405810103,0.2167253044654939,0.13653333333333334,0.2167253044654939,False,False,0.6570791227979708,0.49266666666666664,0.508,1000,1500,0.6076457815873632,en,target_fpr,,,0.31624863685932386,-0.015652475354802353,native,0.05,toxicity,encoder_minilm,EXP-007
ja,few_label_128_strat,0.8401793349186129,0.05588090437528845,25,0.3466135255204,0.06578620175804661,0.059395532194480946,0.7743437077131259,0.795001174100165,0.22565629228687414,0.14130666666666666,0.22565629228687414,False,False,0.6570791227979708,0.49266666666666664,0.508,1000,1500,0.6076457815873632,en,target_fpr,,,0.31624863685932386,-0.030364888661076117,native,0.05,toxicity,encoder_minilm,EXP-007
ja,few_label_128_rand,0.8711193234434529,0.03635269111550957,25,0.31161385860015656,0.052198580405625146,0.04620236530880421,0.8049255751014885,0.8086235586927359,0.19507442489851148,0.11954666666666668,0.19507442489851148,False,False,0.6570791227979708,0.49266666666666664,0.508,1000,1500,0.6076457815873632,en,target_fpr,,,0.31624863685932386,0.004634778259167305,native,0.05,toxicity,encoder_minilm,EXP-007
ja,few_label_256_strat,0.8530873863996452,0.019301973445304845,25,0.34292104578103877,0.023519118791842104,0.053718791064388954,0.7812178619756428,0.7992140235089475,0.21878213802435723,0.13504000000000002,0.21878213802435723,False,False,0.6570791227979708,0.49266666666666664,0.508,1000,1500,0.6076457815873632,en,target_fpr,,,0.31624863685932386,-0.026672408921714907,native,0.05,toxicity,encoder_minilm,EXP-007
ja,few_label_256_rand,0.8751965500133793,0.025799492355090034,25,0.30920323331020017,0.04063853926072117,0.044467805519053875,0.8077401894451961,0.810240041597795,0.1922598105548038,0.11728,0.1922598105548038,False,False,0.6570791227979708,0.49266666666666664,0.508,1000,1500,0.6076457815873632,en,target_fpr,,,0.31624863685932386,0.007045403549123697,native,0.05,toxicity,encoder_minilm,EXP-007
ja,target_full,0.8738850150025557,0.0,1,0.31624863685932386,0.0,0.04336399474375821,0.803788903924222,0.8146067415730337,0.19621109607577808,0.11866666666666667,0.19621109607577808,False,False,0.6570791227979708,0.49266666666666664,0.508,1000,1500,0.6076457815873632,en,target_fpr,0.2793640829694323,0.35581158585742256,0.31624863685932386,0.0,native,0.05,toxicity,encoder_minilm,EXP-007
ja,test_oracle_unachievable,0.8631699275576186,0.0,1,0.3361884368308351,0.0,0.04993429697766097,0.7875507442489851,0.8051282051282052,0.2124492557510149,0.13,0.2124492557510149,False,False,0.6570791227979708,0.49266666666666664,0.508,1000,1500,0.6076457815873632,en,target_fpr,,,0.31624863685932386,-0.01993979997151124,native,0.05,toxicity,encoder_minilm,EXP-007
ru,fixed_half,0.5,0.0,1,0.8280337443218689,0.0,0.21550591327201052,0.13667117726657646,0.7955112219451371,0.8633288227334236,0.5346666666666666,0.8633288227334236,False,False,0.9069026403901995,0.49266666666666664,0.508,1000,1500,0.6076457815873632,en,target_fpr,,,0.7076663858466723,-0.12036735847519664,native,0.05,toxicity,encoder_minilm,EXP-007
ru,source_global,0.6076457815873632,0.0,1,0.8206185567010309,0.0,0.15637319316688567,0.19215155615696888,0.8337988826815642,0.8078484438430311,0.47733333333333333,0.8078484438430311,False,False,0.9069026403901995,0.49266666666666664,0.508,1000,1500,0.6076457815873632,en,target_fpr,0.7985776498446906,0.8436487371984794,0.7076663858466723,-0.1129521708543586,native,0.05,toxicity,encoder_minilm,EXP-007
ru,pooled_global,0.8844651088469977,0.0,1,0.6872322193658954,0.0,0.035479632063074903,0.45737483085250336,0.9369158878504673,0.5426251691474966,0.2853333333333333,0.5426251691474966,False,False,0.9069026403901995,0.49266666666666664,0.508,1000,1500,0.6076457815873632,en,target_fpr,,,0.7076663858466723,0.020434166480776894,native,0.05,toxicity,encoder_minilm,EXP-007
ru,worstcase_global,0.9674550641828019,0.0,1,0.4400417101147028,0.0,0.011826544021024968,0.7144790257104194,0.9590909090909091,0.2855209742895805,0.14666666666666667,0.2855209742895805,False,False,0.9069026403901995,0.49266666666666664,0.508,1000,1500,0.6076457815873632,en,target_fpr,,,0.7076663858466723,0.2676246757319695,native,0.05,toxicity,encoder_minilm,EXP-007
ru,quantile_match,0.6690441840637875,0.0,1,0.8229461756373938,0.0,0.12089356110381078,0.21380243572395127,0.8632986627043091,0.7861975642760487,0.44866666666666666,0.7861975642760487,False,False,0.9069026403901995,0.49266666666666664,0.508,1000,1500,0.6076457815873632,en,target_fpr,,,0.7076663858466723,-0.11527978979072151,native,0.05,toxicity,encoder_minilm,EXP-007
ru,sld_em,0.47301456865877367,0.0,1,0.82555910543131,0.0,0.23653088042049936,0.12584573748308525,0.7820823244552058,0.8741542625169147,0.5506666666666666,0.8741542625169147,False,False,0.9069026403901995,0.49266666666666664,0.508,1000,1500,0.6076457815873632,en,target_fpr,,,0.7076663858466723,-0.11789271958463765,native,0.05,toxicity,encoder_minilm,EXP-007
ru,bbse,0.5695410504291722,0.0,1,0.825910931174089,0.0,0.1721419185282523,0.17185385656292287,0.8236877523553163,0.8281461434370772,0.49533333333333335,0.8281461434370772,False,False,0.9069026403901995,0.49266666666666664,0.508,1000,1500,0.6076457815873632,en,target_fpr,,,0.7076663858466723,-0.11824454532741668,native,0.05,toxicity,encoder_minilm,EXP-007
ru,few_label_8_strat,0.7480427176723807,0.14473044146866165,25,0.7401365290296428,0.1274602186778869,0.09245729303547962,0.3337483085250338,0.8899741593294453,0.6662516914749662,0.37514666666666663,0.6662516914749662,False,False,0.9069026403901995,0.49266666666666664,0.508,1000,1500,0.6076457815873632,en,target_fpr,,,0.7076663858466723,-0.03247014318297048,native,0.05,toxicity,encoder_minilm,EXP-007
ru,few_label_8_rand,0.6858779307051097,0.2125900840464371,25,0.753210314563804,0.09353781703820718,0.13965834428383705,0.29255751014884984,0.8614599364336728,0.7074424898511501,0.4193866666666667,0.7074424898511501,False,False,0.9069026403901995,0.49266666666666664,0.508,1000,1500,0.6076457815873632,en,target_fpr,,,0.7076663858466723,-0.045543928717131754,native,0.05,toxicity,encoder_minilm,EXP-007
ru,few_label_16_strat,0.7958966682492589,0.1523953345484951,25,0.7261416043567585,0.09417664615991933,0.07590013140604468,0.3715290933694182,0.9072430994237323,0.6284709066305818,0.34813333333333335,0.6284709066305818,False,False,0.9069026403901995,0.49266666666666664,0.508,1000,1500,0.6076457815873632,en,target_fpr,,,0.7076663858466723,-0.018475218510086155,native,0.05,toxicity,encoder_minilm,EXP-007
ru,few_label_16_rand,0.8331719560439366,0.10280540413396284,25,0.6883304709192956,0.15522589796168526,0.05519053876478318,0.42024357239512855,0.9229947230090212,0.5797564276048714,0.3136266666666667,0.5797564276048714,False,False,0.9069026403901995,0.49266666666666664,0.508,1000,1500,0.6076457815873632,en,target_fpr,,,0.7076663858466723,0.01933591492737674,native,0.05,toxicity,encoder_minilm,EXP-007
ru,few_label_32_strat,0.8759422050692711,0.07433537085842237,25,0.6599639820531382,0.10803398241905705,0.039211563731931666,0.47447902571041956,0.9349800942553539,0.5255209742895804,0.2788,0.5255209742895804,False,False,0.9069026403901995,0.49266666666666664,0.508,1000,1500,0.6076457815873632,en,target_fpr,,,0.7076663858466723,0.047702403793534076,native,0.05,toxicity,encoder_minilm,EXP-007
ru,few_label_32_rand,0.8658532978748128,0.1056370105508359,25,0.6549246880859755,0.140733017021312,0.04488830486202366,0.47031123139377534,0.9321111737273057,0.5296887686062246,0.28373333333333334,0.5296887686062246,False,False,0.9069026403901995,0.49266666666666664,0.508,1000,1500,0.6076457815873632,en,target_fpr,,,0.7076663858466723,0.052741697760696815,native,0.05,toxicity,encoder_minilm,EXP-007
ru,few_label_64_strat,0.8550589305360315,0.04994889141136794,25,0.7182143401533848,0.06378102046275475,0.0452562417871222,0.40828146143437083,0.9294621248194365,0.5917185385656293,0.31448,0.5917185385656293,False,False,0.9069026403901995,0.49266666666666664,0.508,1000,1500,0.6076457815873632,en,target_fpr,,,0.7076663858466723,-0.010547954306712515,native,0.05,toxicity,encoder_minilm,EXP-007
ru,few_label_64_rand,0.8771532636330499,0.052195041159699876,25,0.6777686846582134,0.09557972771135825,0.037687253613666226,0.4578078484438431,0.9364942591098964,0.5421921515561571,0.28624,0.5421921515561571,False,False,0.9069026403901995,0.49266666666666664,0.508,1000,1500,0.6076457815873632,en,target_fpr,,,0.7076663858466723,0.029897701188458914,native,0.05,toxicity,encoder_minilm,EXP-007
ru,few_label_128_strat,0.8531886686502468,0.04838328816846792,25,0.7225264001965047,0.048334824530863026,0.045676741130091986,0.4043843031123139,0.9291303258609829,0.5956156968876861,0.3166133333333333,0.5956156968876861,False,False,0.9069026403901995,0.49266666666666664,0.508,1000,1500,0.6076457815873632,en,target_fpr,,,0.7076663858466723,-0.014860014349832418,native,0.05,toxicity,encoder_minilm,EXP-007
ru,few_label_128_rand,0.8783168746998523,0.035339502799471,25,0.6895563084190858,0.05508258216359627,0.03653088042049934,0.450446549391069,0.9375115249906045,0.549553450608931,0.28928,0.549553450608931,False,False,0.9069026403901995,0.49266666666666664,0.508,1000,1500,0.6076457815873632,en,target_fpr,,,0.7076663858466723,0.018110077427586524,native,0.05,toxicity,encoder_minilm,EXP-007
ru,few_label_256_strat,0.8617904764436584,0.032759426213160546,25,0.7178037659860703,0.051683309848162766,0.042102496714848885,0.41266576454668474,0.9324739580206799,0.5873342354533153,0.31072,0.5873342354533153,False,False,0.9069026403901995,0.49266666666666664,0.508,1000,1500,0.6076457815873632,en,target_fpr,,,0.7076663858466723,-0.010137380139398022,native,0.05,toxicity,encoder_minilm,EXP-007
ru,few_label_256_rand,0.8732136511497187,0.03217979061665003,25,0.7014062050247004,0.04635446918326994,0.03763469119579501,0.4362110960757781,0.9368186697262846,0.563788903924222,0.29685333333333336,0.563788903924222,False,False,0.9069026403901995,0.49266666666666664,0.508,1000,1500,0.6076457815873632,en,target_fpr,,,0.7076663858466723,0.0062601808219718835,native,0.05,toxicity,encoder_minilm,EXP-007
ru,target_full,0.8722487759555844,0.0,1,0.7076663858466723,0.0,0.03679369250985545,0.4316644113667118,0.9375,0.5683355886332883,0.2986666666666667,0.5683355886332883,False,False,0.9069026403901995,0.49266666666666664,0.508,1000,1500,0.6076457815873632,en,target_fpr,0.6818351746056069,0.740384339695523,0.7076663858466723,0.0,native,0.05,toxicity,encoder_minilm,EXP-007
ru,test_oracle_unachievable,0.842487441774286,0.0,1,0.755804643714972,0.0,0.04993429697766097,0.36129905277401897,0.9254901960784314,0.638700947225981,0.34,0.638700947225981,False,False,0.9069026403901995,0.49266666666666664,0.508,1000,1500,0.6076457815873632,en,target_fpr,,,0.7076663858466723,-0.04813825786829973,native,0.05,toxicity,encoder_minilm,EXP-007
tt,fixed_half,0.5,0.0,1,0.5429093122337189,0.0,0.5976095617529881,0.4029451137884873,0.49776785714285715,0.5970548862115127,0.5973333333333334,0.5970548862115127,False,False,0.5184634065256155,0.498,0.454,1000,1500,0.6076457815873632,en,target_fpr,,,0.14489311163895485,-0.398016200594764,native,0.05,toxicity,encoder_minilm,EXP-007
tt,source_global,0.6076457815873632,0.0,1,0.5056856187290969,0.0,0.4913678618857902,0.4939759036144578,0.5053475935828877,0.5060240963855421,0.49866666666666665,0.5060240963855421,False,False,0.5184634065256155,0.498,0.454,1000,1500,0.6076457815873632,en,target_fpr,0.4802859533235432,0.5437339863402626,0.14489311163895485,-0.36079250709014205,native,0.05,toxicity,encoder_minilm,EXP-007
tt,pooled_global,0.8546254300674356,0.0,1,0.3559928443649374,0.0,0.22841965471447542,0.7336010709504686,0.5363881401617251,0.26639892904953144,0.24733333333333332,0.26639892904953144,False,False,0.5184634065256155,0.498,0.454,1000,1500,0.6076457815873632,en,target_fpr,,,0.14489311163895485,-0.21109973272598254,native,0.05,toxicity,encoder_minilm,EXP-007
tt,worstcase_global,0.9623849971146405,0.0,1,0.1588785046728972,0.0,0.05444887118193891,0.9089692101740294,0.6238532110091743,0.09103078982597054,0.07266666666666667,0.09103078982597054,False,False,0.5184634065256155,0.498,0.454,1000,1500,0.6076457815873632,en,target_fpr,,,0.14489311163895485,-0.013985393033942334,native,0.05,toxicity,encoder_minilm,EXP-007
tt,quantile_match,0.6615021549553388,0.0,1,0.48117154811715485,0.0,0.4541832669322709,0.5381526104417671,0.5021834061135371,0.46184738955823296,0.458,0.46184738955823296,False,False,0.5184634065256155,0.498,0.454,1000,1500,0.6076457815873632,en,target_fpr,,,0.14489311163895485,-0.3362784364782,native,0.05,toxicity,encoder_minilm,EXP-007
tt,sld_em,0.4065407585118728,0.0,1,0.5799086757990868,0.0,0.6600265604249668,0.31994645247657294,0.5054726368159204,0.6800535475234271,0.67,0.6800535475234271,False,False,0.5184634065256155,0.498,0.454,1000,1500,0.6076457815873632,en,target_fpr,,,0.14489311163895485,-0.43501556416013193,native,0.05,toxicity,encoder_minilm,EXP-007
tt,bbse,0.5592792512972532,0.0,1,0.525445292620865,0.0,0.547144754316069,0.44712182061579653,0.5006060606060606,0.5528781793842035,0.55,0.5528781793842035,False,False,0.5184634065256155,0.498,0.454,1000,1500,0.6076457815873632,en,target_fpr,,,0.14489311163895485,-0.3805521809819102,native,0.05,toxicity,encoder_minilm,EXP-007
tt,few_label_8_strat,0.8723562533887924,0.13128550472722209,25,0.27098156543586,0.14568904982993322,0.1789641434262948,0.7895582329317269,0.6023751442094314,0.21044176706827308,0.19463999999999998,0.21044176706827308,False,False,0.5184634065256155,0.498,0.454,1000,1500,0.6076457815873632,en,target_fpr,,,0.14489311163895485,-0.12608845379690514,native,0.05,toxicity,encoder_minilm,EXP-007
tt,few_label_8_rand,0.8128549272623986,0.1839423473612695,25,0.3229088917840876,0.15259702502274433,0.24664010624169985,0.723855421686747,0.5676231545793061,0.276144578313253,0.2613333333333333,0.276144578313253,False,False,0.5184634065256155,0.498,0.454,1000,1500,0.6076457815873632,en,target_fpr,,,0.14489311163895485,-0.17801578014513275,native,0.05,toxicity,encoder_minilm,EXP-007
tt,few_label_16_strat,0.9440802322164978,0.05474167075924426,25,0.17451157016038998,0.10792384696810144,0.08154050464807437,0.8862650602409639,0.657217231061212,0.11373493975903613,0.09757333333333333,0.11373493975903613,False,False,0.5184634065256155,0.498,0.454,1000,1500,0.6076457815873632,en,target_fpr,,,0.14489311163895485,-0.02961845852143513,native,0.05,toxicity,encoder_minilm,EXP-007
tt,few_label_16_rand,0.9338578490320667,0.0771570745296202,25,0.18647041513303833,0.11519861762491831,0.0941832669322709,0.8738420348058902,0.6434219619949648,0.12615796519410977,0.11010666666666663,0.12615796519410977,False,False,0.5184634065256155,0.498,0.454,1000,1500,0.6076457815873632,en,target_fpr,,,0.14489311163895485,-0.04157730349408348,native,0.05,toxicity,encoder_minilm,EXP-007
tt,few_label_32_strat,0.965649994694854,0.025452801159834282,25,0.13204253760972137,0.07382394525753304,0.04706507304116865,0.9220883534136546,0.7020022175365536,0.07791164658634538,0.062426666666666665,0.07791164658634538,False,False,0.5184634065256155,0.498,0.454,1000,1500,0.6076457815873632,en,target_fpr,,,0.14489311163895485,0.01285057402923348,native,0.05,toxicity,encoder_minilm,EXP-007
tt,few_label_32_rand,0.9574361145497705,0.02486094570217819,25,0.1594494636383042,0.06936631097031186,0.06395750332005312,0.9041499330655957,0.6484706129917144,0.09585006693440429,0.07984000000000001,0.09585006693440429,False,False,0.5184634065256155,0.498,0.454,1000,1500,0.6076457815873632,en,target_fpr,,,0.14489311163895485,-0.014556351999349348,native,0.05,toxicity,encoder_minilm,EXP-007
tt,few_label_64_strat,0.9678319800769002,0.012893005994834504,25,0.1344495157103293,0.04268709644465443,0.04371845949535192,0.9235341365461847,0.6607251904917665,0.07646586345381526,0.060026666666666666,0.07646586345381526,False,False,0.5184634065256155,0.498,0.454,1000,1500,0.6076457815873632,en,target_fpr,,,0.14489311163895485,0.010443595928625565,native,0.05,toxicity,encoder_minilm,EXP-007
tt,few_label_64_rand,0.9743662966203371,0.010705735243438864,25,0.11139572151454726,0.04084604730450226,0.031181938911022576,0.938206157965194,0.7105423053322879,0.06179384203480589,0.04642666666666666,0.06179384203480589,False,False,0.5184634065256155,0.498,0.454,1000,1500,0.6076457815873632,en,target_fpr,,,0.14489311163895485,0.0334973901244076,native,0.05,toxicity,encoder_minilm,EXP-007
tt,few_label_128_strat,0.9633118889530747,0.01210133668130142,25,0.1501638372201517,0.03614117759176312,0.052483399734395746,0.913574297188755,0.6364307918468686,0.086425702811245,0.06938666666666667,0.086425702811245,False,False,0.5184634065256155,0.498,0.454,1000,1500,0.6076457815873632,en,target_fpr,,,0.14489311163895485,-0.0052707255811968445,native,0.05,toxicity,encoder_minilm,EXP-007
tt,few_label_128_rand,0.9689716709350731,0.013051997977599922,25,0.13041510023956848,0.045105594881028825,0.04175298804780876,0.9259973226238286,0.677042903354112,0.07400267737617135,0.057813333333333335,0.07400267737617135,False,False,0.5184634065256155,0.498,0.454,1000,1500,0.6076457815873632,en,target_fpr,,,0.14489311163895485,0.01447801139938637,native,0.05,toxicity,encoder_minilm,EXP-007
tt,few_label_256_strat,0.966516432392841,0.006355010264396364,25,0.14157108883635597,0.019089475225772836,0.046374501992031865,0.92,0.6370380370858773,0.08,0.06312000000000001,0.08,False,False,0.5184634065256155,0.498,0.454,1000,1500,0.6076457815873632,en,target_fpr,,,0.14489311163895485,0.003322022802598884,native,0.05,toxicity,encoder_minilm,EXP-007
tt,few_label_256_rand,0.9665934419829676,0.007616445282107072,25,0.1402038888862051,0.023015749905689626,0.04579017264276228,0.9207496653279786,0.6415641347181328,0.07925033467202142,0.06245333333333334,0.07925033467202142,False,False,0.5184634065256155,0.498,0.454,1000,1500,0.6076457815873632,en,target_fpr,,,0.14489311163895485,0.004689222752749744,native,0.05,toxicity,encoder_minilm,EXP-007
tt,target_full,0.9674550641828019,0.0,1,0.14489311163895485,0.0,0.0451527224435591,0.9183400267737617,0.6421052631578947,0.08165997322623829,0.06333333333333334,0.08165997322623829,False,False,0.5184634065256155,0.498,0.454,1000,1500,0.6076457815873632,en,target_fpr,0.10971697181912675,0.17580805195586158,0.14489311163895485,0.0,native,0.05,toxicity,encoder_minilm,EXP-007
tt,test_oracle_unachievable,0.9673645171928428,0.0,1,0.1447212336892052,0.0,0.04648074369189907,0.9183400267737617,0.6354166666666666,0.08165997322623829,0.064,0.08165997322623829,False,False,0.5184634065256155,0.498,0.454,1000,1500,0.6076457815873632,en,target_fpr,,,0.14489311163895485,0.00017187794974965476,native,0.05,toxicity,encoder_minilm,EXP-007
uk,fixed_half,0.5,0.0,1,0.66993006993007,0.0,0.2776315789473684,0.3527027027027027,0.6942028985507246,0.6472972972972973,0.46,0.6472972972972973,False,False,0.7623275248933143,0.49333333333333335,0.494,1000,1500,0.6076457815873632,en,target_fpr,,,0.4199796126401631,-0.2499504572899069,native,0.05,toxicity,encoder_minilm,EXP-007
uk,source_global,0.6076457815873632,0.0,1,0.6337386018237082,0.0,0.20921052631578949,0.43648648648648647,0.7239583333333334,0.5635135135135135,0.384,0.5635135135135135,False,False,0.7623275248933143,0.49333333333333335,0.494,1000,1500,0.6076457815873632,en,target_fpr,0.604060534514176,0.6617672795838849,0.4199796126401631,-0.21375898918354513,native,0.05,toxicity,encoder_minilm,EXP-007
uk,pooled_global,0.8844568960663772,0.0,1,0.4271255060728744,0.0,0.04868421052631579,0.7148648648648649,0.8508064516129032,0.2851351351351351,0.16533333333333333,0.2851351351351351,False,False,0.7623275248933143,0.49333333333333335,0.494,1000,1500,0.6076457815873632,en,target_fpr,,,0.4199796126401631,-0.0071458934327113255,native,0.05,toxicity,encoder_minilm,EXP-007
uk,worstcase_global,0.9674550641828019,0.0,1,0.19441069258809238,0.0,0.003947368421052632,0.8918918918918919,0.963855421686747,0.10810810810810811,0.05533333333333333,0.10810810810810811,False,False,0.7623275248933143,0.49333333333333335,0.494,1000,1500,0.6076457815873632,en,target_fpr,,,0.4199796126401631,0.22556892005207071,native,0.05,toxicity,encoder_minilm,EXP-007
uk,quantile_match,0.49670043164288985,0.0,1,0.6708420320111342,0.0,0.28289473684210525,0.34864864864864864,0.6915351506456241,0.6513513513513514,0.4646666666666667,0.6513513513513514,False,False,0.7623275248933143,0.49333333333333335,0.494,1000,1500,0.6076457815873632,en,target_fpr,,,0.4199796126401631,-0.25086241937097115,native,0.05,toxicity,encoder_minilm,EXP-007
uk,sld_em,0.6595743386185611,0.0,1,0.6229249011857708,0.0,0.1723684210526316,0.46756756756756757,0.7504761904761905,0.5324324324324324,0.35,0.5324324324324324,False,False,0.7623275248933143,0.49333333333333335,0.494,1000,1500,0.6076457815873632,en,target_fpr,,,0.4199796126401631,-0.20294528854560773,native,0.05,toxicity,encoder_minilm,EXP-007
uk,bbse,0.6985522989087611,0.0,1,0.6011466011466011,0.0,0.15,0.504054054054054,0.762993762993763,0.49594594594594593,0.32066666666666666,0.49594594594594593,False,False,0.7623275248933143,0.49333333333333335,0.494,1000,1500,0.6076457815873632,en,target_fpr,,,0.4199796126401631,-0.18116698850643803,native,0.05,toxicity,encoder_minilm,EXP-007
uk,few_label_8_strat,0.7405822169061428,0.1630764971304781,25,0.5236958607075642,0.12934675894427722,0.13299999999999998,0.575027027027027,0.7924422763355738,0.424972972972973,0.27704,0.424972972972973,False,False,0.7623275248933143,0.49333333333333335,0.494,1000,1500,0.6076457815873632,en,target_fpr,,,0.4199796126401631,-0.10371624806740115,native,0.05,toxicity,encoder_minilm,EXP-007
uk,few_label_8_rand,0.6304519810436122,0.24168585423706787,25,0.5663125281784224,0.1473425362422558,0.2127894736842105,0.4808108108108108,0.7557454116608102,0.5191891891891892,0.36394666666666664,0.5191891891891892,False,False,0.7623275248933143,0.49333333333333335,0.494,1000,1500,0.6076457815873632,en,target_fpr,,,0.4199796126401631,-0.14633291553825928,native,0.05,toxicity,encoder_minilm,EXP-007
uk,few_label_16_strat,0.8541272280291925,0.16673641157053742,25,0.3630395671568298,0.19116908243283764,0.07105263157894737,0.7298918918918919,0.8679047473698149,0.2701081081081081,0.16925333333333334,0.2701081081081081,False,False,0.7623275248933143,0.49333333333333335,0.494,1000,1500,0.6076457815873632,en,target_fpr,,,0.4199796126401631,0.05694004548333331,native,0.05,toxicity,encoder_minilm,EXP-007
uk,few_label_16_rand,0.7741206084271616,0.18029000990349525,25,0.4709404637251652,0.16923104051396154,0.11305263157894738,0.6241621621621622,0.8186263087568222,0.37583783783783786,0.24269333333333334,0.37583783783783786,False,False,0.7623275248933143,0.49333333333333335,0.494,1000,1500,0.6076457815873632,en,target_fpr,,,0.4199796126401631,-0.05096085108500209,native,0.05,toxicity,encoder_minilm,EXP-007
uk,few_label_32_strat,0.9135899318754308,0.09173648146862284,25,0.2839941022503539,0.17527235792814017,0.035263157894736843,0.8094054054054054,0.9061634483483668,0.19059459459459457,0.11189333333333334,0.19059459459459457,False,False,0.7623275248933143,0.49333333333333335,0.494,1000,1500,0.6076457815873632,en,target_fpr,,,0.4199796126401631,0.13598551038980922,native,0.05,toxicity,encoder_minilm,EXP-007
uk,few_label_32_rand,0.8878154527962784,0.08829189036540806,25,0.3435328915100665,0.17579830668270716,0.04773684210526316,0.7625405405405405,0.8828870389189997,0.23745945945945945,0.14133333333333334,0.23745945945945945,False,False,0.7623275248933143,0.49333333333333335,0.494,1000,1500,0.6076457815873632,en,target_fpr,,,0.4199796126401631,0.0764467211300966,native,0.05,toxicity,encoder_minilm,EXP-007
uk,few_label_64_strat,0.8620081683748227,0.08967954486771505,25,0.4100818775829393,0.12937495507976993,0.06121052631578947,0.7124324324324324,0.8497164161347628,0.2875675675675676,0.17288,0.2875675675675676,False,False,0.7623275248933143,0.49333333333333335,0.494,1000,1500,0.6076457815873632,en,target_fpr,,,0.4199796126401631,0.0098977350572238,native,0.05,toxicity,encoder_minilm,EXP-007
uk,few_label_64_rand,0.844740554761133,0.1200707735290594,25,0.41276135608060344,0.15955563699626366,0.07184210526315789,0.6995135135135135,0.8494107884836108,0.3004864864864865,0.18464000000000003,0.3004864864864865,False,False,0.7623275248933143,0.49333333333333335,0.494,1000,1500,0.6076457815873632,en,target_fpr,,,0.4199796126401631,0.007218256559559655,native,0.05,toxicity,encoder_minilm,EXP-007
uk,few_label_128_strat,0.8871184940790119,0.04410952436229382,25,0.3998839378839507,0.0819243172649298,0.04557894736842106,0.7336756756756756,0.8627626832976294,0.2663243243243243,0.15448,0.2663243243243243,False,False,0.7623275248933143,0.49333333333333335,0.494,1000,1500,0.6076457815873632,en,target_fpr,,,0.4199796126401631,0.02009567475621238,native,0.05,toxicity,encoder_minilm,EXP-007
uk,few_label_128_rand,0.8483523495235025,0.0634985137486442,25,0.4548549171335242,0.07415204096530255,0.06705263157894736,0.679891891891892,0.8336609875259451,0.3201081081081081,0.19189333333333333,0.3201081081081081,False,False,0.7623275248933143,0.49333333333333335,0.494,1000,1500,0.6076457815873632,en,target_fpr,,,0.4199796126401631,-0.034875304493361126,native,0.05,toxicity,encoder_minilm,EXP-007
uk,few_label_256_strat,0.8801320469406732,0.0312736822497845,25,0.4194912434177162,0.059873044087444593,0.04905263157894737,0.7187027027027026,0.8536234529076897,0.2812972972972973,0.16362666666666667,0.2812972972972973,False,False,0.7623275248933143,0.49333333333333335,0.494,1000,1500,0.6076457815873632,en,target_fpr,,,0.4199796126401631,0.0004883692224468827,native,0.05,toxicity,encoder_minilm,EXP-007
uk,few_label_256_rand,0.8665393960049025,0.042614933890512574,25,0.4371270570644712,0.0543576981578139,0.05663157894736843,0.7013513513513513,0.8424995907882575,0.29864864864864865,0.17602666666666666,0.29864864864864865,False,False,0.7623275248933143,0.49333333333333335,0.494,1000,1500,0.6076457815873632,en,target_fpr,,,0.4199796126401631,-0.0171474444243081,native,0.05,toxicity,encoder_minilm,EXP-007
uk,target_full,0.8874264721890373,0.0,1,0.4199796126401631,0.0,0.046052631578947366,0.7216216216216216,0.8547717842323651,0.27837837837837837,0.16066666666666668,0.27837837837837837,False,False,0.7623275248933143,0.49333333333333335,0.494,1000,1500,0.6076457815873632,en,target_fpr,0.3838286679103705,0.4566373715467501,0.4199796126401631,0.0,native,0.05,toxicity,encoder_minilm,EXP-007
uk,test_oracle_unachievable,0.8760499331096668,0.0,1,0.4393179538615848,0.0,0.05,0.7040540540540541,0.8521400778210116,0.2959459459459459,0.17133333333333334,0.2959459459459459,False,False,0.7623275248933143,0.49333333333333335,0.494,1000,1500,0.6076457815873632,en,target_fpr,,,0.4199796126401631,-0.019338341221421695,native,0.05,toxicity,encoder_minilm,EXP-007
zh,fixed_half,0.5,0.0,1,0.5300146412884333,0.0,0.3421750663129973,0.514745308310992,0.5838709677419355,0.48525469168900803,0.41333333333333333,0.48525469168900803,False,False,0.6011193207273451,0.49733333333333335,0.495,1000,1500,0.6076457815873632,en,target_fpr,,,0.19102416570771003,-0.3389904755807233,native,0.05,toxicity,encoder_minilm,EXP-007
zh,source_global,0.6076457815873632,0.0,1,0.4614121510673234,0.0,0.253315649867374,0.6233243967828418,0.5953389830508474,0.37667560321715815,0.31466666666666665,0.37667560321715815,False,False,0.6011193207273451,0.49733333333333335,0.495,1000,1500,0.6076457815873632,en,target_fpr,0.42360508396838836,0.48951102563000265,0.19102416570771003,-0.2703879853596134,native,0.05,toxicity,encoder_minilm,EXP-007
zh,pooled_global,0.8816483276594054,0.0,1,0.22172949002217296,0.0,0.07427055702917772,0.8659517426273459,0.6410256410256411,0.13404825737265416,0.104,0.13404825737265416,False,False,0.6011193207273451,0.49733333333333335,0.495,1000,1500,0.6076457815873632,en,target_fpr,,,0.19102416570771003,-0.030705324314462934,native,0.05,toxicity,encoder_minilm,EXP-007
zh,worstcase_global,0.9674550641828019,0.0,1,0.07161125319693094,0.0,0.010610079575596816,0.9624664879356568,0.7777777777777778,0.03753351206434316,0.024,0.03753351206434316,False,False,0.6011193207273451,0.49733333333333335,0.495,1000,1500,0.6076457815873632,en,target_fpr,,,0.19102416570771003,0.11941291251077908,native,0.05,toxicity,encoder_minilm,EXP-007
zh,quantile_match,0.46367791527086966,0.0,1,0.5451957295373666,0.0,0.3660477453580902,0.4865951742627346,0.5811836115326252,0.5134048257372654,0.43933333333333335,0.5134048257372654,False,False,0.6011193207273451,0.49733333333333335,0.495,1000,1500,0.6076457815873632,en,target_fpr,,,0.19102416570771003,-0.3541715638296566,native,0.05,toxicity,encoder_minilm,EXP-007
zh,sld_em,0.7015258019666288,0.0,1,0.4067796610169491,0.0,0.19496021220159152,0.6943699731903485,0.608,0.30563002680965146,0.25,0.30563002680965146,False,False,0.6011193207273451,0.49733333333333335,0.495,1000,1500,0.6076457815873632,en,target_fpr,,,0.19102416570771003,-0.2157554953092391,native,0.05,toxicity,encoder_minilm,EXP-007
zh,bbse,0.7383046009106993,0.0,1,0.37511606313834733,0.0,0.17108753315649866,0.7292225201072386,0.6102719033232629,0.2707774798927614,0.22066666666666668,0.2707774798927614,False,False,0.6011193207273451,0.49733333333333335,0.495,1000,1500,0.6076457815873632,en,target_fpr,,,0.19102416570771003,-0.1840918974306373,native,0.05,toxicity,encoder_minilm,EXP-007
zh,few_label_8_strat,0.7689184834200726,0.18819029689784564,25,0.3071951616132839,0.16208213110181394,0.15251989389920426,0.761769436997319,0.648460423142547,0.23823056300268097,0.19514666666666663,0.23823056300268097,False,False,0.6011193207273451,0.49733333333333335,0.495,1000,1500,0.6076457815873632,en,target_fpr,,,0.19102416570771003,-0.11617099590557389,native,0.05,toxicity,encoder_minilm,EXP-007
zh,few_label_8_rand,0.7470175936866157,0.2078955444646546,25,0.3169319374388844,0.18041401213464844,0.17013262599469495,0.743378016085791,0.6436556424417529,0.2566219839142091,0.2131466666666667,0.2566219839142091,False,False,0.6011193207273451,0.49733333333333335,0.495,1000,1500,0.6076457815873632,en,target_fpr,,,0.19102416570771003,-0.1259077717311744,native,0.05,toxicity,encoder_minilm,EXP-007
zh,few_label_16_strat,0.8581299340294999,0.132206034880189,25,0.22694193583544284,0.13198587712800314,0.09013262599469496,0.8447721179624665,0.6680086903937823,0.15522788203753352,0.12250666666666665,0.15522788203753352,False,False,0.6011193207273451,0.49733333333333335,0.495,1000,1500,0.6076457815873632,en,target_fpr,,,0.19102416570771003,-0.03591777012773281,native,0.05,toxicity,encoder_minilm,EXP-007
zh,few_label_16_rand,0.8651677141768921,0.07880238944322988,25,0.23469861943784526,0.1025220605928768,0.08413793103448276,0.8481501340482575,0.6662045689696899,0.15184986595174263,0.11781333333333331,0.15184986595174263,False,False,0.6011193207273451,0.49733333333333335,0.495,1000,1500,0.6076457815873632,en,target_fpr,,,0.19102416570771003,-0.04367445373013523,native,0.05,toxicity,encoder_minilm,EXP-007
zh,few_label_32_strat,0.9359531300479708,0.049005126333605806,25,0.12834930237486958,0.08734381989373664,0.035702917771883294,0.9247184986595174,0.7123881836542689,0.07528150134048256,0.05538666666666667,0.07528150134048256,False,False,0.6011193207273451,0.49733333333333335,0.495,1000,1500,0.6076457815873632,en,target_fpr,,,0.19102416570771003,0.06267486333284045,native,0.05,toxicity,encoder_minilm,EXP-007
zh,few_label_32_rand,0.9181459720539089,0.0786251119527794,25,0.14712157210456892,0.11757381418359943,0.04795755968169761,0.90798927613941,0.7072386871168388,0.0920107238605898,0.06986666666666667,0.0920107238605898,False,False,0.6011193207273451,0.49733333333333335,0.495,1000,1500,0.6076457815873632,en,target_fpr,,,0.19102416570771003,0.04390259360314111,native,0.05,toxicity,encoder_minilm,EXP-007
zh,few_label_64_strat,0.9312005112883501,0.047295347618588446,25,0.1399874755083968,0.08773372470303879,0.03909814323607427,0.9175335120643432,0.709312137402278,0.08246648793565683,0.060666666666666674,0.08246648793565683,False,False,0.6011193207273451,0.49733333333333335,0.495,1000,1500,0.6076457815873632,en,target_fpr,,,0.19102416570771003,0.05103669019931323,native,0.05,toxicity,encoder_minilm,EXP-007
zh,few_label_64_rand,0.9170180319409182,0.03994320464076324,25,0.17402039350442713,0.06653952078599618,0.049602122015915115,0.8973190348525469,0.6882698089974454,0.10268096514745308,0.07600000000000001,0.10268096514745308,False,False,0.6011193207273451,0.49733333333333335,0.495,1000,1500,0.6076457815873632,en,target_fpr,,,0.19102416570771003,0.01700377220328289,native,0.05,toxicity,encoder_minilm,EXP-007
zh,few_label_128_strat,0.9056737779679516,0.03224012168011145,25,0.19436888004217898,0.04867537090371157,0.05724137931034483,0.8846648793565685,0.6766892688634618,0.11533512064343164,0.08613333333333334,0.11533512064343164,False,False,0.6011193207273451,0.49733333333333335,0.495,1000,1500,0.6076457815873632,en,target_fpr,,,0.19102416570771003,-0.003344714334468951,native,0.05,toxicity,encoder_minilm,EXP-007
zh,few_label_128_rand,0.9024512907934242,0.03463169465920335,25,0.2012999320110566,0.045853884017451906,0.059787798408488066,0.8798927613941019,0.6729476084274082,0.12010723860589813,0.08978666666666667,0.12010723860589813,False,False,0.6011193207273451,0.49733333333333335,0.495,1000,1500,0.6076457815873632,en,target_fpr,,,0.19102416570771003,-0.010275766303346562,native,0.05,toxicity,encoder_minilm,EXP-007
zh,few_label_256_strat,0.9137470290771091,0.02340324640075296,25,0.18693688328258076,0.037404633622124386,0.05177718832891246,0.8906702412868632,0.6818878391478755,0.10932975871313672,0.08039999999999999,0.10932975871313672,False,False,0.6011193207273451,0.49733333333333335,0.495,1000,1500,0.6076457815873632,en,target_fpr,,,0.19102416570771003,0.004087282425129263,native,0.05,toxicity,encoder_minilm,EXP-007
zh,few_label_256_rand,0.9260391260353902,0.020142741360442983,25,0.17147695026118184,0.032785682720987745,0.044403183023872674,0.9013941018766757,0.6917000784103022,0.0986058981233244,0.07136,0.0986058981233244,False,False,0.6011193207273451,0.49733333333333335,0.495,1000,1500,0.6076457815873632,en,target_fpr,,,0.19102416570771003,0.019547215446528182,native,0.05,toxicity,encoder_minilm,EXP-007
zh,target_full,0.9138237166335826,0.0,1,0.19102416570771003,0.0,0.05305039787798409,0.8887399463806971,0.6747967479674797,0.11126005361930295,0.082,0.11126005361930295,False,False,0.6011193207273451,0.49733333333333335,0.495,1000,1500,0.6076457815873632,en,target_fpr,0.1585076001842469,0.22427751210574043,0.19102416570771003,0.0,native,0.05,toxicity,encoder_minilm,EXP-007
zh,test_oracle_unachievable,0.9178325230449906,0.0,1,0.18959537572254337,0.0,0.04907161803713528,0.8900804289544236,0.6890756302521008,0.10991957104557641,0.07933333333333334,0.10991957104557641,False,False,0.6011193207273451,0.49733333333333335,0.495,1000,1500,0.6076457815873632,en,target_fpr,,,0.19102416570771003,0.0014287899851666563,native,0.05,toxicity,encoder_minilm,EXP-007
am,fixed_half,0.5,0.0,1,0.2994871794871795,0.0,0.1441326530612245,0.7960893854748603,0.5637065637065637,0.20391061452513967,0.17266666666666666,0.20391061452513967,False,False,0.5661572939231558,0.47733333333333333,0.511,1000,1500,0.3807846772957676,en,target_fpr,,,0.19332566168009205,-0.10616151780708746,native,0.1,toxicity,encoder_minilm,EXP-007
am,source_global,0.3807846772957676,0.0,1,0.35315985130111527,0.0,0.21683673469387754,0.7346368715083799,0.5277777777777778,0.26536312849162014,0.24,0.26536312849162014,False,False,0.5661572939231558,0.47733333333333333,0.511,1000,1500,0.3807846772957676,en,target_fpr,0.31800320769847634,0.3886420954637778,0.19332566168009205,-0.15983418962102322,native,0.1,toxicity,encoder_minilm,EXP-007
am,pooled_global,0.7892743773442948,0.0,1,0.10606060606060606,0.0,0.04336734693877551,0.9413407821229051,0.5526315789473685,0.05865921787709497,0.050666666666666665,0.05865921787709497,False,False,0.5661572939231558,0.47733333333333333,0.511,1000,1500,0.3807846772957676,en,target_fpr,,,0.19332566168009205,0.08726505561948598,native,0.1,toxicity,encoder_minilm,EXP-007
am,worstcase_global,0.948502300364656,0.0,1,0.01925722145804677,0.0,0.00510204081632653,0.9902234636871509,0.6363636363636364,0.009776536312849162,0.007333333333333333,0.009776536312849162,True,False,0.5661572939231558,0.47733333333333333,0.511,1000,1500,0.3807846772957676,en,target_fpr,,,0.19332566168009205,0.1740684402220453,native,0.1,toxicity,encoder_minilm,EXP-007
am,quantile_match,0.2247438372650832,0.0,1,0.5032074126870991,0.0,0.4260204081632653,0.5069832402234636,0.5138282387190685,0.4930167597765363,0.458,0.4930167597765363,False,False,0.5661572939231558,0.47733333333333333,0.511,1000,1500,0.3807846772957676,en,target_fpr,,,0.19332566168009205,-0.3098817510070071,native,0.1,toxicity,encoder_minilm,EXP-007
am,sld_em,0.9881218740229765,0.0,1,0.0,0.0,0.0012755102040816326,1.0,0.0,0.0,0.0006666666666666666,0.0,True,False,0.5661572939231558,0.47733333333333333,0.511,1000,1500,0.3807846772957676,en,target_fpr,,,0.19332566168009205,0.19332566168009205,native,0.1,toxicity,encoder_minilm,EXP-007
am,bbse,0.7265544844720102,0.0,1,0.14993954050785974,0.0,0.0625,0.9134078212290503,0.5585585585585585,0.08659217877094973,0.074,0.08659217877094973,False,False,0.5661572939231558,0.47733333333333333,0.511,1000,1500,0.3807846772957676,en,target_fpr,,,0.19332566168009205,0.04338612117223231,native,0.1,toxicity,encoder_minilm,EXP-007
am,few_label_8_strat,0.6395129548993372,0.22920353907738086,25,0.20397405995612267,0.14144015591161727,0.11270408163265305,0.8543016759776535,0.5549900142997051,0.14569832402234634,0.12845333333333334,0.14569832402234634,False,False,0.5661572939231558,0.47733333333333333,0.511,1000,1500,0.3807846772957676,en,target_fpr,,,0.19332566168009205,-0.010648398276030618,native,0.1,toxicity,encoder_minilm,EXP-007
am,few_label_8_rand,0.5824705185647081,0.22078912313350266,25,0.2436671996326161,0.14317809456211278,0.1444387755102041,0.8174301675977653,0.5540587737269078,0.18256983240223462,0.16264,0.18256983240223462,False,False,0.5661572939231558,0.47733333333333333,0.511,1000,1500,0.3807846772957676,en,target_fpr,,,0.19332566168009205,-0.05034153795252405,native,0.1,toxicity,encoder_minilm,EXP-007
am,few_label_16_strat,0.7105713518013093,0.173202977665639,25,0.16059829118463273,0.10765120770680893,0.07673469387755101,0.8958659217877095,0.5733284361856078,0.10413407821229051,0.08981333333333336,0.10413407821229051,False,False,0.5661572939231558,0.47733333333333333,0.511,1000,1500,0.3807846772957676,en,target_fpr,,,0.19332566168009205,0.03272737049545932,native,0.1,toxicity,encoder_minilm,EXP-007
am,few_label_16_rand,0.6920540980238552,0.21463342880134198,25,0.17587824558925066,0.14433002429718855,0.09862244897959183,0.8718994413407821,0.5615937941796739,0.12810055865921785,0.11269333333333334,0.12810055865921785,False,False,0.5661572939231558,0.47733333333333333,0.511,1000,1500,0.3807846772957676,en,target_fpr,,,0.19332566168009205,0.017447416090841383,native,0.1,toxicity,encoder_minilm,EXP-007
am,few_label_32_strat,0.7305479278610312,0.17108727577838678,25,0.14594455011765387,0.11007731917949569,0.06959183673469388,0.9052513966480445,0.572622041082786,0.09474860335195531,0.0816,0.09474860335195531,False,False,0.5661572939231558,0.47733333333333333,0.511,1000,1500,0.3807846772957676,en,target_fpr,,,0.19332566168009205,0.04738111156243818,native,0.1,toxicity,encoder_minilm,EXP-007
am,few_label_32_rand,0.6496921250757087,0.1680412831302825,25,0.19623366923581295,0.1051385260128093,0.09704081632653062,0.8702234636871508,0.5566453421519276,0.12977653631284916,0.11266666666666665,0.12977653631284916,False,False,0.5661572939231558,0.47733333333333333,0.511,1000,1500,0.3807846772957676,en,target_fpr,,,0.19332566168009205,-0.002908007555720904,native,0.1,toxicity,encoder_minilm,EXP-007
am,few_label_64_strat,0.6385796746820109,0.13332903399115056,25,0.2047065030374708,0.08418203518206044,0.09515306122448978,0.8683240223463687,0.5626418820649909,0.1316759776536313,0.11258666666666667,0.1316759776536313,False,False,0.5661572939231558,0.47733333333333333,0.511,1000,1500,0.3807846772957676,en,target_fpr,,,0.19332566168009205,-0.01138084135737874,native,0.1,toxicity,encoder_minilm,EXP-007
am,few_label_64_rand,0.64622654724589,0.12060545222247307,25,0.19990800978429302,0.07658760838998273,0.09112244897959185,0.8734636871508379,0.5608225708965319,0.126536312849162,0.10802666666666667,0.126536312849162,False,False,0.5661572939231558,0.47733333333333333,0.511,1000,1500,0.3807846772957676,en,target_fpr,,,0.19332566168009205,-0.006582348104200969,native,0.1,toxicity,encoder_minilm,EXP-007
am,few_label_128_strat,0.652738038586185,0.0803846468266294,25,0.19470504855680082,0.054243600666013955,0.08663265306122449,0.8798324022346368,0.5572728935499425,0.12016759776536315,0.10264,0.12016759776536315,False,False,0.5661572939231558,0.47733333333333333,0.511,1000,1500,0.3807846772957676,en,target_fpr,,,0.19332566168009205,-0.0013793868767087714,native,0.1,toxicity,encoder_minilm,EXP-007
am,few_label_128_rand,0.6487161493174763,0.0869697426683939,25,0.19757036093553906,0.05783001115097479,0.08903061224489794,0.8773184357541899,0.5557076234043484,0.12268156424581006,0.10509333333333332,0.12268156424581006,False,False,0.5661572939231558,0.47733333333333333,0.511,1000,1500,0.3807846772957676,en,target_fpr,,,0.19332566168009205,-0.004244699255447015,native,0.1,toxicity,encoder_minilm,EXP-007
am,few_label_256_strat,0.6411925591497284,0.07382905544018017,25,0.20130966011184867,0.050537534696974334,0.09035714285714284,0.875195530726257,0.5556841960745368,0.124804469273743,0.10680000000000002,0.124804469273743,False,False,0.5661572939231558,0.47733333333333333,0.511,1000,1500,0.3807846772957676,en,target_fpr,,,0.19332566168009205,-0.007983998431756623,native,0.1,toxicity,encoder_minilm,EXP-007
am,few_label_256_rand,0.6458156528140244,0.06881459574596924,25,0.1982072259737387,0.046723563235236826,0.08887755102040817,0.8777653631284917,0.5549349704313444,0.12223463687150839,0.1048,0.12223463687150839,False,False,0.5661572939231558,0.47733333333333333,0.511,1000,1500,0.3807846772957676,en,target_fpr,,,0.19332566168009205,-0.00488156429364664,native,0.1,toxicity,encoder_minilm,EXP-007
am,target_full,0.6507692588037124,0.0,1,0.19332566168009205,0.0,0.08801020408163265,0.88268156424581,0.5490196078431373,0.11731843575418995,0.102,0.11731843575418995,False,False,0.5661572939231558,0.47733333333333333,0.511,1000,1500,0.3807846772957676,en,target_fpr,0.16220898993489846,0.22764630471988495,0.19332566168009205,0.0,native,0.1,toxicity,encoder_minilm,EXP-007
am,test_oracle_unachievable,0.6003635851484838,0.0,1,0.22793296089385476,0.0,0.09821428571428571,0.8575418994413407,0.5698324022346368,0.1424581005586592,0.11933333333333333,0.1424581005586592,False,False,0.5661572939231558,0.47733333333333333,0.511,1000,1500,0.3807846772957676,en,target_fpr,,,0.19332566168009205,-0.03460729921376271,native,0.1,toxicity,encoder_minilm,EXP-007
ar,fixed_half,0.5,0.0,1,0.4515021459227468,0.0,0.20053475935828877,0.6502659574468085,0.6368038740920097,0.3497340425531915,0.2753333333333333,0.3497340425531915,False,False,0.6368525287290931,0.5013333333333333,0.503,1000,1500,0.3807846772957676,en,target_fpr,,,0.28810020876826725,-0.16340193715447954,native,0.1,toxicity,encoder_minilm,EXP-007
ar,source_global,0.3807846772957676,0.0,1,0.5098039215686274,0.0,0.2647058823529412,0.5678191489361702,0.621414913957935,0.4321808510638298,0.3486666666666667,0.4321808510638298,False,False,0.6368525287290931,0.5013333333333333,0.503,1000,1500,0.3807846772957676,en,target_fpr,0.4783496742319998,0.539806688944295,0.28810020876826725,-0.22170371280036016,native,0.1,toxicity,encoder_minilm,EXP-007
ar,pooled_global,0.7831653188646602,0.0,1,0.2848101265822785,0.0,0.08155080213903744,0.8204787234042553,0.6887755102040817,0.17952127659574468,0.13066666666666665,0.17952127659574468,False,False,0.6368525287290931,0.5013333333333333,0.503,1000,1500,0.3807846772957676,en,target_fpr,,,0.28810020876826725,0.003290082185988752,native,0.1,toxicity,encoder_minilm,EXP-007
ar,worstcase_global,0.948502300364656,0.0,1,0.11070110701107011,0.0,0.0213903743315508,0.9401595744680851,0.7377049180327869,0.0598404255319149,0.04066666666666666,0.0598404255319149,False,False,0.6368525287290931,0.5013333333333333,0.503,1000,1500,0.3807846772957676,en,target_fpr,,,0.28810020876826725,0.17739910175719714,native,0.1,toxicity,encoder_minilm,EXP-007
ar,quantile_match,0.2426154337229948,0.0,1,0.5921938088829071,0.0,0.393048128342246,0.4148936170212766,0.5994550408719346,0.5851063829787234,0.48933333333333334,0.5851063829787234,False,False,0.6368525287290931,0.5013333333333333,0.503,1000,1500,0.3807846772957676,en,target_fpr,,,0.28810020876826725,-0.3040936001146398,native,0.1,toxicity,encoder_minilm,EXP-007
ar,sld_em,0.736480864585072,0.0,1,0.30518819938962355,0.0,0.10828877005347594,0.800531914893617,0.6493506493506493,0.19946808510638298,0.154,0.19946808510638298,False,False,0.6368525287290931,0.5013333333333333,0.503,1000,1500,0.3807846772957676,en,target_fpr,,,0.28810020876826725,-0.017087990621356297,native,0.1,toxicity,encoder_minilm,EXP-007
ar,bbse,0.5492073350867809,0.0,1,0.42010771992818674,0.0,0.1711229946524064,0.6888297872340425,0.6464088397790055,0.31117021276595747,0.24133333333333334,0.31117021276595747,False,False,0.6368525287290931,0.5013333333333333,0.503,1000,1500,0.3807846772957676,en,target_fpr,,,0.28810020876826725,-0.1320075111599195,native,0.1,toxicity,encoder_minilm,EXP-007
ar,few_label_8_strat,0.646895007223839,0.23521726759349593,25,0.3462559488341244,0.15866915134302445,0.15310160427807487,0.7316489361702128,0.673062146117882,0.26835106382978724,0.21088000000000004,0.26835106382978724,False,False,0.6368525287290931,0.5013333333333333,0.503,1000,1500,0.3807846772957676,en,target_fpr,,,0.28810020876826725,-0.058155740065857164,native,0.1,toxicity,encoder_minilm,EXP-007
ar,few_label_8_rand,0.5739064849416888,0.27541447838686334,25,0.3897614600266596,0.18111316446167253,0.21668449197860962,0.6605319148936171,0.6498630195057118,0.33946808510638304,0.27824000000000004,0.33946808510638304,False,False,0.6368525287290931,0.5013333333333333,0.503,1000,1500,0.3807846772957676,en,target_fpr,,,0.28810020876826725,-0.10166125125839237,native,0.1,toxicity,encoder_minilm,EXP-007
ar,few_label_16_strat,0.7665513580532068,0.20200065461546107,25,0.2602187563324253,0.15000010951975024,0.09438502673796792,0.8172340425531915,0.6995089047699073,0.1827659574468085,0.13869333333333334,0.1827659574468085,False,False,0.6368525287290931,0.5013333333333333,0.503,1000,1500,0.3807846772957676,en,target_fpr,,,0.28810020876826725,0.027881452435841947,native,0.1,toxicity,encoder_minilm,EXP-007
ar,few_label_16_rand,0.6537186381895544,0.2297794241521012,25,0.3454377259970802,0.15063637196127166,0.14566844919786096,0.737127659574468,0.6781693677613221,0.2628723404255319,0.20442666666666667,0.2628723404255319,False,False,0.6368525287290931,0.5013333333333333,0.503,1000,1500,0.3807846772957676,en,target_fpr,,,0.28810020876826725,-0.05733751722881297,native,0.1,toxicity,encoder_minilm,EXP-007
ar,few_label_32_strat,0.7028379452950192,0.1911942796549803,25,0.31994114955738806,0.12486912975054072,0.12026737967914439,0.7709574468085105,0.6841924655051345,0.22904255319148933,0.1748,0.22904255319148933,False,False,0.6368525287290931,0.5013333333333333,0.503,1000,1500,0.3807846772957676,en,target_fpr,,,0.28810020876826725,-0.03184094078912081,native,0.1,toxicity,encoder_minilm,EXP-007
ar,few_label_32_rand,0.7451129491791372,0.15000778025427786,25,0.2956386943221903,0.10522055811546792,0.0972192513368984,0.8004787234042553,0.6944441400100907,0.1995212765957447,0.14850666666666668,0.1995212765957447,False,False,0.6368525287290931,0.5013333333333333,0.503,1000,1500,0.3807846772957676,en,target_fpr,,,0.28810020876826725,-0.007538485553923058,native,0.1,toxicity,encoder_minilm,EXP-007
ar,few_label_64_strat,0.7078349299976366,0.10932732923845603,25,0.3253657848123389,0.07121852177694252,0.11176470588235295,0.7795744680851062,0.6751841992053604,0.2204255319148936,0.16624,0.2204255319148936,False,False,0.6368525287290931,0.5013333333333333,0.503,1000,1500,0.3807846772957676,en,target_fpr,,,0.28810020876826725,-0.03726557604407166,native,0.1,toxicity,encoder_minilm,EXP-007
ar,few_label_64_rand,0.6734186320404238,0.1591557970020453,25,0.34729030643325065,0.09228877087956917,0.13288770053475937,0.751595744680851,0.6671072474683811,0.24840425531914895,0.19080000000000003,0.24840425531914895,False,False,0.6368525287290931,0.5013333333333333,0.503,1000,1500,0.3807846772957676,en,target_fpr,,,0.28810020876826725,-0.0591900976649834,native,0.1,toxicity,encoder_minilm,EXP-007
ar,few_label_128_strat,0.7599973621294696,0.05634024723040175,25,0.29584585925980256,0.03255041214676511,0.09288770053475937,0.8093617021276596,0.6775023447344886,0.1906382978723404,0.14189333333333332,0.1906382978723404,False,False,0.6368525287290931,0.5013333333333333,0.503,1000,1500,0.3807846772957676,en,target_fpr,,,0.28810020876826725,-0.007745650491535305,native,0.1,toxicity,encoder_minilm,EXP-007
ar,few_label_128_rand,0.7396343372573011,0.06613774461674851,25,0.309049668085685,0.03906836932655952,0.10090909090909092,0.7975,0.6725115719757792,0.2025,0.15184,0.2025,False,False,0.6368525287290931,0.5013333333333333,0.503,1000,1500,0.3807846772957676,en,target_fpr,,,0.28810020876826725,-0.020949459317417762,native,0.1,toxicity,encoder_minilm,EXP-007
ar,few_label_256_strat,0.7419077523627001,0.06571245720783997,25,0.3082024775280484,0.03982373441766078,0.09983957219251337,0.7982978723404256,0.673118516397718,0.20170212765957443,0.15090666666666666,0.20170212765957443,False,False,0.6368525287290931,0.5013333333333333,0.503,1000,1500,0.3807846772957676,en,target_fpr,,,0.28810020876826725,-0.02010226875978116,native,0.1,toxicity,encoder_minilm,EXP-007
ar,few_label_256_rand,0.742508339547892,0.07012465401260073,25,0.30784938400207085,0.041185128536851225,0.09973262032085563,0.7984042553191489,0.6745009312069296,0.20159574468085106,0.1508,0.20159574468085106,False,False,0.6368525287290931,0.5013333333333333,0.503,1000,1500,0.3807846772957676,en,target_fpr,,,0.28810020876826725,-0.019749175233803595,native,0.1,toxicity,encoder_minilm,EXP-007
ar,target_full,0.773887445147317,0.0,1,0.28810020876826725,0.0,0.09090909090909091,0.8164893617021277,0.6699029126213593,0.18351063829787234,0.13733333333333334,0.18351063829787234,False,False,0.6368525287290931,0.5013333333333333,0.503,1000,1500,0.3807846772957676,en,target_fpr,0.2518426883647179,0.32532198086011593,0.28810020876826725,0.0,native,0.1,toxicity,encoder_minilm,EXP-007
ar,test_oracle_unachievable,0.752173071857173,0.0,1,0.3004115226337449,0.0,0.09893048128342247,0.8058510638297872,0.6636363636363637,0.19414893617021275,0.14666666666666667,0.19414893617021275,False,False,0.6368525287290931,0.5013333333333333,0.503,1000,1500,0.3807846772957676,en,target_fpr,,,0.28810020876826725,-0.012311313865477624,native,0.1,toxicity,encoder_minilm,EXP-007
de,fixed_half,0.5,0.0,1,0.7392739273927392,0.0,0.2752659574468085,0.25133689839572193,0.7301173402868318,0.7486631016042781,0.5113333333333333,0.7486631016042781,False,False,0.8162049152349528,0.49866666666666665,0.508,1000,1500,0.3807846772957676,en,target_fpr,,,0.5739130434782609,-0.16536088391447834,native,0.1,toxicity,encoder_minilm,EXP-007
de,source_global,0.3807846772957676,0.0,1,0.7596618357487922,0.0,0.37101063829787234,0.1590909090909091,0.6927312775330396,0.8409090909090909,0.6053333333333333,0.8409090909090909,False,False,0.8162049152349528,0.49866666666666665,0.508,1000,1500,0.3807846772957676,en,target_fpr,0.7403357489023008,0.7822077735321911,0.5739130434782609,-0.18574879227053132,native,0.1,toxicity,encoder_minilm,EXP-007
de,pooled_global,0.7829610888765507,0.0,1,0.5616197183098591,0.0,0.09175531914893617,0.5735294117647058,0.8221649484536082,0.4264705882352941,0.25866666666666666,0.4264705882352941,False,False,0.8162049152349528,0.49866666666666665,0.508,1000,1500,0.3807846772957676,en,target_fpr,,,0.5739130434782609,0.012293325168401759,native,0.1,toxicity,encoder_minilm,EXP-007
de,worstcase_global,0.948502300364656,0.0,1,0.21040189125295508,0.0,0.011968085106382979,0.8810160427807486,0.9081632653061225,0.11898395721925134,0.06533333333333333,0.11898395721925134,False,False,0.8162049152349528,0.49866666666666665,0.508,1000,1500,0.3807846772957676,en,target_fpr,,,0.5739130434782609,0.36351115222530583,native,0.1,toxicity,encoder_minilm,EXP-007
de,quantile_match,0.48647333199113607,0.0,1,0.7455853499018967,0.0,0.28058510638297873,0.23796791443850268,0.7298335467349552,0.7620320855614974,0.5206666666666667,0.7620320855614974,False,False,0.8162049152349528,0.49866666666666665,0.508,1000,1500,0.3807846772957676,en,target_fpr,,,0.5739130434782609,-0.17167230642363585,native,0.1,toxicity,encoder_minilm,EXP-007
de,sld_em,0.3571661696765662,0.0,1,0.7604967474866943,0.0,0.39893617021276595,0.14037433155080214,0.6818663838812301,0.8596256684491979,0.6286666666666667,0.8596256684491979,False,False,0.8162049152349528,0.49866666666666665,0.508,1000,1500,0.3807846772957676,en,target_fpr,,,0.5739130434782609,-0.18658370400843338,native,0.1,toxicity,encoder_minilm,EXP-007
de,bbse,0.28949593483357017,0.0,1,0.7528344671201814,0.0,0.46808510638297873,0.11229946524064172,0.6535433070866141,0.8877005347593583,0.6773333333333333,0.8877005347593583,False,False,0.8162049152349528,0.49866666666666665,0.508,1000,1500,0.3807846772957676,en,target_fpr,,,0.5739130434782609,-0.17892142364192054,native,0.1,toxicity,encoder_minilm,EXP-007
de,few_label_8_strat,0.6506278530948962,0.20179454703664282,25,0.5965459309845346,0.1864391268367479,0.18255319148936175,0.45101604278074864,0.787397884621144,0.5489839572192513,0.36528000000000005,0.5489839572192513,False,False,0.8162049152349528,0.49866666666666665,0.508,1000,1500,0.3807846772957676,en,target_fpr,,,0.5739130434782609,-0.02263288750627368,native,0.1,toxicity,encoder_minilm,EXP-007
de,few_label_8_rand,0.6906979721492398,0.21502894864726685,25,0.5612894253135555,0.1750725786056248,0.15845744680851065,0.5033155080213904,0.8070445799023102,0.49668449197860964,0.32712,0.49668449197860964,False,False,0.8162049152349528,0.49866666666666665,0.508,1000,1500,0.3807846772957676,en,target_fpr,,,0.5739130434782609,0.012623618164705364,native,0.1,toxicity,encoder_minilm,EXP-007
de,few_label_16_strat,0.7490100244139328,0.14612902544830303,25,0.5354683382136639,0.17890234298034308,0.11329787234042552,0.5589839572192513,0.8230922078906534,0.4410160427807486,0.27672,0.4410160427807486,False,False,0.8162049152349528,0.49866666666666665,0.508,1000,1500,0.3807846772957676,en,target_fpr,,,0.5739130434782609,0.03844470526459698,native,0.1,toxicity,encoder_minilm,EXP-007
de,few_label_16_rand,0.7852352757053357,0.16141808267758126,25,0.48420823337786373,0.16524039953195083,0.09654255319148937,0.6179144385026738,0.8361568469453495,0.3820855614973262,0.23893333333333333,0.3820855614973262,False,False,0.8162049152349528,0.49866666666666665,0.508,1000,1500,0.3807846772957676,en,target_fpr,,,0.5739130434782609,0.08970481010039716,native,0.1,toxicity,encoder_minilm,EXP-007
de,few_label_32_strat,0.7452538459326002,0.14562653989922403,25,0.547998519562271,0.15152819249677338,0.11569148936170212,0.5510160427807487,0.8199246464036082,0.44898395721925133,0.28189333333333333,0.44898395721925133,False,False,0.8162049152349528,0.49866666666666665,0.508,1000,1500,0.3807846772957676,en,target_fpr,,,0.5739130434782609,0.025914523915989918,native,0.1,toxicity,encoder_minilm,EXP-007
de,few_label_32_rand,0.7652986869856097,0.09495735018677821,25,0.5570478561253711,0.10556121031725141,0.09771276595744681,0.5629946524064171,0.8292888077977875,0.4370053475935829,0.2669066666666666,0.4370053475935829,False,False,0.8162049152349528,0.49866666666666665,0.508,1000,1500,0.3807846772957676,en,target_fpr,,,0.5739130434782609,0.016865187352889777,native,0.1,toxicity,encoder_minilm,EXP-007
de,few_label_64_strat,0.7686385289840401,0.06481437078195618,25,0.5686845329107505,0.06903285361360292,0.09489361702127659,0.5588235294117646,0.8273756654798627,0.44117647058823534,0.26757333333333333,0.44117647058823534,False,False,0.8162049152349528,0.49866666666666665,0.508,1000,1500,0.3807846772957676,en,target_fpr,,,0.5739130434782609,0.0052285105675103916,native,0.1,toxicity,encoder_minilm,EXP-007
de,few_label_64_rand,0.7603048514402367,0.0973118981496412,25,0.5666330282847796,0.08631901831014517,0.1001595744680851,0.5542245989304813,0.8286527835109831,0.44577540106951874,0.2725066666666667,0.44577540106951874,False,False,0.8162049152349528,0.49866666666666665,0.508,1000,1500,0.3807846772957676,en,target_fpr,,,0.5739130434782609,0.007280015193481315,native,0.1,toxicity,encoder_minilm,EXP-007
de,few_label_128_strat,0.7325212737993616,0.04477655222714363,25,0.6117018865036078,0.04450264818261724,0.11239361702127659,0.507005347593583,0.8148279080030727,0.4929946524064171,0.30218666666666666,0.4929946524064171,False,False,0.8162049152349528,0.49866666666666665,0.508,1000,1500,0.3807846772957676,en,target_fpr,,,0.5739130434782609,-0.03778884302534691,native,0.1,toxicity,encoder_minilm,EXP-007
de,few_label_128_rand,0.7771988997367211,0.053179736813616145,25,0.5619226864807902,0.06069130194263589,0.08904255319148938,0.5698930481283422,0.8324094422102121,0.4301069518716577,0.25912,0.4301069518716577,False,False,0.8162049152349528,0.49866666666666665,0.508,1000,1500,0.3807846772957676,en,target_fpr,,,0.5739130434782609,0.011990356997470641,native,0.1,toxicity,encoder_minilm,EXP-007
de,few_label_256_strat,0.7741817501583427,0.029461463280521034,25,0.5676613230921824,0.03219964215891635,0.09468085106382979,0.5647593582887701,0.8210954295204457,0.43524064171122995,0.2645066666666666,0.43524064171122995,False,False,0.8162049152349528,0.49866666666666665,0.508,1000,1500,0.3807846772957676,en,target_fpr,,,0.5739130434782609,0.006251720386078463,native,0.1,toxicity,encoder_minilm,EXP-007
de,few_label_256_rand,0.771048855763735,0.031759518503811805,25,0.5703538371501604,0.03407089776855635,0.09595744680851065,0.5612299465240642,0.8203922640611495,0.4387700534759358,0.2669066666666666,0.4387700534759358,False,False,0.8162049152349528,0.49866666666666665,0.508,1000,1500,0.3807846772957676,en,target_fpr,,,0.5739130434782609,0.0035592063281004727,native,0.1,toxicity,encoder_minilm,EXP-007
de,target_full,0.7688571718545654,0.0,1,0.5739130434782609,0.0,0.09574468085106383,0.5588235294117647,0.8208955223880597,0.4411764705882353,0.268,0.4411764705882353,False,False,0.8162049152349528,0.49866666666666665,0.508,1000,1500,0.3807846772957676,en,target_fpr,0.5341378342841738,0.6056855647020284,0.5739130434782609,0.0,native,0.1,toxicity,encoder_minilm,EXP-007
de,test_oracle_unachievable,0.7502649872391012,0.0,1,0.5931623931623932,0.0,0.09973404255319149,0.536096256684492,0.8222748815165877,0.46390374331550804,0.2813333333333333,0.46390374331550804,False,False,0.8162049152349528,0.49866666666666665,0.508,1000,1500,0.3807846772957676,en,target_fpr,,,0.5739130434782609,-0.019249349684132278,native,0.1,toxicity,encoder_minilm,EXP-007
en,fixed_half,0.5,0.0,1,0.9500674763832658,0.0,0.048748353096179184,0.04993252361673414,0.9500674763832658,0.9500674763832658,0.494,0.9500674763832658,False,True,0.9897460789909303,0.494,0.478,1000,1500,0.3807846772957676,en,target_fpr,,,0.9481967213114755,-0.0018707550717903532,native,0.1,toxicity,encoder_minilm,EXP-007
en,source_global,0.3807846772957676,0.0,1,0.9481967213114755,0.0,0.08036890645586298,0.024291497975708502,0.9221938775510204,0.9757085020242915,0.5226666666666666,0.9757085020242915,False,True,0.9897460789909303,0.494,0.478,1000,1500,0.3807846772957676,en,target_fpr,0.9351527412064293,0.9588598879049874,0.9481967213114755,0.0,native,0.1,toxicity,encoder_minilm,EXP-007
en,pooled_global,0.7929965497082344,0.0,1,0.901098901098901,0.0,0.011857707509881422,0.1700404858299595,0.9855769230769231,0.8299595141700404,0.416,0.8299595141700404,False,True,0.9897460789909303,0.494,0.478,1000,1500,0.3807846772957676,en,target_fpr,,,0.9481967213114755,0.04709782021257447,native,0.1,toxicity,encoder_minilm,EXP-007
en,worstcase_global,0.948502300364656,0.0,1,0.7089487402258905,0.0,0.002635046113306983,0.4493927125506073,0.9951219512195122,0.5506072874493927,0.2733333333333333,0.5506072874493927,False,True,0.9897460789909303,0.494,0.478,1000,1500,0.3807846772957676,en,target_fpr,,,0.9481967213114755,0.23924798108558498,native,0.1,toxicity,encoder_minilm,EXP-007
en,quantile_match,0.3774775783638891,0.0,1,0.9481967213114755,0.0,0.08036890645586298,0.024291497975708502,0.9221938775510204,0.9757085020242915,0.5226666666666666,0.9757085020242915,False,True,0.9897460789909303,0.494,0.478,1000,1500,0.3807846772957676,en,target_fpr,,,0.9481967213114755,0.0,native,0.1,toxicity,encoder_minilm,EXP-007
en,sld_em,0.38078467729576765,0.0,1,0.9481967213114755,0.0,0.08036890645586298,0.024291497975708502,0.9221938775510204,0.9757085020242915,0.5226666666666666,0.9757085020242915,False,True,0.9897460789909303,0.494,0.478,1000,1500,0.3807846772957676,en,target_fpr,,,0.9481967213114755,0.0,native,0.1,toxicity,encoder_minilm,EXP-007
en,bbse,0.38078467729576754,0.0,1,0.9481967213114755,0.0,0.08036890645586298,0.024291497975708502,0.9221938775510204,0.9757085020242915,0.5226666666666666,0.9757085020242915,False,True,0.9897460789909303,0.494,0.478,1000,1500,0.3807846772957676,en,target_fpr,,,0.9481967213114755,0.0,native,0.1,toxicity,encoder_minilm,EXP-007
en,few_label_8_strat,0.48791414971999036,0.16262811589443088,25,0.9334994771238526,0.02903314129467685,0.07077733860342555,0.060620782726045874,0.9325822411860922,0.9393792172739542,0.4998666666666666,0.9393792172739542,False,True,0.9897460789909303,0.494,0.478,1000,1500,0.3807846772957676,en,target_fpr,,,0.9481967213114755,0.01469724418762286,native,0.1,toxicity,encoder_minilm,EXP-007
en,few_label_8_rand,0.5841996284110941,0.23729059437389743,25,0.9073876717698518,0.047275148156671054,0.06213438735177866,0.11276653171390012,0.9423171149602141,0.8872334682861,0.46973333333333345,0.8872334682861,False,True,0.9897460789909303,0.494,0.478,1000,1500,0.3807846772957676,en,target_fpr,,,0.9481967213114755,0.040809049541623676,native,0.1,toxicity,encoder_minilm,EXP-007
en,few_label_16_strat,0.6095867308572176,0.20212313855040034,25,0.910958772676149,0.06029662581896589,0.043320158102766806,0.11913630229419704,0.9564584939392854,0.8808636977058031,0.4570666666666666,0.8808636977058031,False,True,0.9897460789909303,0.494,0.478,1000,1500,0.3807846772957676,en,target_fpr,,,0.9481967213114755,0.03723794863532648,native,0.1,toxicity,encoder_minilm,EXP-007
en,few_label_16_rand,0.5222860399640391,0.22044702750592785,25,0.9176711413582381,0.04962608422972394,0.0697760210803689,0.08744939271255062,0.9346067371163251,0.9125506072874494,0.4861066666666667,0.9125506072874494,False,True,0.9897460789909303,0.494,0.478,1000,1500,0.3807846772957676,en,target_fpr,,,0.9481967213114755,0.030525579953237347,native,0.1,toxicity,encoder_minilm,EXP-007
en,few_label_32_strat,0.4870645826396608,0.1960046304036016,25,0.9296796513568253,0.026225974067167385,0.0769433465085639,0.06310391363022942,0.9286596267290236,0.9368960863697705,0.50176,0.9368960863697705,False,True,0.9897460789909303,0.494,0.478,1000,1500,0.3807846772957676,en,target_fpr,,,0.9481967213114755,0.01851706995465019,native,0.1,toxicity,encoder_minilm,EXP-007
en,few_label_32_rand,0.5321761189293873,0.17043645990012068,25,0.9340938719310049,0.0196509709489741,0.057654808959156784,0.0710391363022942,0.9434156938864695,0.9289608636977058,0.4880799999999999,0.9289608636977058,False,True,0.9897460789909303,0.494,0.478,1000,1500,0.3807846772957676,en,target_fpr,,,0.9481967213114755,0.014102849380470572,native,0.1,toxicity,encoder_minilm,EXP-007
en,few_label_64_strat,0.46449831516118906,0.17069238398940764,25,0.9358668942105698,0.01668262244864157,0.07578392621870883,0.05241565452091768,0.9280104632301982,0.9475843454790822,0.5064533333333334,0.9475843454790822,False,True,0.9897460789909303,0.494,0.478,1000,1500,0.3807846772957676,en,target_fpr,,,0.9481967213114755,0.012329827100905688,native,0.1,toxicity,encoder_minilm,EXP-007
en,few_label_64_rand,0.41749145647847713,0.11805225691020779,25,0.9408988784247242,0.008925937414286897,0.08142292490118576,0.037786774628879895,0.9220038384175758,0.96221322537112,0.5165333333333334,0.96221322537112,False,True,0.9897460789909303,0.494,0.478,1000,1500,0.3807846772957676,en,target_fpr,,,0.9481967213114755,0.007297842886751282,native,0.1,toxicity,encoder_minilm,EXP-007
en,few_label_128_strat,0.4136970586785735,0.08869454486487571,25,0.9441674413267749,0.008538267259913265,0.07820816864295126,0.034439946018893386,0.9245505244553136,0.9655600539811067,0.51656,0.9655600539811067,False,True,0.9897460789909303,0.494,0.478,1000,1500,0.3807846772957676,en,target_fpr,,,0.9481967213114755,0.0040292799847005956,native,0.1,toxicity,encoder_minilm,EXP-007
en,few_label_128_rand,0.4218474978516797,0.0866825612135939,25,0.9455787999814949,0.006633748402389775,0.0736231884057971,0.03562753036437247,0.9282215525308436,0.9643724696356276,0.5136533333333333,0.9643724696356276,False,True,0.9897460789909303,0.494,0.478,1000,1500,0.3807846772957676,en,target_fpr,,,0.9481967213114755,0.0026179213299806214,native,0.1,toxicity,encoder_minilm,EXP-007
en,few_label_256_strat,0.4142306977495553,0.06441841939994083,25,0.947257449326776,0.002501419612008391,0.07314888010540184,0.03282051282051282,0.9285159050396318,0.9671794871794873,0.5147999999999999,0.9671794871794873,False,True,0.9897460789909303,0.494,0.478,1000,1500,0.3807846772957676,en,target_fpr,,,0.9481967213114755,0.0009392719846994524,native,0.1,toxicity,encoder_minilm,EXP-007
en,few_label_256_rand,0.3869270708694808,0.05931170521906674,25,0.9453043886780477,0.006716561636800963,0.08279314888010542,0.027908232118758432,0.9203703467957339,0.9720917678812415,0.5221066666666667,0.9720917678812415,False,True,0.9897460789909303,0.494,0.478,1000,1500,0.3807846772957676,en,target_fpr,,,0.9481967213114755,0.0028923326334278077,native,0.1,toxicity,encoder_minilm,EXP-007
en,target_full,0.3807846772957676,0.0,1,0.9481967213114755,0.0,0.08036890645586298,0.024291497975708502,0.9221938775510204,0.9757085020242915,0.5226666666666666,0.9757085020242915,False,True,0.9897460789909303,0.494,0.478,1000,1500,0.3807846772957676,en,target_fpr,0.9354828084491478,0.9588774353943985,0.9481967213114755,0.0,native,0.1,toxicity,encoder_minilm,EXP-007
en,test_oracle_unachievable,0.3384742291252052,0.0,1,0.9434697855750488,0.0,0.09486166007905138,0.020242914979757085,0.9097744360902256,0.979757085020243,0.532,0.979757085020243,False,True,0.9897460789909303,0.494,0.478,1000,1500,0.3807846772957676,en,target_fpr,,,0.9481967213114755,0.004726935736426685,native,0.1,toxicity,encoder_minilm,EXP-007
es,fixed_half,0.5,0.0,1,0.7181008902077152,0.0,0.19798234552332913,0.31541725601131543,0.7550702028081123,0.6845827439886846,0.42733333333333334,0.6845827439886846,False,False,0.8379294784099199,0.4713333333333333,0.512,1000,1500,0.3807846772957676,en,target_fpr,,,0.6838294448913917,-0.03427144531632342,native,0.1,toxicity,encoder_minilm,EXP-007
es,source_global,0.3807846772957676,0.0,1,0.7415575465196417,0.0,0.2597730138713745,0.23903818953323905,0.7231182795698925,0.7609618104667609,0.496,0.7609618104667609,False,False,0.8379294784099199,0.4713333333333333,0.512,1000,1500,0.3807846772957676,en,target_fpr,0.7176704457213855,0.7641165886479404,0.6838294448913917,-0.05772810162824993,native,0.1,toxicity,encoder_minilm,EXP-007
es,pooled_global,0.7899983461654521,0.0,1,0.5551257253384914,0.0,0.05044136191677175,0.594059405940594,0.8776758409785933,0.40594059405940597,0.218,0.40594059405940597,False,False,0.8379294784099199,0.4713333333333333,0.512,1000,1500,0.3807846772957676,en,target_fpr,,,0.6838294448913917,0.1287037195529004,native,0.1,toxicity,encoder_minilm,EXP-007
es,worstcase_global,0.948502300364656,0.0,1,0.3064133016627078,0.0,0.007566204287515763,0.8175388967468176,0.9555555555555556,0.18246110325318246,0.09,0.18246110325318246,False,False,0.8379294784099199,0.4713333333333333,0.512,1000,1500,0.3807846772957676,en,target_fpr,,,0.6838294448913917,0.37741614322868394,native,0.1,toxicity,encoder_minilm,EXP-007
es,quantile_match,0.38891903462863747,0.0,1,0.7406380027739251,0.0,0.25346784363177804,0.2446958981612447,0.726530612244898,0.7553041018387553,0.49,0.7553041018387553,False,False,0.8379294784099199,0.4713333333333333,0.512,1000,1500,0.3807846772957676,en,target_fpr,,,0.6838294448913917,-0.05680855788253336,native,0.1,toxicity,encoder_minilm,EXP-007
es,sld_em,0.4890823843654854,0.0,1,0.7236551215917466,0.0,0.2005044136191677,0.3055162659123055,0.7553846153846154,0.6944837340876945,0.43333333333333335,0.6944837340876945,False,False,0.8379294784099199,0.4713333333333333,0.512,1000,1500,0.3807846772957676,en,target_fpr,,,0.6838294448913917,-0.03982567670035486,native,0.1,toxicity,encoder_minilm,EXP-007
es,bbse,0.3732237961412654,0.0,1,0.7431318681318683,0.0,0.26229508196721313,0.2347949080622348,0.7222963951935915,0.7652050919377652,0.49933333333333335,0.7652050919377652,False,False,0.8379294784099199,0.4713333333333333,0.512,1000,1500,0.3807846772957676,en,target_fpr,,,0.6838294448913917,-0.05930242324047652,native,0.1,toxicity,encoder_minilm,EXP-007
es,few_label_8_strat,0.6449679629367637,0.18989473432861081,25,0.6133903407049082,0.14951014848111077,0.13150063051702396,0.46517680339462514,0.8174750038753325,0.5348231966053748,0.32159999999999994,0.5348231966053748,False,False,0.8379294784099199,0.4713333333333333,0.512,1000,1500,0.3807846772957676,en,target_fpr,,,0.6838294448913917,0.07043910418648358,native,0.1,toxicity,encoder_minilm,EXP-007
es,few_label_8_rand,0.5173970998690597,0.21067272135784668,25,0.6788615772985152,0.08780847425813249,0.2051954602774275,0.3493635077793493,0.7685008231049776,0.6506364922206507,0.4151466666666667,0.6506364922206507,False,False,0.8379294784099199,0.4713333333333333,0.512,1000,1500,0.3807846772957676,en,target_fpr,,,0.6838294448913917,0.004967867592876596,native,0.1,toxicity,encoder_minilm,EXP-007
es,few_label_16_strat,0.7052430883760382,0.17516155094822797,25,0.5750648467568045,0.1581578108863652,0.10098360655737704,0.523055162659123,0.8433389876402896,0.47694483734087695,0.27818666666666664,0.47694483734087695,False,False,0.8379294784099199,0.4713333333333333,0.512,1000,1500,0.3807846772957676,en,target_fpr,,,0.6838294448913917,0.10876459813458728,native,0.1,toxicity,encoder_minilm,EXP-007
es,few_label_16_rand,0.709210331935771,0.21956626321425712,25,0.524323893480013,0.22512909200116724,0.10572509457755361,0.5514568599717115,0.8532556247272783,0.4485431400282886,0.26730666666666664,0.4485431400282886,False,False,0.8379294784099199,0.4713333333333333,0.512,1000,1500,0.3807846772957676,en,target_fpr,,,0.6838294448913917,0.1595055514113788,native,0.1,toxicity,encoder_minilm,EXP-007
es,few_label_32_strat,0.6353062040688353,0.1637875502324394,25,0.6361508334724575,0.10210220179246011,0.1313997477931904,0.4472418670438472,0.8127259602816455,0.5527581329561528,0.33,0.5527581329561528,False,False,0.8379294784099199,0.4713333333333333,0.512,1000,1500,0.3807846772957676,en,target_fpr,,,0.6838294448913917,0.04767861141893426,native,0.1,toxicity,encoder_minilm,EXP-007
es,few_label_32_rand,0.6734933558942302,0.164511756279552,25,0.6164268324564387,0.09727572019616644,0.11475409836065575,0.4806789250353607,0.8277915767160191,0.5193210749646393,0.30544,0.5193210749646393,False,False,0.8379294784099199,0.4713333333333333,0.512,1000,1500,0.3807846772957676,en,target_fpr,,,0.6838294448913917,0.06740261243495305,native,0.1,toxicity,encoder_minilm,EXP-007
es,few_label_64_strat,0.6299336674095839,0.11614314698975818,25,0.6546780795019294,0.07910079478344732,0.13230769230769232,0.4311739745403112,0.8051570139795681,0.5688260254596889,0.3380533333333334,0.5688260254596889,False,False,0.8379294784099199,0.4713333333333333,0.512,1000,1500,0.3807846772957676,en,target_fpr,,,0.6838294448913917,0.02915136538946239,native,0.1,toxicity,encoder_minilm,EXP-007
es,few_label_64_rand,0.599448262538771,0.11035226812006152,25,0.6736252965052119,0.060989024827896005,0.146733921815889,0.4013012729844413,0.7938403419393222,0.5986987270155587,0.35975999999999997,0.5986987270155587,False,False,0.8379294784099199,0.4713333333333333,0.512,1000,1500,0.3807846772957676,en,target_fpr,,,0.6838294448913917,0.01020414838617989,native,0.1,toxicity,encoder_minilm,EXP-007
es,few_label_128_strat,0.6174056319469847,0.09405482523738411,25,0.6670467324548549,0.05487086271208599,0.13553593947036569,0.4177652050919378,0.8004983022258771,0.5822347949080623,0.34607999999999994,0.5822347949080623,False,False,0.8379294784099199,0.4713333333333333,0.512,1000,1500,0.3807846772957676,en,target_fpr,,,0.6838294448913917,0.01678271243653684,native,0.1,toxicity,encoder_minilm,EXP-007
es,few_label_128_rand,0.5908998037323286,0.06450335695070904,25,0.6839903664579678,0.025041655474852393,0.14970996216897853,0.3912871287128713,0.7863557489327684,0.6087128712871287,0.36605333333333334,0.6087128712871287,False,False,0.8379294784099199,0.4713333333333333,0.512,1000,1500,0.3807846772957676,en,target_fpr,,,0.6838294448913917,-0.0001609215665760999,native,0.1,toxicity,encoder_minilm,EXP-007
es,few_label_256_strat,0.5972559050129486,0.0399939292776995,25,0.6837712006251907,0.013983079219427971,0.1453215636822194,0.39524752475247527,0.7887329738981141,0.6047524752475247,0.36186666666666667,0.6047524752475247,False,False,0.8379294784099199,0.4713333333333333,0.512,1000,1500,0.3807846772957676,en,target_fpr,,,0.6838294448913917,5.824426620104628e-05,native,0.1,toxicity,encoder_minilm,EXP-007
es,few_label_256_rand,0.5886410555265438,0.05137987745025159,25,0.6867735538835161,0.019820825965047095,0.15011349306431274,0.3878925035360679,0.786013725683474,0.6121074964639321,0.3678666666666666,0.6121074964639321,False,False,0.8379294784099199,0.4713333333333333,0.512,1000,1500,0.3807846772957676,en,target_fpr,,,0.6838294448913917,-0.0029441089921243835,native,0.1,toxicity,encoder_minilm,EXP-007
es,target_full,0.5997606154764978,0.0,1,0.6838294448913917,0.0,0.13997477931904162,0.3988684582743989,0.792910447761194,0.6011315417256011,0.35733333333333334,0.6011315417256011,False,False,0.8379294784099199,0.4713333333333333,0.512,1000,1500,0.3807846772957676,en,target_fpr,0.6521310585617665,0.7077219454320266,0.6838294448913917,0.0,native,0.1,toxicity,encoder_minilm,EXP-007
es,test_oracle_unachievable,0.6856642294960795,0.0,1,0.648881239242685,0.0,0.09836065573770492,0.4667609618104668,0.8285714285714286,0.5332390381895332,0.30333333333333334,0.5332390381895332,False,False,0.8379294784099199,0.4713333333333333,0.512,1000,1500,0.3807846772957676,en,target_fpr,,,0.6838294448913917,0.03494820564870671,native,0.1,toxicity,encoder_minilm,EXP-007
fr,fixed_half,0.5,0.0,1,0.8262975778546713,0.0,0.15979381443298968,0.17541436464088397,0.8280166435506241,0.824585635359116,0.4806666666666667,0.824585635359116,False,False,0.9034501908070854,0.4826666666666667,0.517,1000,1500,0.3807846772957676,en,target_fpr,,,0.7873651771956857,-0.03893240065898562,native,0.1,toxicity,encoder_minilm,EXP-007
fr,source_global,0.3807846772957676,0.0,1,0.8209437621202327,0.0,0.2422680412371134,0.12292817679558012,0.7715674362089915,0.8770718232044199,0.5486666666666666,0.8770718232044199,False,False,0.9034501908070854,0.4826666666666667,0.517,1000,1500,0.3807846772957676,en,target_fpr,0.7991997590097095,0.8370407078422165,0.7873651771956857,-0.03357858492454702,native,0.1,toxicity,encoder_minilm,EXP-007
fr,pooled_global,0.7899778949089188,0.0,1,0.739202657807309,0.0,0.045103092783505154,0.38535911602209943,0.9270833333333334,0.6146408839779005,0.32,0.6146408839779005,False,False,0.9034501908070854,0.4826666666666667,0.517,1000,1500,0.3807846772957676,en,target_fpr,,,0.7873651771956857,0.04816251938837668,native,0.1,toxicity,encoder_minilm,EXP-007
fr,worstcase_global,0.948502300364656,0.0,1,0.4470338983050847,0.0,0.011597938144329897,0.7085635359116023,0.9590909090909091,0.2914364640883978,0.14666666666666667,0.2914364640883978,False,False,0.9034501908070854,0.4826666666666667,0.517,1000,1500,0.3807846772957676,en,target_fpr,,,0.7873651771956857,0.34033127889060094,native,0.1,toxicity,encoder_minilm,EXP-007
fr,quantile_match,0.48323011432695867,0.0,1,0.8331053351573188,0.0,0.16623711340206185,0.15883977900552487,0.8252032520325203,0.8411602209944752,0.492,0.8411602209944752,False,False,0.9034501908070854,0.4826666666666667,0.517,1000,1500,0.3807846772957676,en,target_fpr,,,0.7873651771956857,-0.04574015796163311,native,0.1,toxicity,encoder_minilm,EXP-007
fr,sld_em,0.3423993881420072,0.0,1,0.8197343453510437,0.0,0.2693298969072165,0.10497237569060773,0.7561260210035006,0.8950276243093923,0.5713333333333334,0.8950276243093923,False,False,0.9034501908070854,0.4826666666666667,0.517,1000,1500,0.3807846772957676,en,target_fpr,,,0.7873651771956857,-0.03236916815535806,native,0.1,toxicity,encoder_minilm,EXP-007
fr,bbse,0.3161176809731833,0.0,1,0.8139825218476905,0.0,0.2912371134020619,0.09944751381215469,0.7425968109339408,0.9005524861878453,0.5853333333333334,0.9005524861878453,False,False,0.9034501908070854,0.4826666666666667,0.517,1000,1500,0.3807846772957676,en,target_fpr,,,0.7873651771956857,-0.026617344652004826,native,0.1,toxicity,encoder_minilm,EXP-007
fr,few_label_8_strat,0.6734138305636435,0.17732149171067593,25,0.7335964714035709,0.14128914735495374,0.0997938144329897,0.3339779005524862,0.8818262803233357,0.6660220994475138,0.3730933333333333,0.6660220994475138,False,False,0.9034501908070854,0.4826666666666667,0.517,1000,1500,0.3807846772957676,en,target_fpr,,,0.7873651771956857,0.05376870579211479,native,0.1,toxicity,encoder_minilm,EXP-007
fr,few_label_8_rand,0.6774891726738369,0.21703924795101048,25,0.7243944942939915,0.12863120126267072,0.11036082474226802,0.3423756906077348,0.8783953957441295,0.6576243093922653,0.3745066666666667,0.6576243093922653,False,False,0.9034501908070854,0.4826666666666667,0.517,1000,1500,0.3807846772957676,en,target_fpr,,,0.7873651771956857,0.06297068290169416,native,0.1,toxicity,encoder_minilm,EXP-007
fr,few_label_16_strat,0.7440476980290691,0.1336464788167902,25,0.7215171338120879,0.12163372347164107,0.0668041237113402,0.37828729281767964,0.908415190425334,0.6217127071823204,0.33464,0.6217127071823204,False,False,0.9034501908070854,0.4826666666666667,0.517,1000,1500,0.3807846772957676,en,target_fpr,,,0.7873651771956857,0.06584804338359773,native,0.1,toxicity,encoder_minilm,EXP-007
fr,few_label_16_rand,0.6897024480097249,0.18663462234856787,25,0.7284945068153788,0.1367597736093902,0.0936082474226804,0.34569060773480664,0.8874133661259136,0.6543093922651935,0.36424,0.6543093922651935,False,False,0.9034501908070854,0.4826666666666667,0.517,1000,1500,0.3807846772957676,en,target_fpr,,,0.7873651771956857,0.05887067038030691,native,0.1,toxicity,encoder_minilm,EXP-007
fr,few_label_32_strat,0.6724204272875517,0.15454314444077516,25,0.7636804755136134,0.07086570131409559,0.09572164948453608,0.30922651933701656,0.8836926432272157,0.6907734806629834,0.38293333333333335,0.6907734806629834,False,False,0.9034501908070854,0.4826666666666667,0.517,1000,1500,0.3807846772957676,en,target_fpr,,,0.7873651771956857,0.023684701682072262,native,0.1,toxicity,encoder_minilm,EXP-007
fr,few_label_32_rand,0.7575284915808375,0.12920618259715225,25,0.708981604755986,0.12841140781290422,0.06221649484536082,0.39546961325966856,0.9120237882809994,0.6045303867403315,0.3239733333333333,0.6045303867403315,False,False,0.9034501908070854,0.4826666666666667,0.517,1000,1500,0.3807846772957676,en,target_fpr,,,0.7873651771956857,0.07838357243969962,native,0.1,toxicity,encoder_minilm,EXP-007
fr,few_label_64_strat,0.6691163717677958,0.1281728120827741,25,0.7760377486474868,0.04863950665342735,0.09283505154639174,0.2973480662983425,0.8843243593279431,0.7026519337016575,0.3871733333333333,0.7026519337016575,False,False,0.9034501908070854,0.4826666666666667,0.517,1000,1500,0.3807846772957676,en,target_fpr,,,0.7873651771956857,0.011327428548198903,native,0.1,toxicity,encoder_minilm,EXP-007
fr,few_label_64_rand,0.6691329210580679,0.11044576394851131,25,0.7802409872440847,0.04653499630455378,0.09005154639175256,0.29375690607734806,0.8856835392302052,0.7062430939226519,0.3874666666666666,0.7062430939226519,False,False,0.9034501908070854,0.4826666666666667,0.517,1000,1500,0.3807846772957676,en,target_fpr,,,0.7873651771956857,0.007124189951600912,native,0.1,toxicity,encoder_minilm,EXP-007
fr,few_label_128_strat,0.6710693704209243,0.08163155709757439,25,0.784773556778696,0.02804438608986796,0.08752577319587627,0.2914917127071823,0.8863027817958876,0.7085082872928177,0.38725333333333334,0.7085082872928177,False,False,0.9034501908070854,0.4826666666666667,0.517,1000,1500,0.3807846772957676,en,target_fpr,,,0.7873651771956857,0.0025916204169896817,native,0.1,toxicity,encoder_minilm,EXP-007
fr,few_label_128_rand,0.6436062778238905,0.07813950214892705,25,0.7962142035986777,0.02196124622787206,0.09804123711340205,0.26751381215469616,0.877288510477607,0.7324861878453038,0.4042666666666667,0.7324861878453038,False,False,0.9034501908070854,0.4826666666666667,0.517,1000,1500,0.3807846772957676,en,target_fpr,,,0.7873651771956857,-0.00884902640299201,native,0.1,toxicity,encoder_minilm,EXP-007
fr,few_label_256_strat,0.6878085773466848,0.059795787899125014,25,0.783364773591134,0.02183312266606825,0.08092783505154638,0.29906077348066296,0.89160170934432,0.7009392265193369,0.3801866666666666,0.7009392265193369,False,False,0.9034501908070854,0.4826666666666667,0.517,1000,1500,0.3807846772957676,en,target_fpr,,,0.7873651771956857,0.004000403604551672,native,0.1,toxicity,encoder_minilm,EXP-007
fr,few_label_256_rand,0.7002218601879114,0.04393631628429713,25,0.781214836509362,0.01628409824362859,0.07505154639175257,0.3067955801104973,0.8969905686800798,0.6932044198895028,0.3734133333333333,0.6932044198895028,False,False,0.9034501908070854,0.4826666666666667,0.517,1000,1500,0.3807846772957676,en,target_fpr,,,0.7873651771956857,0.0061503406863236965,native,0.1,toxicity,encoder_minilm,EXP-007
fr,target_full,0.6875280334186156,0.0,1,0.7873651771956857,0.0,0.08118556701030928,0.2941988950276243,0.8902439024390244,0.7058011049723757,0.38266666666666665,0.7058011049723757,False,False,0.9034501908070854,0.4826666666666667,0.517,1000,1500,0.3807846772957676,en,target_fpr,0.7625133690825675,0.8127383116552866,0.7873651771956857,0.0,native,0.1,toxicity,encoder_minilm,EXP-007
fr,test_oracle_unachievable,0.6381432325542509,0.0,1,0.8050784167289021,0.0,0.0979381443298969,0.255524861878453,0.8764227642276423,0.744475138121547,0.41,0.744475138121547,False,False,0.9034501908070854,0.4826666666666667,0.517,1000,1500,0.3807846772957676,en,target_fpr,,,0.7873651771956857,-0.017713239533216463,native,0.1,toxicity,encoder_minilm,EXP-007
he,fixed_half,0.5,0.0,1,0.6067019400352733,0.0,0.43783783783783786,0.26180257510729615,0.5149700598802395,0.7381974248927039,0.5538971807628524,0.7381974248927039,False,False,0.7037002667903955,0.3864013266998342,0.43283582089552236,402,603,0.3807846772957676,en,target_fpr,,,0.4352941176470588,-0.17140782238821456,native,0.1,toxicity,encoder_minilm,EXP-007
he,source_global,0.3807846772957676,0.0,1,0.5876777251184835,0.0,0.5783783783783784,0.2017167381974249,0.465,0.7982832618025751,0.6633499170812603,0.7982832618025751,False,False,0.7037002667903955,0.3864013266998342,0.43283582089552236,402,603,0.3807846772957676,en,target_fpr,0.5389379711776293,0.6384361099193895,0.4352941176470588,-0.1523836074714247,native,0.1,toxicity,encoder_minilm,EXP-007
he,pooled_global,0.7711322820675044,0.0,1,0.5462555066079295,0.0,0.26216216216216215,0.4678111587982833,0.5610859728506787,0.5321888412017167,0.36650082918739635,0.5321888412017167,False,False,0.7037002667903955,0.3864013266998342,0.43283582089552236,402,603,0.3807846772957676,en,target_fpr,,,0.4352941176470588,-0.11096138896087077,native,0.1,toxicity,encoder_minilm,EXP-007
he,worstcase_global,0.948502300364656,0.0,1,0.4112149532710281,0.0,0.05945945945945946,0.7167381974248928,0.75,0.2832618025751073,0.14593698175787728,0.2832618025751073,False,False,0.7037002667903955,0.3864013266998342,0.43283582089552236,402,603,0.3807846772957676,en,target_fpr,,,0.4352941176470588,0.024079164376030693,native,0.1,toxicity,encoder_minilm,EXP-007
he,quantile_match,0.6253780572013018,0.0,1,0.5697445972495089,0.0,0.35405405405405405,0.3776824034334764,0.5253623188405797,0.6223175965665236,0.4577114427860697,0.6223175965665236,False,False,0.7037002667903955,0.3864013266998342,0.43283582089552236,402,603,0.3807846772957676,en,target_fpr,,,0.4352941176470588,-0.1344504796024501,native,0.1,toxicity,encoder_minilm,EXP-007
he,sld_em,0.20993077708368654,0.0,1,0.5890603085553997,0.0,0.7297297297297297,0.09871244635193133,0.4375,0.9012875536480687,0.7960199004975125,0.9012875536480687,False,False,0.7037002667903955,0.3864013266998342,0.43283582089552236,402,603,0.3807846772957676,en,target_fpr,,,0.4352941176470588,-0.15376619090834093,native,0.1,toxicity,encoder_minilm,EXP-007
he,bbse,0.2102437372632622,0.0,1,0.5890603085553997,0.0,0.7297297297297297,0.09871244635193133,0.4375,0.9012875536480687,0.7960199004975125,0.9012875536480687,False,False,0.7037002667903955,0.3864013266998342,0.43283582089552236,402,603,0.3807846772957676,en,target_fpr,,,0.4352941176470588,-0.15376619090834093,native,0.1,toxicity,encoder_minilm,EXP-007
he,few_label_8_strat,0.8966113037303896,0.09877054115312181,25,0.3798149945461911,0.16889235752393914,0.11459459459459459,0.6909871244635193,0.7034585890053022,0.30901287553648066,0.18971807628524048,0.30901287553648066,False,False,0.7037002667903955,0.3864013266998342,0.43283582089552236,402,603,0.3807846772957676,en,target_fpr,,,0.4352941176470588,0.05547912310086767,native,0.1,toxicity,encoder_minilm,EXP-007
he,few_label_8_rand,0.8701628834478339,0.126510292160849,25,0.4206398882744597,0.15538031404106817,0.13675675675675675,0.6458369098712446,0.6809095847823556,0.35416309012875535,0.22076285240464344,0.35416309012875535,False,False,0.7037002667903955,0.3864013266998342,0.43283582089552236,402,603,0.3807846772957676,en,target_fpr,,,0.4352941176470588,0.014654229372599081,native,0.1,toxicity,encoder_minilm,EXP-007
he,few_label_16_strat,0.9308387910419349,0.0810407808604819,25,0.3449008557657882,0.14089689370505937,0.07686486486486487,0.744549356223176,0.7500706730499506,0.255450643776824,0.14587064676616915,0.255450643776824,False,False,0.7037002667903955,0.3864013266998342,0.43283582089552236,402,603,0.3807846772957676,en,target_fpr,,,0.4352941176470588,0.09039326188127056,native,0.1,toxicity,encoder_minilm,EXP-007
he,few_label_16_rand,0.9068187006357814,0.06853035858552722,25,0.4207485983214368,0.11188567866716718,0.10767567567567568,0.672961373390558,0.6961587691725272,0.3270386266094421,0.19243781094527365,0.3270386266094421,False,False,0.7037002667903955,0.3864013266998342,0.43283582089552236,402,603,0.3807846772957676,en,target_fpr,,,0.4352941176470588,0.01454551932562198,native,0.1,toxicity,encoder_minilm,EXP-007
he,few_label_32_strat,0.9273870839380706,0.041306968561525124,25,0.41669541219909223,0.07254529535944157,0.08410810810810812,0.6947639484978541,0.7177177917771063,0.30523605150214594,0.16955223880597017,0.30523605150214594,False,False,0.7037002667903955,0.3864013266998342,0.43283582089552236,402,603,0.3807846772957676,en,target_fpr,,,0.4352941176470588,0.018598705447966546,native,0.1,toxicity,encoder_minilm,EXP-007
he,few_label_32_rand,0.9247381382690872,0.04198341762732825,25,0.409952155435081,0.0943536045156198,0.08810810810810811,0.6963090128755364,0.7095477929224149,0.30369098712446346,0.1714096185737977,0.30369098712446346,False,False,0.7037002667903955,0.3864013266998342,0.43283582089552236,402,603,0.3807846772957676,en,target_fpr,,,0.4352941176470588,0.025341962211977764,native,0.1,toxicity,encoder_minilm,EXP-007
he,few_label_64_strat,0.9091479785673764,0.04018468655657192,25,0.4486434244613836,0.054157118231288534,0.10562162162162161,0.6575107296137338,0.6866085177503034,0.3424892703862661,0.19714759535655058,0.3424892703862661,False,False,0.7037002667903955,0.3864013266998342,0.43283582089552236,402,603,0.3807846772957676,en,target_fpr,,,0.4352941176470588,-0.013349306814324835,native,0.1,toxicity,encoder_minilm,EXP-007
he,few_label_64_rand,0.9280930946993732,0.03215423465152677,25,0.42388186610515555,0.053346407125198815,0.08443243243243245,0.6909871244635193,0.7095824331831014,0.30901287553648066,0.1712106135986733,0.30901287553648066,False,False,0.7037002667903955,0.3864013266998342,0.43283582089552236,402,603,0.3807846772957676,en,target_fpr,,,0.4352941176470588,0.011412251541903229,native,0.1,toxicity,encoder_minilm,EXP-007
he,few_label_128_strat,0.920668441267296,0.022443317711145404,25,0.4415038896346997,0.03468281274268184,0.09275675675675675,0.6731330472103005,0.6953379089959255,0.32686695278969957,0.18321724709784412,0.32686695278969957,False,False,0.7037002667903955,0.3864013266998342,0.43283582089552236,402,603,0.3807846772957676,en,target_fpr,,,0.4352941176470588,-0.006209771987640944,native,0.1,toxicity,encoder_minilm,EXP-007
he,few_label_128_rand,0.9184691475090235,0.022686982403312954,25,0.4447312349686885,0.03341643792691908,0.09448648648648648,0.6693562231759657,0.6935896485450286,0.33064377682403434,0.18573797678275286,0.33064377682403434,False,False,0.7037002667903955,0.3864013266998342,0.43283582089552236,402,603,0.3807846772957676,en,target_fpr,,,0.4352941176470588,-0.009437117321629718,native,0.1,toxicity,encoder_minilm,EXP-007
he,few_label_256_strat,0.9218470954275366,0.012615500454943048,25,0.4406133924388911,0.01674130220098936,0.08962162162162164,0.6767381974248928,0.6964746609804666,0.3232618025751073,0.1799004975124378,0.3232618025751073,False,False,0.7037002667903955,0.3864013266998342,0.43283582089552236,402,603,0.3807846772957676,en,target_fpr,,,0.4352941176470588,-0.005319274791832307,native,0.1,toxicity,encoder_minilm,EXP-007
he,few_label_256_rand,0.9210848848873552,0.009913707498945077,25,0.4420485473767839,0.01485843494896066,0.08994594594594595,0.6753648068669529,0.6959569392144797,0.32463519313304723,0.18063018242122716,0.32463519313304723,False,False,0.7037002667903955,0.3864013266998342,0.43283582089552236,402,603,0.3807846772957676,en,target_fpr,,,0.4352941176470588,-0.00675442972972512,native,0.1,toxicity,encoder_minilm,EXP-007
he,target_full,0.9223785232404978,0.0,1,0.4352941176470588,0.0,0.0891891891891892,0.6824034334763949,0.6915887850467289,0.31759656652360513,0.17744610281923714,0.31759656652360513,False,False,0.7037002667903955,0.3864013266998342,0.43283582089552236,402,603,0.3807846772957676,en,target_fpr,0.3749808282208589,0.5002371273712738,0.4352941176470588,0.0,native,0.1,toxicity,encoder_minilm,EXP-007
he,test_oracle_unachievable,0.9131262979286634,0.0,1,0.44827586206896547,0.0,0.1,0.6652360515021459,0.6782608695652174,0.33476394849785407,0.19071310116086235,0.33476394849785407,False,False,0.7037002667903955,0.3864013266998342,0.43283582089552236,402,603,0.3807846772957676,en,target_fpr,,,0.4352941176470588,-0.012981744421906694,native,0.1,toxicity,encoder_minilm,EXP-007
hi,fixed_half,0.5,0.0,1,0.6378466557911908,0.0,0.11214953271028037,0.4793608521970706,0.8231578947368421,0.5206391478029294,0.31666666666666665,0.5206391478029294,False,False,0.8242983543081854,0.5006666666666667,0.519,1000,1500,0.3807846772957676,en,target_fpr,,,0.6396103896103896,0.0017637338191988094,native,0.1,toxicity,encoder_minilm,EXP-007
hi,source_global,0.3807846772957676,0.0,1,0.7044952100221076,0.0,0.17089452603471295,0.36351531291611183,0.7887788778877888,0.6364846870838882,0.404,0.6364846870838882,False,False,0.8242983543081854,0.5006666666666667,0.519,1000,1500,0.3807846772957676,en,target_fpr,0.6774086062452399,0.7298980335032776,0.6396103896103896,-0.06488482041171795,native,0.1,toxicity,encoder_minilm,EXP-007
hi,pooled_global,0.7920973043226671,0.0,1,0.4442169907881269,0.0,0.012016021361815754,0.711051930758988,0.9601769911504425,0.28894806924101196,0.15066666666666667,0.28894806924101196,False,False,0.8242983543081854,0.5006666666666667,0.519,1000,1500,0.3807846772957676,en,target_fpr,,,0.6396103896103896,0.19539339882226275,native,0.1,toxicity,encoder_minilm,EXP-007
hi,worstcase_global,0.948502300364656,0.0,1,0.2054958183990442,0.0,0.0,0.8854860186418109,1.0,0.11451398135818908,0.05733333333333333,0.11451398135818908,False,False,0.8242983543081854,0.5006666666666667,0.519,1000,1500,0.3807846772957676,en,target_fpr,,,0.6396103896103896,0.43411457121134545,native,0.1,toxicity,encoder_minilm,EXP-007
hi,quantile_match,0.25985805748108987,0.0,1,0.7431906614785991,0.0,0.2910547396528705,0.237017310252996,0.7243994943109987,0.762982689747004,0.5273333333333333,0.762982689747004,False,False,0.8242983543081854,0.5006666666666667,0.519,1000,1500,0.3807846772957676,en,target_fpr,,,0.6396103896103896,-0.1035802718682095,native,0.1,toxicity,encoder_minilm,EXP-007
hi,sld_em,0.6850277512039592,0.0,1,0.538243626062323,0.0,0.030707610146862484,0.6205059920106525,0.9253246753246753,0.3794940079893475,0.20533333333333334,0.3794940079893475,False,False,0.8242983543081854,0.5006666666666667,0.519,1000,1500,0.3807846772957676,en,target_fpr,,,0.6396103896103896,0.10136676354806662,native,0.1,toxicity,encoder_minilm,EXP-007
hi,bbse,0.5055598460084251,0.0,1,0.6366612111292963,0.0,0.10947930574098798,0.48202396804260983,0.8259023354564756,0.5179760319573902,0.314,0.5179760319573902,False,False,0.8242983543081854,0.5006666666666667,0.519,1000,1500,0.3807846772957676,en,target_fpr,,,0.6396103896103896,0.0029491784810933286,native,0.1,toxicity,encoder_minilm,EXP-007
hi,few_label_8_strat,0.5476482213436517,0.2222808463632484,25,0.5854606185528504,0.13944352269910948,0.12213618157543392,0.5063115845539281,0.8522687807306145,0.49368841544607195,0.30816,0.49368841544607195,False,False,0.8242983543081854,0.5006666666666667,0.519,1000,1500,0.3807846772957676,en,target_fpr,,,0.6396103896103896,0.054149771057539264,native,0.1,toxicity,encoder_minilm,EXP-007
hi,few_label_8_rand,0.5211690061888501,0.2363261445394141,25,0.5982406811063575,0.14011536349739093,0.1439252336448598,0.47973368841544606,0.8420694900030885,0.520266311584554,0.3323466666666666,0.520266311584554,False,False,0.8242983543081854,0.5006666666666667,0.519,1000,1500,0.3807846772957676,en,target_fpr,,,0.6396103896103896,0.0413697085040321,native,0.1,toxicity,encoder_minilm,EXP-007
hi,few_label_16_strat,0.6292658686420876,0.17434925646076693,25,0.5444982083869888,0.12611445040879682,0.07102803738317758,0.5811984021304927,0.8891971439750358,0.41880159786950727,0.24514666666666668,0.41880159786950727,False,False,0.8242983543081854,0.5006666666666667,0.519,1000,1500,0.3807846772957676,en,target_fpr,,,0.6396103896103896,0.09511218122340082,native,0.1,toxicity,encoder_minilm,EXP-007
hi,few_label_16_rand,0.6175220913093264,0.20683555149458566,25,0.5472976748706705,0.1206986987198028,0.09110814419225634,0.5655925432756325,0.8828623384382108,0.4344074567243675,0.2629866666666667,0.4344074567243675,False,False,0.8242983543081854,0.5006666666666667,0.519,1000,1500,0.3807846772957676,en,target_fpr,,,0.6396103896103896,0.09231271473971914,native,0.1,toxicity,encoder_minilm,EXP-007
hi,few_label_32_strat,0.5579049439160645,0.1510505223085554,25,0.6000358972700806,0.08823554031052483,0.09580774365821094,0.5180825565912116,0.8590099099731253,0.48191744340878834,0.28912000000000004,0.48191744340878834,False,False,0.8242983543081854,0.5006666666666667,0.519,1000,1500,0.3807846772957676,en,target_fpr,,,0.6396103896103896,0.039574492340309075,native,0.1,toxicity,encoder_minilm,EXP-007
hi,few_label_32_rand,0.5428020051329622,0.14873724731955004,25,0.6102728528541708,0.08951760369017246,0.10072096128170895,0.5045006657789614,0.8534240945131072,0.49549933422103865,0.2983733333333333,0.49549933422103865,False,False,0.8242983543081854,0.5006666666666667,0.519,1000,1500,0.3807846772957676,en,target_fpr,,,0.6396103896103896,0.029337536756218863,native,0.1,toxicity,encoder_minilm,EXP-007
hi,few_label_64_strat,0.4783300539757709,0.1320648412375866,25,0.6457845372183949,0.07361247408556076,0.13153538050734315,0.4509720372836219,0.8223661185108084,0.5490279627163781,0.34056,0.5490279627163781,False,False,0.8242983543081854,0.5006666666666667,0.519,1000,1500,0.3807846772957676,en,target_fpr,,,0.6396103896103896,-0.006174147608005276,native,0.1,toxicity,encoder_minilm,EXP-007
hi,few_label_64_rand,0.4927274812520015,0.12700381187077034,25,0.6394132806293973,0.07011902421801068,0.12154873164218957,0.4645006657789614,0.8299436636079635,0.5354993342210386,0.32880000000000004,0.5354993342210386,False,False,0.8242983543081854,0.5006666666666667,0.519,1000,1500,0.3807846772957676,en,target_fpr,,,0.6396103896103896,0.0001971089809923443,native,0.1,toxicity,encoder_minilm,EXP-007
hi,few_label_128_strat,0.5066717546156413,0.06540743390995916,25,0.6370011725815646,0.034775774113205246,0.11044058744993325,0.47898801597869506,0.8291526489362472,0.5210119840213049,0.316,0.5210119840213049,False,False,0.8242983543081854,0.5006666666666667,0.519,1000,1500,0.3807846772957676,en,target_fpr,,,0.6396103896103896,0.002609217028824995,native,0.1,toxicity,encoder_minilm,EXP-007
hi,few_label_128_rand,0.5345799230491994,0.09006261582739573,25,0.6199652949498937,0.05270378198440109,0.09826435246995996,0.5024234354194408,0.8438506362579455,0.49757656458055927,0.29818666666666666,0.49757656458055927,False,False,0.8242983543081854,0.5006666666666667,0.519,1000,1500,0.3807846772957676,en,target_fpr,,,0.6396103896103896,0.01964509466049591,native,0.1,toxicity,encoder_minilm,EXP-007
hi,few_label_256_strat,0.5214632203787858,0.07457867731902908,25,0.6280677290159421,0.040957619301272716,0.10317757009345796,0.49225033288948067,0.8371037524952166,0.5077496671105193,0.30573333333333336,0.5077496671105193,False,False,0.8242983543081854,0.5006666666666667,0.519,1000,1500,0.3807846772957676,en,target_fpr,,,0.6396103896103896,0.011542660594447529,native,0.1,toxicity,encoder_minilm,EXP-007
hi,few_label_256_rand,0.5173793535735497,0.06828820490921479,25,0.6304223033193093,0.037447060233447745,0.10445927903871828,0.4893209054593875,0.8353636547587721,0.5106790945406126,0.30784,0.5106790945406126,False,False,0.8242983543081854,0.5006666666666667,0.519,1000,1500,0.3807846772957676,en,target_fpr,,,0.6396103896103896,0.009188086291080366,native,0.1,toxicity,encoder_minilm,EXP-007
hi,target_full,0.49235905531041124,0.0,1,0.6396103896103896,0.0,0.11615487316421896,0.47536617842876167,0.8191268191268192,0.5246338215712384,0.32066666666666666,0.5246338215712384,False,False,0.8242983543081854,0.5006666666666667,0.519,1000,1500,0.3807846772957676,en,target_fpr,0.6100289375223206,0.6702669877046867,0.6396103896103896,0.0,native,0.1,toxicity,encoder_minilm,EXP-007
hi,test_oracle_unachievable,0.5232574053903617,0.0,1,0.6295681063122924,0.0,0.09879839786381843,0.49533954727030627,0.8366445916114791,0.5046604527296937,0.302,0.5046604527296937,False,False,0.8242983543081854,0.5006666666666667,0.519,1000,1500,0.3807846772957676,en,target_fpr,,,0.6396103896103896,0.010042283298097199,native,0.1,toxicity,encoder_minilm,EXP-007
hin,fixed_half,0.5,0.0,1,0.3638320775026911,0.0,0.13971742543171115,0.7481371087928465,0.6550387596899225,0.2518628912071535,0.19724770642201836,0.2518628912071535,False,False,0.5787713457502685,0.5129969418960245,0.4868270332187858,873,1308,0.3807846772957676,en,target_fpr,,,0.2506024096385542,-0.11322966786413691,native,0.1,toxicity,encoder_minilm,EXP-007
hin,source_global,0.3807846772957676,0.0,1,0.42250740375123397,0.0,0.20094191522762953,0.6810730253353204,0.6257309941520468,0.31892697466467956,0.26146788990825687,0.31892697466467956,False,False,0.5787713457502685,0.5129969418960245,0.4868270332187858,873,1308,0.3807846772957676,en,target_fpr,0.3845270873360463,0.4574211063921294,0.2506024096385542,-0.1719049941126798,native,0.1,toxicity,encoder_minilm,EXP-007
hin,pooled_global,0.7876186506273593,0.0,1,0.18181818181818182,0.0,0.04552590266875981,0.8956780923994039,0.7070707070707071,0.10432190760059612,0.07568807339449542,0.10432190760059612,False,False,0.5787713457502685,0.5129969418960245,0.4868270332187858,873,1308,0.3807846772957676,en,target_fpr,,,0.2506024096385542,0.06878422782037236,native,0.1,toxicity,encoder_minilm,EXP-007
hin,worstcase_global,0.948502300364656,0.0,1,0.03498542274052478,0.0,0.004709576138147566,0.9821162444113264,0.8,0.01788375558867362,0.011467889908256881,0.01788375558867362,False,False,0.5787713457502685,0.5129969418960245,0.4868270332187858,873,1308,0.3807846772957676,en,target_fpr,,,0.2506024096385542,0.21561698689802938,native,0.1,toxicity,encoder_minilm,EXP-007
hin,quantile_match,0.16225135864008805,0.0,1,0.5548961424332344,0.0,0.47566718995290425,0.4426229508196721,0.552437223042836,0.5573770491803278,0.5175840978593272,0.5573770491803278,False,False,0.5787713457502685,0.5129969418960245,0.4868270332187858,873,1308,0.3807846772957676,en,target_fpr,,,0.2506024096385542,-0.3042937327946802,native,0.1,toxicity,encoder_minilm,EXP-007
hin,sld_em,0.9069121809991748,0.0,1,0.0846262341325811,0.0,0.012558869701726845,0.9552906110283159,0.7894736842105263,0.044709388971684055,0.0290519877675841,0.044709388971684055,False,False,0.5787713457502685,0.5129969418960245,0.4868270332187858,873,1308,0.3807846772957676,en,target_fpr,,,0.2506024096385542,0.1659761755059731,native,0.1,toxicity,encoder_minilm,EXP-007
hin,bbse,0.6984300234592253,0.0,1,0.22744128553770085,0.0,0.07221350078492936,0.8628912071535022,0.6666666666666666,0.13710879284649777,0.10550458715596331,0.13710879284649777,False,False,0.5787713457502685,0.5129969418960245,0.4868270332187858,873,1308,0.3807846772957676,en,target_fpr,,,0.2506024096385542,0.02316112410085333,native,0.1,toxicity,encoder_minilm,EXP-007
hin,few_label_8_strat,0.5206961291881065,0.2446251111744904,25,0.3394075451147072,0.15640253444212643,0.18737833594976455,0.7288226527570789,0.6544187646944664,0.27117734724292103,0.2303669724770642,0.27117734724292103,False,False,0.5787713457502685,0.5129969418960245,0.4868270332187858,873,1308,0.3807846772957676,en,target_fpr,,,0.2506024096385542,-0.08880513547615304,native,0.1,toxicity,encoder_minilm,EXP-007
hin,few_label_8_rand,0.5056955761986953,0.2873862629078217,25,0.3420894349207147,0.18457139164728806,0.20477237048665617,0.715171385991058,0.6618605618957659,0.2848286140089419,0.2458409785932722,0.2848286140089419,False,False,0.5787713457502685,0.5129969418960245,0.4868270332187858,873,1308,0.3807846772957676,en,target_fpr,,,0.2506024096385542,-0.09148702528216052,native,0.1,toxicity,encoder_minilm,EXP-007
hin,few_label_16_strat,0.7465410410916212,0.22621955508853925,25,0.18794765868853905,0.14859289837149478,0.07428571428571429,0.8712369597615499,0.7201420152255308,0.1287630402384501,0.10223241590214067,0.1287630402384501,False,False,0.5787713457502685,0.5129969418960245,0.4868270332187858,873,1308,0.3807846772957676,en,target_fpr,,,0.2506024096385542,0.06265475095001513,native,0.1,toxicity,encoder_minilm,EXP-007
hin,few_label_16_rand,0.6501691615574768,0.24524535359863514,25,0.25219820098580037,0.16251623448870398,0.10656200941915227,0.8205067064083457,0.702368392047515,0.17949329359165425,0.1439755351681957,0.17949329359165425,False,False,0.5787713457502685,0.5129969418960245,0.4868270332187858,873,1308,0.3807846772957676,en,target_fpr,,,0.2506024096385542,-0.0015957913472461893,native,0.1,toxicity,encoder_minilm,EXP-007
hin,few_label_32_strat,0.685407703425299,0.21578282361764115,25,0.2322543223381267,0.14706489382451787,0.0879120879120879,0.8422056631892698,0.6970161517881455,0.15779433681073024,0.12376146788990827,0.15779433681073024,False,False,0.5787713457502685,0.5129969418960245,0.4868270332187858,873,1308,0.3807846772957676,en,target_fpr,,,0.2506024096385542,0.018348087300427474,native,0.1,toxicity,encoder_minilm,EXP-007
hin,few_label_32_rand,0.7148089177691344,0.16423264576390104,25,0.21495230928344292,0.10938065053503167,0.0778021978021978,0.8612220566318927,0.6968209428142713,0.1387779433681073,0.10908256880733944,0.1387779433681073,False,False,0.5787713457502685,0.5129969418960245,0.4868270332187858,873,1308,0.3807846772957676,en,target_fpr,,,0.2506024096385542,0.035650100355111264,native,0.1,toxicity,encoder_minilm,EXP-007
hin,few_label_64_strat,0.6502803552251956,0.12220696641608136,25,0.2632541355272746,0.08259648569745712,0.09237048665620094,0.8301043219076008,0.6702410508963037,0.1698956780923994,0.1321406727828746,0.1698956780923994,False,False,0.5787713457502685,0.5129969418960245,0.4868270332187858,873,1308,0.3807846772957676,en,target_fpr,,,0.2506024096385542,-0.012651725888720433,native,0.1,toxicity,encoder_minilm,EXP-007
hin,few_label_64_rand,0.7026794692329514,0.14149268379084007,25,0.22840413826733905,0.09364376348237911,0.07547880690737835,0.8554992548435171,0.6906084499897556,0.14450074515648287,0.11088685015290518,0.14450074515648287,False,False,0.5787713457502685,0.5129969418960245,0.4868270332187858,873,1308,0.3807846772957676,en,target_fpr,,,0.2506024096385542,0.022198271371215134,native,0.1,toxicity,encoder_minilm,EXP-007
hin,few_label_128_strat,0.6214927754019896,0.12041955657569901,25,0.2825765437138677,0.08024101489597214,0.10266875981161697,0.8144858420268257,0.664541472299654,0.18551415797317436,0.14516819571865444,0.18551415797317436,False,False,0.5787713457502685,0.5129969418960245,0.4868270332187858,873,1308,0.3807846772957676,en,target_fpr,,,0.2506024096385542,-0.03197413407531352,native,0.1,toxicity,encoder_minilm,EXP-007
hin,few_label_128_rand,0.6658538573375549,0.07744624975585271,25,0.25265888623372706,0.05192148182810836,0.08703296703296705,0.8414903129657227,0.6603510281464101,0.1585096870342772,0.12370030581039755,0.1585096870342772,False,False,0.5787713457502685,0.5129969418960245,0.4868270332187858,873,1308,0.3807846772957676,en,target_fpr,,,0.2506024096385542,-0.0020564765951728847,native,0.1,toxicity,encoder_minilm,EXP-007
hin,few_label_256_strat,0.6551875372742006,0.05929116477246498,25,0.25842564536620505,0.04005466594221821,0.09042386185243328,0.8376751117734723,0.656109802990478,0.16232488822652755,0.12730886850152903,0.16232488822652755,False,False,0.5787713457502685,0.5129969418960245,0.4868270332187858,873,1308,0.3807846772957676,en,target_fpr,,,0.2506024096385542,-0.007823235727650868,native,0.1,toxicity,encoder_minilm,EXP-007
hin,few_label_256_rand,0.6266001525280034,0.059895957324032946,25,0.27839907206752057,0.041490501794957814,0.09996860282574568,0.821639344262295,0.6538653990684624,0.1783606557377049,0.14018348623853213,0.1783606557377049,False,False,0.5787713457502685,0.5129969418960245,0.4868270332187858,873,1308,0.3807846772957676,en,target_fpr,,,0.2506024096385542,-0.02779666242896639,native,0.1,toxicity,encoder_minilm,EXP-007
hin,target_full,0.6676074618936394,0.0,1,0.2506024096385542,0.0,0.08634222919937205,0.8450074515648286,0.6540880503144654,0.15499254843517138,0.12155963302752294,0.15499254843517138,False,False,0.5787713457502685,0.5129969418960245,0.4868270332187858,873,1308,0.3807846772957676,en,target_fpr,0.2120221948212084,0.2941464821222607,0.2506024096385542,0.0,native,0.1,toxicity,encoder_minilm,EXP-007
hin,test_oracle_unachievable,0.6339270506860197,0.0,1,0.26713947990543735,0.0,0.09733124018838304,0.8315946348733234,0.6457142857142857,0.16840536512667661,0.13379204892966362,0.16840536512667661,False,False,0.5787713457502685,0.5129969418960245,0.4868270332187858,873,1308,0.3807846772957676,en,target_fpr,,,0.2506024096385542,-0.01653707026688317,native,0.1,toxicity,encoder_minilm,EXP-007
it,fixed_half,0.5,0.0,1,0.6491103202846975,0.0,0.2825520833333333,0.3770491803278688,0.6775631500742942,0.6229508196721312,0.44866666666666666,0.6229508196721312,False,False,0.7182145804872495,0.488,0.497,1000,1500,0.3807846772957676,en,target_fpr,,,0.4616858237547892,-0.18742449652990828,native,0.1,toxicity,encoder_minilm,EXP-007
it,source_global,0.3807846772957676,0.0,1,0.664951768488746,0.0,0.3984375,0.2937158469945355,0.6281895504252734,0.7062841530054644,0.5486666666666666,0.7062841530054644,False,False,0.7182145804872495,0.488,0.497,1000,1500,0.3807846772957676,en,target_fpr,0.6357899359507833,0.6880144410037944,0.4616858237547892,-0.20326594473395682,native,0.1,toxicity,encoder_minilm,EXP-007
it,pooled_global,0.7827923325108965,0.0,1,0.45708775313404054,0.0,0.08854166666666667,0.6762295081967213,0.7770491803278688,0.3237704918032787,0.20333333333333334,0.3237704918032787,False,False,0.7182145804872495,0.488,0.497,1000,1500,0.3807846772957676,en,target_fpr,,,0.4616858237547892,0.004598070620748684,native,0.1,toxicity,encoder_minilm,EXP-007
it,worstcase_global,0.948502300364656,0.0,1,0.2134292565947242,0.0,0.016927083333333332,0.8784153005464481,0.8725490196078431,0.12158469945355191,0.068,0.12158469945355191,False,False,0.7182145804872495,0.488,0.497,1000,1500,0.3807846772957676,en,target_fpr,,,0.4616858237547892,0.24825656716006503,native,0.1,toxicity,encoder_minilm,EXP-007
it,quantile_match,0.43532362588486395,0.0,1,0.6653225806451614,0.0,0.33984375,0.3237704918032787,0.6547619047619048,0.6762295081967213,0.504,0.6762295081967213,False,False,0.7182145804872495,0.488,0.497,1000,1500,0.3807846772957676,en,target_fpr,,,0.4616858237547892,-0.20363675689037214,native,0.1,toxicity,encoder_minilm,EXP-007
it,sld_em,0.45091030060247717,0.0,1,0.6648538409245411,0.0,0.3255208333333333,0.3319672131147541,0.6617050067658998,0.6680327868852459,0.49266666666666664,0.6680327868852459,False,False,0.7182145804872495,0.488,0.497,1000,1500,0.3807846772957676,en,target_fpr,,,0.4616858237547892,-0.2031680171697519,native,0.1,toxicity,encoder_minilm,EXP-007
it,bbse,0.3343700804978094,0.0,1,0.6765067650676506,0.0,0.4479166666666667,0.24863387978142076,0.6152125279642058,0.7513661202185792,0.596,0.7513661202185792,False,False,0.7182145804872495,0.488,0.497,1000,1500,0.3807846772957676,en,target_fpr,,,0.4616858237547892,-0.2148209413128614,native,0.1,toxicity,encoder_minilm,EXP-007
it,few_label_8_strat,0.7517968841270699,0.17021901197038997,25,0.4421769592591493,0.15364262411798127,0.12369791666666666,0.6520765027322405,0.7719450891727502,0.3479234972677595,0.23312000000000002,0.3479234972677595,False,False,0.7182145804872495,0.488,0.497,1000,1500,0.3807846772957676,en,target_fpr,,,0.4616858237547892,0.019508864495639933,native,0.1,toxicity,encoder_minilm,EXP-007
it,few_label_8_rand,0.6464191332980647,0.23207221211094295,25,0.5109283608622142,0.13238034755675324,0.20567708333333332,0.5491803278688525,0.7301895330590914,0.4508196721311475,0.32530666666666663,0.4508196721311475,False,False,0.7182145804872495,0.488,0.497,1000,1500,0.3807846772957676,en,target_fpr,,,0.4616858237547892,-0.04924253710742493,native,0.1,toxicity,encoder_minilm,EXP-007
it,few_label_16_strat,0.8335071691346233,0.12920991446311605,25,0.3631902566985648,0.14635052857605813,0.07380208333333334,0.7418579234972679,0.8098213617912816,0.25814207650273224,0.16376,0.25814207650273224,False,False,0.7182145804872495,0.488,0.497,1000,1500,0.3807846772957676,en,target_fpr,,,0.4616858237547892,0.09849556705622442,native,0.1,toxicity,encoder_minilm,EXP-007
it,few_label_16_rand,0.774704714348157,0.17345543175265976,25,0.41103388643994826,0.17539274829522422,0.11046875,0.6793989071038251,0.7862092639748361,0.3206010928961749,0.21301333333333333,0.3206010928961749,False,False,0.7182145804872495,0.488,0.497,1000,1500,0.3807846772957676,en,target_fpr,,,0.4616858237547892,0.05065193731484097,native,0.1,toxicity,encoder_minilm,EXP-007
it,few_label_32_strat,0.8012597844515389,0.09981568709019326,25,0.41786428481205784,0.11409987960113127,0.08510416666666666,0.7007103825136611,0.7892240214186699,0.2992896174863388,0.18962666666666667,0.2992896174863388,False,False,0.7182145804872495,0.488,0.497,1000,1500,0.3807846772957676,en,target_fpr,,,0.4616858237547892,0.043821538942731386,native,0.1,toxicity,encoder_minilm,EXP-007
it,few_label_32_rand,0.7532034610146845,0.12055778420344605,25,0.46315239569916494,0.11486911100419182,0.11369791666666668,0.6481420765027321,0.768719337605378,0.35185792349726774,0.22992000000000004,0.35185792349726774,False,False,0.7182145804872495,0.488,0.497,1000,1500,0.3807846772957676,en,target_fpr,,,0.4616858237547892,-0.0014665719443757164,native,0.1,toxicity,encoder_minilm,EXP-007
it,few_label_64_strat,0.7509693718506534,0.08519205191535797,25,0.4791965492081654,0.07288049683208567,0.11057291666666666,0.6418579234972678,0.7651904768927938,0.3581420765027323,0.23138666666666668,0.3581420765027323,False,False,0.7182145804872495,0.488,0.497,1000,1500,0.3807846772957676,en,target_fpr,,,0.4616858237547892,-0.017510725453376175,native,0.1,toxicity,encoder_minilm,EXP-007
it,few_label_64_rand,0.7711873109298901,0.08333933241500258,25,0.4585481850920705,0.0817877011510498,0.0990625,0.6645355191256832,0.7753796071198598,0.3354644808743169,0.21442666666666668,0.3354644808743169,False,False,0.7182145804872495,0.488,0.497,1000,1500,0.3807846772957676,en,target_fpr,,,0.4616858237547892,0.0031376386627187114,native,0.1,toxicity,encoder_minilm,EXP-007
it,few_label_128_strat,0.7543134885248073,0.05990776704972826,25,0.4813744559713888,0.054893648472104095,0.10505208333333334,0.6447540983606558,0.7677521335575943,0.3552459016393443,0.22714666666666666,0.3552459016393443,False,False,0.7182145804872495,0.488,0.497,1000,1500,0.3807846772957676,en,target_fpr,,,0.4616858237547892,-0.019688632216599555,native,0.1,toxicity,encoder_minilm,EXP-007
it,few_label_128_rand,0.7802068895675768,0.04994319100938191,25,0.45848564565888705,0.047807016555986306,0.09307291666666666,0.6711475409836065,0.7745186130312086,0.32885245901639343,0.20813333333333334,0.32885245901639343,False,False,0.7182145804872495,0.488,0.497,1000,1500,0.3807846772957676,en,target_fpr,,,0.4616858237547892,0.003200178095902173,native,0.1,toxicity,encoder_minilm,EXP-007
it,few_label_256_strat,0.7793798623885838,0.03872563256113005,25,0.4602562779579239,0.03849345385222967,0.09208333333333334,0.6707103825136612,0.7749690438087126,0.3292896174863387,0.20784,0.3292896174863387,False,False,0.7182145804872495,0.488,0.497,1000,1500,0.3807846772957676,en,target_fpr,,,0.4616858237547892,0.001429545796865328,native,0.1,toxicity,encoder_minilm,EXP-007
it,few_label_256_rand,0.7635104423677125,0.036478021645300215,25,0.4749438011711278,0.03559282633949871,0.09958333333333334,0.6546994535519126,0.7691717218744144,0.34530054644808744,0.21949333333333335,0.34530054644808744,False,False,0.7182145804872495,0.488,0.497,1000,1500,0.3807846772957676,en,target_fpr,,,0.4616858237547892,-0.013257977416338551,native,0.1,toxicity,encoder_minilm,EXP-007
it,target_full,0.7727057118603857,0.0,1,0.4616858237547892,0.0,0.09244791666666667,0.6707650273224044,0.7724358974358975,0.3292349726775956,0.208,0.3292349726775956,False,False,0.7182145804872495,0.488,0.497,1000,1500,0.3807846772957676,en,target_fpr,0.4270651647286822,0.4963325027878451,0.4616858237547892,0.0,native,0.1,toxicity,encoder_minilm,EXP-007
it,test_oracle_unachievable,0.7649527862370955,0.0,1,0.4715909090909091,0.0,0.09765625,0.6598360655737705,0.7685185185185185,0.3401639344262295,0.216,0.3401639344262295,False,False,0.7182145804872495,0.488,0.497,1000,1500,0.3807846772957676,en,target_fpr,,,0.4616858237547892,-0.00990508533611989,native,0.1,toxicity,encoder_minilm,EXP-007
ja,fixed_half,0.5,0.0,1,0.5679939894815929,0.0,0.2812089356110381,0.4884979702300406,0.6385135135135135,0.5115020297699594,0.39466666666666667,0.5115020297699594,False,False,0.6570791227979708,0.49266666666666664,0.508,1000,1500,0.3807846772957676,en,target_fpr,,,0.4122893954410307,-0.15570459404056214,native,0.1,toxicity,encoder_minilm,EXP-007
ja,source_global,0.3807846772957676,0.0,1,0.6082887700534759,0.0,0.3968462549277267,0.38430311231393777,0.6010568031704095,0.6156968876860622,0.5046666666666667,0.6156968876860622,False,False,0.6570791227979708,0.49266666666666664,0.508,1000,1500,0.3807846772957676,en,target_fpr,0.5790210396888995,0.6358348534201953,0.4122893954410307,-0.1959993746124452,native,0.1,toxicity,encoder_minilm,EXP-007
ja,pooled_global,0.7819706560047428,0.0,1,0.4134520276953511,0.0,0.08278580814717477,0.7171853856562923,0.7683823529411765,0.2828146143437077,0.18133333333333335,0.2828146143437077,False,False,0.6570791227979708,0.49266666666666664,0.508,1000,1500,0.3807846772957676,en,target_fpr,,,0.4122893954410307,-0.0011626322543203949,native,0.1,toxicity,encoder_minilm,EXP-007
ja,worstcase_global,0.948502300364656,0.0,1,0.16441717791411042,0.0,0.011826544021024968,0.9093369418132612,0.881578947368421,0.09066305818673884,0.050666666666666665,0.09066305818673884,False,False,0.6570791227979708,0.49266666666666664,0.508,1000,1500,0.3807846772957676,en,target_fpr,,,0.4122893954410307,0.2478722175269203,native,0.1,toxicity,encoder_minilm,EXP-007
ja,quantile_match,0.3921982703664536,0.0,1,0.6065128900949797,0.0,0.37844940867279897,0.395128552097429,0.6081632653061224,0.6048714479025711,0.49,0.6048714479025711,False,False,0.6570791227979708,0.49266666666666664,0.508,1000,1500,0.3807846772957676,en,target_fpr,,,0.4122893954410307,-0.19422349465394895,native,0.1,toxicity,encoder_minilm,EXP-007
ja,sld_em,0.5188958804216119,0.0,1,0.5625,0.0,0.2680683311432326,0.5006765899864682,0.643979057591623,0.4993234100135318,0.382,0.4993234100135318,False,False,0.6570791227979708,0.49266666666666664,0.508,1000,1500,0.3807846772957676,en,target_fpr,,,0.4122893954410307,-0.15021060455896929,native,0.1,toxicity,encoder_minilm,EXP-007
ja,bbse,0.3700043398026895,0.0,1,0.6118115461181155,0.0,0.40341655716162944,0.3761840324763194,0.6002604166666666,0.6238159675236806,0.512,0.6238159675236806,False,False,0.6570791227979708,0.49266666666666664,0.508,1000,1500,0.3807846772957676,en,target_fpr,,,0.4122893954410307,-0.1995221506770848,native,0.1,toxicity,encoder_minilm,EXP-007
ja,few_label_8_strat,0.740722994580048,0.16318525054755814,25,0.40147608324879897,0.14115242593179017,0.1216819973718791,0.6964005412719891,0.7588368854644532,0.30359945872801075,0.21130666666666667,0.30359945872801075,False,False,0.6570791227979708,0.49266666666666664,0.508,1000,1500,0.3807846772957676,en,target_fpr,,,0.4122893954410307,0.01081331219223175,native,0.1,toxicity,encoder_minilm,EXP-007
ja,few_label_8_rand,0.5866969893867191,0.24821123130363085,25,0.48710066201735175,0.13910584478359853,0.2564520367936925,0.5561028416779432,0.6897002901107637,0.4438971583220568,0.34879999999999994,0.4438971583220568,False,False,0.6570791227979708,0.49266666666666664,0.508,1000,1500,0.3807846772957676,en,target_fpr,,,0.4122893954410307,-0.07481126657632103,native,0.1,toxicity,encoder_minilm,EXP-007
ja,few_label_16_strat,0.7732105761193818,0.14126842048664193,25,0.3800495173882662,0.12942022241419332,0.10102496714848884,0.7247631935047361,0.7658058913540647,0.2752368064952639,0.18685333333333332,0.2752368064952639,False,False,0.6570791227979708,0.49266666666666664,0.508,1000,1500,0.3807846772957676,en,target_fpr,,,0.4122893954410307,0.032239878052764515,native,0.1,toxicity,encoder_minilm,EXP-007
ja,few_label_16_rand,0.815629334277102,0.11946974822460744,25,0.34628493324890103,0.11946093694440724,0.07716162943495401,0.7615696887686063,0.785851540836548,0.2384303112313938,0.15661333333333333,0.2384303112313938,False,False,0.6570791227979708,0.49266666666666664,0.508,1000,1500,0.3807846772957676,en,target_fpr,,,0.4122893954410307,0.06600446219212969,native,0.1,toxicity,encoder_minilm,EXP-007
ja,few_label_32_strat,0.7778315106038728,0.0886298399151141,25,0.3991424600839774,0.08757319459716302,0.09045992115637319,0.7206495263870096,0.7663159758575816,0.27935047361299054,0.18352000000000002,0.27935047361299054,False,False,0.6570791227979708,0.49266666666666664,0.508,1000,1500,0.3807846772957676,en,target_fpr,,,0.4122893954410307,0.013146935357053302,native,0.1,toxicity,encoder_minilm,EXP-007
ja,few_label_32_rand,0.7557879463848951,0.10190649068401922,25,0.41604637067723826,0.08400083787915233,0.10391590013140604,0.7016508795669822,0.7548381828748958,0.2983491204330176,0.19970666666666667,0.2983491204330176,False,False,0.6570791227979708,0.49266666666666664,0.508,1000,1500,0.3807846772957676,en,target_fpr,,,0.4122893954410307,-0.0037569752362075493,native,0.1,toxicity,encoder_minilm,EXP-007
ja,few_label_64_strat,0.8388232397970902,0.052624885855318784,25,0.34860444694983506,0.06401409481473917,0.05902759526938239,0.7731529093369417,0.795976882001155,0.22684709066305817,0.14170666666666668,0.22684709066305817,False,False,0.6570791227979708,0.49266666666666664,0.508,1000,1500,0.3807846772957676,en,target_fpr,,,0.4122893954410307,0.06368494849119566,native,0.1,toxicity,encoder_minilm,EXP-007
ja,few_label_64_rand,0.755887669559439,0.09254111574588297,25,0.42170415571766007,0.06864554055693413,0.10370565045992115,0.6986738836265222,0.7525613250910781,0.30132611637347767,0.20106666666666664,0.30132611637347767,False,False,0.6570791227979708,0.49266666666666664,0.508,1000,1500,0.3807846772957676,en,target_fpr,,,0.4122893954410307,-0.009414760276629353,native,0.1,toxicity,encoder_minilm,EXP-007
ja,few_label_128_strat,0.7595062095900817,0.051384692685203785,25,0.42612135262789896,0.040012137799996,0.09676741130091983,0.7005142083897158,0.7548594858245022,0.2994857916102842,0.19664,0.2994857916102842,False,False,0.6570791227979708,0.49266666666666664,0.508,1000,1500,0.3807846772957676,en,target_fpr,,,0.4122893954410307,-0.013831957186868249,native,0.1,toxicity,encoder_minilm,EXP-007
ja,few_label_128_rand,0.7942208739639676,0.05929966855656376,25,0.3936943398996499,0.060199500036257445,0.07978975032851512,0.7316914749661706,0.7731817713064221,0.2683085250338295,0.17266666666666666,0.2683085250338295,False,False,0.6570791227979708,0.49266666666666664,0.508,1000,1500,0.3807846772957676,en,target_fpr,,,0.4122893954410307,0.0185950555413808,native,0.1,toxicity,encoder_minilm,EXP-007
ja,few_label_256_strat,0.7715343308379593,0.04028894861975112,25,0.4194352879321952,0.0314626923794649,0.08946123521681998,0.7090663058186739,0.76270607070492,0.2909336941813261,0.18872,0.2909336941813261,False,False,0.6570791227979708,0.49266666666666664,0.508,1000,1500,0.3807846772957676,en,target_fpr,,,0.4122893954410307,-0.007145892491164485,native,0.1,toxicity,encoder_minilm,EXP-007
ja,few_label_256_rand,0.795995735163702,0.04123146676987581,25,0.39693601824831054,0.03521491738589465,0.07758212877792378,0.7314208389715833,0.7738575098955177,0.2685791610284168,0.17168,0.2685791610284168,False,False,0.6570791227979708,0.49266666666666664,0.508,1000,1500,0.3807846772957676,en,target_fpr,,,0.4122893954410307,0.015353377192720175,native,0.1,toxicity,encoder_minilm,EXP-007
ja,target_full,0.7841937361666412,0.0,1,0.4122893954410307,0.0,0.08147174770039421,0.7185385656292287,0.7703703703703704,0.2814614343707713,0.18,0.2814614343707713,False,False,0.6570791227979708,0.49266666666666664,0.508,1000,1500,0.3807846772957676,en,target_fpr,0.37521356442342346,0.4505728987083256,0.4122893954410307,0.0,native,0.1,toxicity,encoder_minilm,EXP-007
ja,test_oracle_unachievable,0.7468727711564525,0.0,1,0.43611911623439004,0.0,0.09855453350854139,0.6928281461434371,0.7516556291390728,0.3071718538565629,0.20133333333333334,0.3071718538565629,False,False,0.6570791227979708,0.49266666666666664,0.508,1000,1500,0.3807846772957676,en,target_fpr,,,0.4122893954410307,-0.02382972079335932,native,0.1,toxicity,encoder_minilm,EXP-007
ru,fixed_half,0.5,0.0,1,0.8280337443218689,0.0,0.21550591327201052,0.13667117726657646,0.7955112219451371,0.8633288227334236,0.5346666666666666,0.8633288227334236,False,False,0.9069026403901995,0.49266666666666664,0.508,1000,1500,0.3807846772957676,en,target_fpr,,,0.8015094339622643,-0.026524310359604675,native,0.1,toxicity,encoder_minilm,EXP-007
ru,source_global,0.3807846772957676,0.0,1,0.8135593220338984,0.0,0.316688567674113,0.09066305818673884,0.7360350492880613,0.9093369418132612,0.6086666666666667,0.9093369418132612,False,False,0.9069026403901995,0.49266666666666664,0.508,1000,1500,0.3807846772957676,en,target_fpr,0.7905894776424822,0.8339368166033384,0.8015094339622643,-0.012049888071634096,native,0.1,toxicity,encoder_minilm,EXP-007
ru,pooled_global,0.7840084004310429,0.0,1,0.8003037205770691,0.0,0.06701708278580815,0.2868741542625169,0.9117647058823529,0.713125845737483,0.38533333333333336,0.713125845737483,False,False,0.9069026403901995,0.49266666666666664,0.508,1000,1500,0.3807846772957676,en,target_fpr,,,0.8015094339622643,0.0012057133851951507,native,0.1,toxicity,encoder_minilm,EXP-007
ru,worstcase_global,0.948502300364656,0.0,1,0.5225933202357563,0.0,0.017082785808147174,0.6400541271989174,0.953405017921147,0.35994587280108253,0.186,0.35994587280108253,False,False,0.9069026403901995,0.49266666666666664,0.508,1000,1500,0.3807846772957676,en,target_fpr,,,0.8015094339622643,0.27891611372650793,native,0.1,toxicity,encoder_minilm,EXP-007
ru,quantile_match,0.5798558868881241,0.0,1,0.824966078697422,0.0,0.16688567674113008,0.17726657645466848,0.8272108843537415,0.8227334235453315,0.49,0.8227334235453315,False,False,0.9069026403901995,0.49266666666666664,0.508,1000,1500,0.3807846772957676,en,target_fpr,,,0.8015094339622643,-0.02345664473515774,native,0.1,toxicity,encoder_minilm,EXP-007
ru,sld_em,0.2627560541179281,0.0,1,0.7858744394618834,0.0,0.4520367936925099,0.05142083897158322,0.6708133971291866,0.9485791610284168,0.6966666666666667,0.9485791610284168,False,False,0.9069026403901995,0.49266666666666664,0.508,1000,1500,0.3807846772957676,en,target_fpr,,,0.8015094339622643,0.01563499450038086,native,0.1,toxicity,encoder_minilm,EXP-007
ru,bbse,0.2599989306289708,0.0,1,0.7836780324203466,0.0,0.45860709592641263,0.05142083897158322,0.6676190476190477,0.9485791610284168,0.7,0.9485791610284168,False,False,0.9069026403901995,0.49266666666666664,0.508,1000,1500,0.3807846772957676,en,target_fpr,,,0.8015094339622643,0.017831401541917646,native,0.1,toxicity,encoder_minilm,EXP-007
ru,few_label_8_strat,0.7480427176723807,0.14473044146866165,25,0.7401365290296428,0.1274602186778869,0.09245729303547962,0.3337483085250338,0.8899741593294453,0.6662516914749662,0.37514666666666663,0.6662516914749662,False,False,0.9069026403901995,0.49266666666666664,0.508,1000,1500,0.3807846772957676,en,target_fpr,,,0.8015094339622643,0.061372904932621486,native,0.1,toxicity,encoder_minilm,EXP-007
ru,few_label_8_rand,0.6858779307051097,0.2125900840464371,25,0.753210314563804,0.09353781703820718,0.13965834428383705,0.29255751014884984,0.8614599364336728,0.7074424898511501,0.4193866666666667,0.7074424898511501,False,False,0.9069026403901995,0.49266666666666664,0.508,1000,1500,0.3807846772957676,en,target_fpr,,,0.8015094339622643,0.04829911939846021,native,0.1,toxicity,encoder_minilm,EXP-007
ru,few_label_16_strat,0.7958966682492589,0.1523953345484951,25,0.7261416043567585,0.09417664615991933,0.07590013140604468,0.3715290933694182,0.9072430994237323,0.6284709066305818,0.34813333333333335,0.6284709066305818,False,False,0.9069026403901995,0.49266666666666664,0.508,1000,1500,0.3807846772957676,en,target_fpr,,,0.8015094339622643,0.07536782960550581,native,0.1,toxicity,encoder_minilm,EXP-007
ru,few_label_16_rand,0.8180290896533774,0.1139421377133949,25,0.6951018397397226,0.15868621607649855,0.06134034165571617,0.4064411366711772,0.9176632841785363,0.5935588633288228,0.32354666666666665,0.5935588633288228,False,False,0.9069026403901995,0.49266666666666664,0.508,1000,1500,0.3807846772957676,en,target_fpr,,,0.8015094339622643,0.10640759422254165,native,0.1,toxicity,encoder_minilm,EXP-007
ru,few_label_32_strat,0.7785315960480897,0.07717859277694221,25,0.7746231989112756,0.06591287632668938,0.07458607095926412,0.31280108254397837,0.9035427725556663,0.6871989174560216,0.3764,0.6871989174560216,False,False,0.9069026403901995,0.49266666666666664,0.508,1000,1500,0.3807846772957676,en,target_fpr,,,0.8015094339622643,0.02688623505098864,native,0.1,toxicity,encoder_minilm,EXP-007
ru,few_label_32_rand,0.7778431663974575,0.10423861527049447,25,0.7692564308724559,0.06369165716103303,0.07679369250985546,0.3185926928281462,0.9031888599129451,0.6814073071718539,0.3746666666666667,0.6814073071718539,False,False,0.9069026403901995,0.49266666666666664,0.508,1000,1500,0.3807846772957676,en,target_fpr,,,0.8015094339622643,0.032253003089808385,native,0.1,toxicity,encoder_minilm,EXP-007
ru,few_label_64_strat,0.749887500759544,0.07257390600047395,25,0.7984883635718256,0.02646094947128147,0.08546649145860709,0.27529093369418134,0.8944479161839648,0.7247090663058187,0.4004000000000001,0.7247090663058187,False,False,0.9069026403901995,0.49266666666666664,0.508,1000,1500,0.3807846772957676,en,target_fpr,,,0.8015094339622643,0.0030210703904386405,native,0.1,toxicity,encoder_minilm,EXP-007
ru,few_label_64_rand,0.8003256649320412,0.07095734796294856,25,0.7634778819756438,0.055290528071454015,0.06528252299605782,0.3359675236806495,0.9117770754537671,0.6640324763193505,0.3602666666666666,0.6640324763193505,False,False,0.9069026403901995,0.49266666666666664,0.508,1000,1500,0.3807846772957676,en,target_fpr,,,0.8015094339622643,0.03803155198662045,native,0.1,toxicity,encoder_minilm,EXP-007
ru,few_label_128_strat,0.764669177611674,0.050373727904603004,25,0.7960110732587422,0.026732103332206818,0.07852825229960579,0.2839512855209743,0.9001317355507628,0.7160487144790255,0.3926133333333334,0.7160487144790255,False,False,0.9069026403901995,0.49266666666666664,0.508,1000,1500,0.3807846772957676,en,target_fpr,,,0.8015094339622643,0.005498360703522054,native,0.1,toxicity,encoder_minilm,EXP-007
ru,few_label_128_rand,0.7977401504361774,0.0569270485065162,25,0.7753397479328946,0.042142699586429806,0.06538764783180026,0.32124492557510154,0.912049229507801,0.6787550744248986,0.36757333333333336,0.6787550744248986,False,False,0.9069026403901995,0.49266666666666664,0.508,1000,1500,0.3807846772957676,en,target_fpr,,,0.8015094339622643,0.026169686029369643,native,0.1,toxicity,encoder_minilm,EXP-007
ru,few_label_256_strat,0.7580929302352919,0.0399713201548972,25,0.8016012865603191,0.011636276515707332,0.08105124835742444,0.27485791610284166,0.8977368709798289,0.7251420838971583,0.39837333333333336,0.7251420838971583,False,False,0.9069026403901995,0.49266666666666664,0.508,1000,1500,0.3807846772957676,en,target_fpr,,,0.8015094339622643,-9.185259805488677e-05,native,0.1,toxicity,encoder_minilm,EXP-007
ru,few_label_256_rand,0.7678800034074666,0.04163918160250498,25,0.8000093846124828,0.01146079743681333,0.07611038107752957,0.28064952638700946,0.9027321836757582,0.7193504736129905,0.3930133333333333,0.7193504736129905,False,False,0.9069026403901995,0.49266666666666664,0.508,1000,1500,0.3807846772957676,en,target_fpr,,,0.8015094339622643,0.0015000493497814293,native,0.1,toxicity,encoder_minilm,EXP-007
ru,target_full,0.7696747689330083,0.0,1,0.8015094339622643,0.0,0.07227332457293036,0.2814614343707713,0.9061433447098977,0.7185385656292287,0.39066666666666666,0.7185385656292287,False,False,0.9069026403901995,0.49266666666666664,0.508,1000,1500,0.3807846772957676,en,target_fpr,0.7807740567670475,0.8256355804263372,0.8015094339622643,0.0,native,0.1,toxicity,encoder_minilm,EXP-007
ru,test_oracle_unachievable,0.7148265459325465,0.0,1,0.8110867979576952,0.0,0.09986859395532194,0.2476319350473613,0.879746835443038,0.7523680649526387,0.42133333333333334,0.7523680649526387,False,False,0.9069026403901995,0.49266666666666664,0.508,1000,1500,0.3807846772957676,en,target_fpr,,,0.8015094339622643,-0.009577363995430965,native,0.1,toxicity,encoder_minilm,EXP-007
tt,fixed_half,0.5,0.0,1,0.5429093122337189,0.0,0.5976095617529881,0.4029451137884873,0.49776785714285715,0.5970548862115127,0.5973333333333334,0.5970548862115127,False,False,0.5184634065256155,0.498,0.454,1000,1500,0.3807846772957676,en,target_fpr,,,0.1905829596412556,-0.35232635259246325,native,0.1,toxicity,encoder_minilm,EXP-007
tt,source_global,0.3807846772957676,0.0,1,0.5857223159078133,0.0,0.6786188579017264,0.30254350736278446,0.5048449612403101,0.6974564926372155,0.688,0.6974564926372155,False,False,0.5184634065256155,0.498,0.454,1000,1500,0.3807846772957676,en,target_fpr,0.5577328692450907,0.6126972053835846,0.1905829596412556,-0.3951393562665577,native,0.1,toxicity,encoder_minilm,EXP-007
tt,pooled_global,0.7442644032920892,0.0,1,0.4372594303310239,0.0,0.3559096945551129,0.6198125836680054,0.5144927536231884,0.38018741633199465,0.368,0.38018741633199465,False,False,0.5184634065256155,0.498,0.454,1000,1500,0.3807846772957676,en,target_fpr,,,0.1905829596412556,-0.24667647068976828,native,0.1,toxicity,encoder_minilm,EXP-007
tt,worstcase_global,0.9223785232404978,0.0,1,0.2577319587628866,0.0,0.1301460823373174,0.8326639892904953,0.5605381165919282,0.16733601070950468,0.14866666666666667,0.16733601070950468,False,False,0.5184634065256155,0.498,0.454,1000,1500,0.3807846772957676,en,target_fpr,,,0.1905829596412556,-0.06714899912163103,native,0.1,toxicity,encoder_minilm,EXP-007
tt,quantile_match,0.5953696158060743,0.0,1,0.5062789160608063,0.0,0.5086321381142098,0.48728246318607765,0.5,0.5127175368139224,0.5106666666666667,0.5127175368139224,False,False,0.5184634065256155,0.498,0.454,1000,1500,0.3807846772957676,en,target_fpr,,,0.1905829596412556,-0.3156959564195507,native,0.1,toxicity,encoder_minilm,EXP-007
tt,sld_em,0.21384031038549023,0.0,1,0.6229344016024037,0.0,0.8339973439575034,0.16733601070950468,0.4976,0.8326639892904953,0.8333333333333334,0.8326639892904953,True,False,0.5184634065256155,0.498,0.454,1000,1500,0.3807846772957676,en,target_fpr,,,0.1905829596412556,-0.43235144196114805,native,0.1,toxicity,encoder_minilm,EXP-007
tt,bbse,0.2270984877869035,0.0,1,0.6230498238550579,0.0,0.8247011952191236,0.1713520749665328,0.4991935483870968,0.8286479250334672,0.8266666666666667,0.8286479250334672,True,False,0.5184634065256155,0.498,0.454,1000,1500,0.3807846772957676,en,target_fpr,,,0.1905829596412556,-0.4324668642138023,native,0.1,toxicity,encoder_minilm,EXP-007
tt,few_label_8_strat,0.8723562533887924,0.13128550472722209,25,0.27098156543586,0.14568904982993322,0.1789641434262948,0.7895582329317269,0.6023751442094314,0.21044176706827308,0.19463999999999998,0.21044176706827308,False,False,0.5184634065256155,0.498,0.454,1000,1500,0.3807846772957676,en,target_fpr,,,0.1905829596412556,-0.0803986057946044,native,0.1,toxicity,encoder_minilm,EXP-007
tt,few_label_8_rand,0.8128549272623986,0.1839423473612695,25,0.3229088917840876,0.15259702502274433,0.24664010624169985,0.723855421686747,0.5676231545793061,0.276144578313253,0.2613333333333333,0.276144578313253,False,False,0.5184634065256155,0.498,0.454,1000,1500,0.3807846772957676,en,target_fpr,,,0.1905829596412556,-0.132325932142832,native,0.1,toxicity,encoder_minilm,EXP-007
tt,few_label_16_strat,0.9440802322164978,0.05474167075924426,25,0.17451157016038998,0.10792384696810144,0.08154050464807437,0.8862650602409639,0.657217231061212,0.11373493975903613,0.09757333333333333,0.11373493975903613,False,False,0.5184634065256155,0.498,0.454,1000,1500,0.3807846772957676,en,target_fpr,,,0.1905829596412556,0.016071389480865617,native,0.1,toxicity,encoder_minilm,EXP-007
tt,few_label_16_rand,0.9188588538444015,0.07655725818685057,25,0.2230888666395642,0.11248187598026058,0.12132802124833997,0.8457295850066933,0.6073263140006414,0.15427041499330657,0.13773333333333332,0.15427041499330657,False,False,0.5184634065256155,0.498,0.454,1000,1500,0.3807846772957676,en,target_fpr,,,0.1905829596412556,-0.032505906998308604,native,0.1,toxicity,encoder_minilm,EXP-007
tt,few_label_32_strat,0.9436795594907461,0.0408215457973163,25,0.19087385130391396,0.07998951504180836,0.08658698539176626,0.8796251673360106,0.6224229196198615,0.12037483266398931,0.10341333333333334,0.12037483266398931,False,False,0.5184634065256155,0.498,0.454,1000,1500,0.3807846772957676,en,target_fpr,,,0.1905829596412556,-0.0002908916626583602,native,0.1,toxicity,encoder_minilm,EXP-007
tt,few_label_32_rand,0.9319179764898802,0.05013942165294513,25,0.213018573686514,0.0885845142216324,0.10565737051792828,0.8605622489959839,0.606209411023305,0.13943775100401606,0.12247999999999999,0.13943775100401606,False,False,0.5184634065256155,0.498,0.454,1000,1500,0.3807846772957676,en,target_fpr,,,0.1905829596412556,-0.0224356140452584,native,0.1,toxicity,encoder_minilm,EXP-007
tt,few_label_64_strat,0.9422327268260845,0.02270123975818418,25,0.20458679029530694,0.05232723351466289,0.09264276228419653,0.8729852744310577,0.5861658405773938,0.12701472556894244,0.10976000000000001,0.12701472556894244,False,False,0.5184634065256155,0.498,0.454,1000,1500,0.3807846772957676,en,target_fpr,,,0.1905829596412556,-0.014003830654051336,native,0.1,toxicity,encoder_minilm,EXP-007
tt,few_label_64_rand,0.9473928433988088,0.01851912326305476,25,0.19326192194220632,0.04615826611541718,0.08313413014608234,0.8823025435073627,0.5951782123418891,0.1176974564926372,0.10034666666666667,0.1176974564926372,False,False,0.5184634065256155,0.498,0.454,1000,1500,0.3807846772957676,en,target_fpr,,,0.1905829596412556,-0.0026789623009507157,native,0.1,toxicity,encoder_minilm,EXP-007
tt,few_label_128_strat,0.942330636453171,0.02247628913353232,25,0.20360793603253316,0.052203168348348435,0.09285524568393093,0.8736278447121822,0.5859373178370437,0.12637215528781792,0.10954666666666668,0.12637215528781792,False,False,0.5184634065256155,0.498,0.454,1000,1500,0.3807846772957676,en,target_fpr,,,0.1905829596412556,-0.01302497639127756,native,0.1,toxicity,encoder_minilm,EXP-007
tt,few_label_128_rand,0.9395909015541428,0.023141099642696634,25,0.21031786353575602,0.05271749218272897,0.09705179282868524,0.868487282463186,0.5829416248315353,0.13151271753681393,0.11421333333333333,0.13151271753681393,False,False,0.5184634065256155,0.498,0.454,1000,1500,0.3807846772957676,en,target_fpr,,,0.1905829596412556,-0.019734903894500416,native,0.1,toxicity,encoder_minilm,EXP-007
tt,few_label_256_strat,0.9450331067768374,0.014450464602973334,25,0.1983427241163463,0.03641891626899802,0.08871181938911021,0.8789290495314591,0.5793119941489084,0.12107095046854083,0.10482666666666667,0.12107095046854083,False,False,0.5184634065256155,0.498,0.454,1000,1500,0.3807846772957676,en,target_fpr,,,0.1905829596412556,-0.007759764475090691,native,0.1,toxicity,encoder_minilm,EXP-007
tt,few_label_256_rand,0.9449633020863043,0.015007235358516696,25,0.19979621740380002,0.03857204414208804,0.08802124833997343,0.8779116465863455,0.5841861319267871,0.12208835341365461,0.10498666666666667,0.12208835341365461,False,False,0.5184634065256155,0.498,0.454,1000,1500,0.3807846772957676,en,target_fpr,,,0.1905829596412556,-0.009213257762544419,native,0.1,toxicity,encoder_minilm,EXP-007
tt,target_full,0.948502300364656,0.0,1,0.1905829596412556,0.0,0.0796812749003984,0.8862115127175368,0.5862068965517241,0.11378848728246319,0.09666666666666666,0.11378848728246319,False,False,0.5184634065256155,0.498,0.454,1000,1500,0.3807846772957676,en,target_fpr,0.1524201230211527,0.22154803396816178,0.1905829596412556,0.0,native,0.1,toxicity,encoder_minilm,EXP-007
tt,test_oracle_unachievable,0.9396615957748957,0.0,1,0.22077922077922077,0.0,0.099601593625498,0.8634538152610441,0.576271186440678,0.13654618473895583,0.118,0.13654618473895583,False,False,0.5184634065256155,0.498,0.454,1000,1500,0.3807846772957676,en,target_fpr,,,0.1905829596412556,-0.03019626113796517,native,0.1,toxicity,encoder_minilm,EXP-007
uk,fixed_half,0.5,0.0,1,0.66993006993007,0.0,0.2776315789473684,0.3527027027027027,0.6942028985507246,0.6472972972972973,0.46,0.6472972972972973,False,False,0.7623275248933143,0.49333333333333335,0.494,1000,1500,0.3807846772957676,en,target_fpr,,,0.545615589016829,-0.12431448091324093,native,0.1,toxicity,encoder_minilm,EXP-007
uk,source_global,0.3807846772957676,0.0,1,0.7074401008827238,0.0,0.375,0.2418918918918919,0.6631205673758865,0.7581081081081081,0.564,0.7581081081081081,False,False,0.7623275248933143,0.49333333333333335,0.494,1000,1500,0.3807846772957676,en,target_fpr,0.6832919807125134,0.732100160081496,0.545615589016829,-0.16182451186589475,native,0.1,toxicity,encoder_minilm,EXP-007
uk,pooled_global,0.7826613210718789,0.0,1,0.5427046263345195,0.0,0.10394736842105264,0.5878378378378378,0.7942708333333334,0.41216216216216217,0.256,0.41216216216216217,False,False,0.7623275248933143,0.49333333333333335,0.494,1000,1500,0.3807846772957676,en,target_fpr,,,0.545615589016829,0.0029109626823095036,native,0.1,toxicity,encoder_minilm,EXP-007
uk,worstcase_global,0.948502300364656,0.0,1,0.2685185185185185,0.0,0.010526315789473684,0.8432432432432433,0.9354838709677419,0.15675675675675677,0.08266666666666667,0.15675675675675677,False,False,0.7623275248933143,0.49333333333333335,0.494,1000,1500,0.3807846772957676,en,target_fpr,,,0.545615589016829,0.27709707049831056,native,0.1,toxicity,encoder_minilm,EXP-007
uk,quantile_match,0.4142006819919992,0.0,1,0.7003236245954692,0.0,0.3473684210526316,0.2689189189189189,0.6720496894409937,0.731081081081081,0.5366666666666666,0.731081081081081,False,False,0.7623275248933143,0.49333333333333335,0.494,1000,1500,0.3807846772957676,en,target_fpr,,,0.545615589016829,-0.1547080355786401,native,0.1,toxicity,encoder_minilm,EXP-007
uk,sld_em,0.4348111401386996,0.0,1,0.6965108624094799,0.0,0.32894736842105265,0.2851351351351351,0.6790757381258024,0.7148648648648649,0.5193333333333333,0.7148648648648649,False,False,0.7623275248933143,0.49333333333333335,0.494,1000,1500,0.3807846772957676,en,target_fpr,,,0.545615589016829,-0.15089527339265085,native,0.1,toxicity,encoder_minilm,EXP-007
uk,bbse,0.3561962805756149,0.0,1,0.7119901112484549,0.0,0.3973684210526316,0.22162162162162163,0.6560364464692483,0.7783783783783784,0.5853333333333334,0.7783783783783784,False,False,0.7623275248933143,0.49333333333333335,0.494,1000,1500,0.3807846772957676,en,target_fpr,,,0.545615589016829,-0.16637452223162585,native,0.1,toxicity,encoder_minilm,EXP-007
uk,few_label_8_strat,0.7405822169061428,0.1630764971304781,25,0.5236958607075642,0.12934675894427722,0.13299999999999998,0.575027027027027,0.7924422763355738,0.424972972972973,0.27704,0.424972972972973,False,False,0.7623275248933143,0.49333333333333335,0.494,1000,1500,0.3807846772957676,en,target_fpr,,,0.545615589016829,0.021919728309264808,native,0.1,toxicity,encoder_minilm,EXP-007
uk,few_label_8_rand,0.6304519810436122,0.24168585423706787,25,0.5663125281784224,0.1473425362422558,0.2127894736842105,0.4808108108108108,0.7557454116608102,0.5191891891891892,0.36394666666666664,0.5191891891891892,False,False,0.7623275248933143,0.49333333333333335,0.494,1000,1500,0.3807846772957676,en,target_fpr,,,0.545615589016829,-0.02069693916159332,native,0.1,toxicity,encoder_minilm,EXP-007
uk,few_label_16_strat,0.8541272280291925,0.16673641157053742,25,0.3630395671568298,0.19116908243283764,0.07105263157894737,0.7298918918918919,0.8679047473698149,0.2701081081081081,0.16925333333333334,0.2701081081081081,False,False,0.7623275248933143,0.49333333333333335,0.494,1000,1500,0.3807846772957676,en,target_fpr,,,0.545615589016829,0.18257602185999927,native,0.1,toxicity,encoder_minilm,EXP-007
uk,few_label_16_rand,0.7351608091926661,0.17754274229795347,25,0.5140277913744876,0.15006096654430162,0.13526315789473684,0.5773513513513514,0.7957308598649548,0.4226486486486486,0.27704,0.4226486486486486,False,False,0.7623275248933143,0.49333333333333335,0.494,1000,1500,0.3807846772957676,en,target_fpr,,,0.545615589016829,0.03158779764234143,native,0.1,toxicity,encoder_minilm,EXP-007
uk,few_label_32_strat,0.7740738602807464,0.12979428938269372,25,0.49489143293481774,0.15024951481279006,0.11042105263157893,0.6115675675675676,0.8088051896403065,0.3884324324324324,0.2475733333333333,0.3884324324324324,False,False,0.7623275248933143,0.49333333333333335,0.494,1000,1500,0.3807846772957676,en,target_fpr,,,0.545615589016829,0.05072415608201131,native,0.1,toxicity,encoder_minilm,EXP-007
uk,few_label_32_rand,0.7388224865792974,0.14318357099725346,25,0.5335622574274168,0.11750033638530463,0.13110526315789475,0.568972972972973,0.7884774352468383,0.431027027027027,0.2790666666666667,0.431027027027027,False,False,0.7623275248933143,0.49333333333333335,0.494,1000,1500,0.3807846772957676,en,target_fpr,,,0.545615589016829,0.012053331589412242,native,0.1,toxicity,encoder_minilm,EXP-007
uk,few_label_64_strat,0.7290938424200266,0.11285309513393608,25,0.5554759315311512,0.09081233812078905,0.1351578947368421,0.5507567567567567,0.778917422450324,0.44924324324324316,0.2901066666666667,0.44924324324324316,False,False,0.7623275248933143,0.49333333333333335,0.494,1000,1500,0.3807846772957676,en,target_fpr,,,0.545615589016829,-0.009860342514322107,native,0.1,toxicity,encoder_minilm,EXP-007
uk,few_label_64_rand,0.734906809679949,0.09772327475566871,25,0.5576801069582729,0.075304797152415,0.13189473684210526,0.553135135135135,0.7783728912532772,0.44686486486486493,0.28728000000000004,0.44686486486486493,False,False,0.7623275248933143,0.49333333333333335,0.494,1000,1500,0.3807846772957676,en,target_fpr,,,0.545615589016829,-0.012064517941443809,native,0.1,toxicity,encoder_minilm,EXP-007
uk,few_label_128_strat,0.7785680812855973,0.07344098964110932,25,0.5277652887619401,0.06313491072356124,0.10536842105263157,0.5975675675675676,0.7959374705992514,0.40243243243243243,0.25192,0.40243243243243243,False,False,0.7623275248933143,0.49333333333333335,0.494,1000,1500,0.3807846772957676,en,target_fpr,,,0.545615589016829,0.017850300254888984,native,0.1,toxicity,encoder_minilm,EXP-007
uk,few_label_128_rand,0.7606362493730058,0.06451113113861226,25,0.5458086449141435,0.05314668060864295,0.11542105263157892,0.5762702702702703,0.7863081764770081,0.4237297297297297,0.26752,0.4237297297297297,False,False,0.7623275248933143,0.49333333333333335,0.494,1000,1500,0.3807846772957676,en,target_fpr,,,0.545615589016829,-0.0001930558973144425,native,0.1,toxicity,encoder_minilm,EXP-007
uk,few_label_256_strat,0.7901781278644825,0.038356111296244104,25,0.5256272841018397,0.037870323033999495,0.09963157894736843,0.6052972972972973,0.7967976699799314,0.3947027027027027,0.24520000000000003,0.3947027027027027,False,False,0.7623275248933143,0.49333333333333335,0.494,1000,1500,0.3807846772957676,en,target_fpr,,,0.545615589016829,0.019988304914989374,native,0.1,toxicity,encoder_minilm,EXP-007
uk,few_label_256_rand,0.7665733221031593,0.044747236663265924,25,0.5451979931186199,0.0344283060769424,0.11252631578947367,0.5802702702702702,0.7863974282447144,0.41972972972972966,0.26408000000000004,0.41972972972972966,False,False,0.7623275248933143,0.49333333333333335,0.494,1000,1500,0.3807846772957676,en,target_fpr,,,0.545615589016829,0.00041759589820911103,native,0.1,toxicity,encoder_minilm,EXP-007
uk,target_full,0.7750227694803732,0.0,1,0.545615589016829,0.0,0.10657894736842105,0.5837837837837838,0.7917737789203085,0.41621621621621624,0.25933333333333336,0.41621621621621624,False,False,0.7623275248933143,0.49333333333333335,0.494,1000,1500,0.3807846772957676,en,target_fpr,0.5112822969254551,0.5825934057741129,0.545615589016829,0.0,native,0.1,toxicity,encoder_minilm,EXP-007
uk,test_oracle_unachievable,0.7889579413104573,0.0,1,0.5336927223719676,0.0,0.1,0.5986486486486486,0.7962466487935657,0.40135135135135136,0.24866666666666667,0.40135135135135136,False,False,0.7623275248933143,0.49333333333333335,0.494,1000,1500,0.3807846772957676,en,target_fpr,,,0.545615589016829,0.011922866644861418,native,0.1,toxicity,encoder_minilm,EXP-007
zh,fixed_half,0.5,0.0,1,0.5300146412884333,0.0,0.3421750663129973,0.514745308310992,0.5838709677419355,0.48525469168900803,0.41333333333333333,0.48525469168900803,False,False,0.6011193207273451,0.49733333333333335,0.495,1000,1500,0.3807846772957676,en,target_fpr,,,0.2622601279317697,-0.2677545133566636,native,0.1,toxicity,encoder_minilm,EXP-007
zh,source_global,0.3807846772957676,0.0,1,0.5785997357992073,0.0,0.4376657824933687,0.4128686327077748,0.5703125,0.5871313672922251,0.512,0.5871313672922251,False,False,0.6011193207273451,0.49733333333333335,0.495,1000,1500,0.3807846772957676,en,target_fpr,0.5474118278371871,0.6063475610225924,0.2622601279317697,-0.3163396078674376,native,0.1,toxicity,encoder_minilm,EXP-007
zh,pooled_global,0.7764782770412454,0.0,1,0.34402332361516036,0.0,0.14058355437665782,0.7627345844504021,0.6254416961130742,0.23726541554959785,0.18866666666666668,0.23726541554959785,False,False,0.6011193207273451,0.49733333333333335,0.495,1000,1500,0.3807846772957676,en,target_fpr,,,0.2622601279317697,-0.08176319568339063,native,0.1,toxicity,encoder_minilm,EXP-007
zh,worstcase_global,0.948502300364656,0.0,1,0.13575757575757574,0.0,0.03050397877984085,0.9249329758713136,0.7088607594936709,0.07506702412868632,0.05266666666666667,0.07506702412868632,False,False,0.6011193207273451,0.49733333333333335,0.495,1000,1500,0.3807846772957676,en,target_fpr,,,0.2622601279317697,0.12650255217419398,native,0.1,toxicity,encoder_minilm,EXP-007
zh,quantile_match,0.39924414099185906,0.0,1,0.5733422638981917,0.0,0.4230769230769231,0.4262734584450402,0.5729585006693441,0.5737265415549598,0.498,0.5737265415549598,False,False,0.6011193207273451,0.49733333333333335,0.495,1000,1500,0.3807846772957676,en,target_fpr,,,0.2622601279317697,-0.3110821359664219,native,0.1,toxicity,encoder_minilm,EXP-007
zh,sld_em,0.48273889199592884,0.0,1,0.5358435916002896,0.0,0.35145888594164454,0.5040214477211796,0.5826771653543307,0.4959785522788204,0.42333333333333334,0.4959785522788204,False,False,0.6011193207273451,0.49733333333333335,0.495,1000,1500,0.3807846772957676,en,target_fpr,,,0.2622601279317697,-0.2735834636685199,native,0.1,toxicity,encoder_minilm,EXP-007
zh,bbse,0.3604203688741028,0.0,1,0.5865633074935401,0.0,0.46153846153846156,0.3914209115281501,0.5660847880299252,0.6085790884718498,0.5346666666666666,0.6085790884718498,False,False,0.6011193207273451,0.49733333333333335,0.495,1000,1500,0.3807846772957676,en,target_fpr,,,0.2622601279317697,-0.3243031795617704,native,0.1,toxicity,encoder_minilm,EXP-007
zh,few_label_8_strat,0.7689184834200726,0.18819029689784564,25,0.3071951616132839,0.16208213110181394,0.15251989389920426,0.761769436997319,0.648460423142547,0.23823056300268097,0.19514666666666663,0.23823056300268097,False,False,0.6011193207273451,0.49733333333333335,0.495,1000,1500,0.3807846772957676,en,target_fpr,,,0.2622601279317697,-0.04493503368151419,native,0.1,toxicity,encoder_minilm,EXP-007
zh,few_label_8_rand,0.7470175936866157,0.2078955444646546,25,0.3169319374388844,0.18041401213464844,0.17013262599469495,0.743378016085791,0.6436556424417529,0.2566219839142091,0.2131466666666667,0.2566219839142091,False,False,0.6011193207273451,0.49733333333333335,0.495,1000,1500,0.3807846772957676,en,target_fpr,,,0.2622601279317697,-0.0546718095071147,native,0.1,toxicity,encoder_minilm,EXP-007
zh,few_label_16_strat,0.8581299340294999,0.132206034880189,25,0.22694193583544284,0.13198587712800314,0.09013262599469496,0.8447721179624665,0.6680086903937823,0.15522788203753352,0.12250666666666665,0.15522788203753352,False,False,0.6011193207273451,0.49733333333333335,0.495,1000,1500,0.3807846772957676,en,target_fpr,,,0.2622601279317697,0.03531819209632689,native,0.1,toxicity,encoder_minilm,EXP-007
zh,few_label_16_rand,0.8582108462662772,0.08038260159246294,25,0.2419732701016117,0.10438903096409143,0.0887533156498674,0.8420911528150135,0.6631731235940734,0.1579088471849866,0.12314666666666668,0.1579088471849866,False,False,0.6011193207273451,0.49733333333333335,0.495,1000,1500,0.3807846772957676,en,target_fpr,,,0.2622601279317697,0.020286857830158017,native,0.1,toxicity,encoder_minilm,EXP-007
zh,few_label_32_strat,0.8547574279554627,0.09196823137261534,25,0.24271260960188293,0.11055743750785318,0.09029177718832891,0.8398391420911528,0.6668143142886415,0.16016085790884715,0.12503999999999998,0.16016085790884715,False,False,0.6011193207273451,0.49733333333333335,0.495,1000,1500,0.3807846772957676,en,target_fpr,,,0.2622601279317697,0.0195475183298868,native,0.1,toxicity,encoder_minilm,EXP-007
zh,few_label_32_rand,0.8572123354459822,0.07639442506498255,25,0.24780198275403315,0.08867944381000162,0.09039787798408488,0.8393565683646113,0.6515645789343035,0.16064343163538874,0.12533333333333332,0.16064343163538874,False,False,0.6011193207273451,0.49733333333333335,0.495,1000,1500,0.3807846772957676,en,target_fpr,,,0.2622601279317697,0.014458145177736581,native,0.1,toxicity,encoder_minilm,EXP-007
zh,few_label_64_strat,0.8461193906396123,0.08155849608002448,25,0.2611947326136429,0.08784006210336408,0.0973474801061008,0.8284182305630027,0.6517668513512892,0.17158176943699732,0.13426666666666665,0.17158176943699732,False,False,0.6011193207273451,0.49733333333333335,0.495,1000,1500,0.3807846772957676,en,target_fpr,,,0.2622601279317697,0.0010653953181268272,native,0.1,toxicity,encoder_minilm,EXP-007
zh,few_label_64_rand,0.8203095646104208,0.07449472280507244,25,0.29270119316806487,0.07651725455180589,0.11596816976127322,0.8031635388739947,0.6350775974775174,0.1968364611260054,0.15618666666666667,0.1968364611260054,False,False,0.6011193207273451,0.49733333333333335,0.495,1000,1500,0.3807846772957676,en,target_fpr,,,0.2622601279317697,-0.03044106523629514,native,0.1,toxicity,encoder_minilm,EXP-007
zh,few_label_128_strat,0.8499899007619319,0.03701287110866956,25,0.2646038260773471,0.042717431550229015,0.09522546419098143,0.831367292225201,0.6400162272775641,0.16863270777479894,0.1317333333333333,0.16863270777479894,False,False,0.6011193207273451,0.49733333333333335,0.495,1000,1500,0.3807846772957676,en,target_fpr,,,0.2622601279317697,-0.0023436981455773886,native,0.1,toxicity,encoder_minilm,EXP-007
zh,few_label_128_rand,0.8458636287769419,0.05253410884870085,25,0.2681100342645026,0.0572594176445485,0.09840848806366048,0.8269705093833781,0.6404777937472267,0.17302949061662198,0.13552,0.17302949061662198,False,False,0.6011193207273451,0.49733333333333335,0.495,1000,1500,0.3807846772957676,en,target_fpr,,,0.2622601279317697,-0.005849906332732857,native,0.1,toxicity,encoder_minilm,EXP-007
zh,few_label_256_strat,0.8533064140986407,0.02752154390981,25,0.26108776993965327,0.03309132844879747,0.09347480106100797,0.8347989276139409,0.6380304795978732,0.165201072386059,0.12914666666666666,0.165201072386059,False,False,0.6011193207273451,0.49733333333333335,0.495,1000,1500,0.3807846772957676,en,target_fpr,,,0.2622601279317697,0.0011723579921164573,native,0.1,toxicity,encoder_minilm,EXP-007
zh,few_label_256_rand,0.8588930043344806,0.027385036507898315,25,0.25455474896152785,0.031841203927543714,0.08944297082228114,0.8401608579088472,0.640636030353181,0.1598391420911528,0.12445333333333335,0.1598391420911528,False,False,0.6011193207273451,0.49733333333333335,0.495,1000,1500,0.3807846772957676,en,target_fpr,,,0.2622601279317697,0.007705378970241872,native,0.1,toxicity,encoder_minilm,EXP-007
zh,target_full,0.8551435097326863,0.0,1,0.2622601279317697,0.0,0.09151193633952255,0.8351206434316354,0.640625,0.1648793565683646,0.128,0.1648793565683646,False,False,0.6011193207273451,0.49733333333333335,0.495,1000,1500,0.3807846772957676,en,target_fpr,0.2222102619303911,0.2967850584857616,0.2622601279317697,0.0,native,0.1,toxicity,encoder_minilm,EXP-007
zh,test_oracle_unachievable,0.8443571339214795,0.0,1,0.27157894736842103,0.0,0.09946949602122016,0.8270777479892761,0.6323529411764706,0.17292225201072386,0.136,0.17292225201072386,False,False,0.6011193207273451,0.49733333333333335,0.495,1000,1500,0.3807846772957676,en,target_fpr,,,0.2622601279317697,-0.009318819436651304,native,0.1,toxicity,encoder_minilm,EXP-007
am,fixed_half,0.5,0.0,1,0.2994871794871795,0.0,0.1441326530612245,0.7960893854748603,0.5637065637065637,0.20391061452513967,0.17266666666666666,0.20391061452513967,False,False,0.5661572939231558,0.47733333333333333,0.511,1000,1500,0.20005987652956123,en,target_fpr,,,0.31306081754735793,0.013573638060178417,native,0.2,toxicity,encoder_minilm,EXP-007
am,source_global,0.20005987652956123,0.0,1,0.5538664904163912,0.0,0.48214285714285715,0.41480446927374304,0.5257214554579673,0.585195530726257,0.5313333333333333,0.585195530726257,False,False,0.5661572939231558,0.47733333333333333,0.511,1000,1500,0.20005987652956123,en,target_fpr,0.5250583319595734,0.5833125368866375,0.31306081754735793,-0.24080567286903332,native,0.2,toxicity,encoder_minilm,EXP-007
am,pooled_global,0.5907817137026234,0.0,1,0.242024202420242,0.0,0.10586734693877552,0.8463687150837989,0.5699481865284974,0.15363128491620112,0.12866666666666668,0.15363128491620112,False,False,0.5661572939231558,0.47733333333333333,0.511,1000,1500,0.20005987652956123,en,target_fpr,,,0.31306081754735793,0.07103661512711593,native,0.2,toxicity,encoder_minilm,EXP-007
am,worstcase_global,0.8824684119638115,0.0,1,0.04825737265415549,0.0,0.015306122448979591,0.9748603351955307,0.6,0.025139664804469275,0.02,0.025139664804469275,False,False,0.5661572939231558,0.47733333333333333,0.511,1000,1500,0.20005987652956123,en,target_fpr,,,0.31306081754735793,0.26480344489320246,native,0.2,toxicity,encoder_minilm,EXP-007
am,quantile_match,0.20737991588610405,0.0,1,0.5384092454112849,0.0,0.45790816326530615,0.44692737430167595,0.5245033112582781,0.553072625698324,0.5033333333333333,0.553072625698324,False,False,0.5661572939231558,0.47733333333333333,0.511,1000,1500,0.20005987652956123,en,target_fpr,,,0.31306081754735793,-0.22534842786392695,native,0.2,toxicity,encoder_minilm,EXP-007
am,sld_em,0.9712907453047487,0.0,1,0.008321775312066574,0.0,0.002551020408163265,0.9958100558659218,0.6,0.004189944134078212,0.0033333333333333335,0.004189944134078212,True,False,0.5661572939231558,0.47733333333333333,0.511,1000,1500,0.20005987652956123,en,target_fpr,,,0.31306081754735793,0.30473904223529136,native,0.2,toxicity,encoder_minilm,EXP-007
am,bbse,0.18603386757589974,0.0,1,0.5728580362726703,0.0,0.5420918367346939,0.36033519553072624,0.5186862967157417,0.6396648044692738,0.5886666666666667,0.6396648044692738,False,False,0.5661572939231558,0.47733333333333333,0.511,1000,1500,0.20005987652956123,en,target_fpr,,,0.31306081754735793,-0.25979721872531236,native,0.2,toxicity,encoder_minilm,EXP-007
am,few_label_8_strat,0.6395129548993372,0.22920353907738086,25,0.20397405995612267,0.14144015591161727,0.11270408163265305,0.8543016759776535,0.5549900142997051,0.14569832402234634,0.12845333333333334,0.14569832402234634,False,False,0.5661572939231558,0.47733333333333333,0.511,1000,1500,0.20005987652956123,en,target_fpr,,,0.31306081754735793,0.10908675759123526,native,0.2,toxicity,encoder_minilm,EXP-007
am,few_label_8_rand,0.5103374305126485,0.2251805733346036,25,0.29404023791876877,0.15220559495133382,0.1906632653061225,0.7635195530726255,0.547740615405004,0.23648044692737433,0.2125333333333333,0.23648044692737433,False,False,0.5661572939231558,0.47733333333333333,0.511,1000,1500,0.20005987652956123,en,target_fpr,,,0.31306081754735793,0.019020579628589163,native,0.2,toxicity,encoder_minilm,EXP-007
am,few_label_16_strat,0.5317060180556714,0.21913666010248647,25,0.27115293713927796,0.13870654702041305,0.1625510204081633,0.7959217877094972,0.5482682721836286,0.20407821229050277,0.18237333333333336,0.20407821229050277,False,False,0.5661572939231558,0.47733333333333333,0.511,1000,1500,0.20005987652956123,en,target_fpr,,,0.31306081754735793,0.04190788040807997,native,0.2,toxicity,encoder_minilm,EXP-007
am,few_label_16_rand,0.5397117969540645,0.24274286443437526,25,0.2734916701686201,0.1691643781595452,0.1822448979591837,0.775195530726257,0.5502956119908597,0.22480446927374304,0.20256,0.22480446927374304,False,False,0.5661572939231558,0.47733333333333333,0.511,1000,1500,0.20005987652956123,en,target_fpr,,,0.31306081754735793,0.039569147378737846,native,0.2,toxicity,encoder_minilm,EXP-007
am,few_label_32_strat,0.504370604951986,0.1550473306814294,25,0.2890384398301437,0.10215611375495728,0.16591836734693877,0.7876536312849162,0.5473932810661409,0.21234636871508378,0.18808,0.21234636871508378,False,False,0.5661572939231558,0.47733333333333333,0.511,1000,1500,0.20005987652956123,en,target_fpr,,,0.31306081754735793,0.024022377717214216,native,0.2,toxicity,encoder_minilm,EXP-007
am,few_label_32_rand,0.4323146850379984,0.15939451697555432,25,0.340120860961631,0.10543335660573025,0.21596938775510202,0.7321229050279331,0.5396737129478959,0.2678770949720671,0.24074666666666666,0.2678770949720671,False,False,0.5661572939231558,0.47733333333333333,0.511,1000,1500,0.20005987652956123,en,target_fpr,,,0.31306081754735793,-0.027060043414273094,native,0.2,toxicity,encoder_minilm,EXP-007
am,few_label_64_strat,0.47355556005528293,0.1497325603831888,25,0.3068045916942211,0.09599862325297331,0.17760204081632655,0.7731284916201118,0.5447539617983389,0.22687150837988823,0.20112,0.22687150837988823,False,False,0.5661572939231558,0.47733333333333333,0.511,1000,1500,0.20005987652956123,en,target_fpr,,,0.31306081754735793,0.006256225853136843,native,0.2,toxicity,encoder_minilm,EXP-007
am,few_label_64_rand,0.4192302088048199,0.10744647404695899,25,0.34389082165030416,0.07096841838221682,0.20576530612244898,0.738491620111732,0.5426635342736124,0.26150837988826814,0.23237333333333332,0.26150837988826814,False,False,0.5661572939231558,0.47733333333333333,0.511,1000,1500,0.20005987652956123,en,target_fpr,,,0.31306081754735793,-0.03083000410294623,native,0.2,toxicity,encoder_minilm,EXP-007
am,few_label_128_strat,0.44334971118192845,0.09646633071761569,25,0.32588490668659564,0.0556907312276943,0.1827551020408163,0.7622346368715084,0.547924303392636,0.23776536312849164,0.20901333333333338,0.23776536312849164,False,False,0.5661572939231558,0.47733333333333333,0.511,1000,1500,0.20005987652956123,en,target_fpr,,,0.31306081754735793,-0.012824089139237715,native,0.2,toxicity,encoder_minilm,EXP-007
am,few_label_128_rand,0.45256249362570616,0.07914972546878775,25,0.3211647361149231,0.04596549503425926,0.17418367346938776,0.7692737430167598,0.5512067516826997,0.23072625698324029,0.20117333333333337,0.23072625698324029,False,False,0.5661572939231558,0.47733333333333333,0.511,1000,1500,0.20005987652956123,en,target_fpr,,,0.31306081754735793,-0.00810391856756515,native,0.2,toxicity,encoder_minilm,EXP-007
am,few_label_256_strat,0.43936307619679504,0.062127858810013564,25,0.3260647539052136,0.03405151641546339,0.17826530612244898,0.7655307262569832,0.5482396308197698,0.23446927374301674,0.20509333333333335,0.23446927374301674,False,False,0.5661572939231558,0.47733333333333333,0.511,1000,1500,0.20005987652956123,en,target_fpr,,,0.31306081754735793,-0.013003936357855683,native,0.2,toxicity,encoder_minilm,EXP-007
am,few_label_256_rand,0.46011334159877587,0.048645510682785664,25,0.31581952729302815,0.02800740295301325,0.16408163265306122,0.7777653631284916,0.5542666868992459,0.2222346368715084,0.19184000000000004,0.2222346368715084,False,False,0.5661572939231558,0.47733333333333333,0.511,1000,1500,0.20005987652956123,en,target_fpr,,,0.31306081754735793,-0.002758709745670218,native,0.2,toxicity,encoder_minilm,EXP-007
am,target_full,0.44897159845830126,0.0,1,0.31306081754735793,0.0,0.16581632653061223,0.7807262569832403,0.5470383275261324,0.21927374301675978,0.19133333333333333,0.21927374301675978,False,False,0.5661572939231558,0.47733333333333333,0.511,1000,1500,0.20005987652956123,en,target_fpr,0.283836349631795,0.35299102691924233,0.31306081754735793,0.0,native,0.2,toxicity,encoder_minilm,EXP-007
am,test_oracle_unachievable,0.4050657074100963,0.0,1,0.3469194312796208,0.0,0.1989795918367347,0.744413407821229,0.5398230088495575,0.25558659217877094,0.226,0.25558659217877094,False,False,0.5661572939231558,0.47733333333333333,0.511,1000,1500,0.20005987652956123,en,target_fpr,,,0.31306081754735793,-0.0338586137322629,native,0.2,toxicity,encoder_minilm,EXP-007
ar,fixed_half,0.5,0.0,1,0.4515021459227468,0.0,0.20053475935828877,0.6502659574468085,0.6368038740920097,0.3497340425531915,0.2753333333333333,0.3497340425531915,False,False,0.6368525287290931,0.5013333333333333,0.503,1000,1500,0.20005987652956123,en,target_fpr,,,0.4478897502153317,-0.003612395707415117,native,0.2,toxicity,encoder_minilm,EXP-007
ar,source_global,0.20005987652956123,0.0,1,0.6137229987293519,0.0,0.4532085561497326,0.35771276595744683,0.5875912408759124,0.6422872340425532,0.548,0.6422872340425532,False,False,0.6368525287290931,0.5013333333333333,0.503,1000,1500,0.20005987652956123,en,target_fpr,0.5894619729953156,0.6406694150157068,0.4478897502153317,-0.1658332485140202,native,0.2,toxicity,encoder_minilm,EXP-007
ar,pooled_global,0.5859321652290741,0.0,1,0.4051565377532229,0.0,0.15240641711229946,0.7074468085106383,0.6586826347305389,0.2925531914893617,0.22266666666666668,0.2925531914893617,False,False,0.6368525287290931,0.5013333333333333,0.503,1000,1500,0.20005987652956123,en,target_fpr,,,0.4478897502153317,0.04273321246210876,native,0.2,toxicity,encoder_minilm,EXP-007
ar,worstcase_global,0.8824684119638115,0.0,1,0.20642201834862386,0.0,0.040106951871657755,0.8803191489361702,0.75,0.1196808510638298,0.08,0.1196808510638298,False,False,0.6368525287290931,0.5013333333333333,0.503,1000,1500,0.20005987652956123,en,target_fpr,,,0.4478897502153317,0.2414677318667078,native,0.2,toxicity,encoder_minilm,EXP-007
ar,quantile_match,0.19999938012239657,0.0,1,0.6137229987293519,0.0,0.4532085561497326,0.35771276595744683,0.5875912408759124,0.6422872340425532,0.548,0.6422872340425532,False,False,0.6368525287290931,0.5013333333333333,0.503,1000,1500,0.20005987652956123,en,target_fpr,,,0.4478897502153317,-0.1658332485140202,native,0.2,toxicity,encoder_minilm,EXP-007
ar,sld_em,0.5319703479113621,0.0,1,0.4320987654320987,0.0,0.18315508021390375,0.6742021276595744,0.6413612565445026,0.3257978723404255,0.25466666666666665,0.3257978723404255,False,False,0.6368525287290931,0.5013333333333333,0.503,1000,1500,0.20005987652956123,en,target_fpr,,,0.4478897502153317,0.015790984783232986,native,0.2,toxicity,encoder_minilm,EXP-007
ar,bbse,0.20005987652956123,0.0,1,0.6137229987293519,0.0,0.4532085561497326,0.35771276595744683,0.5875912408759124,0.6422872340425532,0.548,0.6422872340425532,False,False,0.6368525287290931,0.5013333333333333,0.503,1000,1500,0.20005987652956123,en,target_fpr,,,0.4478897502153317,-0.1658332485140202,native,0.2,toxicity,encoder_minilm,EXP-007
ar,few_label_8_strat,0.646895007223839,0.23521726759349593,25,0.3462559488341244,0.15866915134302445,0.15310160427807487,0.7316489361702128,0.673062146117882,0.26835106382978724,0.21088000000000004,0.26835106382978724,False,False,0.6368525287290931,0.5013333333333333,0.503,1000,1500,0.20005987652956123,en,target_fpr,,,0.4478897502153317,0.10163380138120726,native,0.2,toxicity,encoder_minilm,EXP-007
ar,few_label_8_rand,0.5328232484428621,0.2694377121444705,25,0.41659928009454844,0.17355516667346996,0.23887700534759357,0.6307446808510638,0.6404989879548647,0.36925531914893617,0.30424,0.36925531914893617,False,False,0.6368525287290931,0.5013333333333333,0.503,1000,1500,0.20005987652956123,en,target_fpr,,,0.4478897502153317,0.03129047012078323,native,0.2,toxicity,encoder_minilm,EXP-007
ar,few_label_16_strat,0.5809407843636992,0.2063468040639907,25,0.400949642859542,0.11953264645662783,0.1822459893048128,0.6841489361702127,0.6564805499281924,0.3158510638297872,0.24922666666666668,0.3158510638297872,False,False,0.6368525287290931,0.5013333333333333,0.503,1000,1500,0.20005987652956123,en,target_fpr,,,0.4478897502153317,0.046940107355789684,native,0.2,toxicity,encoder_minilm,EXP-007
ar,few_label_16_rand,0.5366986349629161,0.21811332092820832,25,0.42094301305272275,0.13517268210890668,0.20320855614973257,0.6565425531914895,0.6503061428070833,0.3434574468085107,0.27352,0.3434574468085107,False,False,0.6368525287290931,0.5013333333333333,0.503,1000,1500,0.20005987652956123,en,target_fpr,,,0.4478897502153317,0.026946737162608925,native,0.2,toxicity,encoder_minilm,EXP-007
ar,few_label_32_strat,0.48557268836939727,0.13247891705041334,25,0.4583747421922735,0.07617729624150002,0.21727272727272726,0.629468085106383,0.6367713602571838,0.37053191489361703,0.2941066666666666,0.37053191489361703,False,False,0.6368525287290931,0.5013333333333333,0.503,1000,1500,0.20005987652956123,en,target_fpr,,,0.4478897502153317,-0.010484991976941804,native,0.2,toxicity,encoder_minilm,EXP-007
ar,few_label_32_rand,0.5337759724936797,0.17866714886711754,25,0.4297120580344466,0.10309505137104996,0.19743315508021392,0.6584574468085107,0.6461011740481599,0.34154255319148935,0.26968,0.34154255319148935,False,False,0.6368525287290931,0.5013333333333333,0.503,1000,1500,0.20005987652956123,en,target_fpr,,,0.4478897502153317,0.018177692180885052,native,0.2,toxicity,encoder_minilm,EXP-007
ar,few_label_64_strat,0.5409562215804739,0.13465073534127425,25,0.42663221498096315,0.07872638268161498,0.18727272727272726,0.6704787234042554,0.6438223815533064,0.32952127659574465,0.25858666666666663,0.32952127659574465,False,False,0.6368525287290931,0.5013333333333333,0.503,1000,1500,0.20005987652956123,en,target_fpr,,,0.4478897502153317,0.02125753523436852,native,0.2,toxicity,encoder_minilm,EXP-007
ar,few_label_64_rand,0.4759133655081256,0.11054559939046833,25,0.46396758354981155,0.06283446440352315,0.22037433155080216,0.6254255319148936,0.6344097193577691,0.3745744680851064,0.29768,0.3745744680851064,False,False,0.6368525287290931,0.5013333333333333,0.503,1000,1500,0.20005987652956123,en,target_fpr,,,0.4478897502153317,-0.016077833334479874,native,0.2,toxicity,encoder_minilm,EXP-007
ar,few_label_128_strat,0.5593549405603657,0.06778153944097348,25,0.4173560430652505,0.04032253873289021,0.1706417112299465,0.689468085106383,0.6479923152128759,0.31053191489361703,0.2407733333333333,0.31053191489361703,False,False,0.6368525287290931,0.5013333333333333,0.503,1000,1500,0.20005987652956123,en,target_fpr,,,0.4478897502153317,0.03053370715008119,native,0.2,toxicity,encoder_minilm,EXP-007
ar,few_label_128_rand,0.5108328587171852,0.08008779062116102,25,0.44445304048017287,0.0469845535053065,0.19518716577540104,0.6559042553191489,0.6408265597799405,0.34409574468085113,0.26984,0.34409574468085113,False,False,0.6368525287290931,0.5013333333333333,0.503,1000,1500,0.20005987652956123,en,target_fpr,,,0.4478897502153317,0.003436709735158805,native,0.2,toxicity,encoder_minilm,EXP-007
ar,few_label_256_strat,0.48765306575742273,0.055308767229013664,25,0.4583561707589014,0.03233994588670409,0.20614973262032085,0.6402659574468085,0.6376049697070528,0.3597340425531915,0.28314666666666666,0.3597340425531915,False,False,0.6368525287290931,0.5013333333333333,0.503,1000,1500,0.20005987652956123,en,target_fpr,,,0.4478897502153317,-0.010466420543569721,native,0.2,toxicity,encoder_minilm,EXP-007
ar,few_label_256_rand,0.49726844955281735,0.06157295568447632,25,0.4530830203766918,0.0348551789063689,0.20106951871657752,0.6468085106382979,0.6395697457198055,0.3531914893617021,0.2773333333333333,0.3531914893617021,False,False,0.6368525287290931,0.5013333333333333,0.503,1000,1500,0.20005987652956123,en,target_fpr,,,0.4478897502153317,-0.0051932701613601195,native,0.2,toxicity,encoder_minilm,EXP-007
ar,target_full,0.5061012457131152,0.0,1,0.4478897502153317,0.0,0.19919786096256684,0.6542553191489362,0.6356968215158925,0.34574468085106386,0.27266666666666667,0.34574468085106386,False,False,0.6368525287290931,0.5013333333333333,0.503,1000,1500,0.20005987652956123,en,target_fpr,0.4149366643209008,0.48053560309553467,0.4478897502153317,0.0,native,0.2,toxicity,encoder_minilm,EXP-007
ar,test_oracle_unachievable,0.5073874292503288,0.0,1,0.4478897502153317,0.0,0.19919786096256684,0.6542553191489362,0.6356968215158925,0.34574468085106386,0.27266666666666667,0.34574468085106386,False,False,0.6368525287290931,0.5013333333333333,0.503,1000,1500,0.20005987652956123,en,target_fpr,,,0.4478897502153317,0.0,native,0.2,toxicity,encoder_minilm,EXP-007
de,fixed_half,0.5,0.0,1,0.7392739273927392,0.0,0.2752659574468085,0.25133689839572193,0.7301173402868318,0.7486631016042781,0.5113333333333333,0.7486631016042781,False,False,0.8162049152349528,0.49866666666666665,0.508,1000,1500,0.20005987652956123,en,target_fpr,,,0.6933333333333334,-0.04594059405940587,native,0.2,toxicity,encoder_minilm,EXP-007
de,source_global,0.20005987652956123,0.0,1,0.75,0.0,0.5678191489361702,0.05748663101604278,0.622791519434629,0.9425133689839572,0.7546666666666667,0.9425133689839572,False,False,0.8162049152349528,0.49866666666666665,0.508,1000,1500,0.20005987652956123,en,target_fpr,0.7313517080856806,0.7695055934679501,0.6933333333333334,-0.05666666666666664,native,0.2,toxicity,encoder_minilm,EXP-007
de,pooled_global,0.5735225079889649,0.0,1,0.7155963302752293,0.0,0.2154255319148936,0.32219251336898397,0.757847533632287,0.6778074866310161,0.446,0.6778074866310161,False,False,0.8162049152349528,0.49866666666666665,0.508,1000,1500,0.20005987652956123,en,target_fpr,,,0.6933333333333334,-0.02226299694189593,native,0.2,toxicity,encoder_minilm,EXP-007
de,worstcase_global,0.8824684119638115,0.0,1,0.4061855670103093,0.0,0.03324468085106383,0.7366310160427807,0.8873873873873874,0.26336898395721925,0.148,0.26336898395721925,False,False,0.8162049152349528,0.49866666666666665,0.508,1000,1500,0.20005987652956123,en,target_fpr,,,0.6933333333333334,0.2871477663230241,native,0.2,toxicity,encoder_minilm,EXP-007
de,quantile_match,0.4226107820258719,0.0,1,0.7551146931184131,0.0,0.3404255319148936,0.1858288770053476,0.7040462427745665,0.8141711229946524,0.5766666666666667,0.8141711229946524,False,False,0.8162049152349528,0.49866666666666665,0.508,1000,1500,0.20005987652956123,en,target_fpr,,,0.6933333333333334,-0.061781359785079704,native,0.2,toxicity,encoder_minilm,EXP-007
de,sld_em,0.1843143539005654,0.0,1,0.7471022128556376,0.0,0.586436170212766,0.05213903743315508,0.6165217391304347,0.9478609625668449,0.7666666666666667,0.9478609625668449,False,False,0.8162049152349528,0.49866666666666665,0.508,1000,1500,0.20005987652956123,en,target_fpr,,,0.6933333333333334,-0.05376887952230425,native,0.2,toxicity,encoder_minilm,EXP-007
de,bbse,0.07926663424389468,0.0,1,0.7113253012048192,0.0,0.7832446808510638,0.013368983957219251,0.5561416729464959,0.9866310160427807,0.8846666666666667,0.9866310160427807,True,False,0.8162049152349528,0.49866666666666665,0.508,1000,1500,0.20005987652956123,en,target_fpr,,,0.6933333333333334,-0.017991967871485826,native,0.2,toxicity,encoder_minilm,EXP-007
de,few_label_8_strat,0.6506278530948962,0.20179454703664282,25,0.5965459309845346,0.1864391268367479,0.18255319148936175,0.45101604278074864,0.787397884621144,0.5489839572192513,0.36528000000000005,0.5489839572192513,False,False,0.8162049152349528,0.49866666666666665,0.508,1000,1500,0.20005987652956123,en,target_fpr,,,0.6933333333333334,0.09678740234879879,native,0.2,toxicity,encoder_minilm,EXP-007
de,few_label_8_rand,0.5878164257420624,0.2618123153981885,25,0.6026619230670675,0.1877966353244922,0.2397872340425532,0.40502673796791444,0.7690879223713302,0.5949732620320856,0.41690666666666665,0.5949732620320856,False,False,0.8162049152349528,0.49866666666666665,0.508,1000,1500,0.20005987652956123,en,target_fpr,,,0.6933333333333334,0.0906714102662659,native,0.2,toxicity,encoder_minilm,EXP-007
de,few_label_16_strat,0.5701686815527269,0.16912630537678014,25,0.6817716858019618,0.0902229479497276,0.23335106382978726,0.34336898395721926,0.7580487111682289,0.6566310160427807,0.4444266666666667,0.6566310160427807,False,False,0.8162049152349528,0.49866666666666665,0.508,1000,1500,0.20005987652956123,en,target_fpr,,,0.6933333333333334,0.011561647531371566,native,0.2,toxicity,encoder_minilm,EXP-007
de,few_label_16_rand,0.6776073365415565,0.17614173573659672,25,0.603304723419773,0.1297720512657739,0.16047872340425534,0.4705882352941177,0.7977258328538209,0.5294117647058824,0.3444533333333333,0.5294117647058824,False,False,0.8162049152349528,0.49866666666666665,0.508,1000,1500,0.20005987652956123,en,target_fpr,,,0.6933333333333334,0.09002860991356032,native,0.2,toxicity,encoder_minilm,EXP-007
de,few_label_32_strat,0.6084249987023773,0.15035501089174116,25,0.6692013343492067,0.08576330380190683,0.2020744680851064,0.3787165775401069,0.7708425446145729,0.6212834224598931,0.41111999999999993,0.6212834224598931,False,False,0.8162049152349528,0.49866666666666665,0.508,1000,1500,0.20005987652956123,en,target_fpr,,,0.6933333333333334,0.024131998984126657,native,0.2,toxicity,encoder_minilm,EXP-007
de,few_label_32_rand,0.615706591759654,0.1198459630002865,25,0.6725230712251566,0.09761586490738697,0.19265957446808507,0.37978609625668447,0.7747721810000308,0.6202139037433155,0.4058666666666667,0.6202139037433155,False,False,0.8162049152349528,0.49866666666666665,0.508,1000,1500,0.20005987652956123,en,target_fpr,,,0.6933333333333334,0.020810262108176714,native,0.2,toxicity,encoder_minilm,EXP-007
de,few_label_64_strat,0.6556936635919451,0.10156174638243158,25,0.6604926798389147,0.05936846609579034,0.16367021276595742,0.4180748663101605,0.7880382414110013,0.5819251336898396,0.37224,0.5819251336898396,False,False,0.8162049152349528,0.49866666666666665,0.508,1000,1500,0.20005987652956123,en,target_fpr,,,0.6933333333333334,0.03284065349441867,native,0.2,toxicity,encoder_minilm,EXP-007
de,few_label_64_rand,0.6392735291493653,0.09196133051057896,25,0.6756166894660488,0.045675375683323235,0.17148936170212767,0.39657754010695195,0.7849170094095764,0.6034224598930481,0.38688,0.6034224598930481,False,False,0.8162049152349528,0.49866666666666665,0.508,1000,1500,0.20005987652956123,en,target_fpr,,,0.6933333333333334,0.017716643867284554,native,0.2,toxicity,encoder_minilm,EXP-007
de,few_label_128_strat,0.6117567252580531,0.07192094102689384,25,0.6934161487377262,0.038434091142756956,0.1898404255319149,0.3643315508021391,0.7732798388811911,0.635668449197861,0.41216,0.635668449197861,False,False,0.8162049152349528,0.49866666666666665,0.508,1000,1500,0.20005987652956123,en,target_fpr,,,0.6933333333333334,-8.281540439281088e-05,native,0.2,toxicity,encoder_minilm,EXP-007
de,few_label_128_rand,0.6398218911832825,0.058529445007238494,25,0.6819411483258655,0.03210921018605426,0.16925531914893618,0.3920320855614973,0.7846136643691586,0.6079679144385026,0.3880266666666667,0.6079679144385026,False,False,0.8162049152349528,0.49866666666666665,0.508,1000,1500,0.20005987652956123,en,target_fpr,,,0.6933333333333334,0.011392185007467859,native,0.2,toxicity,encoder_minilm,EXP-007
de,few_label_256_strat,0.6361604174748382,0.04401648488101402,25,0.6868086398065357,0.021776099817458743,0.17101063829787233,0.3857219251336898,0.7834213591482748,0.6142780748663101,0.3920533333333333,0.6142780748663101,False,False,0.8162049152349528,0.49866666666666665,0.508,1000,1500,0.20005987652956123,en,target_fpr,,,0.6933333333333334,0.006524693526797631,native,0.2,toxicity,encoder_minilm,EXP-007
de,few_label_256_rand,0.6299863433260859,0.05576829325555319,25,0.6876238580669956,0.029286689655031735,0.175,0.38165775401069524,0.781374620951854,0.6183422459893048,0.39608000000000004,0.6183422459893048,False,False,0.8162049152349528,0.49866666666666665,0.508,1000,1500,0.20005987652956123,en,target_fpr,,,0.6933333333333334,0.0057094752663378046,native,0.2,toxicity,encoder_minilm,EXP-007
de,target_full,0.6254374636244033,0.0,1,0.6933333333333334,0.0,0.17819148936170212,0.37433155080213903,0.7774086378737541,0.6256684491978609,0.4013333333333333,0.6256684491978609,False,False,0.8162049152349528,0.49866666666666665,0.508,1000,1500,0.20005987652956123,en,target_fpr,0.6635047320831721,0.7178770274130923,0.6933333333333334,0.0,native,0.2,toxicity,encoder_minilm,EXP-007
de,test_oracle_unachievable,0.6005626032012661,0.0,1,0.7106963388370423,0.0,0.19946808510638298,0.3382352941176471,0.7674418604651163,0.6617647058823529,0.43,0.6617647058823529,False,False,0.8162049152349528,0.49866666666666665,0.508,1000,1500,0.20005987652956123,en,target_fpr,,,0.6933333333333334,-0.01736300550370895,native,0.2,toxicity,encoder_minilm,EXP-007
en,fixed_half,0.5,0.0,1,0.9500674763832658,0.0,0.048748353096179184,0.04993252361673414,0.9500674763832658,0.9500674763832658,0.494,0.9500674763832658,False,True,0.9897460789909303,0.494,0.478,1000,1500,0.20005987652956123,en,target_fpr,,,0.9083076923076924,-0.04175978407557346,native,0.2,toxicity,encoder_minilm,EXP-007
en,source_global,0.20005987652956123,0.0,1,0.9083076923076924,0.0,0.19235836627140976,0.004048582995951417,0.834841628959276,0.9959514170040485,0.5893333333333334,0.9959514170040485,False,True,0.9897460789909303,0.494,0.478,1000,1500,0.20005987652956123,en,target_fpr,0.8945947782097913,0.9214322719871609,0.9083076923076924,0.0,native,0.2,toxicity,encoder_minilm,EXP-007
en,pooled_global,0.5995089155129063,0.0,1,0.9451303155006859,0.0,0.03689064558629776,0.07017543859649122,0.9609483960948396,0.9298245614035088,0.478,0.9298245614035088,False,True,0.9897460789909303,0.494,0.478,1000,1500,0.20005987652956123,en,target_fpr,,,0.9083076923076924,-0.036822623192993564,native,0.2,toxicity,encoder_minilm,EXP-007
en,worstcase_global,0.8824684119638115,0.0,1,0.8411214953271029,0.0,0.003952569169960474,0.27125506072874495,0.994475138121547,0.728744939271255,0.362,0.728744939271255,False,True,0.9897460789909303,0.494,0.478,1000,1500,0.20005987652956123,en,target_fpr,,,0.9083076923076924,0.06718619698058947,native,0.2,toxicity,encoder_minilm,EXP-007
en,quantile_match,0.2003295825777938,0.0,1,0.9083076923076924,0.0,0.19235836627140976,0.004048582995951417,0.834841628959276,0.9959514170040485,0.5893333333333334,0.9959514170040485,False,True,0.9897460789909303,0.494,0.478,1000,1500,0.20005987652956123,en,target_fpr,,,0.9083076923076924,0.0,native,0.2,toxicity,encoder_minilm,EXP-007
en,sld_em,0.2000598765295612,0.0,1,0.9083076923076924,0.0,0.19235836627140976,0.004048582995951417,0.834841628959276,0.9959514170040485,0.5893333333333334,0.9959514170040485,False,True,0.9897460789909303,0.494,0.478,1000,1500,0.20005987652956123,en,target_fpr,,,0.9083076923076924,0.0,native,0.2,toxicity,encoder_minilm,EXP-007
en,bbse,0.20005987652956123,0.0,1,0.9083076923076924,0.0,0.19235836627140976,0.004048582995951417,0.834841628959276,0.9959514170040485,0.5893333333333334,0.9959514170040485,False,True,0.9897460789909303,0.494,0.478,1000,1500,0.20005987652956123,en,target_fpr,,,0.9083076923076924,0.0,native,0.2,toxicity,encoder_minilm,EXP-007
en,few_label_8_strat,0.48791414971999036,0.16262811589443088,25,0.9334994771238526,0.02903314129467685,0.07077733860342555,0.060620782726045874,0.9325822411860922,0.9393792172739542,0.4998666666666666,0.9393792172739542,False,True,0.9897460789909303,0.494,0.478,1000,1500,0.20005987652956123,en,target_fpr,,,0.9083076923076924,-0.025191784816160245,native,0.2,toxicity,encoder_minilm,EXP-007
en,few_label_8_rand,0.464630294633199,0.2369345106043076,25,0.9144515234479696,0.04445806252749422,0.09549407114624506,0.07325236167341431,0.9147783044579625,0.9267476383265858,0.5061333333333333,0.9267476383265858,False,True,0.9897460789909303,0.494,0.478,1000,1500,0.20005987652956123,en,target_fpr,,,0.9083076923076924,-0.006143831140277278,native,0.2,toxicity,encoder_minilm,EXP-007
en,few_label_16_strat,0.4232335073996785,0.20408327162955187,25,0.927434673097128,0.019797744554479683,0.09644268774703557,0.04993252361673414,0.9114413162142978,0.9500674763832658,0.5181333333333334,0.9500674763832658,False,True,0.9897460789909303,0.494,0.478,1000,1500,0.20005987652956123,en,target_fpr,,,0.9083076923076924,-0.019126980789435644,native,0.2,toxicity,encoder_minilm,EXP-007
en,few_label_16_rand,0.3549596806155869,0.16471136734419253,25,0.9272277700349012,0.025153967230286383,0.12126482213438734,0.0302834008097166,0.892291665454957,0.9697165991902834,0.5404,0.9697165991902834,False,True,0.9897460789909303,0.494,0.478,1000,1500,0.20005987652956123,en,target_fpr,,,0.9083076923076924,-0.01892007772720883,native,0.2,toxicity,encoder_minilm,EXP-007
en,few_label_32_strat,0.28675895770347,0.11379159158598953,25,0.9211129542328598,0.0327661087286683,0.1512516469038208,0.017112010796221325,0.8697355055397825,0.9828879892037787,0.56208,0.9828879892037787,False,True,0.9897460789909303,0.494,0.478,1000,1500,0.20005987652956123,en,target_fpr,,,0.9083076923076924,-0.0128052619251674,native,0.2,toxicity,encoder_minilm,EXP-007
en,few_label_32_rand,0.33633859496441076,0.10666117442086617,25,0.9330095021428626,0.020663132540274513,0.11604743083003953,0.023049932523616735,0.8947466889509045,0.9769500674763834,0.5413333333333334,0.9769500674763834,False,True,0.9897460789909303,0.494,0.478,1000,1500,0.20005987652956123,en,target_fpr,,,0.9083076923076924,-0.02470180983517023,native,0.2,toxicity,encoder_minilm,EXP-007
en,few_label_64_strat,0.27278805727781086,0.1054384434207491,25,0.9215051646963346,0.020553907888079852,0.150566534914361,0.015168690958164643,0.8676332936686875,0.9848313090418352,0.5626933333333334,0.9848313090418352,False,True,0.9897460789909303,0.494,0.478,1000,1500,0.20005987652956123,en,target_fpr,,,0.9083076923076924,-0.013197472388642217,native,0.2,toxicity,encoder_minilm,EXP-007
en,few_label_64_rand,0.2889040744178181,0.08688440293914511,25,0.928040545299834,0.016878857279725174,0.1347562582345191,0.0157085020242915,0.8791001674191483,0.9842914979757086,0.5544266666666666,0.9842914979757086,False,True,0.9897460789909303,0.494,0.478,1000,1500,0.20005987652956123,en,target_fpr,,,0.9083076923076924,-0.01973285299214167,native,0.2,toxicity,encoder_minilm,EXP-007
en,few_label_128_strat,0.2493625927393964,0.06162893453677725,25,0.9205004888821849,0.016613802359621985,0.1565217391304348,0.011390013495276654,0.86199983287908,0.9886099865047232,0.5675733333333334,0.9886099865047232,False,True,0.9897460789909303,0.494,0.478,1000,1500,0.20005987652956123,en,target_fpr,,,0.9083076923076924,-0.01219279657449257,native,0.2,toxicity,encoder_minilm,EXP-007
en,few_label_128_rand,0.23646331997295206,0.07457338415103332,25,0.9160704484335531,0.021243660041848595,0.16922266139657446,0.009662618083670716,0.8534362620396406,0.9903373819163293,0.5748533333333333,0.9903373819163293,False,True,0.9897460789909303,0.494,0.478,1000,1500,0.20005987652956123,en,target_fpr,,,0.9083076923076924,-0.007762756125860748,native,0.2,toxicity,encoder_minilm,EXP-007
en,few_label_256_strat,0.22338268221041446,0.04782227344229228,25,0.9143633344456069,0.01762392300239565,0.17438735177865614,0.00815114709851552,0.8488131394228214,0.9918488529014844,0.5782133333333332,0.9918488529014844,False,True,0.9897460789909303,0.494,0.478,1000,1500,0.20005987652956123,en,target_fpr,,,0.9083076923076924,-0.006055642137914541,native,0.2,toxicity,encoder_minilm,EXP-007
en,few_label_256_rand,0.20547680422243686,0.04667431432186397,25,0.9086053216249772,0.01853484773668931,0.18993412384716732,0.006423751686909582,0.8377671833603195,0.9935762483130904,0.5869333333333333,0.9935762483130904,False,True,0.9897460789909303,0.494,0.478,1000,1500,0.20005987652956123,en,target_fpr,,,0.9083076923076924,-0.000297629317284831,native,0.2,toxicity,encoder_minilm,EXP-007
en,target_full,0.20005987652956123,0.0,1,0.9083076923076924,0.0,0.19235836627140976,0.004048582995951417,0.834841628959276,0.9959514170040485,0.5893333333333334,0.9959514170040485,False,True,0.9897460789909303,0.494,0.478,1000,1500,0.20005987652956123,en,target_fpr,0.8916357318116123,0.9220593612360662,0.9083076923076924,0.0,native,0.2,toxicity,encoder_minilm,EXP-007
en,test_oracle_unachievable,0.19497412853204743,0.0,1,0.9066339066339065,0.0,0.1963109354413702,0.004048582995951417,0.8320180383314544,0.9959514170040485,0.5913333333333334,0.9959514170040485,False,True,0.9897460789909303,0.494,0.478,1000,1500,0.20005987652956123,en,target_fpr,,,0.9083076923076924,0.0016737856737858436,native,0.2,toxicity,encoder_minilm,EXP-007
es,fixed_half,0.5,0.0,1,0.7181008902077152,0.0,0.19798234552332913,0.31541725601131543,0.7550702028081123,0.6845827439886846,0.42733333333333334,0.6845827439886846,False,False,0.8379294784099199,0.4713333333333333,0.512,1000,1500,0.20005987652956123,en,target_fpr,,,0.7311827956989247,0.013081905491209578,native,0.2,toxicity,encoder_minilm,EXP-007
es,source_global,0.20005987652956123,0.0,1,0.7461077844311377,0.0,0.4287515762925599,0.1188118811881188,0.6469366562824507,0.8811881188118812,0.642,0.8811881188118812,False,False,0.8379294784099199,0.4713333333333333,0.512,1000,1500,0.20005987652956123,en,target_fpr,0.722532198253519,0.7687262389016754,0.7311827956989247,-0.01492498873221293,native,0.2,toxicity,encoder_minilm,EXP-007
es,pooled_global,0.5921459766490437,0.0,1,0.6848,0.0,0.1450189155107188,0.39462517680339465,0.7882136279926335,0.6053748231966054,0.362,0.6053748231966054,False,False,0.8379294784099199,0.4713333333333333,0.512,1000,1500,0.20005987652956123,en,target_fpr,,,0.7311827956989247,0.046382795698924784,native,0.2,toxicity,encoder_minilm,EXP-007
es,worstcase_global,0.8824684119638115,0.0,1,0.4562899786780384,0.0,0.021437578814627996,0.6973125884016973,0.9264069264069265,0.3026874115983027,0.154,0.3026874115983027,False,False,0.8379294784099199,0.4713333333333333,0.512,1000,1500,0.20005987652956123,en,target_fpr,,,0.7311827956989247,0.27489281702088636,native,0.2,toxicity,encoder_minilm,EXP-007
es,quantile_match,0.3009456496210997,0.0,1,0.7542043984476069,0.0,0.3228247162673392,0.1753889674681754,0.6948748510131109,0.8246110325318247,0.5593333333333333,0.8246110325318247,False,False,0.8379294784099199,0.4713333333333333,0.512,1000,1500,0.20005987652956123,en,target_fpr,,,0.7311827956989247,-0.023021602748682146,native,0.2,toxicity,encoder_minilm,EXP-007
es,sld_em,0.28021839150016425,0.0,1,0.7539936102236422,0.0,0.3379571248423707,0.16548797736916548,0.6876456876456877,0.8345120226308345,0.572,0.8345120226308345,False,False,0.8379294784099199,0.4713333333333333,0.512,1000,1500,0.20005987652956123,en,target_fpr,,,0.7311827956989247,-0.02281081452471745,native,0.2,toxicity,encoder_minilm,EXP-007
es,bbse,0.1419894004420189,0.0,1,0.7387387387387387,0.0,0.5208070617906684,0.07213578500707214,0.6136576239476146,0.9278642149929278,0.7126666666666667,0.9278642149929278,False,False,0.8379294784099199,0.4713333333333333,0.512,1000,1500,0.20005987652956123,en,target_fpr,,,0.7311827956989247,-0.007555943039813995,native,0.2,toxicity,encoder_minilm,EXP-007
es,few_label_8_strat,0.6449679629367637,0.18989473432861081,25,0.6133903407049082,0.14951014848111077,0.13150063051702396,0.46517680339462514,0.8174750038753325,0.5348231966053748,0.32159999999999994,0.5348231966053748,False,False,0.8379294784099199,0.4713333333333333,0.512,1000,1500,0.20005987652956123,en,target_fpr,,,0.7311827956989247,0.11779245499401658,native,0.2,toxicity,encoder_minilm,EXP-007
es,few_label_8_rand,0.4768198519657205,0.18729928570256246,25,0.7006485532737052,0.06491090892895693,0.2251197982345523,0.3125884016973126,0.7525286849739049,0.6874115983026874,0.4430133333333333,0.6874115983026874,False,False,0.8379294784099199,0.4713333333333333,0.512,1000,1500,0.20005987652956123,en,target_fpr,,,0.7311827956989247,0.030534242425219515,native,0.2,toxicity,encoder_minilm,EXP-007
es,few_label_16_strat,0.48434661214788266,0.14689933510902703,25,0.7083056010065313,0.04520923377560942,0.2138209331651955,0.3135502121640735,0.7531343658729516,0.6864497878359265,0.4365866666666666,0.6864497878359265,False,False,0.8379294784099199,0.4713333333333333,0.512,1000,1500,0.20005987652956123,en,target_fpr,,,0.7311827956989247,0.022877194692393465,native,0.2,toxicity,encoder_minilm,EXP-007
es,few_label_16_rand,0.5292695086939283,0.22394760662069535,25,0.666917116822273,0.10816747209987579,0.1992938209331652,0.363055162659123,0.7754350428582577,0.6369448373408769,0.40557333333333323,0.6369448373408769,False,False,0.8379294784099199,0.4713333333333333,0.512,1000,1500,0.20005987652956123,en,target_fpr,,,0.7311827956989247,0.0642656788766518,native,0.2,toxicity,encoder_minilm,EXP-007
es,few_label_32_strat,0.4302791670391287,0.12834506566276668,25,0.7242735125965791,0.03816601928625084,0.24403530895334177,0.2720792079207921,0.7356290877577158,0.7279207920792078,0.47210666666666673,0.7279207920792078,False,False,0.8379294784099199,0.4713333333333333,0.512,1000,1500,0.20005987652956123,en,target_fpr,,,0.7311827956989247,0.00690928310234562,native,0.2,toxicity,encoder_minilm,EXP-007
es,few_label_32_rand,0.4787699317229292,0.13459825970749745,25,0.7141526878874437,0.030575832941635465,0.21856242118537203,0.30466760961810463,0.750262179927728,0.6953323903818953,0.44328,0.6953323903818953,False,False,0.8379294784099199,0.4713333333333333,0.512,1000,1500,0.20005987652956123,en,target_fpr,,,0.7311827956989247,0.017030107811481066,native,0.2,toxicity,encoder_minilm,EXP-007
es,few_label_64_strat,0.4713120667012013,0.09266244223890184,25,0.7212697269231282,0.02352038632333337,0.21452711223203028,0.29799151343705804,0.7484930631012735,0.702008486562942,0.4442933333333333,0.702008486562942,False,False,0.8379294784099199,0.4713333333333333,0.512,1000,1500,0.20005987652956123,en,target_fpr,,,0.7311827956989247,0.009913068775796563,native,0.2,toxicity,encoder_minilm,EXP-007
es,few_label_64_rand,0.4165775320660769,0.08224653074280212,25,0.7338886063445145,0.01753922779968007,0.2444892812105927,0.25991513437057995,0.732380046657028,0.7400848656294201,0.47808,0.7400848656294201,False,False,0.8379294784099199,0.4713333333333333,0.512,1000,1500,0.20005987652956123,en,target_fpr,,,0.7311827956989247,-0.0027058106455897235,native,0.2,toxicity,encoder_minilm,EXP-007
es,few_label_128_strat,0.4607510044111101,0.07069240546560132,25,0.7259075468041587,0.017866169993940813,0.21952080706179067,0.2886562942008487,0.7451020974801784,0.7113437057991514,0.45133333333333325,0.7113437057991514,False,False,0.8379294784099199,0.4713333333333333,0.512,1000,1500,0.20005987652956123,en,target_fpr,,,0.7311827956989247,0.005275248894766049,native,0.2,toxicity,encoder_minilm,EXP-007
es,few_label_128_rand,0.44082424389181823,0.05402469390608502,25,0.7314449392617979,0.01180920895882535,0.22900378310214375,0.2746817538896747,0.7394819886290322,0.7253182461103255,0.4629333333333333,0.7253182461103255,False,False,0.8379294784099199,0.4713333333333333,0.512,1000,1500,0.20005987652956123,en,target_fpr,,,0.7311827956989247,-0.00026214356287312945,native,0.2,toxicity,encoder_minilm,EXP-007
es,few_label_256_strat,0.43425011312250356,0.04618761775834979,25,0.7337109137440939,0.007561594049900045,0.23293820933165196,0.2688543140028289,0.7375126808188571,0.731145685997171,0.46776,0.731145685997171,False,False,0.8379294784099199,0.4713333333333333,0.512,1000,1500,0.20005987652956123,en,target_fpr,,,0.7311827956989247,-0.00252811804516917,native,0.2,toxicity,encoder_minilm,EXP-007
es,few_label_256_rand,0.42711314853386084,0.04593467718582145,25,0.7348293208388792,0.00787298583562351,0.23631778058007563,0.2648939179632249,0.7356798347873782,0.7351060820367751,0.47141333333333335,0.7351060820367751,False,False,0.8379294784099199,0.4713333333333333,0.512,1000,1500,0.20005987652956123,en,target_fpr,,,0.7311827956989247,-0.0036465251399544485,native,0.2,toxicity,encoder_minilm,EXP-007
es,target_full,0.45014244986011365,0.0,1,0.7311827956989247,0.0,0.2244640605296343,0.27864214992927866,0.7412790697674418,0.7213578500707214,0.45866666666666667,0.7213578500707214,False,False,0.8379294784099199,0.4713333333333333,0.512,1000,1500,0.20005987652956123,en,target_fpr,0.707220895046982,0.7537269892834472,0.7311827956989247,0.0,native,0.2,toxicity,encoder_minilm,EXP-007
es,test_oracle_unachievable,0.4919445004397437,0.0,1,0.7223042836041359,0.0,0.19924337957124844,0.30834512022630833,0.7557959814528593,0.6916548797736917,0.43133333333333335,0.6916548797736917,False,False,0.8379294784099199,0.4713333333333333,0.512,1000,1500,0.20005987652956123,en,target_fpr,,,0.7311827956989247,0.008878512094788849,native,0.2,toxicity,encoder_minilm,EXP-007
fr,fixed_half,0.5,0.0,1,0.8262975778546713,0.0,0.15979381443298968,0.17541436464088397,0.8280166435506241,0.824585635359116,0.4806666666666667,0.824585635359116,False,False,0.9034501908070854,0.4826666666666667,0.517,1000,1500,0.20005987652956123,en,target_fpr,,,0.8309572301425663,0.004659652287895,native,0.2,toxicity,encoder_minilm,EXP-007
fr,source_global,0.20005987652956123,0.0,1,0.777019340159272,0.0,0.452319587628866,0.05662983425414365,0.660541586073501,0.9433701657458563,0.6893333333333334,0.9433701657458563,False,False,0.9034501908070854,0.4826666666666667,0.517,1000,1500,0.20005987652956123,en,target_fpr,0.7559555077475385,0.7995576926319786,0.8309572301425663,0.053937889983294296,native,0.2,toxicity,encoder_minilm,EXP-007
fr,pooled_global,0.5883324615187442,0.0,1,0.8096280087527352,0.0,0.11855670103092783,0.23342541436464087,0.8578052550231839,0.7665745856353591,0.43133333333333335,0.7665745856353591,False,False,0.9034501908070854,0.4826666666666667,0.517,1000,1500,0.20005987652956123,en,target_fpr,,,0.8309572301425663,0.021329221389831066,native,0.2,toxicity,encoder_minilm,EXP-007
fr,worstcase_global,0.8824684119638115,0.0,1,0.6259259259259259,0.0,0.023195876288659795,0.5331491712707183,0.949438202247191,0.46685082872928174,0.23733333333333334,0.46685082872928174,False,False,0.9034501908070854,0.4826666666666667,0.517,1000,1500,0.20005987652956123,en,target_fpr,,,0.8309572301425663,0.2050313042166404,native,0.2,toxicity,encoder_minilm,EXP-007
fr,quantile_match,0.3868345748042955,0.0,1,0.8244473342002601,0.0,0.23195876288659795,0.12430939226519337,0.7788697788697788,0.8756906077348067,0.5426666666666666,0.8756906077348067,False,False,0.9034501908070854,0.4826666666666667,0.517,1000,1500,0.20005987652956123,en,target_fpr,,,0.8309572301425663,0.006509895942306221,native,0.2,toxicity,encoder_minilm,EXP-007
fr,sld_em,0.1747512837747996,0.0,1,0.7646076794657763,0.0,0.49742268041237114,0.05110497237569061,0.6402609506057781,0.9488950276243094,0.7153333333333334,0.9488950276243094,False,False,0.9034501908070854,0.4826666666666667,0.517,1000,1500,0.20005987652956123,en,target_fpr,,,0.8309572301425663,0.06634955067678994,native,0.2,toxicity,encoder_minilm,EXP-007
fr,bbse,0.11170925745266552,0.0,1,0.7381076842655516,0.0,0.6224226804123711,0.024861878453038673,0.5937762825904122,0.9751381215469613,0.7926666666666666,0.9751381215469613,False,False,0.9034501908070854,0.4826666666666667,0.517,1000,1500,0.20005987652956123,en,target_fpr,,,0.8309572301425663,0.09284954587701466,native,0.2,toxicity,encoder_minilm,EXP-007
fr,few_label_8_strat,0.6734138305636435,0.17732149171067593,25,0.7335964714035709,0.14128914735495374,0.0997938144329897,0.3339779005524862,0.8818262803233357,0.6660220994475138,0.3730933333333333,0.6660220994475138,False,False,0.9034501908070854,0.4826666666666667,0.517,1000,1500,0.20005987652956123,en,target_fpr,,,0.8309572301425663,0.09736075873899541,native,0.2,toxicity,encoder_minilm,EXP-007
fr,few_label_8_rand,0.5746727207641752,0.21986252771372716,25,0.7585813753582928,0.1264213600561011,0.15762886597938144,0.26370165745856355,0.8412987135102997,0.7362983425414364,0.43693333333333334,0.7362983425414364,False,False,0.9034501908070854,0.4826666666666667,0.517,1000,1500,0.20005987652956123,en,target_fpr,,,0.8309572301425663,0.07237585478427344,native,0.2,toxicity,encoder_minilm,EXP-007
fr,few_label_16_strat,0.5808511947855713,0.1681730208639702,25,0.7782734746721434,0.11075772742363359,0.13597938144329896,0.25287292817679563,0.851230800471194,0.7471270718232045,0.43096,0.7471270718232045,False,False,0.9034501908070854,0.4826666666666667,0.517,1000,1500,0.20005987652956123,en,target_fpr,,,0.8309572301425663,0.05268375547042292,native,0.2,toxicity,encoder_minilm,EXP-007
fr,few_label_16_rand,0.5281055772598929,0.19822649129557726,25,0.7874557665271237,0.06532987986966418,0.1724742268041237,0.22055248618784531,0.8278273061752812,0.7794475138121547,0.46543999999999996,0.7794475138121547,False,False,0.9034501908070854,0.4826666666666667,0.517,1000,1500,0.20005987652956123,en,target_fpr,,,0.8309572301425663,0.043501463615442604,native,0.2,toxicity,encoder_minilm,EXP-007
fr,few_label_32_strat,0.4579734430874517,0.12005616153638665,25,0.818014281639319,0.02044869060429862,0.19592783505154643,0.1614364640883978,0.8066275575926701,0.8385635359116023,0.5061066666666667,0.8385635359116023,False,False,0.9034501908070854,0.4826666666666667,0.517,1000,1500,0.20005987652956123,en,target_fpr,,,0.8309572301425663,0.012942948503247287,native,0.2,toxicity,encoder_minilm,EXP-007
fr,few_label_32_rand,0.578238195689946,0.13997743571921986,25,0.7997379348424944,0.0372681505895764,0.1331958762886598,0.2343093922651934,0.851885726353256,0.7656906077348066,0.43848000000000004,0.7656906077348066,False,False,0.9034501908070854,0.4826666666666667,0.517,1000,1500,0.20005987652956123,en,target_fpr,,,0.8309572301425663,0.031219295300071837,native,0.2,toxicity,encoder_minilm,EXP-007
fr,few_label_64_strat,0.4890142171702406,0.10650651601852477,25,0.8183889420393653,0.010729154843290721,0.17675257731958766,0.17591160220994476,0.8187004098734696,0.8240883977900552,0.4892,0.8240883977900552,False,False,0.9034501908070854,0.4826666666666667,0.517,1000,1500,0.20005987652956123,en,target_fpr,,,0.8309572301425663,0.012568288103200986,native,0.2,toxicity,encoder_minilm,EXP-007
fr,few_label_64_rand,0.4887462242833703,0.10521007099548892,25,0.819890087501916,0.014156321723621879,0.1749484536082474,0.1741988950276243,0.8201463905652305,0.8258011049723756,0.48909333333333327,0.8258011049723756,False,False,0.9034501908070854,0.4826666666666667,0.517,1000,1500,0.20005987652956123,en,target_fpr,,,0.8309572301425663,0.01106714264065023,native,0.2,toxicity,encoder_minilm,EXP-007
fr,few_label_128_strat,0.4753213817444017,0.07403769983106077,25,0.8241933546905542,0.007766437236291481,0.17845360824742268,0.16469613259668506,0.8161728513174552,0.835303867403315,0.49549333333333334,0.835303867403315,False,False,0.9034501908070854,0.4826666666666667,0.517,1000,1500,0.20005987652956123,en,target_fpr,,,0.8309572301425663,0.006763875452012069,native,0.2,toxicity,encoder_minilm,EXP-007
fr,few_label_128_rand,0.46510836979414377,0.06738977224011486,25,0.8264017719518755,0.007040339689223295,0.18335051546391753,0.15729281767955802,0.8129128235555874,0.8427071823204421,0.5016000000000002,0.8427071823204421,False,False,0.9034501908070854,0.4826666666666667,0.517,1000,1500,0.20005987652956123,en,target_fpr,,,0.8309572301425663,0.004555458190690809,native,0.2,toxicity,encoder_minilm,EXP-007
fr,few_label_256_strat,0.47732059407847466,0.04521902378474809,25,0.8277032869580608,0.004235975256280106,0.1747938144329897,0.16160220994475138,0.8182764502073183,0.8383977900552485,0.4950933333333334,0.8383977900552485,False,False,0.9034501908070854,0.4826666666666667,0.517,1000,1500,0.20005987652956123,en,target_fpr,,,0.8309572301425663,0.003253943184505448,native,0.2,toxicity,encoder_minilm,EXP-007
fr,few_label_256_rand,0.4932635462380081,0.041857582942905314,25,0.8271714751634514,0.004943946097019583,0.16463917525773197,0.17011049723756905,0.8253822886764233,0.8298895027624309,0.48573333333333335,0.8298895027624309,False,False,0.9034501908070854,0.4826666666666667,0.517,1000,1500,0.20005987652956123,en,target_fpr,,,0.8309572301425663,0.0037857549791149303,native,0.2,toxicity,encoder_minilm,EXP-007
fr,target_full,0.47535263535177275,0.0,1,0.8309572301425663,0.0,0.17654639175257733,0.15469613259668508,0.8170894526034713,0.8453038674033149,0.49933333333333335,0.8453038674033149,False,False,0.9034501908070854,0.4826666666666667,0.517,1000,1500,0.20005987652956123,en,target_fpr,0.8112605030523464,0.8478774413698128,0.8309572301425663,0.0,native,0.2,toxicity,encoder_minilm,EXP-007
fr,test_oracle_unachievable,0.43891595899624414,0.0,1,0.8304405874499331,0.0,0.1958762886597938,0.1408839779005525,0.8036175710594315,0.8591160220994475,0.516,0.8591160220994475,False,False,0.9034501908070854,0.4826666666666667,0.517,1000,1500,0.20005987652956123,en,target_fpr,,,0.8309572301425663,0.0005166426926331846,native,0.2,toxicity,encoder_minilm,EXP-007
he,fixed_half,0.5,0.0,1,0.6067019400352733,0.0,0.43783783783783786,0.26180257510729615,0.5149700598802395,0.7381974248927039,0.5538971807628524,0.7381974248927039,False,False,0.7037002667903955,0.3864013266998342,0.43283582089552236,402,603,0.20005987652956123,en,target_fpr,,,0.5188916876574308,-0.08781025237784257,native,0.2,toxicity,encoder_minilm,EXP-007
he,source_global,0.20005987652956123,0.0,1,0.5916666666666667,0.0,0.7405405405405405,0.08583690987124463,0.43737166324435317,0.9141630901287554,0.8076285240464345,0.9141630901287554,True,False,0.7037002667903955,0.3864013266998342,0.43283582089552236,402,603,0.20005987652956123,en,target_fpr,0.5477402299488122,0.6344118409120352,0.5188916876574308,-0.07277497900923591,native,0.2,toxicity,encoder_minilm,EXP-007
he,pooled_global,0.5670651371741493,0.0,1,0.5880149812734081,0.0,0.3891891891891892,0.3261802575107296,0.521594684385382,0.6738197424892703,0.49917081260364843,0.6738197424892703,False,False,0.7037002667903955,0.3864013266998342,0.43283582089552236,402,603,0.20005987652956123,en,target_fpr,,,0.5188916876574308,-0.06912329361597735,native,0.2,toxicity,encoder_minilm,EXP-007
he,worstcase_global,0.8824684119638115,0.0,1,0.49066666666666664,0.0,0.13513513513513514,0.6051502145922747,0.647887323943662,0.3948497854077253,0.23548922056384744,0.3948497854077253,False,False,0.7037002667903955,0.3864013266998342,0.43283582089552236,402,603,0.20005987652956123,en,target_fpr,,,0.5188916876574308,0.028225020990764127,native,0.2,toxicity,encoder_minilm,EXP-007
he,quantile_match,0.5314808154471989,0.0,1,0.5981981981981982,0.0,0.42162162162162165,0.2875536480686695,0.515527950310559,0.7124463519313304,0.5339966832504146,0.7124463519313304,False,False,0.7037002667903955,0.3864013266998342,0.43283582089552236,402,603,0.20005987652956123,en,target_fpr,,,0.5188916876574308,-0.07930651054076743,native,0.2,toxicity,encoder_minilm,EXP-007
he,sld_em,0.09752397382326203,0.0,1,0.5805626598465473,0.0,0.8702702702702703,0.02575107296137339,0.4134790528233151,0.9742489270386266,0.9104477611940298,0.9742489270386266,True,False,0.7037002667903955,0.3864013266998342,0.43283582089552236,402,603,0.20005987652956123,en,target_fpr,,,0.5188916876574308,-0.061670972189116546,native,0.2,toxicity,encoder_minilm,EXP-007
he,bbse,0.06919022280180846,0.0,1,0.5764411027568923,0.0,0.9054054054054054,0.012875536480686695,0.40707964601769914,0.9871244635193133,0.9369817578772802,0.9871244635193133,True,False,0.7037002667903955,0.3864013266998342,0.43283582089552236,402,603,0.20005987652956123,en,target_fpr,,,0.5188916876574308,-0.05754941509946154,native,0.2,toxicity,encoder_minilm,EXP-007
he,few_label_8_strat,0.8966113037303896,0.09877054115312181,25,0.3798149945461911,0.16889235752393914,0.11459459459459459,0.6909871244635193,0.7034585890053022,0.30901287553648066,0.18971807628524048,0.30901287553648066,False,False,0.7037002667903955,0.3864013266998342,0.43283582089552236,402,603,0.20005987652956123,en,target_fpr,,,0.5188916876574308,0.13907669311123966,native,0.2,toxicity,encoder_minilm,EXP-007
he,few_label_8_rand,0.8125470729006965,0.14860235975583513,25,0.4819902349743477,0.10901840670574339,0.19524324324324327,0.5608583690987125,0.6339653019151092,0.4391416309012876,0.289485903814262,0.4391416309012876,False,False,0.7037002667903955,0.3864013266998342,0.43283582089552236,402,603,0.20005987652956123,en,target_fpr,,,0.5188916876574308,0.03690145268308309,native,0.2,toxicity,encoder_minilm,EXP-007
he,few_label_16_strat,0.816952476144063,0.13861125906091595,25,0.4923973993598497,0.06691349339561141,0.19124324324324324,0.5594849785407725,0.6294640187808672,0.4405150214592275,0.2875621890547264,0.4405150214592275,False,False,0.7037002667903955,0.3864013266998342,0.43283582089552236,402,603,0.20005987652956123,en,target_fpr,,,0.5188916876574308,0.026494288297581048,native,0.2,toxicity,encoder_minilm,EXP-007
he,few_label_16_rand,0.8492042201397845,0.0859271496367847,25,0.4905232103711898,0.05370467664346748,0.1677837837837838,0.5807725321888412,0.6326246785934648,0.41922746781115877,0.26494195688225536,0.41922746781115877,False,False,0.7037002667903955,0.3864013266998342,0.43283582089552236,402,603,0.20005987652956123,en,target_fpr,,,0.5188916876574308,0.02836847728624098,native,0.2,toxicity,encoder_minilm,EXP-007
he,few_label_32_strat,0.8357086257469172,0.0992072606002563,25,0.5098903126519673,0.034981190546226976,0.1772972972972973,0.5565665236051501,0.6245165824488148,0.44343347639484976,0.2801326699834163,0.44343347639484976,False,False,0.7037002667903955,0.3864013266998342,0.43283582089552236,402,603,0.20005987652956123,en,target_fpr,,,0.5188916876574308,0.009001375005463497,native,0.2,toxicity,encoder_minilm,EXP-007
he,few_label_32_rand,0.8588530779525435,0.06126246091730436,25,0.49464341814722074,0.03701205532699818,0.1596756756756757,0.5840343347639485,0.6335355073879508,0.4159656652360515,0.25870646766169153,0.4159656652360515,False,False,0.7037002667903955,0.3864013266998342,0.43283582089552236,402,603,0.20005987652956123,en,target_fpr,,,0.5188916876574308,0.02424826951021003,native,0.2,toxicity,encoder_minilm,EXP-007
he,few_label_64_strat,0.8494502407132398,0.04756909128609861,25,0.5095048915705678,0.026556244347404598,0.17221621621621622,0.5624034334763949,0.6231173740154387,0.4375965665236051,0.27475953565505806,0.4375965665236051,False,False,0.7037002667903955,0.3864013266998342,0.43283582089552236,402,603,0.20005987652956123,en,target_fpr,,,0.5188916876574308,0.009386796086862992,native,0.2,toxicity,encoder_minilm,EXP-007
he,few_label_64_rand,0.861602714031758,0.043639875894495576,25,0.4999098607984653,0.031873314090774485,0.15632432432432433,0.5814592274678111,0.6350065339270643,0.4185407725321889,0.2576451077943615,0.4185407725321889,False,False,0.7037002667903955,0.3864013266998342,0.43283582089552236,402,603,0.20005987652956123,en,target_fpr,,,0.5188916876574308,0.01898182685896549,native,0.2,toxicity,encoder_minilm,EXP-007
he,few_label_128_strat,0.868758818805444,0.020702190069694648,25,0.5022312713850469,0.013641693232317124,0.15016216216216216,0.584206008583691,0.637257588182051,0.415793991416309,0.25280265339966834,0.415793991416309,False,False,0.7037002667903955,0.3864013266998342,0.43283582089552236,402,603,0.20005987652956123,en,target_fpr,,,0.5188916876574308,0.016660416272383904,native,0.2,toxicity,encoder_minilm,EXP-007
he,few_label_128_rand,0.8583053514321827,0.02024208741591617,25,0.5108598476488315,0.013651685931128971,0.1615135135135135,0.568412017167382,0.6290605557555571,0.431587982832618,0.26587064676616917,0.431587982832618,False,False,0.7037002667903955,0.3864013266998342,0.43283582089552236,402,603,0.20005987652956123,en,target_fpr,,,0.5188916876574308,0.008031840008599245,native,0.2,toxicity,encoder_minilm,EXP-007
he,few_label_256_strat,0.8589151390263866,0.016702275039018635,25,0.5116652065608991,0.009059644202060905,0.160972972972973,0.5680686695278969,0.6293933560565942,0.431931330472103,0.26567164179104474,0.431931330472103,False,False,0.7037002667903955,0.3864013266998342,0.43283582089552236,402,603,0.20005987652956123,en,target_fpr,,,0.5188916876574308,0.007226481096531678,native,0.2,toxicity,encoder_minilm,EXP-007
he,few_label_256_rand,0.859537663788829,0.012965210937066717,25,0.5116887864110553,0.009702938067283545,0.1588108108108108,0.5692703862660944,0.6313311667852695,0.4307296137339056,0.2638805970149254,0.4307296137339056,False,False,0.7037002667903955,0.3864013266998342,0.43283582089552236,402,603,0.20005987652956123,en,target_fpr,,,0.5188916876574308,0.007202901246375459,native,0.2,toxicity,encoder_minilm,EXP-007
he,target_full,0.8544926339761081,0.0,1,0.5188916876574308,0.0,0.16486486486486487,0.5579399141630901,0.6280487804878049,0.44206008583690987,0.27197346600331673,0.44206008583690987,False,False,0.7037002667903955,0.3864013266998342,0.43283582089552236,402,603,0.20005987652956123,en,target_fpr,0.4614987080103359,0.579884110392585,0.5188916876574308,0.0,native,0.2,toxicity,encoder_minilm,EXP-007
he,test_oracle_unachievable,0.8303080167154286,0.0,1,0.5169082125603864,0.0,0.2,0.5407725321888412,0.5911602209944752,0.4592274678111588,0.30016583747927034,0.4592274678111588,False,False,0.7037002667903955,0.3864013266998342,0.43283582089552236,402,603,0.20005987652956123,en,target_fpr,,,0.5188916876574308,0.0019834750970443293,native,0.2,toxicity,encoder_minilm,EXP-007
hi,fixed_half,0.5,0.0,1,0.6378466557911908,0.0,0.11214953271028037,0.4793608521970706,0.8231578947368421,0.5206391478029294,0.31666666666666665,0.5206391478029294,False,False,0.8242983543081854,0.5006666666666667,0.519,1000,1500,0.20005987652956123,en,target_fpr,,,0.7162258756254468,0.078379219834256,native,0.2,toxicity,encoder_minilm,EXP-007
hi,source_global,0.20005987652956123,0.0,1,0.7576499388004897,0.0,0.35246995994659547,0.17576564580559254,0.7010192525481314,0.8242343541944075,0.5886666666666667,0.8242343541944075,False,False,0.8242983543081854,0.5006666666666667,0.519,1000,1500,0.20005987652956123,en,target_fpr,0.7344754903101227,0.7810451604246529,0.7162258756254468,-0.04142406317504288,native,0.2,toxicity,encoder_minilm,EXP-007
hi,pooled_global,0.5973692643139425,0.0,1,0.5855379188712523,0.0,0.06809078771695594,0.5579227696404794,0.8668407310704961,0.4420772303595206,0.25533333333333336,0.4420772303595206,False,False,0.8242983543081854,0.5006666666666667,0.519,1000,1500,0.20005987652956123,en,target_fpr,,,0.7162258756254468,0.13068795675419453,native,0.2,toxicity,encoder_minilm,EXP-007
hi,worstcase_global,0.8824684119638115,0.0,1,0.31011235955056177,0.0,0.0013351134846461949,0.8162450066577897,0.9928057553956835,0.18375499334221038,0.09266666666666666,0.18375499334221038,False,False,0.8242983543081854,0.5006666666666667,0.519,1000,1500,0.20005987652956123,en,target_fpr,,,0.7162258756254468,0.40611351607488505,native,0.2,toxicity,encoder_minilm,EXP-007
hi,quantile_match,0.21181319516505812,0.0,1,0.7552795031055901,0.0,0.33511348464619495,0.1904127829560586,0.7077997671711292,0.8095872170439414,0.5726666666666667,0.8095872170439414,False,False,0.8242983543081854,0.5006666666666667,0.519,1000,1500,0.20005987652956123,en,target_fpr,,,0.7162258756254468,-0.039053627480143294,native,0.2,toxicity,encoder_minilm,EXP-007
hi,sld_em,0.46935686284468353,0.0,1,0.6576433121019108,0.0,0.12283044058744993,0.45006657789613846,0.8178217821782178,0.5499334221038615,0.33666666666666667,0.5499334221038615,False,False,0.8242983543081854,0.5006666666666667,0.519,1000,1500,0.20005987652956123,en,target_fpr,,,0.7162258756254468,0.05858256352353597,native,0.2,toxicity,encoder_minilm,EXP-007
hi,bbse,0.18831631012780758,0.0,1,0.7607510599636583,0.0,0.36315086782376504,0.16378162450066577,0.6977777777777778,0.8362183754993342,0.6,0.8362183754993342,False,False,0.8242983543081854,0.5006666666666667,0.519,1000,1500,0.20005987652956123,en,target_fpr,,,0.7162258756254468,-0.04452518433821151,native,0.2,toxicity,encoder_minilm,EXP-007
hi,few_label_8_strat,0.5476482213436517,0.2222808463632484,25,0.5854606185528504,0.13944352269910948,0.12213618157543392,0.5063115845539281,0.8522687807306145,0.49368841544607195,0.30816,0.49368841544607195,False,False,0.8242983543081854,0.5006666666666667,0.519,1000,1500,0.20005987652956123,en,target_fpr,,,0.7162258756254468,0.13076525707259645,native,0.2,toxicity,encoder_minilm,EXP-007
hi,few_label_8_rand,0.47847804136504535,0.22148270884219895,25,0.6271725170635102,0.12498263009803093,0.16106809078771694,0.44202396804260985,0.8243621115882032,0.5579760319573901,0.3597866666666667,0.5579760319573901,False,False,0.8242983543081854,0.5006666666666667,0.519,1000,1500,0.20005987652956123,en,target_fpr,,,0.7162258756254468,0.08905335856193664,native,0.2,toxicity,encoder_minilm,EXP-007
hi,few_label_16_strat,0.4527394799106677,0.18489701918198043,25,0.6494978051228699,0.09964344692968698,0.16379172229639521,0.4209853528628495,0.8106247878037027,0.5790146471371505,0.37168,0.5790146471371505,False,False,0.8242983543081854,0.5006666666666667,0.519,1000,1500,0.20005987652956123,en,target_fpr,,,0.7162258756254468,0.0667280705025769,native,0.2,toxicity,encoder_minilm,EXP-007
hi,few_label_16_rand,0.4360551088273556,0.21502233879996224,25,0.651210612935149,0.10496637326497611,0.18755674232309744,0.40191744340878827,0.8047222309578985,0.5980825565912117,0.39309333333333335,0.5980825565912117,False,False,0.8242983543081854,0.5006666666666667,0.519,1000,1500,0.20005987652956123,en,target_fpr,,,0.7162258756254468,0.06501526269029778,native,0.2,toxicity,encoder_minilm,EXP-007
hi,few_label_32_strat,0.3763906649447012,0.12535717139357852,25,0.6936459761722554,0.05429831583742227,0.19791722296395192,0.35584553928095874,0.7788393097461601,0.6441544607190413,0.42133333333333334,0.6441544607190413,False,False,0.8242983543081854,0.5006666666666667,0.519,1000,1500,0.20005987652956123,en,target_fpr,,,0.7162258756254468,0.022579899453191388,native,0.2,toxicity,encoder_minilm,EXP-007
hi,few_label_32_rand,0.3903948494931429,0.12503014904365145,25,0.6893817832838929,0.05893882111931651,0.18317757009345795,0.3695339547270306,0.7885717320778497,0.6304660452729695,0.40712000000000004,0.6304660452729695,False,False,0.8242983543081854,0.5006666666666667,0.519,1000,1500,0.20005987652956123,en,target_fpr,,,0.7162258756254468,0.026844092341553938,native,0.2,toxicity,encoder_minilm,EXP-007
hi,few_label_64_strat,0.32555257103991553,0.08518888095927782,25,0.7180131437459606,0.034281404036700346,0.2307076101468625,0.3070039946737683,0.7569140928151988,0.6929960053262316,0.46216,0.6929960053262316,False,False,0.8242983543081854,0.5006666666666667,0.519,1000,1500,0.20005987652956123,en,target_fpr,,,0.7162258756254468,-0.0017872681205137742,native,0.2,toxicity,encoder_minilm,EXP-007
hi,few_label_64_rand,0.3564852976674741,0.10634726652267688,25,0.7050733464719247,0.04574534337047746,0.20683578104138853,0.33715046604527293,0.7723608247666612,0.662849533954727,0.4351466666666666,0.662849533954727,False,False,0.8242983543081854,0.5006666666666667,0.519,1000,1500,0.20005987652956123,en,target_fpr,,,0.7162258756254468,0.011152529153522162,native,0.2,toxicity,encoder_minilm,EXP-007
hi,few_label_128_strat,0.38496146228382777,0.05394872496123981,25,0.6982662455844271,0.022007695366020093,0.176128170894526,0.36788282290279634,0.7849209581549741,0.6321171770972037,0.40442666666666666,0.6321171770972037,False,False,0.8242983543081854,0.5006666666666667,0.519,1000,1500,0.20005987652956123,en,target_fpr,,,0.7162258756254468,0.017959630041019747,native,0.2,toxicity,encoder_minilm,EXP-007
hi,few_label_128_rand,0.35830660964101957,0.04949848871267265,25,0.709636212255499,0.01943183591673795,0.19327102803738316,0.34274300932090546,0.7755961705164158,0.6572569906790946,0.4255733333333334,0.6572569906790946,False,False,0.8242983543081854,0.5006666666666667,0.519,1000,1500,0.20005987652956123,en,target_fpr,,,0.7162258756254468,0.006589663369947818,native,0.2,toxicity,encoder_minilm,EXP-007
hi,few_label_256_strat,0.3429564437644273,0.03858763915726139,25,0.7154229427132093,0.015062609942282016,0.20256341789052068,0.3298002663115846,0.769743715756588,0.6701997336884155,0.4366933333333333,0.6701997336884155,False,False,0.8242983543081854,0.5006666666666667,0.519,1000,1500,0.20005987652956123,en,target_fpr,,,0.7162258756254468,0.0008029329122375417,native,0.2,toxicity,encoder_minilm,EXP-007
hi,few_label_256_rand,0.36497234075085033,0.042366027004864824,25,0.7074047015724803,0.016272183259455366,0.18702269692923898,0.34977363515312926,0.7786344425823281,0.6502263648468707,0.4189333333333333,0.6502263648468707,False,False,0.8242983543081854,0.5006666666666667,0.519,1000,1500,0.20005987652956123,en,target_fpr,,,0.7162258756254468,0.008821174052966563,native,0.2,toxicity,encoder_minilm,EXP-007
hi,target_full,0.3435572077821064,0.0,1,0.7162258756254468,0.0,0.19626168224299065,0.33288948069241014,0.7731481481481481,0.6671105193075899,0.432,0.6671105193075899,False,False,0.8242983543081854,0.5006666666666667,0.519,1000,1500,0.20005987652956123,en,target_fpr,0.6915084418034333,0.742289071857969,0.7162258756254468,0.0,native,0.2,toxicity,encoder_minilm,EXP-007
hi,test_oracle_unachievable,0.33738274092277687,0.0,1,0.7215909090909091,0.0,0.19893190921228304,0.3235685752330226,0.7732115677321156,0.6764314247669774,0.438,0.6764314247669774,False,False,0.8242983543081854,0.5006666666666667,0.519,1000,1500,0.20005987652956123,en,target_fpr,,,0.7162258756254468,-0.005365033465462243,native,0.2,toxicity,encoder_minilm,EXP-007
hin,fixed_half,0.5,0.0,1,0.3638320775026911,0.0,0.13971742543171115,0.7481371087928465,0.6550387596899225,0.2518628912071535,0.19724770642201836,0.2518628912071535,False,False,0.5787713457502685,0.5129969418960245,0.4868270332187858,873,1308,0.20005987652956123,en,target_fpr,,,0.40447154471544716,0.040639467212756075,native,0.2,toxicity,encoder_minilm,EXP-007
hin,source_global,0.20005987652956123,0.0,1,0.5207667731629394,0.0,0.4003139717425432,0.5141579731743666,0.5611015490533563,0.4858420268256334,0.4441896024464832,0.4858420268256334,False,False,0.5787713457502685,0.5129969418960245,0.4868270332187858,873,1308,0.20005987652956123,en,target_fpr,0.4874295859412614,0.5568955789863116,0.40447154471544716,-0.11629522844749224,native,0.2,toxicity,encoder_minilm,EXP-007
hin,pooled_global,0.58999883696423,0.0,1,0.3029612756264237,0.0,0.11616954474097331,0.8017883755588674,0.642512077294686,0.19821162444113263,0.15825688073394495,0.19821162444113263,False,False,0.5787713457502685,0.5129969418960245,0.4868270332187858,873,1308,0.20005987652956123,en,target_fpr,,,0.40447154471544716,0.10151026908902344,native,0.2,toxicity,encoder_minilm,EXP-007
hin,worstcase_global,0.8824684119638115,0.0,1,0.10277777777777779,0.0,0.018838304552590265,0.9448584202682563,0.7551020408163265,0.05514157973174367,0.03746177370030581,0.05514157973174367,False,False,0.5787713457502685,0.5129969418960245,0.4868270332187858,873,1308,0.20005987652956123,en,target_fpr,,,0.40447154471544716,0.30169376693766936,native,0.2,toxicity,encoder_minilm,EXP-007
hin,quantile_match,0.13846122171670275,0.0,1,0.5792426367461432,0.0,0.5368916797488226,0.38450074515648286,0.5470198675496689,0.6154992548435171,0.577217125382263,0.6154992548435171,False,False,0.5787713457502685,0.5129969418960245,0.4868270332187858,873,1308,0.20005987652956123,en,target_fpr,,,0.40447154471544716,-0.17477109203069602,native,0.2,toxicity,encoder_minilm,EXP-007
hin,sld_em,0.7984767535928795,0.0,1,0.17038007863695936,0.0,0.0423861852433281,0.9031296572280179,0.7065217391304348,0.09687034277198212,0.07033639143730887,0.09687034277198212,False,False,0.5787713457502685,0.5129969418960245,0.4868270332187858,873,1308,0.20005987652956123,en,target_fpr,,,0.40447154471544716,0.2340914660784878,native,0.2,toxicity,encoder_minilm,EXP-007
hin,bbse,0.3302956751268656,0.0,1,0.4438149197355996,0.0,0.2401883830455259,0.6497764530551415,0.6056701030927835,0.3502235469448584,0.2966360856269113,0.3502235469448584,False,False,0.5787713457502685,0.5129969418960245,0.4868270332187858,873,1308,0.20005987652956123,en,target_fpr,,,0.40447154471544716,-0.03934337502015245,native,0.2,toxicity,encoder_minilm,EXP-007
hin,few_label_8_strat,0.5206961291881065,0.2446251111744904,25,0.3394075451147072,0.15640253444212643,0.18737833594976455,0.7288226527570789,0.6544187646944664,0.27117734724292103,0.2303669724770642,0.27117734724292103,False,False,0.5787713457502685,0.5129969418960245,0.4868270332187858,873,1308,0.20005987652956123,en,target_fpr,,,0.40447154471544716,0.06506399960073994,native,0.2,toxicity,encoder_minilm,EXP-007
hin,few_label_8_rand,0.45950623029187226,0.2656294829320415,25,0.3720898473261915,0.16892571801115833,0.22888540031397178,0.6866766020864382,0.6441582473850572,0.3133233979135619,0.2722018348623853,0.3133233979135619,False,False,0.5787713457502685,0.5129969418960245,0.4868270332187858,873,1308,0.20005987652956123,en,target_fpr,,,0.40447154471544716,0.03238169738925567,native,0.2,toxicity,encoder_minilm,EXP-007
hin,few_label_16_strat,0.4962249760582687,0.23850366664739436,25,0.34919750909181224,0.14564094846605743,0.18317111459968605,0.7293591654247392,0.6511960782138059,0.2706408345752608,0.22804281345565752,0.2706408345752608,False,False,0.5787713457502685,0.5129969418960245,0.4868270332187858,873,1308,0.20005987652956123,en,target_fpr,,,0.40447154471544716,0.05527403562363492,native,0.2,toxicity,encoder_minilm,EXP-007
hin,few_label_16_rand,0.49866991805979777,0.23055390402719866,25,0.3480873986785633,0.14575423847172492,0.17846153846153848,0.732220566318927,0.6452416367382473,0.26777943368107304,0.22428134556574925,0.26777943368107304,False,False,0.5787713457502685,0.5129969418960245,0.4868270332187858,873,1308,0.20005987652956123,en,target_fpr,,,0.40447154471544716,0.05638414603688385,native,0.2,toxicity,encoder_minilm,EXP-007
hin,few_label_32_strat,0.45256515333596636,0.18788569030056176,25,0.3778213304421755,0.11083849159434808,0.1965463108320251,0.7087332339791356,0.6259578070853921,0.2912667660208644,0.2451376146788991,0.2912667660208644,False,False,0.5787713457502685,0.5129969418960245,0.4868270332187858,873,1308,0.20005987652956123,en,target_fpr,,,0.40447154471544716,0.02665021427327169,native,0.2,toxicity,encoder_minilm,EXP-007
hin,few_label_32_rand,0.5024633648186103,0.1899111909168888,25,0.35077379519664625,0.1123018742488496,0.17061224489795918,0.7381222056631893,0.6397794970134478,0.26187779433681074,0.21743119266055047,0.26187779433681074,False,False,0.5787713457502685,0.5129969418960245,0.4868270332187858,873,1308,0.20005987652956123,en,target_fpr,,,0.40447154471544716,0.05369774951880091,native,0.2,toxicity,encoder_minilm,EXP-007
hin,few_label_64_strat,0.4036401005336061,0.09548326964301468,25,0.41326914448689755,0.048340891767922646,0.20138147566718995,0.686080476900149,0.6273351095931687,0.313919523099851,0.2591131498470948,0.313919523099851,False,False,0.5787713457502685,0.5129969418960245,0.4868270332187858,873,1308,0.20005987652956123,en,target_fpr,,,0.40447154471544716,-0.008797599771450393,native,0.2,toxicity,encoder_minilm,EXP-007
hin,few_label_64_rand,0.4680143052568969,0.12380936943627234,25,0.3774531709226212,0.07100799062084999,0.16985871271585556,0.7239940387481372,0.6383431758072515,0.27600596125186294,0.22431192660550459,0.27600596125186294,False,False,0.5787713457502685,0.5129969418960245,0.4868270332187858,873,1308,0.20005987652956123,en,target_fpr,,,0.40447154471544716,0.027018373792825956,native,0.2,toxicity,encoder_minilm,EXP-007
hin,few_label_128_strat,0.4128864667142287,0.08814729722989853,25,0.40620428823735366,0.047609205919200356,0.19145996860282571,0.6960357675111771,0.629331972834725,0.30396423248882265,0.24917431192660555,0.30396423248882265,False,False,0.5787713457502685,0.5129969418960245,0.4868270332187858,873,1308,0.20005987652956123,en,target_fpr,,,0.40447154471544716,-0.001732743521906499,native,0.2,toxicity,encoder_minilm,EXP-007
hin,few_label_128_rand,0.42040716071545964,0.0776659142417669,25,0.4032875465031638,0.038193515156186936,0.1853061224489796,0.7009239940387482,0.6330724245954112,0.29907600596125183,0.24366972477064222,0.29907600596125183,False,False,0.5787713457502685,0.5129969418960245,0.4868270332187858,873,1308,0.20005987652956123,en,target_fpr,,,0.40447154471544716,0.001183998212283377,native,0.2,toxicity,encoder_minilm,EXP-007
hin,few_label_256_strat,0.4057193725919832,0.05742936596708181,25,0.4139499144633503,0.025502347916627942,0.19202511773940345,0.6903725782414305,0.6317028898980329,0.30962742175856933,0.2523547400611621,0.30962742175856933,False,False,0.5787713457502685,0.5129969418960245,0.4868270332187858,873,1308,0.20005987652956123,en,target_fpr,,,0.40447154471544716,-0.009478369747903115,native,0.2,toxicity,encoder_minilm,EXP-007
hin,few_label_256_rand,0.39492681431397025,0.05492399294930714,25,0.41588856493763815,0.024620217516732924,0.19792778649921508,0.6871535022354694,0.6269104578562729,0.31284649776453055,0.25688073394495414,0.31284649776453055,False,False,0.5787713457502685,0.5129969418960245,0.4868270332187858,873,1308,0.20005987652956123,en,target_fpr,,,0.40447154471544716,-0.011417020222190988,native,0.2,toxicity,encoder_minilm,EXP-007
hin,target_full,0.4208543928988304,0.0,1,0.40447154471544716,0.0,0.17896389324960754,0.7034277198211625,0.6357827476038339,0.2965722801788376,0.2392966360856269,0.2965722801788376,False,False,0.5787713457502685,0.5129969418960245,0.4868270332187858,873,1308,0.20005987652956123,en,target_fpr,0.3652643538922824,0.4476449830918675,0.40447154471544716,0.0,native,0.2,toxicity,encoder_minilm,EXP-007
hin,test_oracle_unachievable,0.3824909942775166,0.0,1,0.4229249011857707,0.0,0.19937205651491366,0.6810730253353204,0.6275659824046921,0.31892697466467956,0.2607033639143731,0.31892697466467956,False,False,0.5787713457502685,0.5129969418960245,0.4868270332187858,873,1308,0.20005987652956123,en,target_fpr,,,0.40447154471544716,-0.018453356470323534,native,0.2,toxicity,encoder_minilm,EXP-007
it,fixed_half,0.5,0.0,1,0.6491103202846975,0.0,0.2825520833333333,0.3770491803278688,0.6775631500742942,0.6229508196721312,0.44866666666666666,0.6229508196721312,False,False,0.7182145804872495,0.488,0.497,1000,1500,0.20005987652956123,en,target_fpr,,,0.5770171149144254,-0.07209320537027208,native,0.2,toxicity,encoder_minilm,EXP-007
it,source_global,0.20005987652956123,0.0,1,0.6765840220385675,0.0,0.6106770833333334,0.16120218579234974,0.566943674976916,0.8387978142076503,0.722,0.8387978142076503,False,False,0.7182145804872495,0.488,0.497,1000,1500,0.20005987652956123,en,target_fpr,0.6481717347956131,0.6989348755109625,0.5770171149144254,-0.09956690712414207,native,0.2,toxicity,encoder_minilm,EXP-007
it,pooled_global,0.5729340436872182,0.0,1,0.6006191950464396,0.0,0.22395833333333334,0.46994535519125685,0.6928571428571428,0.5300546448087432,0.37333333333333335,0.5300546448087432,False,False,0.7182145804872495,0.488,0.497,1000,1500,0.20005987652956123,en,target_fpr,,,0.5770171149144254,-0.023602080132014147,native,0.2,toxicity,encoder_minilm,EXP-007
it,worstcase_global,0.8824684119638115,0.0,1,0.3401950162513543,0.0,0.044270833333333336,0.7855191256830601,0.8219895287958116,0.21448087431693988,0.12733333333333333,0.21448087431693988,False,False,0.7182145804872495,0.488,0.497,1000,1500,0.20005987652956123,en,target_fpr,,,0.5770171149144254,0.23682209866307113,native,0.2,toxicity,encoder_minilm,EXP-007
it,quantile_match,0.3634795822944178,0.0,1,0.66751269035533,0.0,0.4140625,0.2814207650273224,0.6232227488151659,0.7185792349726776,0.5626666666666666,0.7185792349726776,False,False,0.7182145804872495,0.488,0.497,1000,1500,0.20005987652956123,en,target_fpr,,,0.5770171149144254,-0.09049557544090459,native,0.2,toxicity,encoder_minilm,EXP-007
it,sld_em,0.25035974721547827,0.0,1,0.677382319173364,0.0,0.546875,0.19398907103825136,0.5841584158415841,0.8060109289617486,0.6733333333333333,0.8060109289617486,False,False,0.7182145804872495,0.488,0.497,1000,1500,0.20005987652956123,en,target_fpr,,,0.5770171149144254,-0.10036520425893858,native,0.2,toxicity,encoder_minilm,EXP-007
it,bbse,0.09909912085229085,0.0,1,0.6742574257425743,0.0,0.7903645833333334,0.06967213114754098,0.5287267080745341,0.930327868852459,0.8586666666666667,0.930327868852459,True,False,0.7182145804872495,0.488,0.497,1000,1500,0.20005987652956123,en,target_fpr,,,0.5770171149144254,-0.09724031082814888,native,0.2,toxicity,encoder_minilm,EXP-007
it,few_label_8_strat,0.7517968841270699,0.17021901197038997,25,0.4421769592591493,0.15364262411798127,0.12369791666666666,0.6520765027322405,0.7719450891727502,0.3479234972677595,0.23312000000000002,0.3479234972677595,False,False,0.7182145804872495,0.488,0.497,1000,1500,0.20005987652956123,en,target_fpr,,,0.5770171149144254,0.13484015565527613,native,0.2,toxicity,encoder_minilm,EXP-007
it,few_label_8_rand,0.5758143437208594,0.21379227369218282,25,0.5651812396187023,0.10028795768214549,0.2509375,0.47765027322404374,0.7032078630423991,0.5223497267759563,0.3833866666666666,0.5223497267759563,False,False,0.7182145804872495,0.488,0.497,1000,1500,0.20005987652956123,en,target_fpr,,,0.5770171149144254,0.011835875295723164,native,0.2,toxicity,encoder_minilm,EXP-007
it,few_label_16_strat,0.6553945503058374,0.1801056087090431,25,0.5253774547524239,0.1254739262607422,0.18484375,0.5497814207650273,0.7322497498935424,0.4502185792349727,0.31434666666666666,0.4502185792349727,False,False,0.7182145804872495,0.488,0.497,1000,1500,0.20005987652956123,en,target_fpr,,,0.5770171149144254,0.0516396601620015,native,0.2,toxicity,encoder_minilm,EXP-007
it,few_label_16_rand,0.5970758500517852,0.18444326262526137,25,0.5628994055676816,0.1109016890514713,0.226875,0.49191256830601093,0.7111624055590474,0.5080874316939891,0.36410666666666663,0.5080874316939891,False,False,0.7182145804872495,0.488,0.497,1000,1500,0.20005987652956123,en,target_fpr,,,0.5770171149144254,0.014117709346743834,native,0.2,toxicity,encoder_minilm,EXP-007
it,few_label_32_strat,0.622949814639669,0.14552862325590146,25,0.5609633124283906,0.09332365135540845,0.20083333333333336,0.5119672131147541,0.7173576463459118,0.48803278688524593,0.3409866666666666,0.48803278688524593,False,False,0.7182145804872495,0.488,0.497,1000,1500,0.20005987652956123,en,target_fpr,,,0.5770171149144254,0.01605380248603483,native,0.2,toxicity,encoder_minilm,EXP-007
it,few_label_32_rand,0.6220451366198511,0.09804847238806648,25,0.5725651241748182,0.06413384022929489,0.19317708333333333,0.51,0.7157852872545515,0.49,0.3380266666666667,0.49,False,False,0.7182145804872495,0.488,0.497,1000,1500,0.20005987652956123,en,target_fpr,,,0.5770171149144254,0.004451990739607226,native,0.2,toxicity,encoder_minilm,EXP-007
it,few_label_64_strat,0.609000078083958,0.0751389946318528,25,0.5839667076043953,0.044115404251223025,0.20036458333333332,0.4966120218579235,0.7105614568738889,0.5033879781420765,0.34824000000000005,0.5033879781420765,False,False,0.7182145804872495,0.488,0.497,1000,1500,0.20005987652956123,en,target_fpr,,,0.5770171149144254,-0.0069495926899698635,native,0.2,toxicity,encoder_minilm,EXP-007
it,few_label_64_rand,0.6064752627424038,0.0788538394815044,25,0.5855229000339992,0.04847154657640207,0.20338541666666668,0.4928415300546448,0.7091517410811408,0.5071584699453552,0.35162666666666664,0.5071584699453552,False,False,0.7182145804872495,0.488,0.497,1000,1500,0.20005987652956123,en,target_fpr,,,0.5770171149144254,-0.008505785119573783,native,0.2,toxicity,encoder_minilm,EXP-007
it,few_label_128_strat,0.6307801282463197,0.061431792624135416,25,0.5739737951887046,0.03948559499316194,0.18145833333333336,0.5179234972677595,0.7201907114079898,0.4820765027322404,0.32816,0.4820765027322404,False,False,0.7182145804872495,0.488,0.497,1000,1500,0.20005987652956123,en,target_fpr,,,0.5770171149144254,0.0030433197257208056,native,0.2,toxicity,encoder_minilm,EXP-007
it,few_label_128_rand,0.6443673521119231,0.05347742722155559,25,0.5642465200245459,0.03303642073410472,0.1728125,0.5336065573770491,0.7230964152191751,0.46639344262295085,0.31608,0.46639344262295085,False,False,0.7182145804872495,0.488,0.497,1000,1500,0.20005987652956123,en,target_fpr,,,0.5770171149144254,0.012770594889879527,native,0.2,toxicity,encoder_minilm,EXP-007
it,few_label_256_strat,0.6294855602590883,0.04210650546320422,25,0.5741306322976674,0.02567092266741756,0.18369791666666668,0.518415300546448,0.7157921856375603,0.4815846994535519,0.3290666666666667,0.4815846994535519,False,False,0.7182145804872495,0.488,0.497,1000,1500,0.20005987652956123,en,target_fpr,,,0.5770171149144254,0.002886482616758057,native,0.2,toxicity,encoder_minilm,EXP-007
it,few_label_256_rand,0.613711313448555,0.044525209874289075,25,0.5835944951334369,0.026907973169691526,0.19494791666666664,0.5021857923497268,0.7103599086960881,0.4978142076502732,0.3427466666666666,0.4978142076502732,False,False,0.7182145804872495,0.488,0.497,1000,1500,0.20005987652956123,en,target_fpr,,,0.5770171149144254,-0.006577380219011442,native,0.2,toxicity,encoder_minilm,EXP-007
it,target_full,0.6281971464426874,0.0,1,0.5770171149144254,0.0,0.18359375,0.5163934426229508,0.7151515151515152,0.48360655737704916,0.33,0.48360655737704916,False,False,0.7182145804872495,0.488,0.497,1000,1500,0.20005987652956123,en,target_fpr,0.5449780395674545,0.6073056870062881,0.5770171149144254,0.0,native,0.2,toxicity,encoder_minilm,EXP-007
it,test_oracle_unachievable,0.6179182108483676,0.0,1,0.5810593900481542,0.0,0.19791666666666666,0.505464480874317,0.7042801556420234,0.49453551912568305,0.3426666666666667,0.49453551912568305,False,False,0.7182145804872495,0.488,0.497,1000,1500,0.20005987652956123,en,target_fpr,,,0.5770171149144254,-0.00404227513372879,native,0.2,toxicity,encoder_minilm,EXP-007
ja,fixed_half,0.5,0.0,1,0.5679939894815929,0.0,0.2812089356110381,0.4884979702300406,0.6385135135135135,0.5115020297699594,0.39466666666666667,0.5115020297699594,False,False,0.6570791227979708,0.49266666666666664,0.508,1000,1500,0.20005987652956123,en,target_fpr,,,0.5072340425531916,-0.060759946928401254,native,0.2,toxicity,encoder_minilm,EXP-007
ja,source_global,0.20005987652956123,0.0,1,0.6527929901423877,0.0,0.6452036793692509,0.19350473612990526,0.5482980680772769,0.8064952638700947,0.7246666666666667,0.8064952638700947,False,False,0.6570791227979708,0.49266666666666664,0.508,1000,1500,0.20005987652956123,en,target_fpr,0.626072972972973,0.67501404838108,0.5072340425531916,-0.14555894758919607,native,0.2,toxicity,encoder_minilm,EXP-007
ja,pooled_global,0.5733874136617271,0.0,1,0.5372168284789643,0.0,0.21681997371879105,0.550744248985115,0.6680080482897385,0.44925575101488496,0.3313333333333333,0.44925575101488496,False,False,0.6570791227979708,0.49266666666666664,0.508,1000,1500,0.20005987652956123,en,target_fpr,,,0.5072340425531916,-0.029982785925772748,native,0.2,toxicity,encoder_minilm,EXP-007
ja,worstcase_global,0.8824684119638115,0.0,1,0.30176211453744495,0.0,0.04204993429697766,0.8146143437077131,0.8106508875739645,0.18538565629228687,0.11266666666666666,0.18538565629228687,False,False,0.6570791227979708,0.49266666666666664,0.508,1000,1500,0.20005987652956123,en,target_fpr,,,0.5072340425531916,0.20547192801574665,native,0.2,toxicity,encoder_minilm,EXP-007
ja,quantile_match,0.3272984605504738,0.0,1,0.6232439335887612,0.0,0.4454664914586071,0.33964817320703655,0.5900846432889963,0.6603518267929634,0.5513333333333333,0.6603518267929634,False,False,0.6570791227979708,0.49266666666666664,0.508,1000,1500,0.20005987652956123,en,target_fpr,,,0.5072340425531916,-0.11600989103556958,native,0.2,toxicity,encoder_minilm,EXP-007
ja,sld_em,0.30489792962317636,0.0,1,0.6334785314250156,0.0,0.47174770039421815,0.3112313937753721,0.586405529953917,0.6887686062246279,0.5786666666666667,0.6887686062246279,False,False,0.6570791227979708,0.49266666666666664,0.508,1000,1500,0.20005987652956123,en,target_fpr,,,0.5072340425531916,-0.12624448887182405,native,0.2,toxicity,encoder_minilm,EXP-007
ja,bbse,0.10901637625334623,0.0,1,0.654364089775561,0.0,0.8015768725361366,0.11231393775372124,0.5181674565560821,0.8876860622462788,0.844,0.8876860622462788,True,False,0.6570791227979708,0.49266666666666664,0.508,1000,1500,0.20005987652956123,en,target_fpr,,,0.5072340425531916,-0.14713004722236944,native,0.2,toxicity,encoder_minilm,EXP-007
ja,few_label_8_strat,0.740722994580048,0.16318525054755814,25,0.40147608324879897,0.14115242593179017,0.1216819973718791,0.6964005412719891,0.7588368854644532,0.30359945872801075,0.21130666666666667,0.30359945872801075,False,False,0.6570791227979708,0.49266666666666664,0.508,1000,1500,0.20005987652956123,en,target_fpr,,,0.5072340425531916,0.10575795930439263,native,0.2,toxicity,encoder_minilm,EXP-007
ja,few_label_8_rand,0.5757796023551124,0.24520800700839884,25,0.49445570050316534,0.13548894956515614,0.26407358738501974,0.5465223274695534,0.6852339418457271,0.4534776725304466,0.3573866666666667,0.4534776725304466,False,False,0.6570791227979708,0.49266666666666664,0.508,1000,1500,0.20005987652956123,en,target_fpr,,,0.5072340425531916,0.012778342050026259,native,0.2,toxicity,encoder_minilm,EXP-007
ja,few_label_16_strat,0.6636364132473618,0.18011504459905972,25,0.4607346339385357,0.1179849172773609,0.17440210249671484,0.626468200270636,0.7139816054014626,0.373531799729364,0.27250666666666673,0.373531799729364,False,False,0.6570791227979708,0.49266666666666664,0.508,1000,1500,0.20005987652956123,en,target_fpr,,,0.5072340425531916,0.0464994086146559,native,0.2,toxicity,encoder_minilm,EXP-007
ja,few_label_16_rand,0.6000981050493512,0.16509042284633754,25,0.5018515268522765,0.10388621167930392,0.2162943495400788,0.5733694181326117,0.6854036057028021,0.4266305818673884,0.31992,0.4266305818673884,False,False,0.6570791227979708,0.49266666666666664,0.508,1000,1500,0.20005987652956123,en,target_fpr,,,0.5072340425531916,0.00538251570091508,native,0.2,toxicity,encoder_minilm,EXP-007
ja,few_label_32_strat,0.6161472795910825,0.1073065351890507,25,0.5098441685764145,0.055925105152161605,0.19332457293035482,0.5835453315290934,0.688759718121049,0.4164546684709066,0.3032533333333333,0.4164546684709066,False,False,0.6570791227979708,0.49266666666666664,0.508,1000,1500,0.20005987652956123,en,target_fpr,,,0.5072340425531916,-0.0026101260232228585,native,0.2,toxicity,encoder_minilm,EXP-007
ja,few_label_32_rand,0.6302990587090365,0.11674265195007731,25,0.49989951538707733,0.0667496182607573,0.18491458607095923,0.5955615696887686,0.6950559797972115,0.4044384303112314,0.29306666666666664,0.4044384303112314,False,False,0.6570791227979708,0.49266666666666664,0.508,1000,1500,0.20005987652956123,en,target_fpr,,,0.5072340425531916,0.007334527166114269,native,0.2,toxicity,encoder_minilm,EXP-007
ja,few_label_64_strat,0.6745332518429921,0.09672324792933706,25,0.4783942896042583,0.05775418983069659,0.15169513797634693,0.6311231393775372,0.7143679768166389,0.36887686062246283,0.25869333333333333,0.36887686062246283,False,False,0.6570791227979708,0.49266666666666664,0.508,1000,1500,0.20005987652956123,en,target_fpr,,,0.5072340425531916,0.028839752948933317,native,0.2,toxicity,encoder_minilm,EXP-007
ja,few_label_64_rand,0.6411291687930378,0.1029603886695317,25,0.4971457064473182,0.057496525392919134,0.1755059132720105,0.6034100135317998,0.6996903137258589,0.39658998646820026,0.28442666666666666,0.39658998646820026,False,False,0.6570791227979708,0.49266666666666664,0.508,1000,1500,0.20005987652956123,en,target_fpr,,,0.5072340425531916,0.010088336105873397,native,0.2,toxicity,encoder_minilm,EXP-007
ja,few_label_128_strat,0.6352941531604945,0.058251473781889655,25,0.5046807204265058,0.03280249121403488,0.17392904073587384,0.6000541271989175,0.6946790788430396,0.3999458728010825,0.28528,0.3999458728010825,False,False,0.6570791227979708,0.49266666666666664,0.508,1000,1500,0.20005987652956123,en,target_fpr,,,0.5072340425531916,0.0025533221266857975,native,0.2,toxicity,encoder_minilm,EXP-007
ja,few_label_128_rand,0.6328040667471033,0.06092237352219304,25,0.5062182501958763,0.03313406157840809,0.17608409986859397,0.5975642760487145,0.6938401825777015,0.40243572395128546,0.2876,0.40243572395128546,False,False,0.6570791227979708,0.49266666666666664,0.508,1000,1500,0.20005987652956123,en,target_fpr,,,0.5072340425531916,0.0010157923573153038,native,0.2,toxicity,encoder_minilm,EXP-007
ja,few_label_256_strat,0.617357021065153,0.04706473353596661,25,0.514544329781241,0.024452437911715946,0.18628120893561104,0.5859269282814614,0.6859236125532806,0.4140730717185386,0.29850666666666664,0.4140730717185386,False,False,0.6570791227979708,0.49266666666666664,0.508,1000,1500,0.20005987652956123,en,target_fpr,,,0.5072340425531916,-0.007310287228049384,native,0.2,toxicity,encoder_minilm,EXP-007
ja,few_label_256_rand,0.6428645310927679,0.041417731451435943,25,0.5020301672258074,0.021620243167063034,0.16699080157687254,0.6063328822733424,0.6979689295448148,0.3936671177266577,0.2786666666666666,0.3936671177266577,False,False,0.6570791227979708,0.49266666666666664,0.508,1000,1500,0.20005987652956123,en,target_fpr,,,0.5072340425531916,0.0052038753273842,native,0.2,toxicity,encoder_minilm,EXP-007
ja,target_full,0.6240258283657862,0.0,1,0.5072340425531916,0.0,0.18134034165571616,0.5967523680649527,0.6834862385321101,0.40324763193504737,0.2906666666666667,0.40324763193504737,False,False,0.6570791227979708,0.49266666666666664,0.508,1000,1500,0.20005987652956123,en,target_fpr,0.47196719720496894,0.5422337031900138,0.5072340425531916,0.0,native,0.2,toxicity,encoder_minilm,EXP-007
ja,test_oracle_unachievable,0.5956974314013649,0.0,1,0.5264900662251656,0.0,0.19842312746386334,0.5696887686062246,0.6780383795309168,0.43031123139377536,0.31266666666666665,0.43031123139377536,False,False,0.6570791227979708,0.49266666666666664,0.508,1000,1500,0.20005987652956123,en,target_fpr,,,0.5072340425531916,-0.019256023671973987,native,0.2,toxicity,encoder_minilm,EXP-007
ru,fixed_half,0.5,0.0,1,0.8280337443218689,0.0,0.21550591327201052,0.13667117726657646,0.7955112219451371,0.8633288227334236,0.5346666666666666,0.8633288227334236,False,False,0.9069026403901995,0.49266666666666664,0.508,1000,1500,0.20005987652956123,en,target_fpr,,,0.8235294117647058,-0.004504332557163093,native,0.2,toxicity,encoder_minilm,EXP-007
ru,source_global,0.20005987652956123,0.0,1,0.7666666666666667,0.0,0.5361366622864652,0.035182679296346414,0.6360392506690455,0.9648173207036536,0.7473333333333333,0.9648173207036536,False,False,0.9069026403901995,0.49266666666666664,0.508,1000,1500,0.20005987652956123,en,target_fpr,0.7452875694526979,0.7868412976130965,0.8235294117647058,0.056862745098039125,native,0.2,toxicity,encoder_minilm,EXP-007
ru,pooled_global,0.5754379374869691,0.0,1,0.8248816768086544,0.0,0.17082785808147175,0.17456021650879566,0.8243243243243243,0.8254397834912043,0.49333333333333335,0.8254397834912043,False,False,0.9069026403901995,0.49266666666666664,0.508,1000,1500,0.20005987652956123,en,target_fpr,,,0.8235294117647058,-0.0013522650439485862,native,0.2,toxicity,encoder_minilm,EXP-007
ru,worstcase_global,0.8824684119638115,0.0,1,0.6905982905982906,0.0,0.035479632063074903,0.45331529093369416,0.9373549883990719,0.5466847090663058,0.28733333333333333,0.5466847090663058,False,False,0.9069026403901995,0.49266666666666664,0.508,1000,1500,0.20005987652956123,en,target_fpr,,,0.8235294117647058,0.13293112116641526,native,0.2,toxicity,encoder_minilm,EXP-007
ru,quantile_match,0.4859392755084146,0.0,1,0.82687338501292,0.0,0.22207621550591328,0.13396481732070364,0.7911001236093943,0.8660351826792964,0.5393333333333333,0.8660351826792964,False,False,0.9069026403901995,0.49266666666666664,0.508,1000,1500,0.20005987652956123,en,target_fpr,,,0.8235294117647058,-0.003343973248214116,native,0.2,toxicity,encoder_minilm,EXP-007
ru,sld_em,0.12659637055948803,0.0,1,0.736842105263158,0.0,0.668856767411301,0.014884979702300407,0.5885206143896524,0.9851150202976996,0.8246666666666667,0.9851150202976996,True,False,0.9069026403901995,0.49266666666666664,0.508,1000,1500,0.20005987652956123,en,target_fpr,,,0.8235294117647058,0.08668730650154788,native,0.2,toxicity,encoder_minilm,EXP-007
ru,bbse,0.08344810541954366,0.0,1,0.7112403100775194,0.0,0.7766097240473062,0.006765899864682003,0.5539622641509434,0.993234100135318,0.8833333333333333,0.993234100135318,True,False,0.9069026403901995,0.49266666666666664,0.508,1000,1500,0.20005987652956123,en,target_fpr,,,0.8235294117647058,0.11228910168718642,native,0.2,toxicity,encoder_minilm,EXP-007
ru,few_label_8_strat,0.7480427176723807,0.14473044146866165,25,0.7401365290296428,0.1274602186778869,0.09245729303547962,0.3337483085250338,0.8899741593294453,0.6662516914749662,0.37514666666666663,0.6662516914749662,False,False,0.9069026403901995,0.49266666666666664,0.508,1000,1500,0.20005987652956123,en,target_fpr,,,0.8235294117647058,0.08339288273506307,native,0.2,toxicity,encoder_minilm,EXP-007
ru,few_label_8_rand,0.657488989024373,0.1921329187477124,25,0.7849543331090745,0.0574599787656577,0.14964520367936926,0.24768606224627876,0.8529500220049759,0.7523139377537212,0.44656000000000007,0.7523139377537212,False,False,0.9069026403901995,0.49266666666666664,0.508,1000,1500,0.20005987652956123,en,target_fpr,,,0.8235294117647058,0.03857507865563137,native,0.2,toxicity,encoder_minilm,EXP-007
ru,few_label_16_strat,0.659759679825893,0.15715790765783297,25,0.8028741074944163,0.030624462215180517,0.13697766097240474,0.23155615696887685,0.8577459654545472,0.7684438430311231,0.4480800000000001,0.7684438430311231,False,False,0.9069026403901995,0.49266666666666664,0.508,1000,1500,0.20005987652956123,en,target_fpr,,,0.8235294117647058,0.0206553042702895,native,0.2,toxicity,encoder_minilm,EXP-007
ru,few_label_16_rand,0.6710320784203926,0.1736595463080417,25,0.780571438891357,0.08746442832150313,0.13413929040735872,0.25840324763193506,0.8604862271252637,0.7415967523680649,0.4334133333333333,0.7415967523680649,False,False,0.9069026403901995,0.49266666666666664,0.508,1000,1500,0.20005987652956123,en,target_fpr,,,0.8235294117647058,0.04295797287334879,native,0.2,toxicity,encoder_minilm,EXP-007
ru,few_label_32_strat,0.6175957567743621,0.13276201518743108,25,0.8118357530253613,0.032570888195977525,0.15469119579500656,0.20487144790257106,0.8417040793187893,0.7951285520974289,0.4702133333333333,0.7951285520974289,False,False,0.9069026403901995,0.49266666666666664,0.508,1000,1500,0.20005987652956123,en,target_fpr,,,0.8235294117647058,0.011693658739344581,native,0.2,toxicity,encoder_minilm,EXP-007
ru,few_label_32_rand,0.6405284106218828,0.1063126194087166,25,0.8159594379397285,0.013671834529785,0.13944809461235216,0.21087956698240867,0.8511184943782534,0.7891204330175913,0.45952000000000004,0.7891204330175913,False,False,0.9069026403901995,0.49266666666666664,0.508,1000,1500,0.20005987652956123,en,target_fpr,,,0.8235294117647058,0.007569973824977372,native,0.2,toxicity,encoder_minilm,EXP-007
ru,few_label_64_strat,0.6031689527117009,0.08212577826320083,25,0.8214416209580881,0.005409218888251236,0.1588436268068331,0.18884979702300406,0.8352652062591238,0.8111502029769959,0.4802133333333334,0.8111502029769959,False,False,0.9069026403901995,0.49266666666666664,0.508,1000,1500,0.20005987652956123,en,target_fpr,,,0.8235294117647058,0.0020877908066176953,native,0.2,toxicity,encoder_minilm,EXP-007
ru,few_label_64_rand,0.6209218268792672,0.09897012844497885,25,0.8187531637650447,0.014564560493564875,0.1483311432325887,0.1998917456021651,0.8439176659614447,0.8001082543978348,0.46943999999999997,0.8001082543978348,False,False,0.9069026403901995,0.49266666666666664,0.508,1000,1500,0.20005987652956123,en,target_fpr,,,0.8235294117647058,0.004776247999661143,native,0.2,toxicity,encoder_minilm,EXP-007
ru,few_label_128_strat,0.6141713928541398,0.06954276292385869,25,0.8223972910356685,0.004040508266965548,0.15074901445466493,0.19301759133964816,0.8406976832005875,0.8069824086603519,0.4740533333333333,0.8069824086603519,False,False,0.9069026403901995,0.49266666666666664,0.508,1000,1500,0.20005987652956123,en,target_fpr,,,0.8235294117647058,0.0011321207290373447,native,0.2,toxicity,encoder_minilm,EXP-007
ru,few_label_128_rand,0.6369207742319988,0.07146804957702256,25,0.8199219272056995,0.006432202806278725,0.13944809461235216,0.20508795669824084,0.849259190364476,0.794912043301759,0.4623733333333334,0.794912043301759,False,False,0.9069026403901995,0.49266666666666664,0.508,1000,1500,0.20005987652956123,en,target_fpr,,,0.8235294117647058,0.003607484559006391,native,0.2,toxicity,encoder_minilm,EXP-007
ru,few_label_256_strat,0.5946179787508735,0.05272859491504018,25,0.8243685103001757,0.0031419144187641982,0.15989487516425757,0.18322056833558864,0.8333285418913507,0.8167794316644114,0.48352000000000006,0.8167794316644114,False,False,0.9069026403901995,0.49266666666666664,0.508,1000,1500,0.20005987652956123,en,target_fpr,,,0.8235294117647058,-0.0008390985354698177,native,0.2,toxicity,encoder_minilm,EXP-007
ru,few_label_256_rand,0.6174585078698408,0.04137531960488851,25,0.822654253258453,0.0029902490678475908,0.14775295663600527,0.19485791610284167,0.8417285887008387,0.8051420838971581,0.47162666666666664,0.8051420838971581,False,False,0.9069026403901995,0.49266666666666664,0.508,1000,1500,0.20005987652956123,en,target_fpr,,,0.8235294117647058,0.00087515850625286,native,0.2,toxicity,encoder_minilm,EXP-007
ru,target_full,0.5998934171243614,0.0,1,0.8235294117647058,0.0,0.1590013140604468,0.18538565629228687,0.8326417704011065,0.8146143437077131,0.482,0.8146143437077131,False,False,0.9069026403901995,0.49266666666666664,0.508,1000,1500,0.20005987652956123,en,target_fpr,0.8013404723931039,0.8447440826172169,0.8235294117647058,0.0,native,0.2,toxicity,encoder_minilm,EXP-007
ru,test_oracle_unachievable,0.5128549632910009,0.0,1,0.8330058939096266,0.0,0.19973718791064388,0.13937753721244925,0.8071065989847716,0.8606224627875507,0.5253333333333333,0.8606224627875507,False,False,0.9069026403901995,0.49266666666666664,0.508,1000,1500,0.20005987652956123,en,target_fpr,,,0.8235294117647058,-0.009476482144920806,native,0.2,toxicity,encoder_minilm,EXP-007
tt,fixed_half,0.5,0.0,1,0.5429093122337189,0.0,0.5976095617529881,0.4029451137884873,0.49776785714285715,0.5970548862115127,0.5973333333333334,0.5970548862115127,False,False,0.5184634065256155,0.498,0.454,1000,1500,0.20005987652956123,en,target_fpr,,,0.3163841807909604,-0.22652513144275843,native,0.2,toxicity,encoder_minilm,EXP-007
tt,source_global,0.20005987652956123,0.0,1,0.6264225630875804,0.0,0.851261620185923,0.15261044176706828,0.49686028257456827,0.8473895582329317,0.8493333333333334,0.8473895582329317,True,False,0.5184634065256155,0.498,0.454,1000,1500,0.20005987652956123,en,target_fpr,0.604829802546454,0.6530425218912219,0.3163841807909604,-0.31003838229661995,native,0.2,toxicity,encoder_minilm,EXP-007
tt,pooled_global,0.5378973785978701,0.0,1,0.53,0.0,0.5697211155378487,0.4323962516733601,0.4970691676436108,0.5676037483266398,0.5686666666666667,0.5676037483266398,False,False,0.5184634065256155,0.498,0.454,1000,1500,0.20005987652956123,en,target_fpr,,,0.3163841807909604,-0.2136158192090396,native,0.2,toxicity,encoder_minilm,EXP-007
tt,worstcase_global,0.8544926339761081,0.0,1,0.3559928443649374,0.0,0.22841965471447542,0.7336010709504686,0.5363881401617251,0.26639892904953144,0.24733333333333332,0.26639892904953144,False,False,0.5184634065256155,0.498,0.454,1000,1500,0.20005987652956123,en,target_fpr,,,0.3163841807909604,-0.039608663573976965,native,0.2,toxicity,encoder_minilm,EXP-007
tt,quantile_match,0.5121841824824239,0.0,1,0.5395462906192521,0.0,0.5896414342629482,0.4109772423025435,0.497737556561086,0.5890227576974565,0.5893333333333334,0.5890227576974565,False,False,0.5184634065256155,0.498,0.454,1000,1500,0.20005987652956123,en,target_fpr,,,0.3163841807909604,-0.22316210982829165,native,0.2,toxicity,encoder_minilm,EXP-007
tt,sld_em,0.0996040677473261,0.0,1,0.65686724850712,0.0,0.949535192563081,0.0428380187416332,0.5,0.9571619812583668,0.9533333333333334,0.9571619812583668,True,False,0.5184634065256155,0.498,0.454,1000,1500,0.20005987652956123,en,target_fpr,,,0.3163841807909604,-0.34048306771615955,native,0.2,toxicity,encoder_minilm,EXP-007
tt,bbse,0.05159530150539314,0.0,1,0.6642761093679964,0.0,0.9867197875166003,0.008032128514056224,0.49932614555256066,0.9919678714859438,0.9893333333333333,0.9919678714859438,True,False,0.5184634065256155,0.498,0.454,1000,1500,0.20005987652956123,en,target_fpr,,,0.3163841807909604,-0.347891928577036,native,0.2,toxicity,encoder_minilm,EXP-007
tt,few_label_8_strat,0.8723562533887924,0.13128550472722209,25,0.27098156543586,0.14568904982993322,0.1789641434262948,0.7895582329317269,0.6023751442094314,0.21044176706827308,0.19463999999999998,0.21044176706827308,False,False,0.5184634065256155,0.498,0.454,1000,1500,0.20005987652956123,en,target_fpr,,,0.3163841807909604,0.04540261535510043,native,0.2,toxicity,encoder_minilm,EXP-007
tt,few_label_8_rand,0.7999134917341908,0.1806880254789297,25,0.33920113534543733,0.15027355031247205,0.2639575033200531,0.7066131191432397,0.5629695203152011,0.29338688085676035,0.2786133333333333,0.29338688085676035,False,False,0.5184634065256155,0.498,0.454,1000,1500,0.20005987652956123,en,target_fpr,,,0.3163841807909604,-0.02281695455447691,native,0.2,toxicity,encoder_minilm,EXP-007
tt,few_label_16_strat,0.8739856660094358,0.09261154822913858,25,0.29400591799367465,0.11516510795029984,0.18687915006640105,0.779277108433735,0.5740042252100259,0.2207228915662651,0.20373333333333332,0.2207228915662651,False,False,0.5184634065256155,0.498,0.454,1000,1500,0.20005987652956123,en,target_fpr,,,0.3163841807909604,0.022378262797285775,native,0.2,toxicity,encoder_minilm,EXP-007
tt,few_label_16_rand,0.8782200892363825,0.09097894039850943,25,0.29150104142718897,0.10127205481807995,0.18252324037184592,0.7845247657295851,0.5557811475718617,0.215475234270415,0.19893333333333335,0.215475234270415,False,False,0.5184634065256155,0.498,0.454,1000,1500,0.20005987652956123,en,target_fpr,,,0.3163841807909604,0.024883139363771456,native,0.2,toxicity,encoder_minilm,EXP-007
tt,few_label_32_strat,0.8604748875390394,0.08937983221904999,25,0.31206449067249503,0.11052364518919765,0.20685258964143421,0.7614457831325302,0.5581368083284876,0.2385542168674699,0.22264,0.2385542168674699,False,False,0.5184634065256155,0.498,0.454,1000,1500,0.20005987652956123,en,target_fpr,,,0.3163841807909604,0.004319690118465391,native,0.2,toxicity,encoder_minilm,EXP-007
tt,few_label_32_rand,0.8621888971248776,0.07274343501891645,25,0.3239397942022865,0.0910793344800705,0.20844621513944223,0.7558232931726908,0.5535178369774498,0.24417670682730921,0.22624,0.24417670682730921,False,False,0.5184634065256155,0.498,0.454,1000,1500,0.20005987652956123,en,target_fpr,,,0.3163841807909604,-0.007555613411326101,native,0.2,toxicity,encoder_minilm,EXP-007
tt,few_label_64_strat,0.8732960972350774,0.0742159375657243,25,0.311370904569408,0.08324351426370238,0.19452855245683928,0.770227576974565,0.5496569638082237,0.2297724230254351,0.21208,0.2297724230254351,False,False,0.5184634065256155,0.498,0.454,1000,1500,0.20005987652956123,en,target_fpr,,,0.3163841807909604,0.0050132762215523985,native,0.2,toxicity,encoder_minilm,EXP-007
tt,few_label_64_rand,0.8858610575041312,0.054797902634637144,25,0.30138789199309085,0.07142273204759234,0.18103585657370516,0.7840963855421687,0.5498244131107913,0.21590361445783135,0.1984,0.21590361445783135,False,False,0.5184634065256155,0.498,0.454,1000,1500,0.20005987652956123,en,target_fpr,,,0.3163841807909604,0.014996288797869572,native,0.2,toxicity,encoder_minilm,EXP-007
tt,few_label_128_strat,0.8875635061927681,0.029122498089647255,25,0.31000763550548144,0.041395628427706346,0.18257636122177953,0.7807764390896921,0.5454002448632286,0.21922356091030792,0.20082666666666668,0.21922356091030792,False,False,0.5184634065256155,0.498,0.454,1000,1500,0.20005987652956123,en,target_fpr,,,0.3163841807909604,0.006376545285478985,native,0.2,toxicity,encoder_minilm,EXP-007
tt,few_label_128_rand,0.8849966809393262,0.030795533367815132,25,0.3121978321061311,0.04145888720902907,0.187941567065073,0.7779384203480589,0.5408824875931267,0.2220615796519411,0.20493333333333336,0.2220615796519411,False,False,0.5184634065256155,0.498,0.454,1000,1500,0.20005987652956123,en,target_fpr,,,0.3163841807909604,0.004186348684829311,native,0.2,toxicity,encoder_minilm,EXP-007
tt,few_label_256_strat,0.8825819339140252,0.02053012033652163,25,0.31821257658735547,0.02775310248070732,0.1928818061088977,0.7731191432396253,0.5384394121726438,0.22688085676037484,0.20981333333333335,0.22688085676037484,False,False,0.5184634065256155,0.498,0.454,1000,1500,0.20005987652956123,en,target_fpr,,,0.3163841807909604,-0.0018283957963950437,native,0.2,toxicity,encoder_minilm,EXP-007
tt,few_label_256_rand,0.887128595704351,0.017106219395629264,25,0.311967910725442,0.024922447048091004,0.18756972111553782,0.7795448460508702,0.5385361505886883,0.22045515394912985,0.20394666666666666,0.22045515394912985,False,False,0.5184634065256155,0.498,0.454,1000,1500,0.20005987652956123,en,target_fpr,,,0.3163841807909604,0.004416270065518424,native,0.2,toxicity,encoder_minilm,EXP-007
tt,target_full,0.8824684119638115,0.0,1,0.3163841807909604,0.0,0.1952191235059761,0.7751004016064257,0.5333333333333333,0.2248995983935743,0.21,0.2248995983935743,False,False,0.5184634065256155,0.498,0.454,1000,1500,0.20005987652956123,en,target_fpr,0.27827624390964123,0.3503037042717999,0.3163841807909604,0.0,native,0.2,toxicity,encoder_minilm,EXP-007
tt,test_oracle_unachievable,0.8761558788433284,0.0,1,0.33426183844011137,0.0,0.199203187250996,0.7590361445783133,0.5454545454545454,0.24096385542168675,0.22,0.24096385542168675,False,False,0.5184634065256155,0.498,0.454,1000,1500,0.20005987652956123,en,target_fpr,,,0.3163841807909604,-0.017877657649150946,native,0.2,toxicity,encoder_minilm,EXP-007
uk,fixed_half,0.5,0.0,1,0.66993006993007,0.0,0.2776315789473684,0.3527027027027027,0.6942028985507246,0.6472972972972973,0.46,0.6472972972972973,False,False,0.7623275248933143,0.49333333333333335,0.494,1000,1500,0.20005987652956123,en,target_fpr,,,0.6457867263236392,-0.024143343606430778,native,0.2,toxicity,encoder_minilm,EXP-007
uk,source_global,0.20005987652956123,0.0,1,0.7099945385035499,0.0,0.5802631578947368,0.12162162162162163,0.5957836846929423,0.8783783783783784,0.7273333333333334,0.8783783783783784,False,False,0.7623275248933143,0.49333333333333335,0.494,1000,1500,0.20005987652956123,en,target_fpr,0.6865877354824349,0.733004115967822,0.6457867263236392,-0.06420781217991067,native,0.2,toxicity,encoder_minilm,EXP-007
uk,pooled_global,0.5769869240039098,0.0,1,0.6498141263940519,0.0,0.22105263157894736,0.40945945945945944,0.7223140495867768,0.5905405405405405,0.4033333333333333,0.5905405405405405,False,False,0.7623275248933143,0.49333333333333335,0.494,1000,1500,0.20005987652956123,en,target_fpr,,,0.6457867263236392,-0.00402740007041269,native,0.2,toxicity,encoder_minilm,EXP-007
uk,worstcase_global,0.8824684119638115,0.0,1,0.4298688193743693,0.0,0.05,0.7121621621621622,0.848605577689243,0.28783783783783784,0.16733333333333333,0.28783783783783784,False,False,0.7623275248933143,0.49333333333333335,0.494,1000,1500,0.20005987652956123,en,target_fpr,,,0.6457867263236392,0.21591790694926988,native,0.2,toxicity,encoder_minilm,EXP-007
uk,quantile_match,0.3441997939896566,0.0,1,0.7112201103617412,0.0,0.40921052631578947,0.21621621621621623,0.6509539842873177,0.7837837837837838,0.594,0.7837837837837838,False,False,0.7623275248933143,0.49333333333333335,0.494,1000,1500,0.20005987652956123,en,target_fpr,,,0.6457867263236392,-0.06543338403810195,native,0.2,toxicity,encoder_minilm,EXP-007
uk,sld_em,0.23831326126799038,0.0,1,0.7120181405895692,0.0,0.5210526315789473,0.15135135135135136,0.61328125,0.8486486486486486,0.6826666666666666,0.8486486486486486,False,False,0.7623275248933143,0.49333333333333335,0.494,1000,1500,0.20005987652956123,en,target_fpr,,,0.6457867263236392,-0.06623141426593004,native,0.2,toxicity,encoder_minilm,EXP-007
uk,bbse,0.11170925745266552,0.0,1,0.6993987975951904,0.0,0.7342105263157894,0.05675675675675676,0.5557324840764332,0.9432432432432433,0.8373333333333334,0.9432432432432433,True,False,0.7623275248933143,0.49333333333333335,0.494,1000,1500,0.20005987652956123,en,target_fpr,,,0.6457867263236392,-0.05361207127155121,native,0.2,toxicity,encoder_minilm,EXP-007
uk,few_label_8_strat,0.7405822169061428,0.1630764971304781,25,0.5236958607075642,0.12934675894427722,0.13299999999999998,0.575027027027027,0.7924422763355738,0.424972972972973,0.27704,0.424972972972973,False,False,0.7623275248933143,0.49333333333333335,0.494,1000,1500,0.20005987652956123,en,target_fpr,,,0.6457867263236392,0.12209086561607496,native,0.2,toxicity,encoder_minilm,EXP-007
uk,few_label_8_rand,0.5744096914664225,0.24188082564293376,25,0.5940834105517747,0.14462172438952892,0.253,0.43005405405405406,0.7333435981618741,0.5699459459459459,0.40936,0.5699459459459459,False,False,0.7623275248933143,0.49333333333333335,0.494,1000,1500,0.20005987652956123,en,target_fpr,,,0.6457867263236392,0.05170331577186449,native,0.2,toxicity,encoder_minilm,EXP-007
uk,few_label_16_strat,0.6580825510138262,0.2093512158036426,25,0.5639817095868637,0.14634034109474575,0.18963157894736837,0.49924324324324326,0.7620411132833916,0.5007567567567568,0.34312000000000004,0.5007567567567568,False,False,0.7623275248933143,0.49333333333333335,0.494,1000,1500,0.20005987652956123,en,target_fpr,,,0.6457867263236392,0.08180501673677554,native,0.2,toxicity,encoder_minilm,EXP-007
uk,few_label_16_rand,0.5986467640654398,0.1914001129906528,25,0.6094649722203092,0.10903282194483428,0.22521052631578947,0.43832432432432433,0.7365701199682618,0.5616756756756757,0.3912,0.5616756756756757,False,False,0.7623275248933143,0.49333333333333335,0.494,1000,1500,0.20005987652956123,en,target_fpr,,,0.6457867263236392,0.03632175410333005,native,0.2,toxicity,encoder_minilm,EXP-007
uk,few_label_32_strat,0.5401467869855233,0.14738096875966836,25,0.6516370024698661,0.05444767516977492,0.25942105263157894,0.37924324324324327,0.7125671829026676,0.6207567567567568,0.43768000000000007,0.6207567567567568,False,False,0.7623275248933143,0.49333333333333335,0.494,1000,1500,0.20005987652956123,en,target_fpr,,,0.6457867263236392,-0.005850276146226907,native,0.2,toxicity,encoder_minilm,EXP-007
uk,few_label_32_rand,0.5655805222936452,0.16983355813606735,25,0.636682978259169,0.06410080627913964,0.24673684210526314,0.40286486486486484,0.7191953561405156,0.5971351351351352,0.41960000000000003,0.5971351351351352,False,False,0.7623275248933143,0.49333333333333335,0.494,1000,1500,0.20005987652956123,en,target_fpr,,,0.6457867263236392,0.00910374806447023,native,0.2,toxicity,encoder_minilm,EXP-007
uk,few_label_64_strat,0.5749099016212554,0.0994372898507224,25,0.6442597454107974,0.04670268547548131,0.22852631578947366,0.40816216216216217,0.7220577986431185,0.5918378378378378,0.40775999999999996,0.5918378378378378,False,False,0.7623275248933143,0.49333333333333335,0.494,1000,1500,0.20005987652956123,en,target_fpr,,,0.6457867263236392,0.0015269809128417577,native,0.2,toxicity,encoder_minilm,EXP-007
uk,few_label_64_rand,0.5892052988390826,0.10144582482548954,25,0.6418925177305296,0.033177213586410244,0.21999999999999997,0.41686486486486485,0.7270899964015242,0.5831351351351352,0.3991466666666667,0.5831351351351352,False,False,0.7623275248933143,0.49333333333333335,0.494,1000,1500,0.20005987652956123,en,target_fpr,,,0.6457867263236392,0.003894208593109627,native,0.2,toxicity,encoder_minilm,EXP-007
uk,few_label_128_strat,0.614581838770268,0.08072714295809902,25,0.6335041360061063,0.03486557627660514,0.20063157894736838,0.43789189189189187,0.7359220181348692,0.5621081081081081,0.37896,0.5621081081081081,False,False,0.7623275248933143,0.49333333333333335,0.494,1000,1500,0.20005987652956123,en,target_fpr,,,0.6457867263236392,0.012282590317532871,native,0.2,toxicity,encoder_minilm,EXP-007
uk,few_label_128_rand,0.5894596487821544,0.09366543148554192,25,0.641202379742279,0.03682051869159319,0.2192105263157895,0.41810810810810817,0.7262003612936025,0.5818918918918918,0.39813333333333334,0.5818918918918918,False,False,0.7623275248933143,0.49333333333333335,0.494,1000,1500,0.20005987652956123,en,target_fpr,,,0.6457867263236392,0.004584346581360199,native,0.2,toxicity,encoder_minilm,EXP-007
uk,few_label_256_strat,0.6089435301937942,0.047354777919401334,25,0.6383294333983804,0.016661678584295896,0.20273684210526316,0.43281081081081085,0.7328613609305414,0.5671891891891893,0.3825333333333333,0.5671891891891893,False,False,0.7623275248933143,0.49333333333333335,0.494,1000,1500,0.20005987652956123,en,target_fpr,,,0.6457867263236392,0.007457292925258763,native,0.2,toxicity,encoder_minilm,EXP-007
uk,few_label_256_rand,0.5938418802227994,0.044692634445075145,25,0.6443926443938929,0.015322019098728932,0.2116842105263158,0.42059459459459453,0.728344184074001,0.5794054054054054,0.3930933333333333,0.5794054054054054,False,False,0.7623275248933143,0.49333333333333335,0.494,1000,1500,0.20005987652956123,en,target_fpr,,,0.6457867263236392,0.001394081929746327,native,0.2,toxicity,encoder_minilm,EXP-007
uk,target_full,0.5823508680458774,0.0,1,0.6457867263236392,0.0,0.22105263157894736,0.41486486486486485,0.7204658901830283,0.5851351351351352,0.40066666666666667,0.5851351351351352,False,False,0.7623275248933143,0.49333333333333335,0.494,1000,1500,0.20005987652956123,en,target_fpr,0.6200135302642957,0.6705976984572145,0.6457867263236392,0.0,native,0.2,toxicity,encoder_minilm,EXP-007
uk,test_oracle_unachievable,0.6163654234916833,0.0,1,0.6334355828220858,0.0,0.1986842105263158,0.4418918918918919,0.7322695035460993,0.5581081081081081,0.376,0.5581081081081081,False,False,0.7623275248933143,0.49333333333333335,0.494,1000,1500,0.20005987652956123,en,target_fpr,,,0.6457867263236392,0.012351143501553419,native,0.2,toxicity,encoder_minilm,EXP-007
zh,fixed_half,0.5,0.0,1,0.5300146412884333,0.0,0.3421750663129973,0.514745308310992,0.5838709677419355,0.48525469168900803,0.41333333333333333,0.48525469168900803,False,False,0.6011193207273451,0.49733333333333335,0.495,1000,1500,0.20005987652956123,en,target_fpr,,,0.38200183654729114,-0.1480128047411422,native,0.2,toxicity,encoder_minilm,EXP-007
zh,source_global,0.20005987652956123,0.0,1,0.6377607025246982,0.0,0.656498673740053,0.22117962466487937,0.5399628252788105,0.7788203753351206,0.7173333333333334,0.7788203753351206,False,False,0.6011193207273451,0.49733333333333335,0.495,1000,1500,0.20005987652956123,en,target_fpr,0.6119024377301164,0.6609149503333851,0.38200183654729114,-0.25575886597740705,native,0.2,toxicity,encoder_minilm,EXP-007
zh,pooled_global,0.5660889587021327,0.0,1,0.48657187993680884,0.0,0.28116710875331563,0.5871313672922251,0.5923076923076923,0.4128686327077748,0.3466666666666667,0.4128686327077748,False,False,0.6011193207273451,0.49733333333333335,0.495,1000,1500,0.20005987652956123,en,target_fpr,,,0.38200183654729114,-0.1045700433895177,native,0.2,toxicity,encoder_minilm,EXP-007
zh,worstcase_global,0.8824684119638115,0.0,1,0.22172949002217296,0.0,0.07427055702917772,0.8659517426273459,0.6410256410256411,0.13404825737265416,0.104,0.13404825737265416,False,False,0.6011193207273451,0.49733333333333335,0.495,1000,1500,0.20005987652956123,en,target_fpr,,,0.38200183654729114,0.16027234652511818,native,0.2,toxicity,encoder_minilm,EXP-007
zh,quantile_match,0.33363530364238697,0.0,1,0.6021236727045597,0.0,0.4946949602122016,0.353887399463807,0.5637426900584795,0.646112600536193,0.57,0.646112600536193,False,False,0.6011193207273451,0.49733333333333335,0.495,1000,1500,0.20005987652956123,en,target_fpr,,,0.38200183654729114,-0.22012183615726855,native,0.2,toxicity,encoder_minilm,EXP-007
zh,sld_em,0.2751251266875446,0.0,1,0.6199524940617577,0.0,0.5517241379310345,0.3002680965147453,0.5565031982942431,0.6997319034852547,0.6253333333333333,0.6997319034852547,False,False,0.6011193207273451,0.49733333333333335,0.495,1000,1500,0.20005987652956123,en,target_fpr,,,0.38200183654729114,-0.23795065751446653,native,0.2,toxicity,encoder_minilm,EXP-007
zh,bbse,0.1047807992042341,0.0,1,0.6531017369727047,0.0,0.8103448275862069,0.11796246648793565,0.5185185185185185,0.8820375335120644,0.846,0.8820375335120644,True,False,0.6011193207273451,0.49733333333333335,0.495,1000,1500,0.20005987652956123,en,target_fpr,,,0.38200183654729114,-0.27109990042541354,native,0.2,toxicity,encoder_minilm,EXP-007
zh,few_label_8_strat,0.7689184834200726,0.18819029689784564,25,0.3071951616132839,0.16208213110181394,0.15251989389920426,0.761769436997319,0.648460423142547,0.23823056300268097,0.19514666666666663,0.23823056300268097,False,False,0.6011193207273451,0.49733333333333335,0.495,1000,1500,0.20005987652956123,en,target_fpr,,,0.38200183654729114,0.07480667493400722,native,0.2,toxicity,encoder_minilm,EXP-007
zh,few_label_8_rand,0.7226978934657566,0.21479003625476217,25,0.3368537728841629,0.18332558226710186,0.1872679045092838,0.7209651474530829,0.6352410899581261,0.2790348525469169,0.2329066666666667,0.2790348525469169,False,False,0.6011193207273451,0.49733333333333335,0.495,1000,1500,0.20005987652956123,en,target_fpr,,,0.38200183654729114,0.045148063663128235,native,0.2,toxicity,encoder_minilm,EXP-007
zh,few_label_16_strat,0.7398884164503765,0.14082695731747005,25,0.3541307549289218,0.11984502996618508,0.17007957559681697,0.7317962466487935,0.6234440968931375,0.26820375335120644,0.21888000000000002,0.26820375335120644,False,False,0.6011193207273451,0.49733333333333335,0.495,1000,1500,0.20005987652956123,en,target_fpr,,,0.38200183654729114,0.02787108161836932,native,0.2,toxicity,encoder_minilm,EXP-007
zh,few_label_16_rand,0.7231103504824149,0.14822466097024772,25,0.3669488991487811,0.12028749435442458,0.18079575596816977,0.7172117962466489,0.6222059167185678,0.28278820375335123,0.23152,0.28278820375335123,False,False,0.6011193207273451,0.49733333333333335,0.495,1000,1500,0.20005987652956123,en,target_fpr,,,0.38200183654729114,0.015052937398510047,native,0.2,toxicity,encoder_minilm,EXP-007
zh,few_label_32_strat,0.7024888777194538,0.11225781627743217,25,0.3927348173187281,0.08456683704234837,0.19448275862068964,0.6985522788203753,0.6101407100678476,0.3014477211796247,0.24767999999999998,0.3014477211796247,False,False,0.6011193207273451,0.49733333333333335,0.495,1000,1500,0.20005987652956123,en,target_fpr,,,0.38200183654729114,-0.010732980771436973,native,0.2,toxicity,encoder_minilm,EXP-007
zh,few_label_32_rand,0.7107510388036026,0.13886193755943277,25,0.37882367079909424,0.10552489080386021,0.18976127320954908,0.7074530831099196,0.6128944310859258,0.29254691689008044,0.24087999999999998,0.29254691689008044,False,False,0.6011193207273451,0.49733333333333335,0.495,1000,1500,0.20005987652956123,en,target_fpr,,,0.38200183654729114,0.003178165748196904,native,0.2,toxicity,encoder_minilm,EXP-007
zh,few_label_64_strat,0.7378567733958067,0.10201887715772068,25,0.3664161206574283,0.08204753592560571,0.17092838196286472,0.7290080428954423,0.6170311573924059,0.27099195710455765,0.22069333333333332,0.27099195710455765,False,False,0.6011193207273451,0.49733333333333335,0.495,1000,1500,0.20005987652956123,en,target_fpr,,,0.38200183654729114,0.01558571588986285,native,0.2,toxicity,encoder_minilm,EXP-007
zh,few_label_64_rand,0.6756915879265439,0.10443890925325608,25,0.4141686644402492,0.07535943109235756,0.21151193633952256,0.675549597855228,0.6076399527836713,0.3244504021447721,0.26768000000000003,0.3244504021447721,False,False,0.6011193207273451,0.49733333333333335,0.495,1000,1500,0.20005987652956123,en,target_fpr,,,0.38200183654729114,-0.03216682789295805,native,0.2,toxicity,encoder_minilm,EXP-007
zh,few_label_128_strat,0.7173852838970286,0.06740251303777192,25,0.3901917406165397,0.05290470324997194,0.18413793103448278,0.7091689008042895,0.611841613014254,0.29083109919571043,0.2372,0.29083109919571043,False,False,0.6011193207273451,0.49733333333333335,0.495,1000,1500,0.20005987652956123,en,target_fpr,,,0.38200183654729114,-0.008189904069248577,native,0.2,toxicity,encoder_minilm,EXP-007
zh,few_label_128_rand,0.7167177736939611,0.06344156076689357,25,0.3904101360307998,0.04681696779941344,0.1846684350132626,0.7094369973190348,0.610561587479444,0.29056300268096513,0.2373333333333333,0.29056300268096513,False,False,0.6011193207273451,0.49733333333333335,0.495,1000,1500,0.20005987652956123,en,target_fpr,,,0.38200183654729114,-0.008408299483508686,native,0.2,toxicity,encoder_minilm,EXP-007
zh,few_label_256_strat,0.7219437050889478,0.037069198717616096,25,0.3907636787984792,0.0313915034381951,0.18132625994694962,0.7115281501340484,0.6118485740640508,0.28847184986595176,0.2346133333333333,0.28847184986595176,False,False,0.6011193207273451,0.49733333333333335,0.495,1000,1500,0.20005987652956123,en,target_fpr,,,0.38200183654729114,-0.008761842251188035,native,0.2,toxicity,encoder_minilm,EXP-007
zh,few_label_256_rand,0.7288811594442468,0.03342622431391848,25,0.3851965429492731,0.028158579755103993,0.1772944297082228,0.7178016085790886,0.6118210599032873,0.2821983914209116,0.22946666666666665,0.2821983914209116,False,False,0.6011193207273451,0.49733333333333335,0.495,1000,1500,0.20005987652956123,en,target_fpr,,,0.38200183654729114,-0.0031947064019819393,native,0.2,toxicity,encoder_minilm,EXP-007
zh,target_full,0.7274803517400283,0.0,1,0.38200183654729114,0.0,0.17904509283819628,0.7211796246648794,0.6064139941690962,0.27882037533512066,0.22866666666666666,0.27882037533512066,False,False,0.6011193207273451,0.49733333333333335,0.495,1000,1500,0.20005987652956123,en,target_fpr,0.35158134682444403,0.417038521276888,0.38200183654729114,0.0,native,0.2,toxicity,encoder_minilm,EXP-007
zh,test_oracle_unachievable,0.6971469451830973,0.0,1,0.41275465013286095,0.0,0.1989389920424403,0.6876675603217158,0.608355091383812,0.31233243967828417,0.25533333333333336,0.31233243967828417,False,False,0.6011193207273451,0.49733333333333335,0.495,1000,1500,0.20005987652956123,en,target_fpr,,,0.38200183654729114,-0.030752813585569805,native,0.2,toxicity,encoder_minilm,EXP-007
