language,strategy,threshold,threshold_sd,n_draws,f1,f1_sd,fpr,fnr,precision,recall,predicted_positive_rate,objective_value,is_degenerate,is_source,test_auroc,test_prevalence,dev_prevalence,n_dev,n_test,tau_source,source_language,objective,f1_ci_low,f1_ci_high,f1_target_full,f1_gap_to_full,prevalence_setting,task,encoder,exp_id
am,fixed_half,0.5,0.0,1,0.35150375939849626,0.0,0.20535714285714285,0.7388268156424581,0.5373563218390804,0.2611731843575419,0.232,0.2611731843575419,False,False,0.533872277961464,0.47733333333333333,0.511,1000,1500,0.6839559996917799,ru,target_fpr,,,0.15158924205378974,-0.19991451734470653,native,toxicity,encoder_minilm,EXP-005-ru
am,source_global,0.6839559996917799,0.0,1,0.26264800861141013,0.0,0.11607142857142858,0.8296089385474861,0.5727699530516432,0.17039106145251395,0.142,0.17039106145251395,False,False,0.533872277961464,0.47733333333333333,0.511,1000,1500,0.6839559996917799,ru,target_fpr,0.22209142999501744,0.2975781597799461,0.15158924205378974,-0.1110587665576204,native,toxicity,encoder_minilm,EXP-005-ru
am,quantile_match,0.26308303647267894,0.0,1,0.4556765163297045,0.0,0.35331632653061223,0.590782122905028,0.5140350877192983,0.4092178770949721,0.38,0.4092178770949721,False,False,0.533872277961464,0.47733333333333333,0.511,1000,1500,0.6839559996917799,ru,target_fpr,,,0.15158924205378974,-0.30408727427591475,native,toxicity,encoder_minilm,EXP-005-ru
am,sld_em,0.9596800265289253,0.0,1,0.058588548601864174,0.0,0.016581632653061226,0.9692737430167597,0.6285714285714286,0.030726256983240222,0.023333333333333334,0.030726256983240222,False,False,0.533872277961464,0.47733333333333333,0.511,1000,1500,0.6839559996917799,ru,target_fpr,,,0.15158924205378974,0.09300069345192556,native,toxicity,encoder_minilm,EXP-005-ru
am,bbse,0.9313915048607947,0.0,1,0.10309278350515463,0.0,0.025510204081632654,0.9441340782122905,0.6666666666666666,0.055865921787709494,0.04,0.055865921787709494,False,False,0.533872277961464,0.47733333333333333,0.511,1000,1500,0.6839559996917799,ru,target_fpr,,,0.15158924205378974,0.0484964585486351,native,toxicity,encoder_minilm,EXP-005-ru
am,few_label_8_strat,0.7310933430101819,0.1692543059162695,25,0.22144837343075768,0.10177908138952203,0.1035204081632653,0.852122905027933,0.5803803273214576,0.14787709497206702,0.12469333333333334,0.14787709497206702,False,False,0.533872277961464,0.47733333333333333,0.511,1000,1500,0.6839559996917799,ru,target_fpr,,,0.15158924205378974,-0.06985913137696795,native,toxicity,encoder_minilm,EXP-005-ru
am,few_label_8_rand,0.7060065138455155,0.20675739778490604,25,0.23405633372633555,0.11198409158184182,0.11923469387755102,0.8362569832402236,0.5876858134990568,0.16374301675977654,0.14048,0.16374301675977654,False,False,0.533872277961464,0.47733333333333333,0.511,1000,1500,0.6839559996917799,ru,target_fpr,,,0.15158924205378974,-0.08246709167254582,native,toxicity,encoder_minilm,EXP-005-ru
am,few_label_16_strat,0.7952820713721845,0.17132893439001645,25,0.17608389889226234,0.10994468760554517,0.07846938775510204,0.8853631284916201,0.5737565164461534,0.1146368715083799,0.09573333333333332,0.1146368715083799,False,False,0.533872277961464,0.47733333333333333,0.511,1000,1500,0.6839559996917799,ru,target_fpr,,,0.15158924205378974,-0.0244946568384726,native,toxicity,encoder_minilm,EXP-005-ru
am,few_label_16_rand,0.826874293781062,0.10779872166724072,25,0.16466592268496108,0.07549554272285489,0.06290816326530611,0.9001117318435754,0.5939181578536175,0.09988826815642458,0.08055999999999999,0.09988826815642458,False,False,0.533872277961464,0.47733333333333333,0.511,1000,1500,0.6839559996917799,ru,target_fpr,,,0.15158924205378974,-0.013076680631171345,native,toxicity,encoder_minilm,EXP-005-ru
am,few_label_32_strat,0.9094983657397785,0.06919525892430187,25,0.10490402233745211,0.060504790269611086,0.03244897959183673,0.9406703910614524,0.5972720271466404,0.05932960893854748,0.045279999999999994,0.05932960893854748,False,False,0.533872277961464,0.47733333333333333,0.511,1000,1500,0.6839559996917799,ru,target_fpr,,,0.15158924205378974,0.04668521971633763,native,toxicity,encoder_minilm,EXP-005-ru
am,few_label_32_rand,0.85975607794485,0.09948402892616601,25,0.14055152326393586,0.0738527081192756,0.049744897959183666,0.916703910614525,0.5909416713457233,0.08329608938547485,0.06576,0.08329608938547485,False,False,0.533872277961464,0.47733333333333333,0.511,1000,1500,0.6839559996917799,ru,target_fpr,,,0.15158924205378974,0.011037718789853879,native,toxicity,encoder_minilm,EXP-005-ru
am,few_label_64_strat,0.869303350851644,0.085307832177532,25,0.1367680770027311,0.0639095848734789,0.04535714285714285,0.9203910614525139,0.6182918504508094,0.07960893854748603,0.061706666666666674,0.07960893854748603,False,False,0.533872277961464,0.47733333333333333,0.511,1000,1500,0.6839559996917799,ru,target_fpr,,,0.15158924205378974,0.014821165051058627,native,toxicity,encoder_minilm,EXP-005-ru
am,few_label_64_rand,0.863497205279698,0.08851746275777019,25,0.1400805789822228,0.06730799630122924,0.047602040816326525,0.9179329608938547,0.6221439891079342,0.08206703910614525,0.06405333333333334,0.08206703910614525,False,False,0.533872277961464,0.47733333333333333,0.511,1000,1500,0.6839559996917799,ru,target_fpr,,,0.15158924205378974,0.011508663071566949,native,toxicity,encoder_minilm,EXP-005-ru
am,few_label_128_strat,0.8598500076236028,0.042223183020726834,25,0.14745681393926693,0.02638396230742325,0.04862244897959184,0.9156983240223464,0.6201684801134955,0.08430167597765363,0.06565333333333333,0.08430167597765363,False,False,0.533872277961464,0.47733333333333333,0.511,1000,1500,0.6839559996917799,ru,target_fpr,,,0.15158924205378974,0.0041324281145228015,native,toxicity,encoder_minilm,EXP-005-ru
am,few_label_128_rand,0.8579564588208909,0.048180024254995193,25,0.14920739603712865,0.034648629185746564,0.04908163265306122,0.9143016759776537,0.6217060905278705,0.08569832402234638,0.06656000000000001,0.08569832402234638,False,False,0.533872277961464,0.47733333333333333,0.511,1000,1500,0.6839559996917799,ru,target_fpr,,,0.15158924205378974,0.002381846016661082,native,toxicity,encoder_minilm,EXP-005-ru
am,few_label_256_strat,0.8587579705088058,0.033016190622020575,25,0.15239517067760575,0.018560239374693692,0.048112244897959185,0.9129050279329608,0.6290166707578229,0.08709497206703912,0.06672,0.08709497206703912,False,False,0.533872277961464,0.47733333333333333,0.511,1000,1500,0.6839559996917799,ru,target_fpr,,,0.15158924205378974,-0.0008059286238160102,native,toxicity,encoder_minilm,EXP-005-ru
am,few_label_256_rand,0.8586482650706855,0.03240346176564312,25,0.14971042098569473,0.01848352792297553,0.04862244897959183,0.9145251396648045,0.6220269699380468,0.08547486033519552,0.06621333333333335,0.08547486033519552,False,False,0.533872277961464,0.47733333333333333,0.511,1000,1500,0.6839559996917799,ru,target_fpr,,,0.15158924205378974,0.0018788210680950046,native,toxicity,encoder_minilm,EXP-005-ru
am,target_full,0.8516454066099188,0.0,1,0.15158924205378974,0.0,0.05102040816326531,0.9134078212290503,0.6078431372549019,0.08659217877094973,0.068,0.08659217877094973,False,False,0.533872277961464,0.47733333333333333,0.511,1000,1500,0.6839559996917799,ru,target_fpr,0.11801266369488597,0.18516876442295502,0.15158924205378974,0.0,native,toxicity,encoder_minilm,EXP-005-ru
am,test_oracle_unachievable,0.8540395227238968,0.0,1,0.1517747858017136,0.0,0.04974489795918367,0.9134078212290503,0.6138613861386139,0.08659217877094973,0.06733333333333333,0.08659217877094973,False,False,0.533872277961464,0.47733333333333333,0.511,1000,1500,0.6839559996917799,ru,target_fpr,,,0.15158924205378974,-0.00018554374792387196,native,toxicity,encoder_minilm,EXP-005-ru
ar,fixed_half,0.5,0.0,1,0.6033898305084746,0.0,0.3716577540106952,0.40824468085106386,0.6154910096818811,0.5917553191489362,0.482,0.5917553191489362,False,False,0.6606144754807145,0.5013333333333333,0.503,1000,1500,0.6839559996917799,ru,target_fpr,,,0.24269662921348314,-0.3606932012949915,native,toxicity,encoder_minilm,EXP-005-ru
ar,source_global,0.6839559996917799,0.0,1,0.5411392405063291,0.0,0.22727272727272727,0.5452127659574468,0.66796875,0.45478723404255317,0.3413333333333333,0.45478723404255317,False,False,0.6606144754807145,0.5013333333333333,0.503,1000,1500,0.6839559996917799,ru,target_fpr,0.5099709495854263,0.5700829134015584,0.24269662921348314,-0.298442611292846,native,toxicity,encoder_minilm,EXP-005-ru
ar,quantile_match,0.620390317099225,0.0,1,0.5707898658718331,0.0,0.2767379679144385,0.49069148936170215,0.6491525423728813,0.5093085106382979,0.3933333333333333,0.5093085106382979,False,False,0.6606144754807145,0.5013333333333333,0.503,1000,1500,0.6839559996917799,ru,target_fpr,,,0.24269662921348314,-0.32809323665835,native,toxicity,encoder_minilm,EXP-005-ru
ar,sld_em,0.587407450050231,0.0,1,0.5701881331403762,0.0,0.3155080213903743,0.47606382978723405,0.6253968253968254,0.523936170212766,0.42,0.523936170212766,False,False,0.6606144754807145,0.5013333333333333,0.503,1000,1500,0.6839559996917799,ru,target_fpr,,,0.24269662921348314,-0.3274915039268931,native,toxicity,encoder_minilm,EXP-005-ru
ar,bbse,0.7472665609224671,0.0,1,0.5087572977481234,0.0,0.18983957219251338,0.5944148936170213,0.6823266219239373,0.40558510638297873,0.298,0.40558510638297873,False,False,0.6606144754807145,0.5013333333333333,0.503,1000,1500,0.6839559996917799,ru,target_fpr,,,0.24269662921348314,-0.2660606685346403,native,toxicity,encoder_minilm,EXP-005-ru
ar,few_label_8_strat,0.7795739195389487,0.18561727125134683,25,0.4128622503122638,0.15811177991908693,0.1697860962566845,0.6651063829787235,0.7018501597323984,0.3348936170212766,0.25256,0.3348936170212766,False,False,0.6606144754807145,0.5013333333333333,0.503,1000,1500,0.6839559996917799,ru,target_fpr,,,0.24269662921348314,-0.17016562109878067,native,toxicity,encoder_minilm,EXP-005-ru
ar,few_label_8_rand,0.7745619288738835,0.19195319460176083,25,0.398430523456825,0.1875399598433719,0.17684491978609626,0.6687765957446808,0.692800775819462,0.33122340425531915,0.25424,0.33122340425531915,False,False,0.6606144754807145,0.5013333333333333,0.503,1000,1500,0.6839559996917799,ru,target_fpr,,,0.24269662921348314,-0.15573389424334186,native,toxicity,encoder_minilm,EXP-005-ru
ar,few_label_16_strat,0.8841664214834926,0.1286225820305849,25,0.3114075584095184,0.12169842716377141,0.08716577540106953,0.7834042553191489,0.7544078198969959,0.2165957446808511,0.15205333333333332,0.2165957446808511,False,False,0.6606144754807145,0.5013333333333333,0.503,1000,1500,0.6839559996917799,ru,target_fpr,,,0.24269662921348314,-0.06871092919603525,native,toxicity,encoder_minilm,EXP-005-ru
ar,few_label_16_rand,0.8680049066143043,0.11112347763254338,25,0.3266426732082899,0.1609982237844506,0.09994652406417114,0.7642021276595746,0.7323665258818047,0.23579787234042557,0.16805333333333333,0.23579787234042557,False,False,0.6606144754807145,0.5013333333333333,0.503,1000,1500,0.6839559996917799,ru,target_fpr,,,0.24269662921348314,-0.08394604399480673,native,toxicity,encoder_minilm,EXP-005-ru
ar,few_label_32_strat,0.9522844966864015,0.033967488672318136,25,0.20370162795480973,0.09433241558947866,0.037112299465240646,0.8777127659574468,0.7725166008565904,0.1222872340425532,0.07981333333333333,0.1222872340425532,False,False,0.6606144754807145,0.5013333333333333,0.503,1000,1500,0.6839559996917799,ru,target_fpr,,,0.24269662921348314,0.03899500125867342,native,toxicity,encoder_minilm,EXP-005-ru
ar,few_label_32_rand,0.946311935074869,0.04252097947519165,25,0.21038496733823778,0.11721913910728221,0.04192513368983957,0.8702659574468085,0.7541985129200138,0.1297340425531915,0.08594666666666667,0.1297340425531915,False,False,0.6606144754807145,0.5013333333333333,0.503,1000,1500,0.6839559996917799,ru,target_fpr,,,0.24269662921348314,0.03231166187524537,native,toxicity,encoder_minilm,EXP-005-ru
ar,few_label_64_strat,0.9430120054773348,0.03143262987807815,25,0.24176631848909447,0.06935368856210587,0.04294117647058824,0.8536170212765957,0.7828459630521849,0.14638297872340425,0.09480000000000001,0.14638297872340425,False,False,0.6606144754807145,0.5013333333333333,0.503,1000,1500,0.6839559996917799,ru,target_fpr,,,0.24269662921348314,0.0009303107243886777,native,toxicity,encoder_minilm,EXP-005-ru
ar,few_label_64_rand,0.9389661574080229,0.05418836826440761,25,0.22656008043535913,0.11311589116330886,0.04786096256684492,0.858031914893617,0.7664249982758904,0.14196808510638298,0.09504000000000001,0.14196808510638298,False,False,0.6606144754807145,0.5013333333333333,0.503,1000,1500,0.6839559996917799,ru,target_fpr,,,0.24269662921348314,0.01613654877812401,native,toxicity,encoder_minilm,EXP-005-ru
ar,few_label_128_strat,0.9482639994636283,0.011325595110340895,25,0.23935864786338018,0.028719730678163892,0.038235294117647055,0.8584042553191489,0.7897694221556902,0.14159574468085107,0.09005333333333333,0.14159574468085107,False,False,0.6606144754807145,0.5013333333333333,0.503,1000,1500,0.6839559996917799,ru,target_fpr,,,0.24269662921348314,0.0033379813501029643,native,toxicity,encoder_minilm,EXP-005-ru
ar,few_label_128_rand,0.9412162619736794,0.02116406549550036,25,0.2539936940089404,0.04786654688156521,0.04320855614973262,0.8468617021276594,0.7849766731539419,0.15313829787234043,0.09832,0.15313829787234043,False,False,0.6606144754807145,0.5013333333333333,0.503,1000,1500,0.6839559996917799,ru,target_fpr,,,0.24269662921348314,-0.011297064795457251,native,toxicity,encoder_minilm,EXP-005-ru
ar,few_label_256_strat,0.9413018802118797,0.011426878745879334,25,0.2582643108804037,0.025628364862477555,0.04245989304812834,0.8450531914893616,0.787116004798963,0.1549468085106383,0.09885333333333333,0.1549468085106383,False,False,0.6606144754807145,0.5013333333333333,0.503,1000,1500,0.6839559996917799,ru,target_fpr,,,0.24269662921348314,-0.015567681666920546,native,toxicity,encoder_minilm,EXP-005-ru
ar,few_label_256_rand,0.9475206380695882,0.015193080456449242,25,0.2394395117602841,0.03822876439463457,0.038716577540106954,0.8579255319148936,0.7889337131790078,0.14207446808510638,0.09053333333333333,0.14207446808510638,False,False,0.6606144754807145,0.5013333333333333,0.503,1000,1500,0.6839559996917799,ru,target_fpr,,,0.24269662921348314,0.0032571174531990377,native,toxicity,encoder_minilm,EXP-005-ru
ar,target_full,0.9468752420280876,0.0,1,0.24269662921348314,0.0,0.040106951871657755,0.8563829787234043,0.782608695652174,0.14361702127659576,0.092,0.14361702127659576,False,False,0.6606144754807145,0.5013333333333333,0.503,1000,1500,0.6839559996917799,ru,target_fpr,0.20848747258547987,0.27739017680776545,0.24269662921348314,0.0,native,toxicity,encoder_minilm,EXP-005-ru
ar,test_oracle_unachievable,0.9300158265088783,0.0,1,0.28664495114006516,0.0,0.04946524064171123,0.824468085106383,0.7810650887573964,0.17553191489361702,0.11266666666666666,0.17553191489361702,False,False,0.6606144754807145,0.5013333333333333,0.503,1000,1500,0.6839559996917799,ru,target_fpr,,,0.24269662921348314,-0.04394832192658202,native,toxicity,encoder_minilm,EXP-005-ru
de,fixed_half,0.5,0.0,1,0.6941340782122906,0.0,0.24867021276595744,0.3355614973262032,0.7266081871345029,0.6644385026737968,0.456,0.6644385026737968,False,False,0.782892678347935,0.49866666666666665,0.508,1000,1500,0.6839559996917799,ru,target_fpr,,,0.4114052953156824,-0.2827287828966082,native,toxicity,encoder_minilm,EXP-005-ru
de,source_global,0.6839559996917799,0.0,1,0.6220789685737309,0.0,0.1422872340425532,0.4839572192513369,0.7829614604462475,0.516042780748663,0.32866666666666666,0.516042780748663,False,False,0.782892678347935,0.49866666666666665,0.508,1000,1500,0.6839559996917799,ru,target_fpr,0.5887505186721992,0.6486876581578752,0.4114052953156824,-0.21067367325804853,native,toxicity,encoder_minilm,EXP-005-ru
de,quantile_match,0.6179103255037354,0.0,1,0.6421455938697318,0.0,0.18351063829787234,0.43983957219251335,0.7522441651705566,0.5601604278074866,0.37133333333333335,0.5601604278074866,False,False,0.782892678347935,0.49866666666666665,0.508,1000,1500,0.6839559996917799,ru,target_fpr,,,0.4114052953156824,-0.23074029855404943,native,toxicity,encoder_minilm,EXP-005-ru
de,sld_em,0.7097890133357938,0.0,1,0.6033333333333334,0.0,0.1196808510638298,0.516042780748663,0.8008849557522124,0.4839572192513369,0.30133333333333334,0.4839572192513369,False,False,0.782892678347935,0.49866666666666665,0.508,1000,1500,0.6839559996917799,ru,target_fpr,,,0.4114052953156824,-0.19192803801765101,native,toxicity,encoder_minilm,EXP-005-ru
de,bbse,0.7461790647497646,0.0,1,0.5763589301121658,0.0,0.1023936170212766,0.553475935828877,0.8126520681265207,0.446524064171123,0.274,0.446524064171123,False,False,0.782892678347935,0.49866666666666665,0.508,1000,1500,0.6839559996917799,ru,target_fpr,,,0.4114052953156824,-0.1649536347964834,native,toxicity,encoder_minilm,EXP-005-ru
de,few_label_8_strat,0.6960123075380671,0.2539776793539042,25,0.5148192034481882,0.1873093884710301,0.15813829787234043,0.5548128342245989,0.7957647156453072,0.445187165775401,0.30128,0.445187165775401,False,False,0.782892678347935,0.49866666666666665,0.508,1000,1500,0.6839559996917799,ru,target_fpr,,,0.4114052953156824,-0.10341390813250584,native,toxicity,encoder_minilm,EXP-005-ru
de,few_label_8_rand,0.6578421330388012,0.24828669538709847,25,0.5538325777938659,0.16126744509114505,0.17882978723404258,0.5110695187165777,0.7810732334819452,0.48893048128342237,0.33346666666666663,0.48893048128342237,False,False,0.782892678347935,0.49866666666666665,0.508,1000,1500,0.6839559996917799,ru,target_fpr,,,0.4114052953156824,-0.14242728247818348,native,toxicity,encoder_minilm,EXP-005-ru
de,few_label_16_strat,0.7645854997065757,0.1549374077382094,25,0.5092855142520751,0.13654223633473464,0.10617021276595745,0.6003208556149733,0.8158963565606391,0.3996791443850267,0.25253333333333333,0.3996791443850267,False,False,0.782892678347935,0.49866666666666665,0.508,1000,1500,0.6839559996917799,ru,target_fpr,,,0.4114052953156824,-0.09788021893639276,native,toxicity,encoder_minilm,EXP-005-ru
de,few_label_16_rand,0.8231289595227509,0.11736935635864545,25,0.45683799693730137,0.13812971367942165,0.07632978723404255,0.6637433155080213,0.8370004468407057,0.3362566844919786,0.20594666666666664,0.3362566844919786,False,False,0.782892678347935,0.49866666666666665,0.508,1000,1500,0.6839559996917799,ru,target_fpr,,,0.4114052953156824,-0.045432701621619,native,toxicity,encoder_minilm,EXP-005-ru
de,few_label_32_strat,0.8754598617654605,0.12063041611439164,25,0.3539955740819267,0.17681975244419895,0.052234042553191494,0.750802139037433,0.8626270644715909,0.24919786096256685,0.15045333333333333,0.24919786096256685,False,False,0.782892678347935,0.49866666666666665,0.508,1000,1500,0.6839559996917799,ru,target_fpr,,,0.4114052953156824,0.05740972123375565,native,toxicity,encoder_minilm,EXP-005-ru
de,few_label_32_rand,0.8416719659431527,0.08069135698314636,25,0.45087163909252614,0.11505727665853421,0.06521276595744681,0.6793048128342246,0.8425078328485557,0.3206951871657754,0.19261333333333333,0.3206951871657754,False,False,0.782892678347935,0.49866666666666665,0.508,1000,1500,0.6839559996917799,ru,target_fpr,,,0.4114052953156824,-0.03946634377684377,native,toxicity,encoder_minilm,EXP-005-ru
de,few_label_64_strat,0.8584753838721834,0.0726491407490837,25,0.4252134739623611,0.12631865087859853,0.05707446808510639,0.7033155080213902,0.8518095637674559,0.29668449197860963,0.17656,0.29668449197860963,False,False,0.782892678347935,0.49866666666666665,0.508,1000,1500,0.6839559996917799,ru,target_fpr,,,0.4114052953156824,-0.013808178646678715,native,toxicity,encoder_minilm,EXP-005-ru
de,few_label_64_rand,0.8988585871683452,0.054107180744457146,25,0.363395989367225,0.1146888790164159,0.03973404255319149,0.7610695187165776,0.869501242344538,0.23893048128342242,0.13906666666666667,0.23893048128342242,False,False,0.782892678347935,0.49866666666666665,0.508,1000,1500,0.6839559996917799,ru,target_fpr,,,0.4114052953156824,0.04800930594845737,native,toxicity,encoder_minilm,EXP-005-ru
de,few_label_128_strat,0.8631078589733705,0.04436299962520271,25,0.44508944004514794,0.06045508961964271,0.055319148936170216,0.69475935828877,0.8508770434815482,0.3052406417112299,0.17994666666666667,0.3052406417112299,False,False,0.782892678347935,0.49866666666666665,0.508,1000,1500,0.6839559996917799,ru,target_fpr,,,0.4114052953156824,-0.03368414472946557,native,toxicity,encoder_minilm,EXP-005-ru
de,few_label_128_rand,0.8648632615874985,0.05698548172982804,25,0.43632971902171,0.08096707595245958,0.053882978723404265,0.7005882352941177,0.8541861600631188,0.2994117647058823,0.17632,0.2994117647058823,False,False,0.782892678347935,0.49866666666666665,0.508,1000,1500,0.6839559996917799,ru,target_fpr,,,0.4114052953156824,-0.024924423706027654,native,toxicity,encoder_minilm,EXP-005-ru
de,few_label_256_strat,0.8754086498383067,0.02285959777732866,25,0.4349418356685183,0.03265080642783221,0.05005319148936171,0.7072192513368982,0.8548699488752365,0.29278074866310155,0.17109333333333335,0.29278074866310155,False,False,0.782892678347935,0.49866666666666665,0.508,1000,1500,0.6839559996917799,ru,target_fpr,,,0.4114052953156824,-0.023536540352835922,native,toxicity,encoder_minilm,EXP-005-ru
de,few_label_256_rand,0.8791016224877933,0.03246915143680346,25,0.42502748807965773,0.04700181291804657,0.04787234042553192,0.7153475935828877,0.8589938927362055,0.2846524064171123,0.16594666666666666,0.2846524064171123,False,False,0.782892678347935,0.49866666666666665,0.508,1000,1500,0.6839559996917799,ru,target_fpr,,,0.4114052953156824,-0.01362219276397536,native,toxicity,encoder_minilm,EXP-005-ru
de,target_full,0.892302908720728,0.0,1,0.4114052953156824,0.0,0.0425531914893617,0.7299465240641712,0.8632478632478633,0.2700534759358289,0.156,0.2700534759358289,False,False,0.782892678347935,0.49866666666666665,0.508,1000,1500,0.6839559996917799,ru,target_fpr,0.36481458722949506,0.446209191027069,0.4114052953156824,0.0,native,toxicity,encoder_minilm,EXP-005-ru
de,test_oracle_unachievable,0.8729208576550593,0.0,1,0.43936381709741557,0.0,0.04920212765957447,0.7045454545454546,0.8565891472868217,0.29545454545454547,0.172,0.29545454545454547,False,False,0.782892678347935,0.49866666666666665,0.508,1000,1500,0.6839559996917799,ru,target_fpr,,,0.4114052953156824,-0.027958521781733192,native,toxicity,encoder_minilm,EXP-005-ru
en,fixed_half,0.5,0.0,1,0.8481605351170567,0.0,0.15810276679841898,0.14439946018893388,0.8408488063660478,0.8556005398110661,0.5026666666666667,0.8556005398110661,False,False,0.9303099646349074,0.494,0.478,1000,1500,0.6839559996917799,ru,target_fpr,,,0.8113063407181054,-0.03685419439895132,native,toxicity,encoder_minilm,EXP-005-ru
en,source_global,0.6839559996917799,0.0,1,0.8336902212705211,0.0,0.10013175230566534,0.21187584345479082,0.8848484848484849,0.7881241565452092,0.44,0.7881241565452092,False,False,0.9303099646349074,0.494,0.478,1000,1500,0.6839559996917799,ru,target_fpr,0.8104739904954176,0.8534538052688188,0.8113063407181054,-0.02238388055241569,native,toxicity,encoder_minilm,EXP-005-ru
en,quantile_match,0.7169778547324478,0.0,1,0.8316400580551525,0.0,0.08432147562582346,0.22672064777327935,0.8995290423861853,0.7732793522267206,0.4246666666666667,0.7732793522267206,False,False,0.9303099646349074,0.494,0.478,1000,1500,0.6839559996917799,ru,target_fpr,,,0.8113063407181054,-0.02033371733704714,native,toxicity,encoder_minilm,EXP-005-ru
en,sld_em,0.6686448738913814,0.0,1,0.8397163120567375,0.0,0.10144927536231885,0.20107962213225372,0.8849028400597907,0.7989203778677463,0.446,0.7989203778677463,False,False,0.9303099646349074,0.494,0.478,1000,1500,0.6839559996917799,ru,target_fpr,,,0.8113063407181054,-0.0284099713386321,native,toxicity,encoder_minilm,EXP-005-ru
en,bbse,0.6653587655485694,0.0,1,0.8385269121813032,0.0,0.10408432147562582,0.20107962213225372,0.8822652757078987,0.7989203778677463,0.44733333333333336,0.7989203778677463,False,False,0.9303099646349074,0.494,0.478,1000,1500,0.6839559996917799,ru,target_fpr,,,0.8113063407181054,-0.027220571463197785,native,toxicity,encoder_minilm,EXP-005-ru
en,few_label_8_strat,0.6242770100836967,0.22140148950667657,25,0.8197323065739783,0.037793497570416036,0.12832674571805008,0.21085020242914979,0.8744023294266096,0.7891497975708504,0.45477333333333336,0.7891497975708504,False,False,0.9303099646349074,0.494,0.478,1000,1500,0.6839559996917799,ru,target_fpr,,,0.8113063407181054,-0.008425965855872963,native,toxicity,encoder_minilm,EXP-005-ru
en,few_label_8_rand,0.6869949772828732,0.24613656950505683,25,0.771968379573647,0.10309810949780701,0.1055072463768116,0.283778677462888,0.8946638157138587,0.7162213225371119,0.4071999999999999,0.7162213225371119,False,False,0.9303099646349074,0.494,0.478,1000,1500,0.6839559996917799,ru,target_fpr,,,0.8113063407181054,0.03933796114445842,native,toxicity,encoder_minilm,EXP-005-ru
en,few_label_16_strat,0.7495314971161684,0.19372313606999134,25,0.7737874999286781,0.09901517155215604,0.07557312252964428,0.30380566801619435,0.9168874148809852,0.6961943319838056,0.38216,0.6961943319838056,False,False,0.9303099646349074,0.494,0.478,1000,1500,0.6839559996917799,ru,target_fpr,,,0.8113063407181054,0.037518840789427244,native,toxicity,encoder_minilm,EXP-005-ru
en,few_label_16_rand,0.725684361623662,0.17234607002125105,25,0.8025980481316849,0.06728489257966154,0.08316205533596838,0.26407557354925776,0.9075504217010706,0.7359244264507423,0.40562666666666664,0.7359244264507423,False,False,0.9303099646349074,0.494,0.478,1000,1500,0.6839559996917799,ru,target_fpr,,,0.8113063407181054,0.008708292586420474,native,toxicity,encoder_minilm,EXP-005-ru
en,few_label_32_strat,0.8347882328456917,0.13297566604338368,25,0.752459773027687,0.09892370165668495,0.046851119894598156,0.35411605937921725,0.9422290441905625,0.6458839406207828,0.3427733333333333,0.6458839406207828,False,False,0.9303099646349074,0.494,0.478,1000,1500,0.6839559996917799,ru,target_fpr,,,0.8113063407181054,0.058846567690418405,native,toxicity,encoder_minilm,EXP-005-ru
en,few_label_32_rand,0.775602213292387,0.22600505426846917,25,0.7398487218251871,0.10913384562380447,0.0713570487483531,0.349689608636977,0.9241049229744737,0.6503103913630229,0.35735999999999996,0.6503103913630229,False,False,0.9303099646349074,0.494,0.478,1000,1500,0.6839559996917799,ru,target_fpr,,,0.8113063407181054,0.07145761889291824,native,toxicity,encoder_minilm,EXP-005-ru
en,few_label_64_strat,0.8308691307235033,0.12302308798843377,25,0.7781330091804491,0.05945813779737092,0.04621870882740448,0.3267476383265857,0.941662976869493,0.6732523616734143,0.3559733333333333,0.6732523616734143,False,False,0.9303099646349074,0.494,0.478,1000,1500,0.6839559996917799,ru,target_fpr,,,0.8113063407181054,0.033173331537656225,native,toxicity,encoder_minilm,EXP-005-ru
en,few_label_64_rand,0.8720802530196172,0.09659750982973585,25,0.7502660196765838,0.07392179561595645,0.03351778656126483,0.37117408906882593,0.9549162703759511,0.628825910931174,0.3276,0.628825910931174,False,False,0.9303099646349074,0.494,0.478,1000,1500,0.6839559996917799,ru,target_fpr,,,0.8113063407181054,0.06104032104152157,native,toxicity,encoder_minilm,EXP-005-ru
en,few_label_128_strat,0.8160867932499158,0.0877220774507293,25,0.801543817653243,0.030033879188778975,0.05059288537549407,0.2943049932523617,0.9353250729731514,0.7056950067476384,0.37421333333333334,0.7056950067476384,False,False,0.9303099646349074,0.494,0.478,1000,1500,0.6839559996917799,ru,target_fpr,,,0.8113063407181054,0.00976252306486236,native,toxicity,encoder_minilm,EXP-005-ru
en,few_label_128_rand,0.8457054691986633,0.06827105077475253,25,0.7887273342124762,0.0329247861844839,0.04073781291172596,0.3194601889338731,0.9450857768578025,0.6805398110661268,0.35679999999999995,0.6805398110661268,False,False,0.9303099646349074,0.494,0.478,1000,1500,0.6839559996917799,ru,target_fpr,,,0.8113063407181054,0.022579006505629162,native,toxicity,encoder_minilm,EXP-005-ru
en,few_label_256_strat,0.8329554322714985,0.03873046848024513,25,0.8037841529691483,0.017423790181156567,0.0441106719367589,0.29700404858299595,0.9406374869252968,0.7029959514170041,0.3696,0.7029959514170041,False,False,0.9303099646349074,0.494,0.478,1000,1500,0.6839559996917799,ru,target_fpr,,,0.8113063407181054,0.0075221877489570765,native,toxicity,encoder_minilm,EXP-005-ru
en,few_label_256_rand,0.8290279799782582,0.044125921997461924,25,0.8025489361925229,0.02185054824010408,0.046587615283267464,0.2967881241565452,0.9378075772089725,0.7032118758434548,0.37095999999999996,0.7032118758434548,False,False,0.9303099646349074,0.494,0.478,1000,1500,0.6839559996917799,ru,target_fpr,,,0.8113063407181054,0.00875740452558249,native,toxicity,encoder_minilm,EXP-005-ru
en,target_full,0.82292449794168,0.0,1,0.8113063407181054,0.0,0.048748353096179184,0.2834008097165992,0.9348591549295775,0.7165991902834008,0.37866666666666665,0.7165991902834008,False,False,0.9303099646349074,0.494,0.478,1000,1500,0.6839559996917799,ru,target_fpr,0.7871037429735533,0.8330192962204874,0.8113063407181054,0.0,native,toxicity,encoder_minilm,EXP-005-ru
en,test_oracle_unachievable,0.819490140879072,0.0,1,0.8122137404580153,0.0,0.048748353096179184,0.28205128205128205,0.9349736379613357,0.717948717948718,0.37933333333333336,0.717948717948718,False,False,0.9303099646349074,0.494,0.478,1000,1500,0.6839559996917799,ru,target_fpr,,,0.8113063407181054,-0.000907399739909942,native,toxicity,encoder_minilm,EXP-005-ru
es,fixed_half,0.5,0.0,1,0.6873545384018619,0.0,0.17528373266078184,0.3734087694483734,0.761168384879725,0.6265912305516266,0.388,0.6265912305516266,False,False,0.8149633194268805,0.4713333333333333,0.512,1000,1500,0.6839559996917799,ru,target_fpr,,,0.4522821576763486,-0.23507238072551329,native,toxicity,encoder_minilm,EXP-005-ru
es,source_global,0.6839559996917799,0.0,1,0.6153846153846154,0.0,0.11853720050441362,0.49646393210749645,0.7911111111111111,0.5035360678925035,0.3,0.5035360678925035,False,False,0.8149633194268805,0.4713333333333333,0.512,1000,1500,0.6839559996917799,ru,target_fpr,0.5819120692901525,0.6470183567043454,0.4522821576763486,-0.1631024577082668,native,toxicity,encoder_minilm,EXP-005-ru
es,quantile_match,0.4490869015980047,0.0,1,0.7078313253012049,0.0,0.19041614123581338,0.3352192362093352,0.7568438003220612,0.6647807637906648,0.414,0.6647807637906648,False,False,0.8149633194268805,0.4713333333333333,0.512,1000,1500,0.6839559996917799,ru,target_fpr,,,0.4522821576763486,-0.25554916762485624,native,toxicity,encoder_minilm,EXP-005-ru
es,sld_em,0.8301467175232801,0.0,1,0.5024630541871922,0.0,0.06683480453972257,0.6393210749646393,0.827922077922078,0.3606789250353607,0.20533333333333334,0.3606789250353607,False,False,0.8149633194268805,0.4713333333333333,0.512,1000,1500,0.6839559996917799,ru,target_fpr,,,0.4522821576763486,-0.050180896510843565,native,toxicity,encoder_minilm,EXP-005-ru
es,bbse,0.8153887725408392,0.0,1,0.5193050193050193,0.0,0.07566204287515763,0.6195190947666195,0.817629179331307,0.38048090523338046,0.21933333333333332,0.38048090523338046,False,False,0.8149633194268805,0.4713333333333333,0.512,1000,1500,0.6839559996917799,ru,target_fpr,,,0.4522821576763486,-0.06702286162867066,native,toxicity,encoder_minilm,EXP-005-ru
es,few_label_8_strat,0.5261373216228226,0.26210037300125066,25,0.6270205376429282,0.14219802949578128,0.19162673392181592,0.41188118811881197,0.7600026553176837,0.5881188118811881,0.3785066666666666,0.5881188118811881,False,False,0.8149633194268805,0.4713333333333333,0.512,1000,1500,0.6839559996917799,ru,target_fpr,,,0.4522821576763486,-0.1747383799665796,native,toxicity,encoder_minilm,EXP-005-ru
es,few_label_8_rand,0.5292543482320731,0.2693604429828372,25,0.6240025104903106,0.14090215863649155,0.1987389659520807,0.4116548797736916,0.7579119535263636,0.5883451202263084,0.38237333333333334,0.5883451202263084,False,False,0.8149633194268805,0.4713333333333333,0.512,1000,1500,0.6839559996917799,ru,target_fpr,,,0.4522821576763486,-0.17172035281396203,native,toxicity,encoder_minilm,EXP-005-ru
es,few_label_16_strat,0.7647212521808323,0.20610452337163382,25,0.48132820381126273,0.17962468172337434,0.09205548549810844,0.6173691654879773,0.8211266473574936,0.3826308345120226,0.22901333333333335,0.3826308345120226,False,False,0.8149633194268805,0.4713333333333333,0.512,1000,1500,0.6839559996917799,ru,target_fpr,,,0.4522821576763486,-0.029046046134914127,native,toxicity,encoder_minilm,EXP-005-ru
es,few_label_16_rand,0.7385979368580652,0.2573631133047753,25,0.48589885302377683,0.18474957578904883,0.10900378310214377,0.5997171145685997,0.8153806214842879,0.40028288543140034,0.24629333333333336,0.40028288543140034,False,False,0.8149633194268805,0.4713333333333333,0.512,1000,1500,0.6839559996917799,ru,target_fpr,,,0.4522821576763486,-0.03361669534742823,native,toxicity,encoder_minilm,EXP-005-ru
es,few_label_32_strat,0.8772483129991896,0.1336784012750931,25,0.3816830245329684,0.15110890353005005,0.0501891551071879,0.7328429985855728,0.8526816650055372,0.2671570014144271,0.15245333333333333,0.2671570014144271,False,False,0.8149633194268805,0.4713333333333333,0.512,1000,1500,0.6839559996917799,ru,target_fpr,,,0.4522821576763486,0.07059913314338023,native,toxicity,encoder_minilm,EXP-005-ru
es,few_label_32_rand,0.8379844668217017,0.1898781297376325,25,0.3895759340555799,0.19678793581978105,0.06496847414880201,0.7076661951909478,0.8474296556202491,0.29233380480905236,0.17213333333333336,0.29233380480905236,False,False,0.8149633194268805,0.4713333333333333,0.512,1000,1500,0.6839559996917799,ru,target_fpr,,,0.4522821576763486,0.06270622362076872,native,toxicity,encoder_minilm,EXP-005-ru
es,few_label_64_strat,0.8825598562043503,0.09175103345978038,25,0.39236768930465965,0.12991754110126674,0.047616645649432535,0.7304667609618104,0.847480023044731,0.26953323903818954,0.15221333333333334,0.26953323903818954,False,False,0.8149633194268805,0.4713333333333333,0.512,1000,1500,0.6839559996917799,ru,target_fpr,,,0.4522821576763486,0.059914468371688956,native,toxicity,encoder_minilm,EXP-005-ru
es,few_label_64_rand,0.826155040977871,0.09535662702246514,25,0.4818171565711152,0.10605488892208961,0.06764186633039092,0.6485997171145685,0.8320028209073453,0.3514002828854314,0.20138666666666666,0.3514002828854314,False,False,0.8149633194268805,0.4713333333333333,0.512,1000,1500,0.6839559996917799,ru,target_fpr,,,0.4522821576763486,-0.029534998894766573,native,toxicity,encoder_minilm,EXP-005-ru
es,few_label_128_strat,0.8227629306014894,0.10527218285610912,25,0.4858551488017767,0.09367624777359453,0.06849936948297604,0.6454314002828855,0.8306660850238968,0.3545685997171146,0.2033333333333333,0.3545685997171146,False,False,0.8149633194268805,0.4713333333333333,0.512,1000,1500,0.6839559996917799,ru,target_fpr,,,0.4522821576763486,-0.03357299112542811,native,toxicity,encoder_minilm,EXP-005-ru
es,few_label_128_rand,0.8255681511167736,0.07833357921119073,25,0.4933202141364405,0.07940642414985127,0.06784363177805801,0.6414710042432814,0.8305643314675261,0.35852899575671854,0.20485333333333333,0.35852899575671854,False,False,0.8149633194268805,0.4713333333333333,0.512,1000,1500,0.6839559996917799,ru,target_fpr,,,0.4522821576763486,-0.0410380564600919,native,toxicity,encoder_minilm,EXP-005-ru
es,few_label_256_strat,0.8700502240797438,0.05481913873665746,25,0.4419611201855788,0.0678072120358262,0.052358133669609085,0.6956718528995757,0.8426894820794432,0.30432814710042433,0.17112,0.30432814710042433,False,False,0.8149633194268805,0.4713333333333333,0.512,1000,1500,0.6839559996917799,ru,target_fpr,,,0.4522821576763486,0.010321037490769791,native,toxicity,encoder_minilm,EXP-005-ru
es,few_label_256_rand,0.8564308239198669,0.06047555590037561,25,0.46118972404010167,0.07211178717583612,0.05699873896595208,0.6764922206506365,0.8396034484297,0.3235077793493635,0.18261333333333332,0.3235077793493635,False,False,0.8149633194268805,0.4713333333333333,0.512,1000,1500,0.6839559996917799,ru,target_fpr,,,0.4522821576763486,-0.008907566363753061,native,toxicity,encoder_minilm,EXP-005-ru
es,target_full,0.872085284172679,0.0,1,0.4522821576763486,0.0,0.04918032786885246,0.6916548797736917,0.8482490272373541,0.30834512022630833,0.17133333333333334,0.30834512022630833,False,False,0.8149633194268805,0.4713333333333333,0.512,1000,1500,0.6839559996917799,ru,target_fpr,0.4121442006269593,0.4959049823872545,0.4522821576763486,0.0,native,toxicity,encoder_minilm,EXP-005-ru
es,test_oracle_unachievable,0.8688125693683091,0.0,1,0.4570837642192347,0.0,0.04918032786885246,0.6874115983026874,0.85,0.3125884016973126,0.17333333333333334,0.3125884016973126,False,False,0.8149633194268805,0.4713333333333333,0.512,1000,1500,0.6839559996917799,ru,target_fpr,,,0.4522821576763486,-0.004801606542886083,native,toxicity,encoder_minilm,EXP-005-ru
fr,fixed_half,0.5,0.0,1,0.8295454545454545,0.0,0.12886597938144329,0.19337016574585636,0.8538011695906432,0.8066298342541437,0.456,0.8066298342541437,False,False,0.9216996781910349,0.4826666666666667,0.517,1000,1500,0.6839559996917799,ru,target_fpr,,,0.6861184792219274,-0.1434269753235271,native,toxicity,encoder_minilm,EXP-005-ru
fr,source_global,0.6839559996917799,0.0,1,0.7881157154026583,0.0,0.06572164948453608,0.30386740331491713,0.9081081081081082,0.6961325966850829,0.37,0.6961325966850829,False,False,0.9216996781910349,0.4826666666666667,0.517,1000,1500,0.6839559996917799,ru,target_fpr,0.7631544131544131,0.818520048384929,0.6861184792219274,-0.10199723618073098,native,toxicity,encoder_minilm,EXP-005-ru
fr,quantile_match,0.6584126026138482,0.0,1,0.7965970610982211,0.0,0.06958762886597938,0.2886740331491713,0.9050966608084359,0.7113259668508287,0.37933333333333336,0.7113259668508287,False,False,0.9216996781910349,0.4826666666666667,0.517,1000,1500,0.6839559996917799,ru,target_fpr,,,0.6861184792219274,-0.11047858187629378,native,toxicity,encoder_minilm,EXP-005-ru
fr,sld_em,0.7090888651113657,0.0,1,0.7735247208931418,0.0,0.05798969072164949,0.3301104972375691,0.9150943396226415,0.669889502762431,0.35333333333333333,0.669889502762431,False,False,0.9216996781910349,0.4826666666666667,0.517,1000,1500,0.6839559996917799,ru,target_fpr,,,0.6861184792219274,-0.08740624167121447,native,toxicity,encoder_minilm,EXP-005-ru
fr,bbse,0.694827085414397,0.0,1,0.7852084972462628,0.0,0.061855670103092786,0.31077348066298344,0.9122486288848263,0.6892265193370166,0.36466666666666664,0.6892265193370166,False,False,0.9216996781910349,0.4826666666666667,0.517,1000,1500,0.6839559996917799,ru,target_fpr,,,0.6861184792219274,-0.09909001802433548,native,toxicity,encoder_minilm,EXP-005-ru
fr,few_label_8_strat,0.6928322902195657,0.20933999333801875,25,0.7227270672893034,0.11002668628543599,0.07479381443298969,0.36955801104972374,0.9091196702572852,0.6304419889502763,0.3429866666666666,0.6304419889502763,False,False,0.9216996781910349,0.4826666666666667,0.517,1000,1500,0.6839559996917799,ru,target_fpr,,,0.6861184792219274,-0.03660858806737599,native,toxicity,encoder_minilm,EXP-005-ru
fr,few_label_8_rand,0.5825091177469729,0.20362682281326366,25,0.769595511895721,0.11153926642230645,0.10989690721649482,0.28066298342541435,0.877172416225336,0.7193370165745857,0.4040533333333333,0.7193370165745857,False,False,0.9216996781910349,0.4826666666666667,0.517,1000,1500,0.6839559996917799,ru,target_fpr,,,0.6861184792219274,-0.08347703267379358,native,toxicity,encoder_minilm,EXP-005-ru
fr,few_label_16_strat,0.7039843376158491,0.22964949095512163,25,0.6862606452345649,0.174757069241184,0.07536082474226805,0.4009944751381216,0.9113215335517039,0.5990055248618785,0.3281066666666666,0.5990055248618785,False,False,0.9216996781910349,0.4826666666666667,0.517,1000,1500,0.6839559996917799,ru,target_fpr,,,0.6861184792219274,-0.00014216601263750128,native,toxicity,encoder_minilm,EXP-005-ru
fr,few_label_16_rand,0.640749989536786,0.20264785451719772,25,0.7328157873550283,0.17450668231347252,0.09030927835051546,0.33281767955801106,0.8931983522366034,0.6671823204419889,0.3687466666666667,0.6671823204419889,False,False,0.9216996781910349,0.4826666666666667,0.517,1000,1500,0.6839559996917799,ru,target_fpr,,,0.6861184792219274,-0.04669730813310091,native,toxicity,encoder_minilm,EXP-005-ru
fr,few_label_32_strat,0.8020260221545883,0.15480078740970016,25,0.6290306736446823,0.1801671886309742,0.03907216494845361,0.4912154696132596,0.9419545463977594,0.5087845303867404,0.26578666666666667,0.5087845303867404,False,False,0.9216996781910349,0.4826666666666667,0.517,1000,1500,0.6839559996917799,ru,target_fpr,,,0.6861184792219274,0.05708780557724502,native,toxicity,encoder_minilm,EXP-005-ru
fr,few_label_32_rand,0.851747292952867,0.13355889988268002,25,0.5674901911489036,0.2013705347657325,0.027989690721649488,0.5606629834254143,0.9526454766220616,0.4393370165745856,0.22653333333333336,0.4393370165745856,False,False,0.9216996781910349,0.4826666666666667,0.517,1000,1500,0.6839559996917799,ru,target_fpr,,,0.6861184792219274,0.11862828807302372,native,toxicity,encoder_minilm,EXP-005-ru
fr,few_label_64_strat,0.7915598171847911,0.1067606921164946,25,0.6920268595230784,0.10679154213509952,0.03804123711340206,0.4371270718232044,0.9399105694720697,0.5628729281767956,0.29135999999999995,0.5628729281767956,False,False,0.9216996781910349,0.4826666666666667,0.517,1000,1500,0.6839559996917799,ru,target_fpr,,,0.6861184792219274,-0.005908380301151039,native,toxicity,encoder_minilm,EXP-005-ru
fr,few_label_64_rand,0.7920528997800386,0.09696584875002193,25,0.6919191092924009,0.11359414289474448,0.0365979381443299,0.4370718232044199,0.9412563243063943,0.5629281767955802,0.29063999999999995,0.5629281767955802,False,False,0.9216996781910349,0.4826666666666667,0.517,1000,1500,0.6839559996917799,ru,target_fpr,,,0.6861184792219274,-0.005800630070473489,native,toxicity,encoder_minilm,EXP-005-ru
fr,few_label_128_strat,0.8124366444678018,0.07077706351791606,25,0.6921803376648005,0.06742423645709877,0.031237113402061856,0.4477900552486188,0.9454949735879877,0.5522099447513812,0.2826933333333333,0.5522099447513812,False,False,0.9216996781910349,0.4826666666666667,0.517,1000,1500,0.6839559996917799,ru,target_fpr,,,0.6861184792219274,-0.006061858442873103,native,toxicity,encoder_minilm,EXP-005-ru
fr,few_label_128_rand,0.8130654562624722,0.05957342127033215,25,0.6943660407231035,0.059250359437805225,0.031237113402061856,0.446353591160221,0.9445937516470347,0.553646408839779,0.2833866666666667,0.553646408839779,False,False,0.9216996781910349,0.4826666666666667,0.517,1000,1500,0.6839559996917799,ru,target_fpr,,,0.6861184792219274,-0.008247561501176115,native,toxicity,encoder_minilm,EXP-005-ru
fr,few_label_256_strat,0.8137286439507042,0.04420643307545597,25,0.7020202532837775,0.041626640639036566,0.02984536082474227,0.4398342541436464,0.9467788967839311,0.5601657458563537,0.2858133333333333,0.5601657458563537,False,False,0.9216996781910349,0.4826666666666667,0.517,1000,1500,0.6839559996917799,ru,target_fpr,,,0.6861184792219274,-0.015901774061850116,native,toxicity,encoder_minilm,EXP-005-ru
fr,few_label_256_rand,0.8333176047386989,0.04590510650512133,25,0.6788070103030734,0.050758260722582875,0.026804123711340208,0.46867403314917133,0.9498343291649527,0.5313259668508287,0.27032,0.5313259668508287,False,False,0.9216996781910349,0.4826666666666667,0.517,1000,1500,0.6839559996917799,ru,target_fpr,,,0.6861184792219274,0.007311468918853925,native,toxicity,encoder_minilm,EXP-005-ru
fr,target_full,0.8374728287589364,0.0,1,0.6861184792219274,0.0,0.024484536082474227,0.46408839779005523,0.9533169533169533,0.5359116022099447,0.2713333333333333,0.5359116022099447,False,False,0.9216996781910349,0.4826666666666667,0.517,1000,1500,0.6839559996917799,ru,target_fpr,0.6544935822913949,0.7192066602522446,0.6861184792219274,0.0,native,toxicity,encoder_minilm,EXP-005-ru
fr,test_oracle_unachievable,0.7231521540785483,0.0,1,0.7709677419354839,0.0,0.04896907216494845,0.3397790055248619,0.9263565891472868,0.6602209944751382,0.344,0.6602209944751382,False,False,0.9216996781910349,0.4826666666666667,0.517,1000,1500,0.6839559996917799,ru,target_fpr,,,0.6861184792219274,-0.08484926271355653,native,toxicity,encoder_minilm,EXP-005-ru
he,fixed_half,0.5,0.0,1,0.6402877697841727,0.0,0.3918918918918919,0.23605150214592274,0.5510835913312694,0.7639484978540773,0.5356550580431177,0.7639484978540773,False,False,0.7641456907551328,0.3864013266998342,0.43283582089552236,402,603,0.6839559996917799,ru,target_fpr,,,0.37873754152823924,-0.26155022825593344,native,toxicity,encoder_minilm,EXP-005-ru
he,source_global,0.6839559996917799,0.0,1,0.6278586278586279,0.0,0.26216216216216215,0.351931330472103,0.6088709677419355,0.648068669527897,0.41127694859038144,0.648068669527897,False,False,0.7641456907551328,0.3864013266998342,0.43283582089552236,402,603,0.6839559996917799,ru,target_fpr,0.5759412099528378,0.6843237704918033,0.37873754152823924,-0.24912108633038865,native,toxicity,encoder_minilm,EXP-005-ru
he,quantile_match,0.7081945033524836,0.0,1,0.625531914893617,0.0,0.24324324324324326,0.36909871244635195,0.620253164556962,0.630901287553648,0.39303482587064675,0.630901287553648,False,False,0.7641456907551328,0.3864013266998342,0.43283582089552236,402,603,0.6839559996917799,ru,target_fpr,,,0.37873754152823924,-0.2467943733653778,native,toxicity,encoder_minilm,EXP-005-ru
he,sld_em,0.5763291412577902,0.0,1,0.6384615384615385,0.0,0.327027027027027,0.2875536480686695,0.578397212543554,0.7124463519313304,0.4759535655058043,0.7124463519313304,False,False,0.7641456907551328,0.3864013266998342,0.43283582089552236,402,603,0.6839559996917799,ru,target_fpr,,,0.37873754152823924,-0.2597239969332993,native,toxicity,encoder_minilm,EXP-005-ru
he,bbse,0.6636255965461929,0.0,1,0.6313645621181262,0.0,0.27837837837837837,0.33476394849785407,0.6007751937984496,0.6652360515021459,0.42786069651741293,0.6652360515021459,False,False,0.7641456907551328,0.3864013266998342,0.43283582089552236,402,603,0.6839559996917799,ru,target_fpr,,,0.37873754152823924,-0.25262702058988695,native,toxicity,encoder_minilm,EXP-005-ru
he,few_label_8_strat,0.8841642991873591,0.11047612846816102,25,0.451817215371088,0.17377521275471544,0.10270270270270271,0.6284978540772531,0.7650222305620334,0.3715021459227469,0.20656716417910448,0.3715021459227469,False,False,0.7641456907551328,0.3864013266998342,0.43283582089552236,402,603,0.6839559996917799,ru,target_fpr,,,0.37873754152823924,-0.07307967384284875,native,toxicity,encoder_minilm,EXP-005-ru
he,few_label_8_rand,0.815032819080636,0.19822685139572965,25,0.4719697767965945,0.1937229986794368,0.15610810810810813,0.5661802575107296,0.7326148965057426,0.43381974248927035,0.2634162520729685,0.43381974248927035,False,False,0.7641456907551328,0.3864013266998342,0.43283582089552236,402,603,0.6839559996917799,ru,target_fpr,,,0.37873754152823924,-0.09323223526835528,native,toxicity,encoder_minilm,EXP-005-ru
he,few_label_16_strat,0.9315396558188225,0.0817756508613725,25,0.38981759574080305,0.15093897406616347,0.0601081081081081,0.7122746781115878,0.8048319388247325,0.287725321888412,0.1480597014925373,0.287725321888412,False,False,0.7641456907551328,0.3864013266998342,0.43283582089552236,402,603,0.6839559996917799,ru,target_fpr,,,0.37873754152823924,-0.011080054212563806,native,toxicity,encoder_minilm,EXP-005-ru
he,few_label_16_rand,0.9207428343441068,0.09848959046023983,25,0.38548477970820627,0.18643622124982456,0.06940540540540542,0.7031759656652361,0.8047334748320736,0.29682403433476395,0.15728026533996683,0.29682403433476395,False,False,0.7641456907551328,0.3864013266998342,0.43283582089552236,402,603,0.6839559996917799,ru,target_fpr,,,0.37873754152823924,-0.00674723817996703,native,toxicity,encoder_minilm,EXP-005-ru
he,few_label_32_strat,0.956567670574709,0.04567610385921159,25,0.32298701690549164,0.1836960669655748,0.038162162162162165,0.7733905579399141,0.844218006376346,0.22660944206008582,0.11097844112769485,0.22660944206008582,False,False,0.7641456907551328,0.3864013266998342,0.43283582089552236,402,603,0.6839559996917799,ru,target_fpr,,,0.37873754152823924,0.0557505246227476,native,toxicity,encoder_minilm,EXP-005-ru
he,few_label_32_rand,0.9394288507899009,0.07000957532522877,25,0.3848633764260366,0.15022451243564075,0.05318918918918919,0.7215450643776825,0.8102858771316361,0.2784549356223176,0.14023217247097844,0.2784549356223176,False,False,0.7641456907551328,0.3864013266998342,0.43283582089552236,402,603,0.6839559996917799,ru,target_fpr,,,0.37873754152823924,-0.006125834897797333,native,toxicity,encoder_minilm,EXP-005-ru
he,few_label_64_strat,0.9581928204095366,0.04504579842203312,25,0.35068461836922693,0.139010175900116,0.036864864864864864,0.7610300429184548,0.833053269048155,0.23896995708154506,0.11495854063018243,0.23896995708154506,False,False,0.7641456907551328,0.3864013266998342,0.43283582089552236,402,603,0.6839559996917799,ru,target_fpr,,,0.37873754152823924,0.02805292315901231,native,toxicity,encoder_minilm,EXP-005-ru
he,few_label_64_rand,0.9635881546284308,0.03236073082699129,25,0.34610846769482295,0.13286865831092612,0.03254054054054054,0.7680686695278971,0.8412012959839247,0.231931330472103,0.10958540630182421,0.231931330472103,False,False,0.7641456907551328,0.3864013266998342,0.43283582089552236,402,603,0.6839559996917799,ru,target_fpr,,,0.37873754152823924,0.03262907383341629,native,toxicity,encoder_minilm,EXP-005-ru
he,few_label_128_strat,0.9497234814912331,0.018844646653825632,25,0.4359004523832818,0.07201650312582493,0.04172972972972973,0.6988841201716738,0.8255526188833582,0.3011158798283262,0.14195688225538972,0.3011158798283262,False,False,0.7641456907551328,0.3864013266998342,0.43283582089552236,402,603,0.6839559996917799,ru,target_fpr,,,0.37873754152823924,-0.05716291085504255,native,toxicity,encoder_minilm,EXP-005-ru
he,few_label_128_rand,0.9659716220151304,0.01745043384070181,25,0.36581482338625476,0.09192827234263334,0.0292972972972973,0.7605150214592276,0.8424617121665932,0.2394849785407725,0.11051409618573799,0.2394849785407725,False,False,0.7641456907551328,0.3864013266998342,0.43283582089552236,402,603,0.6839559996917799,ru,target_fpr,,,0.37873754152823924,0.01292271814198448,native,toxicity,encoder_minilm,EXP-005-ru
he,few_label_256_strat,0.9570279445224423,0.01607907355860585,25,0.4152828720869173,0.0657183467028247,0.03481081081081081,0.720343347639485,0.8386911445098536,0.279656652360515,0.12941956882255387,0.279656652360515,False,False,0.7641456907551328,0.3864013266998342,0.43283582089552236,402,603,0.6839559996917799,ru,target_fpr,,,0.37873754152823924,-0.036545330558678035,native,toxicity,encoder_minilm,EXP-005-ru
he,few_label_256_rand,0.9619932036937024,0.011513620519025266,25,0.4013019043979342,0.054485328339107665,0.031243243243243245,0.7345922746781116,0.8431879438256058,0.26540772532188844,0.12172470978441127,0.26540772532188844,False,False,0.7641456907551328,0.3864013266998342,0.43283582089552236,402,603,0.6839559996917799,ru,target_fpr,,,0.37873754152823924,-0.02256436286969493,native,toxicity,encoder_minilm,EXP-005-ru
he,target_full,0.9650543983338278,0.0,1,0.37873754152823924,0.0,0.02972972972972973,0.7553648068669528,0.8382352941176471,0.2446351931330472,0.11276948590381426,0.2446351931330472,False,False,0.7641456907551328,0.3864013266998342,0.43283582089552236,402,603,0.6839559996917799,ru,target_fpr,0.3073592575548397,0.44851981853703765,0.37873754152823924,0.0,native,toxicity,encoder_minilm,EXP-005-ru
he,test_oracle_unachievable,0.9409086847475598,0.0,1,0.4787878787878789,0.0,0.04864864864864865,0.6609442060085837,0.8144329896907216,0.33905579399141633,0.16086235489220563,0.33905579399141633,False,False,0.7641456907551328,0.3864013266998342,0.43283582089552236,402,603,0.6839559996917799,ru,target_fpr,,,0.37873754152823924,-0.10005033725963963,native,toxicity,encoder_minilm,EXP-005-ru
hi,fixed_half,0.5,0.0,1,0.673107890499195,0.0,0.09746328437917223,0.4434087882822903,0.8513238289205702,0.5565912117177098,0.3273333333333333,0.5565912117177098,False,False,0.8560086329042362,0.5006666666666667,0.519,1000,1500,0.6839559996917799,ru,target_fpr,,,0.5140096618357488,-0.15909822866344614,native,toxicity,encoder_minilm,EXP-005-ru
hi,source_global,0.6839559996917799,0.0,1,0.5695970695970696,0.0,0.04005340453938585,0.5858854860186418,0.9120234604105572,0.4141145139813582,0.22733333333333333,0.4141145139813582,False,False,0.8560086329042362,0.5006666666666667,0.519,1000,1500,0.6839559996917799,ru,target_fpr,0.537546202664063,0.6024722825784166,0.5140096618357488,-0.05558740776132076,native,toxicity,encoder_minilm,EXP-005-ru
hi,quantile_match,0.4016601415769437,0.0,1,0.7110438729198183,0.0,0.1348464619492657,0.374167776298269,0.8231173380035026,0.625832223701731,0.38066666666666665,0.625832223701731,False,False,0.8560086329042362,0.5006666666666667,0.519,1000,1500,0.6839559996917799,ru,target_fpr,,,0.5140096618357488,-0.1970342110840695,native,toxicity,encoder_minilm,EXP-005-ru
hi,sld_em,0.863306517505655,0.0,1,0.3880597014925373,0.0,0.006675567423230975,0.7576564580559254,0.9732620320855615,0.24234354194407456,0.12466666666666666,0.24234354194407456,False,False,0.8560086329042362,0.5006666666666667,0.519,1000,1500,0.6839559996917799,ru,target_fpr,,,0.5140096618357488,0.1259499603432115,native,toxicity,encoder_minilm,EXP-005-ru
hi,bbse,0.8573162249956936,0.0,1,0.3893617021276596,0.0,0.00801068090787717,0.7563249001331558,0.9682539682539683,0.2436750998668442,0.126,0.2436750998668442,False,False,0.8560086329042362,0.5006666666666667,0.519,1000,1500,0.6839559996917799,ru,target_fpr,,,0.5140096618357488,0.12464795970808923,native,toxicity,encoder_minilm,EXP-005-ru
hi,few_label_8_strat,0.5768339249378424,0.28097823850496784,25,0.5719023288344879,0.1837296701884859,0.10643524699599466,0.5144074567243675,0.8767229965509401,0.48559254327563245,0.2962666666666667,0.48559254327563245,False,False,0.8560086329042362,0.5006666666666667,0.519,1000,1500,0.6839559996917799,ru,target_fpr,,,0.5140096618357488,-0.05789266699873907,native,toxicity,encoder_minilm,EXP-005-ru
hi,few_label_8_rand,0.5181479562684002,0.29906523487415976,25,0.6002990829137577,0.17852182030136093,0.142803738317757,0.4637017310252996,0.8527837049732265,0.5362982689747005,0.3398133333333333,0.5362982689747005,False,False,0.8560086329042362,0.5006666666666667,0.519,1000,1500,0.6839559996917799,ru,target_fpr,,,0.5140096618357488,-0.08628942107800885,native,toxicity,encoder_minilm,EXP-005-ru
hi,few_label_16_strat,0.678541925971039,0.20937991315881144,25,0.5197869898583434,0.16776436636810035,0.056822429906542044,0.6025565912117177,0.9107124308968683,0.39744340878828227,0.22736000000000003,0.39744340878828227,False,False,0.8560086329042362,0.5006666666666667,0.519,1000,1500,0.6839559996917799,ru,target_fpr,,,0.5140096618357488,-0.005777328022594563,native,toxicity,encoder_minilm,EXP-005-ru
hi,few_label_16_rand,0.5762706709169795,0.2727211176508189,25,0.573033206947594,0.17867201029312055,0.1067022696929239,0.5153661784287616,0.8745627549998197,0.4846338215712384,0.29591999999999996,0.4846338215712384,False,False,0.8560086329042362,0.5006666666666667,0.519,1000,1500,0.6839559996917799,ru,target_fpr,,,0.5140096618357488,-0.059023545111845155,native,toxicity,encoder_minilm,EXP-005-ru
hi,few_label_32_strat,0.7474939135314908,0.1412189297413432,25,0.48519599901104854,0.12339243499303011,0.03257676902536716,0.6566178428761651,0.933080860493415,0.34338215712383485,0.18818666666666664,0.34338215712383485,False,False,0.8560086329042362,0.5006666666666667,0.519,1000,1500,0.6839559996917799,ru,target_fpr,,,0.5140096618357488,0.02881366282470027,native,toxicity,encoder_minilm,EXP-005-ru
hi,few_label_32_rand,0.7312357775435419,0.1902305569605462,25,0.4820737447528742,0.16271701463881072,0.04299065420560748,0.6459121171770971,0.9269526777052777,0.3540878828229028,0.19874666666666665,0.3540878828229028,False,False,0.8560086329042362,0.5006666666666667,0.519,1000,1500,0.6839559996917799,ru,target_fpr,,,0.5140096618357488,0.03193591708287463,native,toxicity,encoder_minilm,EXP-005-ru
hi,few_label_64_strat,0.6569952231607015,0.15933382291963394,25,0.5610109710173196,0.11174614409548622,0.05516688918558078,0.5752330226364848,0.9044947004738326,0.42476697736351526,0.24021333333333333,0.42476697736351526,False,False,0.8560086329042362,0.5006666666666667,0.519,1000,1500,0.6839559996917799,ru,target_fpr,,,0.5140096618357488,-0.04700130918157075,native,toxicity,encoder_minilm,EXP-005-ru
hi,few_label_64_rand,0.6725473704955337,0.14300761283267258,25,0.5506245115697973,0.10860448392947211,0.05041388518024032,0.5892410119840213,0.9072522021992632,0.4107589880159787,0.23082666666666668,0.4107589880159787,False,False,0.8560086329042362,0.5006666666666667,0.519,1000,1500,0.6839559996917799,ru,target_fpr,,,0.5140096618357488,-0.036614849734048494,native,toxicity,encoder_minilm,EXP-005-ru
hi,few_label_128_strat,0.6920718371381506,0.09049274824990912,25,0.5503237209861055,0.0697753470137012,0.040640854472630175,0.6001597869507322,0.9153648096619055,0.3998402130492677,0.22047999999999998,0.3998402130492677,False,False,0.8560086329042362,0.5006666666666667,0.519,1000,1500,0.6839559996917799,ru,target_fpr,,,0.5140096618357488,-0.03631405915035668,native,toxicity,encoder_minilm,EXP-005-ru
hi,few_label_128_rand,0.7323901455764141,0.10592007258902025,25,0.5119907323199943,0.08587158309379714,0.032843791722296393,0.6378695073235685,0.9281082390242561,0.3621304926764315,0.19770666666666664,0.3621304926764315,False,False,0.8560086329042362,0.5006666666666667,0.519,1000,1500,0.6839559996917799,ru,target_fpr,,,0.5140096618357488,0.002018929515754553,native,toxicity,encoder_minilm,EXP-005-ru
hi,few_label_256_strat,0.7282165896786741,0.03799084392688478,25,0.5298603971640041,0.032052132541331185,0.03001335113484646,0.6278561917443409,0.9271032348968211,0.3721438082556591,0.20130666666666666,0.3721438082556591,False,False,0.8560086329042362,0.5006666666666667,0.519,1000,1500,0.6839559996917799,ru,target_fpr,,,0.5140096618357488,-0.015850735328255317,native,toxicity,encoder_minilm,EXP-005-ru
hi,few_label_256_rand,0.7450421358281792,0.05120609508405421,25,0.5116321264012731,0.04816502978666395,0.026809078771695596,0.6451664447403462,0.9327923176536141,0.35483355525965377,0.19104,0.35483355525965377,False,False,0.8560086329042362,0.5006666666666667,0.519,1000,1500,0.6839559996917799,ru,target_fpr,,,0.5140096618357488,0.0023775354344757194,native,toxicity,encoder_minilm,EXP-005-ru
hi,target_full,0.7493569382624203,0.0,1,0.5140096618357488,0.0,0.02403204272363151,0.6458055925432756,0.9366197183098591,0.35419440745672437,0.18933333333333333,0.35419440745672437,False,False,0.8560086329042362,0.5006666666666667,0.519,1000,1500,0.6839559996917799,ru,target_fpr,0.47935777861897977,0.5530902639581495,0.5140096618357488,0.0,native,toxicity,encoder_minilm,EXP-005-ru
hi,test_oracle_unachievable,0.6424323254238902,0.0,1,0.5966162065894924,0.0,0.049399198931909215,0.5539280958721704,0.9005376344086021,0.44607190412782954,0.248,0.44607190412782954,False,False,0.8560086329042362,0.5006666666666667,0.519,1000,1500,0.6839559996917799,ru,target_fpr,,,0.5140096618357488,-0.08260654475374363,native,toxicity,encoder_minilm,EXP-005-ru
hin,fixed_half,0.5,0.0,1,0.6533923303834808,0.0,0.37990580847723704,0.33979135618479883,0.6467153284671533,0.6602086438152012,0.5237003058103975,0.6602086438152012,False,False,0.6728084561808215,0.5129969418960245,0.4868270332187858,873,1308,0.6839559996917799,ru,target_fpr,,,0.13172043010752688,-0.5216719002759539,native,toxicity,encoder_minilm,EXP-005-ru
hin,source_global,0.6839559996917799,0.0,1,0.5353095030514384,0.0,0.2653061224489796,0.5424739195230999,0.6449579831932774,0.45752608047690013,0.363914373088685,0.45752608047690013,False,False,0.6728084561808215,0.5129969418960245,0.4868270332187858,873,1308,0.6839559996917799,ru,target_fpr,0.5004233511586452,0.5661859538944628,0.13172043010752688,-0.40358907294391155,native,toxicity,encoder_minilm,EXP-005-ru
hin,quantile_match,0.6717961962149863,0.0,1,0.5473321858864028,0.0,0.271585557299843,0.526080476900149,0.6476578411405295,0.47391952309985097,0.3753822629969419,0.47391952309985097,False,False,0.6728084561808215,0.5129969418960245,0.4868270332187858,873,1308,0.6839559996917799,ru,target_fpr,,,0.13172043010752688,-0.4156117557788759,native,toxicity,encoder_minilm,EXP-005-ru
hin,sld_em,0.6179313105470602,0.0,1,0.5823817292006526,0.0,0.3108320251177394,0.46795827123695977,0.6432432432432432,0.5320417287630402,0.4243119266055046,0.5320417287630402,False,False,0.6728084561808215,0.5129969418960245,0.4868270332187858,873,1308,0.6839559996917799,ru,target_fpr,,,0.13172043010752688,-0.4506612990931257,native,toxicity,encoder_minilm,EXP-005-ru
hin,bbse,0.7032584724795045,0.0,1,0.527802294792586,0.0,0.25588697017268447,0.5543964232488823,0.6471861471861472,0.4456035767511177,0.3532110091743119,0.4456035767511177,False,False,0.6728084561808215,0.5129969418960245,0.4868270332187858,873,1308,0.6839559996917799,ru,target_fpr,,,0.13172043010752688,-0.3960818646850591,native,toxicity,encoder_minilm,EXP-005-ru
hin,few_label_8_strat,0.8024754789886971,0.13510032017896287,25,0.39245660993928616,0.17156768588045448,0.17456828885400313,0.6870938897168406,0.6606391256503399,0.31290611028315946,0.24553516819571863,0.31290611028315946,False,False,0.6728084561808215,0.5129969418960245,0.4868270332187858,873,1308,0.6839559996917799,ru,target_fpr,,,0.13172043010752688,-0.2607361798317593,native,toxicity,encoder_minilm,EXP-005-ru
hin,few_label_8_rand,0.8394265166809193,0.20119755004892584,25,0.31098926425769086,0.18077737515020229,0.14442700156985872,0.7535022354694487,0.6347661708251094,0.24649776453055142,0.19678899082568807,0.24649776453055142,False,False,0.6728084561808215,0.5129969418960245,0.4868270332187858,873,1308,0.6839559996917799,ru,target_fpr,,,0.13172043010752688,-0.17926883415016398,native,toxicity,encoder_minilm,EXP-005-ru
hin,few_label_16_strat,0.953960315086416,0.04233195745342939,25,0.15821120526762836,0.11070802481380596,0.04929356357927786,0.9030700447093888,0.662520266567611,0.09692995529061102,0.0737308868501529,0.09692995529061102,False,False,0.6728084561808215,0.5129969418960245,0.4868270332187858,873,1308,0.6839559996917799,ru,target_fpr,,,0.13172043010752688,-0.026490775160101482,native,toxicity,encoder_minilm,EXP-005-ru
hin,few_label_16_rand,0.9109729715049465,0.1017499254827298,25,0.2225804086709031,0.16785481191225354,0.08452119309262165,0.8435767511177348,0.6744488964892894,0.15642324888226528,0.12140672782874617,0.15642324888226528,False,False,0.6728084561808215,0.5129969418960245,0.4868270332187858,873,1308,0.6839559996917799,ru,target_fpr,,,0.13172043010752688,-0.09085997856337621,native,toxicity,encoder_minilm,EXP-005-ru
hin,few_label_32_strat,0.9637197488040623,0.044701803273427994,25,0.12957524789768557,0.10568564918568621,0.03924646781789639,0.9215499254843519,0.6913232545389877,0.07845007451564828,0.059357798165137615,0.07845007451564828,False,False,0.6728084561808215,0.5129969418960245,0.4868270332187858,873,1308,0.6839559996917799,ru,target_fpr,,,0.13172043010752688,0.0021451822098413065,native,toxicity,encoder_minilm,EXP-005-ru
hin,few_label_32_rand,0.9466786477330277,0.0658896234649762,25,0.15803991174905174,0.14883388929110603,0.053940345368916794,0.8960953800298063,0.6603232861880929,0.10390461997019372,0.07957186544342508,0.10390461997019372,False,False,0.6728084561808215,0.5129969418960245,0.4868270332187858,873,1308,0.6839559996917799,ru,target_fpr,,,0.13172043010752688,-0.026319481641524867,native,toxicity,encoder_minilm,EXP-005-ru
hin,few_label_64_strat,0.9636501672359645,0.03712940006789457,25,0.13097184776386514,0.0994825419961912,0.040627943485086346,0.9216095380029806,0.6916423029746219,0.07839046199701938,0.05999999999999999,0.07839046199701938,False,False,0.6728084561808215,0.5129969418960245,0.4868270332187858,873,1308,0.6839559996917799,ru,target_fpr,,,0.13172043010752688,0.0007485823436617356,native,toxicity,encoder_minilm,EXP-005-ru
hin,few_label_64_rand,0.9526648587580001,0.048349366037832776,25,0.15699445609305204,0.11811862714866955,0.04973312401883831,0.9025335320417287,0.6816868797834307,0.09746646795827124,0.07422018348623853,0.09746646795827124,False,False,0.6728084561808215,0.5129969418960245,0.4868270332187858,873,1308,0.6839559996917799,ru,target_fpr,,,0.13172043010752688,-0.025274025985525167,native,toxicity,encoder_minilm,EXP-005-ru
hin,few_label_128_strat,0.9574279403897532,0.04043131005603599,25,0.1514095840498197,0.07772750116731046,0.04772370486656201,0.9104023845007451,0.667371288385281,0.08959761549925485,0.06920489296636086,0.08959761549925485,False,False,0.6728084561808215,0.5129969418960245,0.4868270332187858,873,1308,0.6839559996917799,ru,target_fpr,,,0.13172043010752688,-0.019689153942292814,native,toxicity,encoder_minilm,EXP-005-ru
hin,few_label_128_rand,0.965626224118007,0.026277695158699408,25,0.1341067741431935,0.07026195855004647,0.03993720565149137,0.9225633383010431,0.6739669966493218,0.07743666169895679,0.0591743119266055,0.07743666169895679,False,False,0.6728084561808215,0.5129969418960245,0.4868270332187858,873,1308,0.6839559996917799,ru,target_fpr,,,0.13172043010752688,-0.002386344035666621,native,toxicity,encoder_minilm,EXP-005-ru
hin,few_label_256_strat,0.9653339880724927,0.011302069529629278,25,0.14010811047512015,0.03319259423638463,0.04062794348508634,0.9211922503725783,0.6716647995125488,0.07880774962742176,0.06021406727828747,0.07880774962742176,False,False,0.6728084561808215,0.5129969418960245,0.4868270332187858,873,1308,0.6839559996917799,ru,target_fpr,,,0.13172043010752688,-0.00838768036759327,native,toxicity,encoder_minilm,EXP-005-ru
hin,few_label_256_rand,0.9698761627502038,0.008736383712143485,25,0.1253530023414195,0.026240856905402767,0.03623233908948195,0.9304918032786886,0.6697678173970414,0.06950819672131148,0.053302752293577976,0.06950819672131148,False,False,0.6728084561808215,0.5129969418960245,0.4868270332187858,873,1308,0.6839559996917799,ru,target_fpr,,,0.13172043010752688,0.006367427766107381,native,toxicity,encoder_minilm,EXP-005-ru
hin,target_full,0.9693878426652272,0.0,1,0.13172043010752688,0.0,0.03767660910518053,0.9269746646795827,0.6712328767123288,0.07302533532041729,0.05581039755351682,0.07302533532041729,False,False,0.6728084561808215,0.5129969418960245,0.4868270332187858,873,1308,0.6839559996917799,ru,target_fpr,0.09998382038134115,0.16441806058789873,0.13172043010752688,0.0,native,toxicity,encoder_minilm,EXP-005-ru
hin,test_oracle_unachievable,0.9604678568678849,0.0,1,0.15303430079155675,0.0,0.04552590266875981,0.9135618479880775,0.6666666666666666,0.08643815201192251,0.06651376146788991,0.08643815201192251,False,False,0.6728084561808215,0.5129969418960245,0.4868270332187858,873,1308,0.6839559996917799,ru,target_fpr,,,0.13172043010752688,-0.021313870684029873,native,toxicity,encoder_minilm,EXP-005-ru
it,fixed_half,0.5,0.0,1,0.6542800265428003,0.0,0.3671875,0.32650273224043713,0.6361290322580645,0.6734972677595629,0.5166666666666667,0.6734972677595629,False,False,0.7078672871129326,0.488,0.497,1000,1500,0.6839559996917799,ru,target_fpr,,,0.2981090100111235,-0.35617101653167677,native,toxicity,encoder_minilm,EXP-005-ru
it,source_global,0.6839559996917799,0.0,1,0.5913978494623655,0.0,0.24088541666666666,0.47404371584699456,0.6754385964912281,0.5259562841530054,0.38,0.5259562841530054,False,False,0.7078672871129326,0.488,0.497,1000,1500,0.6839559996917799,ru,target_fpr,0.5576137663280635,0.6197184739509608,0.2981090100111235,-0.293288839451242,native,toxicity,encoder_minilm,EXP-005-ru
it,quantile_match,0.6580317877000625,0.0,1,0.6019563581640331,0.0,0.2565104166666667,0.453551912568306,0.6700167504187605,0.546448087431694,0.398,0.546448087431694,False,False,0.7078672871129326,0.488,0.497,1000,1500,0.6839559996917799,ru,target_fpr,,,0.2981090100111235,-0.30384734815290965,native,toxicity,encoder_minilm,EXP-005-ru
it,sld_em,0.6225767591323864,0.0,1,0.6249089584850692,0.0,0.2760416666666667,0.4139344262295082,0.6692667706708268,0.5860655737704918,0.42733333333333334,0.5860655737704918,False,False,0.7078672871129326,0.488,0.497,1000,1500,0.6839559996917799,ru,target_fpr,,,0.2981090100111235,-0.3267999484739457,native,toxicity,encoder_minilm,EXP-005-ru
it,bbse,0.706662509102345,0.0,1,0.5734485467399842,0.0,0.22916666666666666,0.5013661202185792,0.6746765249537893,0.49863387978142076,0.3606666666666667,0.49863387978142076,False,False,0.7078672871129326,0.488,0.497,1000,1500,0.6839559996917799,ru,target_fpr,,,0.2981090100111235,-0.27533953672886075,native,toxicity,encoder_minilm,EXP-005-ru
it,few_label_8_strat,0.8693922027681985,0.111968549582431,25,0.383853493983961,0.16318461617904081,0.10776041666666666,0.7110382513661202,0.7683464483766168,0.28896174863387974,0.19618666666666665,0.28896174863387974,False,False,0.7078672871129326,0.488,0.497,1000,1500,0.6839559996917799,ru,target_fpr,,,0.2981090100111235,-0.08574448397283752,native,toxicity,encoder_minilm,EXP-005-ru
it,few_label_8_rand,0.7551671910423269,0.23616622917317373,25,0.4416007647054548,0.19561033891205765,0.18947916666666667,0.6090163934426229,0.7299435560567998,0.390983606557377,0.2878133333333333,0.390983606557377,False,False,0.7078672871129326,0.488,0.497,1000,1500,0.6839559996917799,ru,target_fpr,,,0.2981090100111235,-0.14349175469433129,native,toxicity,encoder_minilm,EXP-005-ru
it,few_label_16_strat,0.9007254745846125,0.08558603002590127,25,0.34410659154891754,0.1592458929764115,0.08421875,0.7537158469945356,0.7791326313553715,0.24628415300546447,0.16330666666666666,0.24628415300546447,False,False,0.7078672871129326,0.488,0.497,1000,1500,0.6839559996917799,ru,target_fpr,,,0.2981090100111235,-0.04599758153779404,native,toxicity,encoder_minilm,EXP-005-ru
it,few_label_16_rand,0.8413365473108722,0.1483635158624563,25,0.3854941151796879,0.21195084715103518,0.128125,0.6895628415300546,0.7738587830546798,0.31043715846994535,0.21709333333333333,0.31043715846994535,False,False,0.7078672871129326,0.488,0.497,1000,1500,0.6839559996917799,ru,target_fpr,,,0.2981090100111235,-0.0873851051685644,native,toxicity,encoder_minilm,EXP-005-ru
it,few_label_32_strat,0.9624999325137935,0.04178070354775891,25,0.19146840934782944,0.14154933553471763,0.03229166666666666,0.879398907103825,0.8491660078940262,0.12060109289617486,0.07538666666666667,0.12060109289617486,False,False,0.7078672871129326,0.488,0.497,1000,1500,0.6839559996917799,ru,target_fpr,,,0.2981090100111235,0.10664060066329406,native,toxicity,encoder_minilm,EXP-005-ru
it,few_label_32_rand,0.9236487646089268,0.08020417195628478,25,0.2863266893064324,0.16793304871212256,0.06572916666666667,0.8009289617486338,0.8031135120838657,0.1990710382513661,0.1308,0.1990710382513661,False,False,0.7078672871129326,0.488,0.497,1000,1500,0.6839559996917799,ru,target_fpr,,,0.2981090100111235,0.011782320704691096,native,toxicity,encoder_minilm,EXP-005-ru
it,few_label_64_strat,0.9507858895485377,0.03515279892127878,25,0.2598241809086448,0.11259402443533578,0.0425,0.8363387978142076,0.818464520801814,0.16366120218579236,0.10162666666666667,0.16366120218579236,False,False,0.7078672871129326,0.488,0.497,1000,1500,0.6839559996917799,ru,target_fpr,,,0.2981090100111235,0.03828482910247871,native,toxicity,encoder_minilm,EXP-005-ru
it,few_label_64_rand,0.9577571862440821,0.03395890817628423,25,0.22900718018744448,0.11789139387590888,0.036041666666666666,0.8578142076502734,0.8323584833549185,0.14218579234972678,0.08783999999999999,0.14218579234972678,False,False,0.7078672871129326,0.488,0.497,1000,1500,0.6839559996917799,ru,target_fpr,,,0.2981090100111235,0.06910182982367902,native,toxicity,encoder_minilm,EXP-005-ru
it,few_label_128_strat,0.9394014706878616,0.03666945314297836,25,0.29898990792915375,0.09706973790717574,0.05453125000000001,0.8075409836065575,0.7890644220725772,0.19245901639344262,0.12184,0.19245901639344262,False,False,0.7078672871129326,0.488,0.497,1000,1500,0.6839559996917799,ru,target_fpr,,,0.2981090100111235,-0.0008808979180302545,native,toxicity,encoder_minilm,EXP-005-ru
it,few_label_128_rand,0.9407495521615147,0.02818077351763875,25,0.30079845715212533,0.09122299936960382,0.0521875,0.8079781420765026,0.7926094592286976,0.19202185792349727,0.12042666666666667,0.19202185792349727,False,False,0.7078672871129326,0.488,0.497,1000,1500,0.6839559996917799,ru,target_fpr,,,0.2981090100111235,-0.002689447141001833,native,toxicity,encoder_minilm,EXP-005-ru
it,few_label_256_strat,0.9422613743402636,0.02270444255062316,25,0.30546619313231743,0.0728570253490602,0.05052083333333333,0.806775956284153,0.7954789540504795,0.19322404371584695,0.12015999999999999,0.19322404371584695,False,False,0.7078672871129326,0.488,0.497,1000,1500,0.6839559996917799,ru,target_fpr,,,0.2981090100111235,-0.007357183121193933,native,toxicity,encoder_minilm,EXP-005-ru
it,few_label_256_rand,0.9438944317663097,0.02033188346707051,25,0.3028891095681975,0.06236649731168425,0.04895833333333333,0.8098360655737706,0.7946406265456969,0.19016393442622953,0.11786666666666668,0.19016393442622953,False,False,0.7078672871129326,0.488,0.497,1000,1500,0.6839559996917799,ru,target_fpr,,,0.2981090100111235,-0.00478009955707398,native,toxicity,encoder_minilm,EXP-005-ru
it,target_full,0.9499214942331392,0.0,1,0.2981090100111235,0.0,0.04296875,0.8169398907103825,0.8023952095808383,0.1830601092896175,0.11133333333333334,0.1830601092896175,False,False,0.7078672871129326,0.488,0.497,1000,1500,0.6839559996917799,ru,target_fpr,0.2635641151748189,0.336095879169945,0.2981090100111235,0.0,native,toxicity,encoder_minilm,EXP-005-ru
it,test_oracle_unachievable,0.9413976450226076,0.0,1,0.31174533479692645,0.0,0.048177083333333336,0.8060109289617486,0.7932960893854749,0.19398907103825136,0.11933333333333333,0.19398907103825136,False,False,0.7078672871129326,0.488,0.497,1000,1500,0.6839559996917799,ru,target_fpr,,,0.2981090100111235,-0.013636324785802956,native,toxicity,encoder_minilm,EXP-005-ru
ja,fixed_half,0.5,0.0,1,0.4666666666666667,0.0,0.1773981603153745,0.6400541271989174,0.6633416458852868,0.35994587280108253,0.2673333333333333,0.35994587280108253,False,False,0.6494472588770207,0.49266666666666664,0.508,1000,1500,0.6839559996917799,ru,target_fpr,,,0.23121387283236994,-0.23545279383429674,native,toxicity,encoder_minilm,EXP-005-ru
ja,source_global,0.6839559996917799,0.0,1,0.3838383838383838,0.0,0.08015768725361366,0.7428958051420839,0.7569721115537849,0.2571041948579161,0.16733333333333333,0.2571041948579161,False,False,0.6494472588770207,0.49266666666666664,0.508,1000,1500,0.6839559996917799,ru,target_fpr,0.3428772533531459,0.42466582076225384,0.23121387283236994,-0.15262451100601387,native,toxicity,encoder_minilm,EXP-005-ru
ja,quantile_match,0.2693882202731862,0.0,1,0.56245325355273,0.0,0.29172141918528255,0.4912043301759134,0.6287625418060201,0.5087956698240866,0.39866666666666667,0.5087956698240866,False,False,0.6494472588770207,0.49266666666666664,0.508,1000,1500,0.6839559996917799,ru,target_fpr,,,0.23121387283236994,-0.3312393807203601,native,toxicity,encoder_minilm,EXP-005-ru
ja,sld_em,0.9362875640896297,0.0,1,0.16216216216216214,0.0,0.011826544021024968,0.9106901217861976,0.88,0.08930987821380243,0.05,0.08930987821380243,False,False,0.6494472588770207,0.49266666666666664,0.508,1000,1500,0.6839559996917799,ru,target_fpr,,,0.23121387283236994,0.0690517106702078,native,toxicity,encoder_minilm,EXP-005-ru
ja,bbse,0.9178188835336745,0.0,1,0.18509615384615385,0.0,0.02102496714848883,0.8958051420838972,0.8279569892473119,0.10419485791610285,0.062,0.10419485791610285,False,False,0.6494472588770207,0.49266666666666664,0.508,1000,1500,0.6839559996917799,ru,target_fpr,,,0.23121387283236994,0.04611771898621608,native,toxicity,encoder_minilm,EXP-005-ru
ja,few_label_8_strat,0.6662365976430962,0.20994919019036892,25,0.35447641489715875,0.14706516887503024,0.10659658344283837,0.742300405953992,0.7557135301669375,0.25769959404600806,0.18103999999999998,0.25769959404600806,False,False,0.6494472588770207,0.49266666666666664,0.508,1000,1500,0.6839559996917799,ru,target_fpr,,,0.23121387283236994,-0.12326254206478882,native,toxicity,encoder_minilm,EXP-005-ru
ja,few_label_8_rand,0.47476484437652444,0.3058623397241828,25,0.4497784774563795,0.16807776057089993,0.22817345597897504,0.6007036535859269,0.6932767075237362,0.399296346414073,0.31248,0.399296346414073,False,False,0.6494472588770207,0.49266666666666664,0.508,1000,1500,0.6839559996917799,ru,target_fpr,,,0.23121387283236994,-0.21856460462400956,native,toxicity,encoder_minilm,EXP-005-ru
ja,few_label_16_strat,0.7242773391008683,0.2367856953236343,25,0.30238578595951937,0.17103444330444065,0.08840998685939554,0.7815426251691475,0.7887917777827765,0.2184573748308525,0.15248,0.2184573748308525,False,False,0.6494472588770207,0.49266666666666664,0.508,1000,1500,0.6839559996917799,ru,target_fpr,,,0.23121387283236994,-0.07117191312714943,native,toxicity,encoder_minilm,EXP-005-ru
ja,few_label_16_rand,0.7522756365868911,0.17326207138724548,25,0.3007199556889366,0.14001469305622605,0.07211563731931668,0.7958322056833559,0.7888851275651046,0.2041677943166441,0.1371733333333333,0.2041677943166441,False,False,0.6494472588770207,0.49266666666666664,0.508,1000,1500,0.6839559996917799,ru,target_fpr,,,0.23121387283236994,-0.06950608285656668,native,toxicity,encoder_minilm,EXP-005-ru
ja,few_label_32_strat,0.8434400331678801,0.12801101037103443,25,0.2301602208987802,0.1255219285526021,0.042260183968462546,0.8551014884979703,0.8191431209306321,0.14489851150202976,0.09282666666666665,0.14489851150202976,False,False,0.6494472588770207,0.49266666666666664,0.508,1000,1500,0.6839559996917799,ru,target_fpr,,,0.23121387283236994,0.0010536519335897498,native,toxicity,encoder_minilm,EXP-005-ru
ja,few_label_32_rand,0.800520713043618,0.12286031040359129,25,0.2811670917798425,0.10259908618796783,0.05477003942181341,0.8201353179972937,0.7906214858906263,0.1798646820027064,0.11639999999999999,0.1798646820027064,False,False,0.6494472588770207,0.49266666666666664,0.508,1000,1500,0.6839559996917799,ru,target_fpr,,,0.23121387283236994,-0.049953218947472566,native,toxicity,encoder_minilm,EXP-005-ru
ja,few_label_64_strat,0.9028059103645499,0.07250505846672749,25,0.17649858550214034,0.08980026973797142,0.022444152431011822,0.8969959404600814,0.8583227440949223,0.10300405953991881,0.06213333333333333,0.10300405953991881,False,False,0.6494472588770207,0.49266666666666664,0.508,1000,1500,0.6839559996917799,ru,target_fpr,,,0.23121387283236994,0.054715287330229595,native,toxicity,encoder_minilm,EXP-005-ru
ja,few_label_64_rand,0.8455511669980718,0.10344217800717229,25,0.24059742578534887,0.10599777047261456,0.039579500657030225,0.8512584573748309,0.8198415979677776,0.14874154262516914,0.09335999999999998,0.14874154262516914,False,False,0.6494472588770207,0.49266666666666664,0.508,1000,1500,0.6839559996917799,ru,target_fpr,,,0.23121387283236994,-0.009383552952978935,native,toxicity,encoder_minilm,EXP-005-ru
ja,few_label_128_strat,0.8354603667939187,0.086380086237055,25,0.26291555537787575,0.07183938223532076,0.04320630749014454,0.8384303112313938,0.7988601690558825,0.1615696887686062,0.10152,0.1615696887686062,False,False,0.6494472588770207,0.49266666666666664,0.508,1000,1500,0.6839559996917799,ru,target_fpr,,,0.23121387283236994,-0.031701682545505816,native,toxicity,encoder_minilm,EXP-005-ru
ja,few_label_128_rand,0.8449844228791585,0.08546269550046481,25,0.250550472399372,0.07917506793238387,0.04021024967148489,0.8470365358592693,0.8068639045465936,0.15296346414073075,0.09576000000000001,0.15296346414073075,False,False,0.6494472588770207,0.49266666666666664,0.508,1000,1500,0.6839559996917799,ru,target_fpr,,,0.23121387283236994,-0.019336599567002066,native,toxicity,encoder_minilm,EXP-005-ru
ja,few_label_256_strat,0.8677158671332938,0.03485381599139254,25,0.23791502884440996,0.037314517357624304,0.03406044678055191,0.8594857916102842,0.8024700286976618,0.14051420838971584,0.08650666666666666,0.14051420838971584,False,False,0.6494472588770207,0.49266666666666664,0.508,1000,1500,0.6839559996917799,ru,target_fpr,,,0.23121387283236994,-0.0067011560120400215,native,toxicity,encoder_minilm,EXP-005-ru
ja,few_label_256_rand,0.8803074481095132,0.04076881424497048,25,0.2228016990947639,0.043368394406924,0.030223390275952687,0.8697158322056834,0.8129349159770506,0.13028416779431665,0.07952,0.13028416779431665,False,False,0.6494472588770207,0.49266666666666664,0.508,1000,1500,0.6839559996917799,ru,target_fpr,,,0.23121387283236994,0.008412173737606027,native,toxicity,encoder_minilm,EXP-005-ru
ja,target_full,0.8711831119858102,0.0,1,0.23121387283236994,0.0,0.03416557161629435,0.86468200270636,0.7936507936507936,0.13531799729364005,0.084,0.13531799729364005,False,False,0.6494472588770207,0.49266666666666664,0.508,1000,1500,0.6839559996917799,ru,target_fpr,0.198924799863737,0.26886204465334895,0.23121387283236994,0.0,native,toxicity,encoder_minilm,EXP-005-ru
ja,test_oracle_unachievable,0.7990800940474527,0.0,1,0.30718954248366015,0.0,0.04993429697766097,0.8092016238159675,0.7877094972067039,0.19079837618403248,0.11933333333333333,0.19079837618403248,False,False,0.6494472588770207,0.49266666666666664,0.508,1000,1500,0.6839559996917799,ru,target_fpr,,,0.23121387283236994,-0.07597566965129021,native,toxicity,encoder_minilm,EXP-005-ru
ru,fixed_half,0.5,0.0,1,0.8876786929884274,0.0,0.10249671484888305,0.11772665764546685,0.8931506849315068,0.8822733423545331,0.4866666666666667,0.8822733423545331,False,True,0.9575944336470601,0.49266666666666664,0.508,1000,1500,0.6839559996917799,ru,target_fpr,,,0.855051244509517,-0.032627448478910415,native,toxicity,encoder_minilm,EXP-005-ru
ru,source_global,0.6839559996917799,0.0,1,0.855051244509517,0.0,0.056504599211563734,0.20974289580514208,0.9314194577352473,0.790257104194858,0.418,0.790257104194858,False,True,0.9575944336470601,0.49266666666666664,0.508,1000,1500,0.6839559996917799,ru,target_fpr,0.8342057300257307,0.8712251569227202,0.855051244509517,0.0,native,toxicity,encoder_minilm,EXP-005-ru
ru,quantile_match,0.6838639003934222,0.0,1,0.855051244509517,0.0,0.056504599211563734,0.20974289580514208,0.9314194577352473,0.790257104194858,0.418,0.790257104194858,False,True,0.9575944336470601,0.49266666666666664,0.508,1000,1500,0.6839559996917799,ru,target_fpr,,,0.855051244509517,0.0,native,toxicity,encoder_minilm,EXP-005-ru
ru,sld_em,0.68395599969178,0.0,1,0.855051244509517,0.0,0.056504599211563734,0.20974289580514208,0.9314194577352473,0.790257104194858,0.418,0.790257104194858,False,True,0.9575944336470601,0.49266666666666664,0.508,1000,1500,0.6839559996917799,ru,target_fpr,,,0.855051244509517,0.0,native,toxicity,encoder_minilm,EXP-005-ru
ru,bbse,0.6839559996917798,0.0,1,0.855051244509517,0.0,0.056504599211563734,0.20974289580514208,0.9314194577352473,0.790257104194858,0.418,0.790257104194858,False,True,0.9575944336470601,0.49266666666666664,0.508,1000,1500,0.6839559996917799,ru,target_fpr,,,0.855051244509517,0.0,native,toxicity,encoder_minilm,EXP-005-ru
ru,few_label_8_strat,0.6066160590657944,0.18664790303594114,25,0.8349505997246425,0.09485834441015033,0.08651773981603154,0.20584573748308524,0.9102568034571087,0.7941542625169147,0.4351466666666667,0.7941542625169147,False,True,0.9575944336470601,0.49266666666666664,0.508,1000,1500,0.6839559996917799,ru,target_fpr,,,0.855051244509517,0.0201006447848745,native,toxicity,encoder_minilm,EXP-005-ru
ru,few_label_8_rand,0.5545408843246373,0.2493296253670709,25,0.83683229474526,0.06968692325790365,0.114796320630749,0.1859269282814614,0.8911527928608421,0.8140730717185386,0.4593066666666667,0.8140730717185386,False,True,0.9575944336470601,0.49266666666666664,0.508,1000,1500,0.6839559996917799,ru,target_fpr,,,0.855051244509517,0.018218949764256975,native,toxicity,encoder_minilm,EXP-005-ru
ru,few_label_16_strat,0.6300743238329131,0.18465376708054113,25,0.829448683586033,0.1027944212092445,0.07674113009198423,0.2200811907983762,0.9172947499475178,0.7799188092016238,0.4231733333333334,0.7799188092016238,False,True,0.9575944336470601,0.49266666666666664,0.508,1000,1500,0.6839559996917799,ru,target_fpr,,,0.855051244509517,0.025602560923484008,native,toxicity,encoder_minilm,EXP-005-ru
ru,few_label_16_rand,0.6938146781439353,0.21018781246592497,25,0.8067890194781475,0.07909453135103202,0.06396846254927727,0.2669012178619756,0.9315531030304475,0.7330987821380244,0.3936266666666667,0.7330987821380244,False,True,0.9575944336470601,0.49266666666666664,0.508,1000,1500,0.6839559996917799,ru,target_fpr,,,0.855051244509517,0.048262225031369455,native,toxicity,encoder_minilm,EXP-005-ru
ru,few_label_32_strat,0.7555231875714802,0.18469360746911187,25,0.7621669572852773,0.13353525609106154,0.04609724047306177,0.33142083897158314,0.9465933726252203,0.6685791610284167,0.3527733333333334,0.6685791610284167,False,True,0.9575944336470601,0.49266666666666664,0.508,1000,1500,0.6839559996917799,ru,target_fpr,,,0.855051244509517,0.09288428722423969,native,toxicity,encoder_minilm,EXP-005-ru
ru,few_label_32_rand,0.7332779062555633,0.15577129113224247,25,0.794283657803843,0.1059709184072066,0.049724047306176085,0.29104194857916105,0.9414632751254826,0.708958051420839,0.3745066666666667,0.708958051420839,False,True,0.9575944336470601,0.49266666666666664,0.508,1000,1500,0.6839559996917799,ru,target_fpr,,,0.855051244509517,0.06076758670567395,native,toxicity,encoder_minilm,EXP-005-ru
ru,few_label_64_strat,0.7290597911686103,0.143673831984679,25,0.8148600533648279,0.06526607576687829,0.05035479632063075,0.2687415426251692,0.9399859403908583,0.7312584573748309,0.38581333333333334,0.7312584573748309,False,True,0.9575944336470601,0.49266666666666664,0.508,1000,1500,0.6839559996917799,ru,target_fpr,,,0.855051244509517,0.040191191144689054,native,toxicity,encoder_minilm,EXP-005-ru
ru,few_label_64_rand,0.7830120399588415,0.11335677850539704,25,0.7991378226577361,0.054226135503358225,0.03695137976346912,0.3038700947225981,0.9524188259913453,0.6961299052774019,0.3617066666666666,0.6961299052774019,False,True,0.9575944336470601,0.49266666666666664,0.508,1000,1500,0.6839559996917799,ru,target_fpr,,,0.855051244509517,0.05591342185178083,native,toxicity,encoder_minilm,EXP-005-ru
ru,few_label_128_strat,0.6595665750316421,0.1018927777033404,25,0.8513070341106467,0.02921824988290023,0.06586070959264126,0.20638700947225977,0.9235488071763654,0.79361299052774,0.4244,0.79361299052774,False,True,0.9575944336470601,0.49266666666666664,0.508,1000,1500,0.6839559996917799,ru,target_fpr,,,0.855051244509517,0.0037442103988702957,native,toxicity,encoder_minilm,EXP-005-ru
ru,few_label_128_rand,0.731908116776636,0.12065044369350612,25,0.8209858872112463,0.05119595046767233,0.04846254927726676,0.26365358592692834,0.9408045749498208,0.7363464140730717,0.38736000000000004,0.7363464140730717,False,True,0.9575944336470601,0.49266666666666664,0.508,1000,1500,0.6839559996917799,ru,target_fpr,,,0.855051244509517,0.03406535729827065,native,toxicity,encoder_minilm,EXP-005-ru
ru,few_label_256_strat,0.6989753922879125,0.08227835760692562,25,0.8419937068362082,0.027125496004625868,0.05582128777923784,0.22933694181326114,0.9323152881529124,0.770663058186739,0.408,0.770663058186739,False,True,0.9575944336470601,0.49266666666666664,0.508,1000,1500,0.6839559996917799,ru,target_fpr,,,0.855051244509517,0.01305753767330875,native,toxicity,encoder_minilm,EXP-005-ru
ru,few_label_256_rand,0.7245467615802079,0.08739922380573832,25,0.8330329529330036,0.03394055224026304,0.05030223390275952,0.24676589986468198,0.9377381374187054,0.753234100135318,0.3966133333333333,0.753234100135318,False,True,0.9575944336470601,0.49266666666666664,0.508,1000,1500,0.6839559996917799,ru,target_fpr,,,0.855051244509517,0.02201829157651336,native,toxicity,encoder_minilm,EXP-005-ru
ru,target_full,0.6839559996917799,0.0,1,0.855051244509517,0.0,0.056504599211563734,0.20974289580514208,0.9314194577352473,0.790257104194858,0.418,0.790257104194858,False,True,0.9575944336470601,0.49266666666666664,0.508,1000,1500,0.6839559996917799,ru,target_fpr,0.8331761374478764,0.8746911193212642,0.855051244509517,0.0,native,toxicity,encoder_minilm,EXP-005-ru
ru,test_oracle_unachievable,0.7230589108334272,0.0,1,0.846325167037862,0.0,0.04993429697766097,0.22868741542625168,0.9375,0.7713125845737483,0.4053333333333333,0.7713125845737483,False,True,0.9575944336470601,0.49266666666666664,0.508,1000,1500,0.6839559996917799,ru,target_fpr,,,0.855051244509517,0.008726077471654992,native,toxicity,encoder_minilm,EXP-005-ru
tt,fixed_half,0.5,0.0,1,0.6416275430359939,0.0,0.7370517928286853,0.17670682730923695,0.5256410256410257,0.8232931726907631,0.78,0.8232931726907631,False,False,0.5884751933808718,0.498,0.454,1000,1500,0.6839559996917799,ru,target_fpr,,,0.1970217640320733,-0.4446057790039206,native,toxicity,encoder_minilm,EXP-005-ru
tt,source_global,0.6839559996917799,0.0,1,0.6183465458663647,0.0,0.6281540504648074,0.26907630522088355,0.535819430814524,0.7309236947791165,0.6793333333333333,0.7309236947791165,False,False,0.5884751933808718,0.498,0.454,1000,1500,0.6839559996917799,ru,target_fpr,0.593857975605268,0.6436709086421107,0.1970217640320733,-0.42132478183429145,native,toxicity,encoder_minilm,EXP-005-ru
tt,quantile_match,0.9040276405123076,0.0,1,0.5129682997118156,0.0,0.3784860557768924,0.5234270414993306,0.5553822152886115,0.47657295850066933,0.42733333333333334,0.47657295850066933,False,False,0.5884751933808718,0.498,0.454,1000,1500,0.6839559996917799,ru,target_fpr,,,0.1970217640320733,-0.3159465356797423,native,toxicity,encoder_minilm,EXP-005-ru
tt,sld_em,0.12829698806688275,0.0,1,0.6703550023052097,0.0,0.9229747675962815,0.02677376171352075,0.5112517580872011,0.9732262382864793,0.948,0.9732262382864793,True,False,0.5884751933808718,0.498,0.454,1000,1500,0.6839559996917799,ru,target_fpr,,,0.1970217640320733,-0.47333323827313645,native,toxicity,encoder_minilm,EXP-005-ru
tt,bbse,0.2635185683469714,0.0,1,0.6624939817043813,0.0,0.852589641434263,0.07898259705488621,0.5172932330827068,0.9210174029451138,0.8866666666666667,0.9210174029451138,True,False,0.5884751933808718,0.498,0.454,1000,1500,0.6839559996917799,ru,target_fpr,,,0.1970217640320733,-0.46547221767230806,native,toxicity,encoder_minilm,EXP-005-ru
tt,few_label_8_strat,0.9655189687916561,0.028429649718096486,25,0.32166650913726713,0.14692336010462115,0.15697211155378482,0.7564123159303883,0.64507590253458,0.2435876840696118,0.20010666666666665,0.2435876840696118,False,False,0.5884751933808718,0.498,0.454,1000,1500,0.6839559996917799,ru,target_fpr,,,0.1970217640320733,-0.12464474510519383,native,toxicity,encoder_minilm,EXP-005-ru
tt,few_label_8_rand,0.9233063759899849,0.10464896862725262,25,0.38051736531897523,0.15211026496187569,0.23341301460823374,0.6726639892904953,0.6221420794186424,0.3273360107095047,0.2801866666666667,0.3273360107095047,False,False,0.5884751933808718,0.498,0.454,1000,1500,0.6839559996917799,ru,target_fpr,,,0.1970217640320733,-0.18349560128690193,native,toxicity,encoder_minilm,EXP-005-ru
tt,few_label_16_strat,0.9729142561758566,0.031045758973487606,25,0.270552776759168,0.15525428556532508,0.12440903054448871,0.8010709504685408,0.6561251846739384,0.19892904953145915,0.16152,0.19892904953145915,False,False,0.5884751933808718,0.498,0.454,1000,1500,0.6839559996917799,ru,target_fpr,,,0.1970217640320733,-0.0735310127270947,native,toxicity,encoder_minilm,EXP-005-ru
tt,few_label_16_rand,0.9827344367845305,0.023932786007287262,25,0.21094663513264553,0.13375622939382295,0.08191235059760955,0.8566532797858099,0.6810793754331911,0.1433467202141901,0.11250666666666667,0.1433467202141901,False,False,0.5884751933808718,0.498,0.454,1000,1500,0.6839559996917799,ru,target_fpr,,,0.1970217640320733,-0.013924871100572223,native,toxicity,encoder_minilm,EXP-005-ru
tt,few_label_32_strat,0.9925256467284737,0.004671180279524336,25,0.15335028598722908,0.07705542968089155,0.04063745019920319,0.9102543507362785,0.6995069782875598,0.08974564926372156,0.06509333333333334,0.08974564926372156,False,False,0.5884751933808718,0.498,0.454,1000,1500,0.6839559996917799,ru,target_fpr,,,0.1970217640320733,0.043671478044844225,native,toxicity,encoder_minilm,EXP-005-ru
tt,few_label_32_rand,0.9858619731632211,0.011228584824789058,25,0.22907575212300063,0.09843410635604757,0.07458167330677291,0.8536546184738956,0.6795803552254056,0.14634538152610443,0.11032,0.14634538152610443,False,False,0.5884751933808718,0.498,0.454,1000,1500,0.6839559996917799,ru,target_fpr,,,0.1970217640320733,-0.03205398809092733,native,toxicity,encoder_minilm,EXP-005-ru
tt,few_label_64_strat,0.9880576088079285,0.012137911160981533,25,0.2036773157925883,0.08864664965607405,0.06326693227091633,0.8732530120481927,0.6858662084196928,0.12674698795180725,0.09487999999999999,0.12674698795180725,False,False,0.5884751933808718,0.498,0.454,1000,1500,0.6839559996917799,ru,target_fpr,,,0.1970217640320733,-0.006655551760514994,native,toxicity,encoder_minilm,EXP-005-ru
tt,few_label_64_rand,0.9918597444861474,0.003549590143170934,25,0.1715978434546045,0.06331029378290139,0.04377158034528552,0.8998661311914324,0.6986272146986796,0.1001338688085676,0.07183999999999999,0.1001338688085676,False,False,0.5884751933808718,0.498,0.454,1000,1500,0.6839559996917799,ru,target_fpr,,,0.1970217640320733,0.02542392057746881,native,toxicity,encoder_minilm,EXP-005-ru
tt,few_label_128_strat,0.989104093546992,0.0034766954928603655,25,0.2178869195830214,0.04981967775848977,0.06114209827357238,0.8686479250334672,0.683635992415085,0.13135207496653278,0.09610666666666667,0.13135207496653278,False,False,0.5884751933808718,0.498,0.454,1000,1500,0.6839559996917799,ru,target_fpr,,,0.1970217640320733,-0.02086515555094809,native,toxicity,encoder_minilm,EXP-005-ru
tt,few_label_128_rand,0.99065525828483,0.003951836891827244,25,0.19284176358042857,0.061540883881090934,0.051580345285524576,0.8855153949129853,0.6943966332206668,0.11448460508701473,0.08290666666666667,0.11448460508701473,False,False,0.5884751933808718,0.498,0.454,1000,1500,0.6839559996917799,ru,target_fpr,,,0.1970217640320733,0.004180000451644739,native,toxicity,encoder_minilm,EXP-005-ru
tt,few_label_256_strat,0.990757690046415,0.0025061155980344147,25,0.19564158555535965,0.03871435248973298,0.05322709163346613,0.8848728246318608,0.6833579408451643,0.11512717536813921,0.08405333333333333,0.11512717536813921,False,False,0.5884751933808718,0.498,0.454,1000,1500,0.6839559996917799,ru,target_fpr,,,0.1970217640320733,0.0013801784767136505,native,toxicity,encoder_minilm,EXP-005-ru
tt,few_label_256_rand,0.9902263031197119,0.0028085197774405995,25,0.20235003281805683,0.04380857831391489,0.05529880478087649,0.880053547523427,0.6836276081754009,0.11994645247657297,0.08749333333333333,0.11994645247657297,False,False,0.5884751933808718,0.498,0.454,1000,1500,0.6839559996917799,ru,target_fpr,,,0.1970217640320733,-0.005328268785983525,native,toxicity,encoder_minilm,EXP-005-ru
tt,target_full,0.9908672132337037,0.0,1,0.1970217640320733,0.0,0.05312084993359894,0.8848728246318608,0.6825396825396826,0.11512717536813923,0.084,0.11512717536813923,False,False,0.5884751933808718,0.498,0.454,1000,1500,0.6839559996917799,ru,target_fpr,0.1620108588629139,0.23453516656627904,0.1970217640320733,0.0,native,toxicity,encoder_minilm,EXP-005-ru
tt,test_oracle_unachievable,0.9917804196991179,0.0,1,0.18728323699421964,0.0,0.049136786188579015,0.891566265060241,0.6864406779661016,0.10843373493975904,0.07866666666666666,0.10843373493975904,False,False,0.5884751933808718,0.498,0.454,1000,1500,0.6839559996917799,ru,target_fpr,,,0.1970217640320733,0.009738527037853661,native,toxicity,encoder_minilm,EXP-005-ru
uk,fixed_half,0.5,0.0,1,0.6449659348978047,0.0,0.20394736842105263,0.4243243243243243,0.7332185886402753,0.5756756756756757,0.3873333333333333,0.5756756756756757,False,False,0.7658748221906116,0.49333333333333335,0.494,1000,1500,0.6839559996917799,ru,target_fpr,,,0.439918533604888,-0.20504740129291676,native,toxicity,encoder_minilm,EXP-005-ru
uk,source_global,0.6839559996917799,0.0,1,0.5925925925925926,0.0,0.1013157894736842,0.5351351351351351,0.8171021377672208,0.4648648648648649,0.2806666666666667,0.4648648648648649,False,False,0.7658748221906116,0.49333333333333335,0.494,1000,1500,0.6839559996917799,ru,target_fpr,0.5566048906724853,0.6240243238591282,0.439918533604888,-0.1526740589877046,native,toxicity,encoder_minilm,EXP-005-ru
uk,quantile_match,0.47119830006763824,0.0,1,0.6503340757238306,0.0,0.22236842105263158,0.4081081081081081,0.7215815485996705,0.5918918918918918,0.4046666666666667,0.5918918918918918,False,False,0.7658748221906116,0.49333333333333335,0.494,1000,1500,0.6839559996917799,ru,target_fpr,,,0.439918533604888,-0.21041554211894264,native,toxicity,encoder_minilm,EXP-005-ru
uk,sld_em,0.8082859817958716,0.0,1,0.5117591721542804,0.0,0.06710526315789474,0.6324324324324324,0.8421052631578947,0.3675675675675676,0.21533333333333332,0.3675675675675676,False,False,0.7658748221906116,0.49333333333333335,0.494,1000,1500,0.6839559996917799,ru,target_fpr,,,0.439918533604888,-0.07184063854939238,native,toxicity,encoder_minilm,EXP-005-ru
uk,bbse,0.8028624724141517,0.0,1,0.5159474671669794,0.0,0.06710526315789474,0.6283783783783784,0.843558282208589,0.3716216216216216,0.21733333333333332,0.3716216216216216,False,False,0.7658748221906116,0.49333333333333335,0.494,1000,1500,0.6839559996917799,ru,target_fpr,,,0.439918533604888,-0.0760289335620914,native,toxicity,encoder_minilm,EXP-005-ru
uk,few_label_8_strat,0.7292479542710241,0.1869661958556113,25,0.518479491233883,0.1289553143852451,0.10042105263157895,0.595135135135135,0.8284726293743918,0.40486486486486484,0.25061333333333335,0.40486486486486484,False,False,0.7658748221906116,0.49333333333333335,0.494,1000,1500,0.6839559996917799,ru,target_fpr,,,0.439918533604888,-0.07856095762899507,native,toxicity,encoder_minilm,EXP-005-ru
uk,few_label_8_rand,0.5532866898327112,0.2622594827558948,25,0.5957706428640274,0.11534662297464089,0.19821052631578948,0.4644864864864865,0.7659356726062314,0.5355135135135135,0.36461333333333334,0.5355135135135135,False,False,0.7658748221906116,0.49333333333333335,0.494,1000,1500,0.6839559996917799,ru,target_fpr,,,0.439918533604888,-0.1558521092591394,native,toxicity,encoder_minilm,EXP-005-ru
uk,few_label_16_strat,0.8134714111263962,0.19265220431614496,25,0.40615601729875794,0.19906144388588748,0.06936842105263158,0.6951891891891891,0.8635365282323458,0.30481081081081085,0.18552,0.30481081081081085,False,False,0.7658748221906116,0.49333333333333335,0.494,1000,1500,0.6839559996917799,ru,target_fpr,,,0.439918533604888,0.03376251630613003,native,toxicity,encoder_minilm,EXP-005-ru
uk,few_label_16_rand,0.7519699281016252,0.18364667491105405,25,0.49624592204427026,0.13582527943066403,0.09200000000000001,0.6188108108108108,0.8343001628961395,0.3811891891891892,0.23466666666666666,0.3811891891891892,False,False,0.7658748221906116,0.49333333333333335,0.494,1000,1500,0.6839559996917799,ru,target_fpr,,,0.439918533604888,-0.05632738843938229,native,toxicity,encoder_minilm,EXP-005-ru
uk,few_label_32_strat,0.9039676649884011,0.08438734684309336,25,0.3316852794683202,0.16813256076685426,0.03152631578947368,0.7789189189189188,0.8984616478475013,0.2210810810810811,0.12503999999999998,0.2210810810810811,False,False,0.7658748221906116,0.49333333333333335,0.494,1000,1500,0.6839559996917799,ru,target_fpr,,,0.439918533604888,0.10823325413656776,native,toxicity,encoder_minilm,EXP-005-ru
uk,few_label_32_rand,0.8871058882667964,0.11370304105748714,25,0.34195920169865834,0.18093002287188725,0.03831578947368421,0.7658378378378379,0.8907385942297462,0.23416216216216218,0.13493333333333335,0.23416216216216218,False,False,0.7658748221906116,0.49333333333333335,0.494,1000,1500,0.6839559996917799,ru,target_fpr,,,0.439918533604888,0.09795933190622963,native,toxicity,encoder_minilm,EXP-005-ru
uk,few_label_64_strat,0.8626927230821454,0.06181272872432935,25,0.43589471174427064,0.09740965691680788,0.046,0.7017297297297297,0.8721057876349855,0.29827027027027025,0.17045333333333332,0.29827027027027025,False,False,0.7658748221906116,0.49333333333333335,0.494,1000,1500,0.6839559996917799,ru,target_fpr,,,0.439918533604888,0.004023821860617338,native,toxicity,encoder_minilm,EXP-005-ru
uk,few_label_64_rand,0.8475462333896224,0.08932098191663425,25,0.4401905589428813,0.11977789108799095,0.05078947368421053,0.6928648648648648,0.8696746908814461,0.30713513513513513,0.1772533333333333,0.30713513513513513,False,False,0.7658748221906116,0.49333333333333335,0.494,1000,1500,0.6839559996917799,ru,target_fpr,,,0.439918533604888,-0.0002720253379933091,native,toxicity,encoder_minilm,EXP-005-ru
uk,few_label_128_strat,0.8641021822846772,0.05772696436960292,25,0.4424747868654282,0.06992671830148596,0.04378947368421053,0.6991891891891892,0.8776316163107676,0.3008108108108108,0.17058666666666666,0.3008108108108108,False,False,0.7658748221906116,0.49333333333333335,0.494,1000,1500,0.6839559996917799,ru,target_fpr,,,0.439918533604888,-0.002556253260540209,native,toxicity,encoder_minilm,EXP-005-ru
uk,few_label_128_rand,0.8572446444005207,0.06500386185180243,25,0.44944113244961764,0.07347962887475352,0.045842105263157906,0.6920000000000001,0.8755724692847991,0.308,0.17517333333333332,0.308,False,False,0.7658748221906116,0.49333333333333335,0.494,1000,1500,0.6839559996917799,ru,target_fpr,,,0.439918533604888,-0.009522598844729668,native,toxicity,encoder_minilm,EXP-005-ru
uk,few_label_256_strat,0.8551333484018044,0.04199306296893061,25,0.46022414110655424,0.04744663561291929,0.04621052631578947,0.6849729729729731,0.8732427719382795,0.315027027027027,0.1788266666666667,0.315027027027027,False,False,0.7658748221906116,0.49333333333333335,0.494,1000,1500,0.6839559996917799,ru,target_fpr,,,0.439918533604888,-0.020305607501666267,native,toxicity,encoder_minilm,EXP-005-ru
uk,few_label_256_rand,0.869366865648926,0.03911324435050357,25,0.4434395262601039,0.046537038110088746,0.040736842105263155,0.7014054054054053,0.8810933003162517,0.2985945945945946,0.16794666666666663,0.2985945945945946,False,False,0.7658748221906116,0.49333333333333335,0.494,1000,1500,0.6839559996917799,ru,target_fpr,,,0.439918533604888,-0.0035209926552159376,native,toxicity,encoder_minilm,EXP-005-ru
uk,target_full,0.879441427278173,0.0,1,0.439918533604888,0.0,0.034210526315789476,0.7081081081081081,0.8925619834710744,0.2918918918918919,0.16133333333333333,0.2918918918918919,False,False,0.7658748221906116,0.49333333333333335,0.494,1000,1500,0.6839559996917799,ru,target_fpr,0.40319735524998684,0.47702163587302004,0.439918533604888,0.0,native,toxicity,encoder_minilm,EXP-005-ru
uk,test_oracle_unachievable,0.8437371053216486,0.0,1,0.48046875,0.0,0.05,0.6675675675675675,0.8661971830985915,0.3324324324324324,0.18933333333333333,0.3324324324324324,False,False,0.7658748221906116,0.49333333333333335,0.494,1000,1500,0.6839559996917799,ru,target_fpr,,,0.439918533604888,-0.040550216395112026,native,toxicity,encoder_minilm,EXP-005-ru
zh,fixed_half,0.5,0.0,1,0.46489104116222757,0.0,0.2718832891246684,0.613941018766756,0.5841784989858012,0.38605898123324395,0.32866666666666666,0.38605898123324395,False,False,0.5840877251619602,0.49733333333333335,0.495,1000,1500,0.6839559996917799,ru,target_fpr,,,0.14788732394366197,-0.3170037172185656,native,toxicity,encoder_minilm,EXP-005-ru
zh,source_global,0.6839559996917799,0.0,1,0.3690036900369003,0.0,0.1830238726790451,0.7319034852546917,0.591715976331361,0.2680965147453083,0.22533333333333333,0.2680965147453083,False,False,0.5840877251619602,0.49733333333333335,0.495,1000,1500,0.6839559996917799,ru,target_fpr,0.33098087254368574,0.40341530628737676,0.14788732394366197,-0.22111636609323834,native,toxicity,encoder_minilm,EXP-005-ru
zh,quantile_match,0.362958963447595,0.0,1,0.5282748747315676,0.0,0.3740053050397878,0.5053619302949062,0.5668202764976958,0.49463806970509383,0.434,0.49463806970509383,False,False,0.5840877251619602,0.49733333333333335,0.495,1000,1500,0.6839559996917799,ru,target_fpr,,,0.14788732394366197,-0.38038755078790565,native,toxicity,encoder_minilm,EXP-005-ru
zh,sld_em,0.8937604260133323,0.0,1,0.1733181299885975,0.0,0.07294429708222812,0.8981233243967829,0.5801526717557252,0.10187667560321716,0.08733333333333333,0.10187667560321716,False,False,0.5840877251619602,0.49733333333333335,0.495,1000,1500,0.6839559996917799,ru,target_fpr,,,0.14788732394366197,-0.025430806044935528,native,toxicity,encoder_minilm,EXP-005-ru
zh,bbse,0.8744628889183905,0.0,1,0.19036954087346025,0.0,0.08222811671087533,0.886058981233244,0.5782312925170068,0.11394101876675604,0.098,0.11394101876675604,False,False,0.5840877251619602,0.49733333333333335,0.495,1000,1500,0.6839559996917799,ru,target_fpr,,,0.14788732394366197,-0.04248221692979828,native,toxicity,encoder_minilm,EXP-005-ru
zh,few_label_8_strat,0.7326950990851531,0.16977325863620607,25,0.29995412477916394,0.12772051349425279,0.15777188328912467,0.7790348525469171,0.5896135914836186,0.22096514745308313,0.1892,0.22096514745308313,False,False,0.5840877251619602,0.49733333333333335,0.495,1000,1500,0.6839559996917799,ru,target_fpr,,,0.14788732394366197,-0.15206680083550198,native,toxicity,encoder_minilm,EXP-005-ru
zh,few_label_8_rand,0.715006322917733,0.22716727460244535,25,0.2945905470027631,0.16517998235314726,0.16689655172413795,0.7692225201072386,0.6020514542176152,0.2307774798927614,0.19866666666666666,0.2307774798927614,False,False,0.5840877251619602,0.49733333333333335,0.495,1000,1500,0.6839559996917799,ru,target_fpr,,,0.14788732394366197,-0.14670322305910113,native,toxicity,encoder_minilm,EXP-005-ru
zh,few_label_16_strat,0.8144431144501021,0.16747922615675226,25,0.221443405314896,0.14014202737868978,0.10779840848806366,0.8445040214477213,0.6214829544250031,0.15549597855227884,0.13152,0.15549597855227884,False,False,0.5840877251619602,0.49733333333333335,0.495,1000,1500,0.6839559996917799,ru,target_fpr,,,0.14788732394366197,-0.07355608137123404,native,toxicity,encoder_minilm,EXP-005-ru
zh,few_label_16_rand,0.8369241775226388,0.15512820126402263,25,0.20020524526275454,0.13876184452270912,0.09320954907161803,0.8622520107238606,0.6378794005917284,0.1377479892761394,0.11536000000000002,0.1377479892761394,False,False,0.5840877251619602,0.49733333333333335,0.495,1000,1500,0.6839559996917799,ru,target_fpr,,,0.14788732394366197,-0.052317921319092575,native,toxicity,encoder_minilm,EXP-005-ru
zh,few_label_32_strat,0.9011487637591225,0.1147919549175519,25,0.13927420602673002,0.10960774335407442,0.056286472148541114,0.9116890080428955,0.683621360092014,0.08831099195710455,0.07221333333333332,0.08831099195710455,False,False,0.5840877251619602,0.49733333333333335,0.495,1000,1500,0.6839559996917799,ru,target_fpr,,,0.14788732394366197,0.00861311791693195,native,toxicity,encoder_minilm,EXP-005-ru
zh,few_label_32_rand,0.899211925152019,0.10106821512370635,25,0.14503409516582483,0.10730786151238379,0.0569761273209549,0.9090616621983915,0.6838644843241873,0.09093833780160859,0.07386666666666666,0.09093833780160859,False,False,0.5840877251619602,0.49733333333333335,0.495,1000,1500,0.6839559996917799,ru,target_fpr,,,0.14788732394366197,0.0028532287778371412,native,toxicity,encoder_minilm,EXP-005-ru
zh,few_label_64_strat,0.8973607365146397,0.07913685132367543,25,0.1516390844613882,0.08087024535091247,0.06095490716180372,0.9080428954423592,0.6182136880670502,0.09195710455764075,0.07637333333333333,0.09195710455764075,False,False,0.5840877251619602,0.49733333333333335,0.495,1000,1500,0.6839559996917799,ru,target_fpr,,,0.14788732394366197,-0.0037517605177262436,native,toxicity,encoder_minilm,EXP-005-ru
zh,few_label_64_rand,0.8799654610175108,0.09498365346967441,25,0.16981419596065117,0.09897011862682933,0.07103448275862069,0.8932975871313673,0.6247956037960133,0.1067024128686327,0.08877333333333333,0.1067024128686327,False,False,0.5840877251619602,0.49733333333333335,0.495,1000,1500,0.6839559996917799,ru,target_fpr,,,0.14788732394366197,-0.021926872016989202,native,toxicity,encoder_minilm,EXP-005-ru
zh,few_label_128_strat,0.9040547612906232,0.04013589255865881,25,0.1516540713021784,0.05031467073922918,0.059151193633952256,0.9113136729222521,0.6081124868029198,0.088686327077748,0.07384,0.088686327077748,False,False,0.5840877251619602,0.49733333333333335,0.495,1000,1500,0.6839559996917799,ru,target_fpr,,,0.14788732394366197,-0.0037667473585164257,native,toxicity,encoder_minilm,EXP-005-ru
zh,few_label_128_rand,0.9155008671174167,0.034051665059926704,25,0.1358501823349382,0.04564518745079814,0.05193633952254642,0.9219302949061661,0.6098099985474861,0.07806970509383378,0.06493333333333333,0.07806970509383378,False,False,0.5840877251619602,0.49733333333333335,0.495,1000,1500,0.6839559996917799,ru,target_fpr,,,0.14788732394366197,0.012037141608723767,native,toxicity,encoder_minilm,EXP-005-ru
zh,few_label_256_strat,0.9138487275146854,0.030797774059399916,25,0.13734442663593607,0.04273127915705565,0.052095490716180366,0.9212332439678285,0.6050965232635036,0.07876675603217158,0.06536000000000002,0.07876675603217158,False,False,0.5840877251619602,0.49733333333333335,0.495,1000,1500,0.6839559996917799,ru,target_fpr,,,0.14788732394366197,0.010542897307725896,native,toxicity,encoder_minilm,EXP-005-ru
zh,few_label_256_rand,0.9093376073200542,0.030404575182651772,25,0.14476866909737035,0.04058892022034481,0.05687002652519894,0.9164075067024129,0.5963112831921912,0.08359249329758713,0.07016,0.08359249329758713,False,False,0.5840877251619602,0.49733333333333335,0.495,1000,1500,0.6839559996917799,ru,target_fpr,,,0.14788732394366197,0.0031186548462916186,native,toxicity,encoder_minilm,EXP-005-ru
zh,target_full,0.9128583220603901,0.0,1,0.14788732394366197,0.0,0.05702917771883289,0.9155495978552279,0.5943396226415094,0.08445040214477212,0.07066666666666667,0.08445040214477212,False,False,0.5840877251619602,0.49733333333333335,0.495,1000,1500,0.6839559996917799,ru,target_fpr,0.11799366318160617,0.1801277386241765,0.14788732394366197,0.0,native,toxicity,encoder_minilm,EXP-005-ru
zh,test_oracle_unachievable,0.9216530201248632,0.0,1,0.13157894736842105,0.0,0.046419098143236075,0.9262734584450402,0.6111111111111112,0.07372654155495978,0.06,0.07372654155495978,False,False,0.5840877251619602,0.49733333333333335,0.495,1000,1500,0.6839559996917799,ru,target_fpr,,,0.14788732394366197,0.016308376575240924,native,toxicity,encoder_minilm,EXP-005-ru
