language,strategy,threshold,threshold_sd,n_draws,f1,f1_sd,fpr,fnr,precision,recall,predicted_positive_rate,objective_value,is_degenerate,is_source,test_auroc,test_prevalence,dev_prevalence,n_dev,n_test,tau_source,source_language,objective,f1_ci_low,f1_ci_high,f1_target_full,f1_gap_to_full,prevalence_setting,task,encoder,exp_id
am,fixed_half,0.5,0.0,1,0.30385015608740895,0.0,0.138268156424581,0.7960893854748603,0.5959183673469388,0.20391061452513967,0.17108938547486033,0.30385015608740895,False,False,0.5692374613776099,0.5,0.5,978,1432,0.4656289870509488,en,f1,,,0.6701079305490381,0.3662577744616291,0.500,toxicity,encoder_minilm,EXP-003
am,source_global,0.4656289870509488,0.0,1,0.3128834355828221,0.0,0.15223463687150837,0.7863128491620112,0.583969465648855,0.21368715083798884,0.1829608938547486,0.3128834355828221,False,False,0.5692374613776099,0.5,0.5,978,1432,0.4656289870509488,en,f1,0.27272007295766537,0.3501506396149532,0.6701079305490381,0.35722449496621594,0.500,toxicity,encoder_minilm,EXP-003
am,quantile_match,0.22454755746480717,0.0,1,0.5164113785557987,0.0,0.420391061452514,0.505586592178771,0.5404580152671755,0.49441340782122906,0.4574022346368715,0.5164113785557987,False,False,0.5692374613776099,0.5,0.5,978,1432,0.4656289870509488,en,f1,,,0.6701079305490381,0.1536965519932394,0.500,toxicity,encoder_minilm,EXP-003
am,sld_em,0.9914035631812794,0.0,1,0.0,0.0,0.0,1.0,0.0,0.0,0.0,0.0,True,False,0.5692374613776099,0.5,0.5,978,1432,0.4656289870509488,en,f1,,,0.6701079305490381,0.6701079305490381,0.500,toxicity,encoder_minilm,EXP-003
am,bbse,0.8406589375383333,0.0,1,0.08083441981747067,0.0,0.027932960893854747,0.9567039106145251,0.6078431372549019,0.04329608938547486,0.0356145251396648,0.08083441981747067,False,False,0.5692374613776099,0.5,0.5,978,1432,0.4656289870509488,en,f1,,,0.6701079305490381,0.5892735107315674,0.500,toxicity,encoder_minilm,EXP-003
am,few_label_8_strat,0.16789513219151977,0.05160661869215092,25,0.6013570268772233,0.0648626691147303,0.631899441340782,0.2824581005586592,0.5345714511645095,0.7175418994413408,0.6747206703910615,0.6013570268772233,False,False,0.5692374613776099,0.5,0.5,978,1432,0.4656289870509488,en,f1,,,0.6701079305490381,0.0687509036718148,0.500,toxicity,encoder_minilm,EXP-003
am,few_label_8_rand,0.1766437817657448,0.14572047658105033,25,0.5993346774564376,0.12033134780667906,0.6733519553072627,0.25033519553072625,0.5328761124804425,0.7496648044692737,0.7115083798882683,0.5993346774564376,False,False,0.5692374613776099,0.5,0.5,978,1432,0.4656289870509488,en,f1,,,0.6701079305490381,0.07077325309260041,0.500,toxicity,encoder_minilm,EXP-003
am,few_label_16_strat,0.1537082818465829,0.06825980757387418,25,0.6059038741690588,0.0767543749992165,0.6826815642458102,0.24608938547486034,0.5280894164021586,0.7539106145251396,0.7182960893854748,0.6059038741690588,False,False,0.5692374613776099,0.5,0.5,978,1432,0.4656289870509488,en,f1,,,0.6701079305490381,0.06420405637997928,0.500,toxicity,encoder_minilm,EXP-003
am,few_label_16_rand,0.13267415144741493,0.0554418096117181,25,0.6292404283096201,0.04796827439065244,0.736703910614525,0.19128491620111732,0.5261194501285726,0.8087150837988827,0.772709497206704,0.6292404283096201,False,False,0.5692374613776099,0.5,0.5,978,1432,0.4656289870509488,en,f1,,,0.6701079305490381,0.04086750223941793,0.500,toxicity,encoder_minilm,EXP-003
am,few_label_32_strat,0.10737048236494257,0.04440088634557022,25,0.6532919934841921,0.020440254749826445,0.8231284916201116,0.11245810055865922,0.5201923580553797,0.8875418994413409,0.8553351955307262,0.6532919934841921,True,False,0.5692374613776099,0.5,0.5,978,1432,0.4656289870509488,en,f1,,,0.6701079305490381,0.016815937064845965,0.500,toxicity,encoder_minilm,EXP-003
am,few_label_32_rand,0.11718702403217325,0.05118790503559817,25,0.6423166552853242,0.03684698917336358,0.7893854748603353,0.14547486033519555,0.5221538893147795,0.8545251396648045,0.8219553072625699,0.6423166552853242,True,False,0.5692374613776099,0.5,0.5,978,1432,0.4656289870509488,en,f1,,,0.6701079305490381,0.027791275263713833,0.500,toxicity,encoder_minilm,EXP-003
am,few_label_64_strat,0.11285605044197135,0.05185376607574399,25,0.6456163792444187,0.031028367573838804,0.7986033519553074,0.13659217877094973,0.5215475349910347,0.8634078212290504,0.8310055865921788,0.6456163792444187,True,False,0.5692374613776099,0.5,0.5,978,1432,0.4656289870509488,en,f1,,,0.6701079305490381,0.02449155130461933,0.500,toxicity,encoder_minilm,EXP-003
am,few_label_64_rand,0.11467802965465887,0.05628876349575957,25,0.6419050372650448,0.04116070540799738,0.7910614525139664,0.14446927374301677,0.5220586532962469,0.8555307262569833,0.8232960893854748,0.6419050372650448,True,False,0.5692374613776099,0.5,0.5,978,1432,0.4656289870509488,en,f1,,,0.6701079305490381,0.02820289328399328,0.500,toxicity,encoder_minilm,EXP-003
am,few_label_128_strat,0.11886072566051563,0.0404320345229993,25,0.6493246357194491,0.01958949466607678,0.7905586592178772,0.13625698324022348,0.5234603282691512,0.8637430167597766,0.8271508379888268,0.6493246357194491,True,False,0.5692374613776099,0.5,0.5,978,1432,0.4656289870509488,en,f1,,,0.6701079305490381,0.02078329482958896,0.500,toxicity,encoder_minilm,EXP-003
am,few_label_128_rand,0.10355616696724435,0.041004498216201564,25,0.656058560506937,0.016779044184097855,0.8400558659217877,0.09932960893854748,0.51857517510336,0.9006703910614524,0.8703631284916203,0.656058560506937,True,False,0.5692374613776099,0.5,0.5,978,1432,0.4656289870509488,en,f1,,,0.6701079305490381,0.01404937004210105,0.500,toxicity,encoder_minilm,EXP-003
am,few_label_256_strat,0.09343609388916377,0.04879078638590962,25,0.6572910515501645,0.016470496102288096,0.8545810055865922,0.08966480446927375,0.5172234739111897,0.9103351955307261,0.8824581005586591,0.6572910515501645,True,False,0.5692374613776099,0.5,0.5,978,1432,0.4656289870509488,en,f1,,,0.6701079305490381,0.012816878998873515,0.500,toxicity,encoder_minilm,EXP-003
am,few_label_256_rand,0.08472382265020384,0.0424256570454619,25,0.6618058975151101,0.014303632550710123,0.8850837988826816,0.0658659217877095,0.51454016812824,0.9341340782122906,0.909608938547486,0.6618058975151101,True,False,0.5692374613776099,0.5,0.5,978,1432,0.4656289870509488,en,f1,,,0.6701079305490381,0.008302033033927958,0.500,toxicity,encoder_minilm,EXP-003
am,target_full,0.04121477030584249,0.0,1,0.6701079305490381,0.0,0.979050279329609,0.002793296089385475,0.5045936395759717,0.9972067039106145,0.9881284916201117,0.6701079305490381,True,False,0.5692374613776099,0.5,0.5,978,1432,0.4656289870509488,en,f1,0.6471841412019279,0.6938991060457698,0.6701079305490381,0.0,0.500,toxicity,encoder_minilm,EXP-003
am,test_oracle_unachievable,0.06373500163809696,0.0,1,0.6730038022813688,0.0,0.9497206703910615,0.0111731843575419,0.5100864553314121,0.9888268156424581,0.9692737430167597,0.6730038022813688,True,False,0.5692374613776099,0.5,0.5,978,1432,0.4656289870509488,en,f1,,,0.6701079305490381,-0.002895871732330746,0.500,toxicity,encoder_minilm,EXP-003
ar,fixed_half,0.5,0.0,1,0.44905008635578586,0.0,0.20053475935828877,0.6524064171122995,0.6341463414634146,0.34759358288770054,0.27406417112299464,0.44905008635578586,False,False,0.6359954531156167,0.5,0.5,994,1496,0.4656289870509488,en,f1,,,0.6826692270763323,0.2336191407205464,0.500,toxicity,encoder_minilm,EXP-003
ar,source_global,0.4656289870509488,0.0,1,0.47746243739565947,0.0,0.2192513368983957,0.6176470588235294,0.6355555555555555,0.38235294117647056,0.30080213903743314,0.47746243739565947,False,False,0.6359954531156167,0.5,0.5,994,1496,0.4656289870509488,en,f1,0.4430742775094789,0.5154114184908349,0.6826692270763323,0.2052067896806728,0.500,toxicity,encoder_minilm,EXP-003
ar,quantile_match,0.24229016546403742,0.0,1,0.5914922349763673,0.0,0.39438502673796794,0.4144385026737968,0.597544338335607,0.5855614973262032,0.4899732620320856,0.5914922349763673,False,False,0.6359954531156167,0.5,0.5,994,1496,0.4656289870509488,en,f1,,,0.6826692270763323,0.09117699209996499,0.500,toxicity,encoder_minilm,EXP-003
ar,sld_em,0.8162611230878528,0.0,1,0.26492942453854507,0.0,0.06818181818181818,0.8368983957219251,0.7052023121387283,0.16310160427807488,0.11564171122994653,0.26492942453854507,False,False,0.6359954531156167,0.5,0.5,994,1496,0.4656289870509488,en,f1,,,0.6826692270763323,0.4177398025377872,0.500,toxicity,encoder_minilm,EXP-003
ar,bbse,0.6992610518019218,0.0,1,0.33100697906281157,0.0,0.11898395721925134,0.7780748663101604,0.6509803921568628,0.22192513368983957,0.17045454545454544,0.33100697906281157,False,False,0.6359954531156167,0.5,0.5,994,1496,0.4656289870509488,en,f1,,,0.6826692270763323,0.3516622480135207,0.500,toxicity,encoder_minilm,EXP-003
ar,few_label_8_strat,0.20232098650391314,0.1472109118405367,25,0.6112254287503314,0.0828985244528485,0.5409090909090909,0.3006417112299465,0.575572466831657,0.6993582887700535,0.6201336898395722,0.6112254287503314,False,False,0.6359954531156167,0.5,0.5,994,1496,0.4656289870509488,en,f1,,,0.6826692270763323,0.0714437983260009,0.500,toxicity,encoder_minilm,EXP-003
ar,few_label_8_rand,0.2228449528332848,0.19819664380113539,25,0.6019657736740449,0.11533359005395917,0.5607486631016043,0.2907486631016043,0.5775714842854205,0.7092513368983957,0.635,0.6019657736740449,False,False,0.6359954531156167,0.5,0.5,994,1496,0.4656289870509488,en,f1,,,0.6826692270763323,0.08070345340228735,0.500,toxicity,encoder_minilm,EXP-003
ar,few_label_16_strat,0.1159354928169047,0.056307155146781036,25,0.6565929806024718,0.02919711247982656,0.7067379679144384,0.16005347593582886,0.547371987018601,0.839946524064171,0.7733422459893049,0.6565929806024718,False,False,0.6359954531156167,0.5,0.5,994,1496,0.4656289870509488,en,f1,,,0.6826692270763323,0.02607624647386042,0.500,toxicity,encoder_minilm,EXP-003
ar,few_label_16_rand,0.13955276736346578,0.10840813987494,25,0.6421867710868431,0.055998542713862134,0.6809090909090909,0.189572192513369,0.5532909564244332,0.810427807486631,0.745668449197861,0.6421867710868431,False,False,0.6359954531156167,0.5,0.5,994,1496,0.4656289870509488,en,f1,,,0.6826692270763323,0.040482455989489186,0.500,toxicity,encoder_minilm,EXP-003
ar,few_label_32_strat,0.1364606815717056,0.05688904384273872,25,0.6487023077082421,0.03332031878637211,0.6492513368983956,0.2010695187165775,0.5564192092680226,0.7989304812834225,0.7240909090909092,0.6487023077082421,False,False,0.6359954531156167,0.5,0.5,994,1496,0.4656289870509488,en,f1,,,0.6826692270763323,0.033966919368090154,0.500,toxicity,encoder_minilm,EXP-003
ar,few_label_32_rand,0.13761274456881936,0.07135659229392834,25,0.644720767821488,0.0370395961009793,0.6567914438502674,0.20208556149732623,0.5563540457102427,0.7979144385026739,0.7273529411764705,0.644720767821488,False,False,0.6359954531156167,0.5,0.5,994,1496,0.4656289870509488,en,f1,,,0.6826692270763323,0.03794845925484425,0.500,toxicity,encoder_minilm,EXP-003
ar,few_label_64_strat,0.11817850829898927,0.04680344148584439,25,0.6597060774236428,0.027929607646462375,0.7016042780748662,0.1570053475935829,0.5493823611045145,0.8429946524064171,0.7722994652406417,0.6597060774236428,False,False,0.6359954531156167,0.5,0.5,994,1496,0.4656289870509488,en,f1,,,0.6826692270763323,0.02296314965268942,0.500,toxicity,encoder_minilm,EXP-003
ar,few_label_64_rand,0.13883053480661828,0.0896795451634828,25,0.6490483361427632,0.05063741185597722,0.6661497326203208,0.18786096256684495,0.5553581267664498,0.8121390374331551,0.7391443850267378,0.6490483361427632,False,False,0.6359954531156167,0.5,0.5,994,1496,0.4656289870509488,en,f1,,,0.6826692270763323,0.033620890933569014,0.500,toxicity,encoder_minilm,EXP-003
ar,few_label_128_strat,0.10346754381927918,0.031551244874555025,25,0.6665621151538653,0.016997982859755786,0.7378074866310159,0.12893048128342247,0.5433501413076705,0.8710695187165776,0.8044385026737967,0.6665621151538653,True,False,0.6359954531156167,0.5,0.5,994,1496,0.4656289870509488,en,f1,,,0.6826692270763323,0.016107111922466943,0.500,toxicity,encoder_minilm,EXP-003
ar,few_label_128_rand,0.10154965003027469,0.048841002955319866,25,0.6687276953370269,0.026585809484401982,0.7664705882352942,0.10737967914438505,0.5416819469914046,0.892620320855615,0.8295454545454546,0.6687276953370269,True,False,0.6359954531156167,0.5,0.5,994,1496,0.4656289870509488,en,f1,,,0.6826692270763323,0.013941531739305346,0.500,toxicity,encoder_minilm,EXP-003
ar,few_label_256_strat,0.09716785334190464,0.028984342701710568,25,0.6714228048058232,0.016259782493617363,0.7686096256684494,0.1039572192513369,0.5399275252966518,0.8960427807486631,0.8323262032085562,0.6714228048058232,True,False,0.6359954531156167,0.5,0.5,994,1496,0.4656289870509488,en,f1,,,0.6826692270763323,0.011246422270509093,0.500,toxicity,encoder_minilm,EXP-003
ar,few_label_256_rand,0.09274072505818086,0.02608826943676227,25,0.6744668650358547,0.012800941512386858,0.7850267379679144,0.0902139037433155,0.5382052810562441,0.9097860962566845,0.8474064171122994,0.6744668650358547,True,False,0.6359954531156167,0.5,0.5,994,1496,0.4656289870509488,en,f1,,,0.6826692270763323,0.008202362040477529,0.500,toxicity,encoder_minilm,EXP-003
ar,target_full,0.08187005076999113,0.0,1,0.6826692270763323,0.0,0.8342245989304813,0.04946524064171123,0.5325842696629214,0.9505347593582888,0.892379679144385,0.6826692270763323,True,False,0.6359954531156167,0.5,0.5,994,1496,0.4656289870509488,en,f1,0.6597958396979566,0.7059984066040493,0.6826692270763323,0.0,0.500,toxicity,encoder_minilm,EXP-003
ar,test_oracle_unachievable,0.07722251969903846,0.0,1,0.6872917658257972,0.0,0.8435828877005348,0.034759358288770054,0.5336289726533628,0.9652406417112299,0.9044117647058824,0.6872917658257972,True,False,0.6359954531156167,0.5,0.5,994,1496,0.4656289870509488,en,f1,,,0.6826692270763323,-0.004622538749464944,0.500,toxicity,encoder_minilm,EXP-003
de,fixed_half,0.5,0.0,1,0.7392739273927392,0.0,0.2767379679144385,0.25133689839572193,0.7301173402868318,0.7486631016042781,0.5127005347593583,0.7392739273927392,False,False,0.8156241957162058,0.5,0.5,984,1496,0.4656289870509488,en,f1,,,0.7544180377818404,0.015144110389101129,0.500,toxicity,encoder_minilm,EXP-003
de,source_global,0.4656289870509488,0.0,1,0.746941403734707,0.0,0.30080213903743314,0.22459893048128343,0.7204968944099379,0.7754010695187166,0.5381016042780749,0.746941403734707,False,False,0.8156241957162058,0.5,0.5,984,1496,0.4656289870509488,en,f1,0.7230327333401885,0.7701798778481657,0.7544180377818404,0.00747663404713339,0.500,toxicity,encoder_minilm,EXP-003
de,quantile_match,0.4833935812443157,0.0,1,0.7475538160469667,0.0,0.28342245989304815,0.2339572192513369,0.729936305732484,0.766042780748663,0.5247326203208557,0.7475538160469667,False,False,0.8156241957162058,0.5,0.5,984,1496,0.4656289870509488,en,f1,,,0.7544180377818404,0.006864221734873666,0.500,toxicity,encoder_minilm,EXP-003
de,sld_em,0.47121147335625935,0.0,1,0.7474226804123711,0.0,0.2994652406417112,0.22459893048128343,0.7213930348258707,0.7754010695187166,0.5374331550802139,0.7474226804123711,False,False,0.8156241957162058,0.5,0.5,984,1496,0.4656289870509488,en,f1,,,0.7544180377818404,0.006995357369469213,0.500,toxicity,encoder_minilm,EXP-003
de,bbse,0.44667198014253995,0.0,1,0.7515923566878981,0.0,0.31016042780748665,0.21122994652406418,0.7177615571776156,0.7887700534759359,0.5494652406417112,0.7515923566878981,False,False,0.8156241957162058,0.5,0.5,984,1496,0.4656289870509488,en,f1,,,0.7544180377818404,0.0028256810939422117,0.500,toxicity,encoder_minilm,EXP-003
de,few_label_8_strat,0.37562795790351144,0.22073608679682055,25,0.7183641344293491,0.0538818758189322,0.41652406417112303,0.1941711229946524,0.684620787050646,0.8058288770053476,0.6111764705882353,0.7183641344293491,False,False,0.8156241957162058,0.5,0.5,984,1496,0.4656289870509488,en,f1,,,0.7544180377818404,0.03605390335249126,0.500,toxicity,encoder_minilm,EXP-003
de,few_label_8_rand,0.40512482222995105,0.2207171284854944,25,0.7133355008844281,0.06713756638290613,0.38791443850267376,0.21540106951871657,0.6961679817379057,0.7845989304812834,0.5862566844919787,0.7133355008844281,False,False,0.8156241957162058,0.5,0.5,984,1496,0.4656289870509488,en,f1,,,0.7544180377818404,0.04108253689741226,0.500,toxicity,encoder_minilm,EXP-003
de,few_label_16_strat,0.351617080255457,0.20244550994766075,25,0.7262482407734916,0.052013227175610015,0.43652406417112305,0.17144385026737968,0.6759452051943525,0.8285561497326204,0.6325401069518716,0.7262482407734916,False,False,0.8156241957162058,0.5,0.5,984,1496,0.4656289870509488,en,f1,,,0.7544180377818404,0.028169797008348763,0.500,toxicity,encoder_minilm,EXP-003
de,few_label_16_rand,0.4064151821439586,0.20667736684853114,25,0.7187209811387639,0.06712166490762436,0.3817647058823529,0.21101604278074867,0.6973716047133967,0.7889839572192513,0.5853743315508022,0.7187209811387639,False,False,0.8156241957162058,0.5,0.5,984,1496,0.4656289870509488,en,f1,,,0.7544180377818404,0.03569705664307643,0.500,toxicity,encoder_minilm,EXP-003
de,few_label_32_strat,0.37417618437444794,0.08352575005595779,25,0.7534701897591569,0.006787803604580566,0.3879144385026738,0.1606951871657754,0.6872915161677321,0.8393048128342245,0.6136096256684492,0.7534701897591569,False,False,0.8156241957162058,0.5,0.5,984,1496,0.4656289870509488,en,f1,,,0.7544180377818404,0.0009478480226834396,0.500,toxicity,encoder_minilm,EXP-003
de,few_label_32_rand,0.3745548802715665,0.17674891605478754,25,0.7345822250373831,0.02548924868226808,0.4117647058823529,0.17877005347593586,0.6835686198023698,0.8212299465240643,0.6164973262032085,0.7345822250373831,False,False,0.8156241957162058,0.5,0.5,984,1496,0.4656289870509488,en,f1,,,0.7544180377818404,0.019835812744457226,0.500,toxicity,encoder_minilm,EXP-003
de,few_label_64_strat,0.3506158139355647,0.09387797560009181,25,0.7538541278081451,0.006560577323540875,0.41155080213903744,0.14620320855614974,0.6791876865310446,0.8537967914438503,0.6326737967914439,0.7538541278081451,False,False,0.8156241957162058,0.5,0.5,984,1496,0.4656289870509488,en,f1,,,0.7544180377818404,0.0005639099736952646,0.500,toxicity,encoder_minilm,EXP-003
de,few_label_64_rand,0.38378933068547466,0.0926056831896898,25,0.7518632503953459,0.010088068044976584,0.3794117647058824,0.1682887700534759,0.6909594067698834,0.831711229946524,0.6055614973262032,0.7518632503953459,False,False,0.8156241957162058,0.5,0.5,984,1496,0.4656289870509488,en,f1,,,0.7544180377818404,0.002554787386494506,0.500,toxicity,encoder_minilm,EXP-003
de,few_label_128_strat,0.3425892103876255,0.09420433222408031,25,0.7546218804255159,0.006812778009491312,0.41834224598930475,0.14058823529411765,0.6768184759951028,0.8594117647058823,0.6388770053475935,0.7546218804255159,False,False,0.8156241957162058,0.5,0.5,984,1496,0.4656289870509488,en,f1,,,0.7544180377818404,-0.00020384264367556693,0.500,toxicity,encoder_minilm,EXP-003
de,few_label_128_rand,0.3216548660523362,0.08437077538715623,25,0.7553952298362858,0.003241901357321019,0.4393048128342247,0.126524064171123,0.6685702051373684,0.873475935828877,0.6563903743315508,0.7553952298362858,False,False,0.8156241957162058,0.5,0.5,984,1496,0.4656289870509488,en,f1,,,0.7544180377818404,-0.0009771920544454638,0.500,toxicity,encoder_minilm,EXP-003
de,few_label_256_strat,0.35799831253341985,0.0909390585718531,25,0.7540161999908086,0.005197227438661063,0.4029946524064172,0.1506951871657754,0.6820784259854216,0.8493048128342247,0.6261497326203209,0.7540161999908086,False,False,0.8156241957162058,0.5,0.5,984,1496,0.4656289870509488,en,f1,,,0.7544180377818404,0.0004018377910317561,0.500,toxicity,encoder_minilm,EXP-003
de,few_label_256_rand,0.33678463425604027,0.09879810536771165,25,0.7533803843856062,0.0041604344605757435,0.4257219251336899,0.13818181818181818,0.6737959705207004,0.861818181818182,0.6437700534759359,0.7533803843856062,False,False,0.8156241957162058,0.5,0.5,984,1496,0.4656289870509488,en,f1,,,0.7544180377818404,0.0010376533962341838,0.500,toxicity,encoder_minilm,EXP-003
de,target_full,0.39440514228135803,0.0,1,0.7544180377818404,0.0,0.3663101604278075,0.17245989304812834,0.6931690929451287,0.8275401069518716,0.5969251336898396,0.7544180377818404,False,False,0.8156241957162058,0.5,0.5,984,1496,0.4656289870509488,en,f1,0.7295978957965646,0.7766253591505309,0.7544180377818404,0.0,0.500,toxicity,encoder_minilm,EXP-003
de,test_oracle_unachievable,0.3613808327083415,0.0,1,0.7638310529446758,0.0,0.3890374331550802,0.14171122994652408,0.6881028938906752,0.8582887700534759,0.6236631016042781,0.7638310529446758,False,False,0.8156241957162058,0.5,0.5,984,1496,0.4656289870509488,en,f1,,,0.7544180377818404,-0.009413015162835436,0.500,toxicity,encoder_minilm,EXP-003
en,fixed_half,0.5,0.0,1,0.9507089804186359,0.0,0.048582995951417005,0.04993252361673414,0.9513513513513514,0.9500674763832658,0.4993252361673414,0.9507089804186359,False,True,0.9898448498491115,0.5,0.5,956,1482,0.4656289870509488,en,f1,,,0.9523809523809524,0.0016719719623164986,0.500,toxicity,encoder_minilm,EXP-003
en,source_global,0.4656289870509488,0.0,1,0.9523809523809524,0.0,0.05398110661268556,0.04183535762483131,0.9466666666666667,0.9581646423751687,0.5060728744939271,0.9523809523809524,False,True,0.9898448498491115,0.5,0.5,956,1482,0.4656289870509488,en,f1,0.941092043644662,0.9627200419696987,0.9523809523809524,0.0,0.500,toxicity,encoder_minilm,EXP-003
en,quantile_match,0.465780070099051,0.0,1,0.9523809523809524,0.0,0.05398110661268556,0.04183535762483131,0.9466666666666667,0.9581646423751687,0.5060728744939271,0.9523809523809524,False,True,0.9898448498491115,0.5,0.5,956,1482,0.4656289870509488,en,f1,,,0.9523809523809524,0.0,0.500,toxicity,encoder_minilm,EXP-003
en,sld_em,0.4656289870509487,0.0,1,0.9523809523809524,0.0,0.05398110661268556,0.04183535762483131,0.9466666666666667,0.9581646423751687,0.5060728744939271,0.9523809523809524,False,True,0.9898448498491115,0.5,0.5,956,1482,0.4656289870509488,en,f1,,,0.9523809523809524,0.0,0.500,toxicity,encoder_minilm,EXP-003
en,bbse,0.4656289870509487,0.0,1,0.9523809523809524,0.0,0.05398110661268556,0.04183535762483131,0.9466666666666667,0.9581646423751687,0.5060728744939271,0.9523809523809524,False,True,0.9898448498491115,0.5,0.5,956,1482,0.4656289870509488,en,f1,,,0.9523809523809524,0.0,0.500,toxicity,encoder_minilm,EXP-003
en,few_label_8_strat,0.514872063491894,0.1924443845434713,25,0.928624795030324,0.03261131210218058,0.06742240215924426,0.07363022941970311,0.9377159634593576,0.9263697705802967,0.49689608636977056,0.928624795030324,False,True,0.9898448498491115,0.5,0.5,956,1482,0.4656289870509488,en,f1,,,0.9523809523809524,0.023756157350628415,0.500,toxicity,encoder_minilm,EXP-003
en,few_label_8_rand,0.5378314613437806,0.22431887550546187,25,0.9187377389062016,0.03941587803663713,0.07093117408906882,0.08863697705802968,0.9367025264827967,0.9113630229419704,0.4911470985155196,0.9187377389062016,False,True,0.9898448498491115,0.5,0.5,956,1482,0.4656289870509488,en,f1,,,0.9523809523809524,0.033643213474750855,0.500,toxicity,encoder_minilm,EXP-003
en,few_label_16_strat,0.4592967989897963,0.18144394287291504,25,0.9332301513050492,0.022458018755926658,0.08556005398110661,0.051713900134952764,0.9231520170032655,0.9482860998650473,0.5169230769230769,0.9332301513050492,False,True,0.9898448498491115,0.5,0.5,956,1482,0.4656289870509488,en,f1,,,0.9523809523809524,0.01915080107590328,0.500,toxicity,encoder_minilm,EXP-003
en,few_label_16_rand,0.44203451832412166,0.16344363184574984,25,0.9363009727018928,0.023284919680686026,0.07881241565452092,0.0497165991902834,0.9268693822935928,0.9502834008097167,0.5145479082321187,0.9363009727018928,False,True,0.9898448498491115,0.5,0.5,956,1482,0.4656289870509488,en,f1,,,0.9523809523809524,0.01607997967905961,0.500,toxicity,encoder_minilm,EXP-003
en,few_label_32_strat,0.435681164542006,0.17514425059358454,25,0.9352951030402994,0.01856414393954239,0.08415654520917679,0.047503373819163294,0.9227207932792377,0.9524966261808367,0.5183265856950068,0.9352951030402994,False,True,0.9898448498491115,0.5,0.5,956,1482,0.4656289870509488,en,f1,,,0.9523809523809524,0.017085849340653048,0.500,toxicity,encoder_minilm,EXP-003
en,few_label_32_rand,0.48702431017942516,0.14730362371612174,25,0.9404760947759704,0.013781412301497915,0.06299595141700405,0.05592442645074224,0.9394794287537898,0.9440755735492578,0.5035357624831309,0.9404760947759704,False,True,0.9898448498491115,0.5,0.5,956,1482,0.4656289870509488,en,f1,,,0.9523809523809524,0.011904857604982055,0.500,toxicity,encoder_minilm,EXP-003
en,few_label_64_strat,0.4300588290414941,0.13715847523516236,25,0.9408795954750375,0.012961565246779176,0.08021592442645074,0.04086369770580297,0.9254212853016165,0.959136302294197,0.5196761133603239,0.9408795954750375,False,True,0.9898448498491115,0.5,0.5,956,1482,0.4656289870509488,en,f1,,,0.9523809523809524,0.011501356905914917,0.500,toxicity,encoder_minilm,EXP-003
en,few_label_64_rand,0.4477973120711768,0.13672444997784444,25,0.9414534611831717,0.010351188147848505,0.07454790823211875,0.04448043184885289,0.9297616911690227,0.955519568151147,0.5150337381916329,0.9414534611831717,False,True,0.9898448498491115,0.5,0.5,956,1482,0.4656289870509488,en,f1,,,0.9523809523809524,0.010927491197780692,0.500,toxicity,encoder_minilm,EXP-003
en,few_label_128_strat,0.4345825553751116,0.08419366204860128,25,0.9470259936724272,0.005427854017078535,0.07001349527665317,0.03778677462887989,0.9329979646203772,0.9622132253711202,0.5161133603238867,0.9470259936724272,False,True,0.9898448498491115,0.5,0.5,956,1482,0.4656289870509488,en,f1,,,0.9523809523809524,0.005354958708525204,0.500,toxicity,encoder_minilm,EXP-003
en,few_label_128_rand,0.45514313707043214,0.09759211331936901,25,0.9465603788477743,0.006185706672721388,0.06569500674763833,0.042537112010796234,0.9367760960669973,0.9574628879892039,0.511578947368421,0.9465603788477743,False,True,0.9898448498491115,0.5,0.5,956,1482,0.4656289870509488,en,f1,,,0.9523809523809524,0.005820573533178108,0.500,toxicity,encoder_minilm,EXP-003
en,few_label_256_strat,0.44943122987586315,0.03218858996644474,25,0.9505787494257728,0.0016706830146452907,0.06072874493927125,0.03919028340080971,0.9406821686463198,0.9608097165991903,0.5107692307692308,0.9505787494257728,False,True,0.9898448498491115,0.5,0.5,956,1482,0.4656289870509488,en,f1,,,0.9523809523809524,0.0018022029551796326,0.500,toxicity,encoder_minilm,EXP-003
en,few_label_256_rand,0.46443495610886354,0.06046255156095057,25,0.949515592074417,0.0024982186204959562,0.059325236167341436,0.04248313090418354,0.9419693198008104,0.9575168690958163,0.508421052631579,0.949515592074417,False,True,0.9898448498491115,0.5,0.5,956,1482,0.4656289870509488,en,f1,,,0.9523809523809524,0.0028653603065353916,0.500,toxicity,encoder_minilm,EXP-003
en,target_full,0.4656289870509488,0.0,1,0.9523809523809524,0.0,0.05398110661268556,0.04183535762483131,0.9466666666666667,0.9581646423751687,0.5060728744939271,0.9523809523809524,False,True,0.9898448498491115,0.5,0.5,956,1482,0.4656289870509488,en,f1,0.9405228108270804,0.9625742918339266,0.9523809523809524,0.0,0.500,toxicity,encoder_minilm,EXP-003
en,test_oracle_unachievable,0.46892522681906323,0.0,1,0.9530201342281879,0.0,0.05263157894736842,0.04183535762483131,0.9479305740987984,0.9581646423751687,0.5053981106612686,0.9530201342281879,False,True,0.9898448498491115,0.5,0.5,956,1482,0.4656289870509488,en,f1,,,0.9523809523809524,-0.0006391818472354371,0.500,toxicity,encoder_minilm,EXP-003
es,fixed_half,0.5,0.0,1,0.7294649585531273,0.0,0.19236209335219237,0.31541725601131543,0.7806451612903226,0.6845827439886846,0.43847241867043846,0.7294649585531273,False,False,0.8425344454025115,0.5,0.5,976,1414,0.4656289870509488,en,f1,,,0.7653562653562653,0.03589130680313801,0.500,toxicity,encoder_minilm,EXP-003
es,source_global,0.4656289870509488,0.0,1,0.743740795287187,0.0,0.2065063649222065,0.2857142857142857,0.7757296466973886,0.7142857142857143,0.4603960396039604,0.743740795287187,False,False,0.8425344454025115,0.5,0.5,976,1414,0.4656289870509488,en,f1,0.7170321245239277,0.7696997036715132,0.7653562653562653,0.02161547006907838,0.500,toxicity,encoder_minilm,EXP-003
es,quantile_match,0.3850284093373483,0.0,1,0.7556497175141245,0.0,0.24611032531824611,0.24328147100424327,0.7545839210155149,0.7567185289957568,0.5014144271570015,0.7556497175141245,False,False,0.8425344454025115,0.5,0.5,976,1414,0.4656289870509488,en,f1,,,0.7653562653562653,0.009706547842140867,0.500,toxicity,encoder_minilm,EXP-003
es,sld_em,0.6097685812362781,0.0,1,0.6874487284659556,0.0,0.13154172560113153,0.4073550212164074,0.818359375,0.5926449787835927,0.3620933521923621,0.6874487284659556,False,False,0.8425344454025115,0.5,0.5,976,1414,0.4656289870509488,en,f1,,,0.7653562653562653,0.07790753689030971,0.500,toxicity,encoder_minilm,EXP-003
es,bbse,0.5347705798332544,0.0,1,0.7196911196911197,0.0,0.17256011315417255,0.3408769448373409,0.7925170068027211,0.6591230551626591,0.4158415841584158,0.7196911196911197,False,False,0.8425344454025115,0.5,0.5,976,1414,0.4656289870509488,en,f1,,,0.7653562653562653,0.04566514566514568,0.500,toxicity,encoder_minilm,EXP-003
es,few_label_8_strat,0.329131265347218,0.14645771408993327,25,0.7509484294919754,0.023122698222657997,0.327015558698727,0.20056577086280059,0.7236461920046234,0.7994342291371994,0.5632248939179633,0.7509484294919754,False,False,0.8425344454025115,0.5,0.5,976,1414,0.4656289870509488,en,f1,,,0.7653562653562653,0.014407835864289953,0.500,toxicity,encoder_minilm,EXP-003
es,few_label_8_rand,0.34860686432551996,0.1892570118238031,25,0.7394136143465312,0.03863796436371693,0.3244130127298444,0.21719943422913718,0.7269557374961064,0.7828005657708627,0.5536067892503536,0.7394136143465312,False,False,0.8425344454025115,0.5,0.5,976,1414,0.4656289870509488,en,f1,,,0.7653562653562653,0.02594265100973414,0.500,toxicity,encoder_minilm,EXP-003
es,few_label_16_strat,0.30263018702960554,0.16656463615042935,25,0.7501214943736759,0.02698963451162154,0.35304101838755303,0.1837623762376238,0.7119103803121533,0.8162376237623762,0.5846393210749646,0.7501214943736759,False,False,0.8425344454025115,0.5,0.5,976,1414,0.4656289870509488,en,f1,,,0.7653562653562653,0.015234770982589407,0.500,toxicity,encoder_minilm,EXP-003
es,few_label_16_rand,0.3386335617337046,0.20218801678753892,25,0.7371953653607107,0.04062995415667651,0.34353606789250357,0.20995756718529,0.7215064130148945,0.7900424328147101,0.5667892503536067,0.7371953653607107,False,False,0.8425344454025115,0.5,0.5,976,1414,0.4656289870509488,en,f1,,,0.7653562653562653,0.0281608999955546,0.500,toxicity,encoder_minilm,EXP-003
es,few_label_32_strat,0.3269263397472727,0.14262398872818532,25,0.7536001843460924,0.021009094402709982,0.3224328147100424,0.19756718528995754,0.723447562368346,0.8024328147100426,0.5624328147100425,0.7536001843460924,False,False,0.8425344454025115,0.5,0.5,976,1414,0.4656289870509488,en,f1,,,0.7653562653562653,0.011756081010172892,0.500,toxicity,encoder_minilm,EXP-003
es,few_label_32_rand,0.27232078931356307,0.1612112001371708,25,0.751050251043294,0.022345652105345806,0.39219236209335223,0.1613012729844413,0.6968587623410554,0.8386987270155588,0.6154455445544554,0.751050251043294,False,False,0.8425344454025115,0.5,0.5,976,1414,0.4656289870509488,en,f1,,,0.7653562653562653,0.014306014312971294,0.500,toxicity,encoder_minilm,EXP-003
es,few_label_64_strat,0.27918070973608217,0.11368596134089731,25,0.7608067609621635,0.00929896889864556,0.35773691654879775,0.16554455445544555,0.7072910245757998,0.8344554455445545,0.596096181046676,0.7608067609621635,False,False,0.8425344454025115,0.5,0.5,976,1414,0.4656289870509488,en,f1,,,0.7653562653562653,0.004549504394101844,0.500,toxicity,encoder_minilm,EXP-003
es,few_label_64_rand,0.2368116838124634,0.14313128057903932,25,0.7546946026059657,0.01495919394289996,0.42381895332390385,0.13635077793493633,0.6826640835550755,0.8636492220650637,0.6437340876944837,0.7546946026059657,False,False,0.8425344454025115,0.5,0.5,976,1414,0.4656289870509488,en,f1,,,0.7653562653562653,0.010661662750299672,0.500,toxicity,encoder_minilm,EXP-003
es,few_label_128_strat,0.2559632654252608,0.10732509498295663,25,0.7614915676558147,0.00829746210898023,0.3796322489391797,0.15106082036775106,0.6973597400187731,0.848939179632249,0.6142857142857143,0.7614915676558147,False,False,0.8425344454025115,0.5,0.5,976,1414,0.4656289870509488,en,f1,,,0.7653562653562653,0.0038646977004506144,0.500,toxicity,encoder_minilm,EXP-003
es,few_label_128_rand,0.27569114047816345,0.10758201963965786,25,0.7618575032019838,0.007548082119511679,0.3582461103253182,0.16345120226308346,0.7066895128810513,0.8365487977369166,0.5973974540311174,0.7618575032019838,False,False,0.8425344454025115,0.5,0.5,976,1414,0.4656289870509488,en,f1,,,0.7653562653562653,0.003498762154281576,0.500,toxicity,encoder_minilm,EXP-003
es,few_label_256_strat,0.23716349620103222,0.1070599563942538,25,0.7621833582171521,0.008218678195099246,0.40033946251768027,0.13702970297029704,0.6892190500087187,0.862970297029703,0.6316548797736916,0.7621833582171521,False,False,0.8425344454025115,0.5,0.5,976,1414,0.4656289870509488,en,f1,,,0.7653562653562653,0.0031729071391132235,0.500,toxicity,encoder_minilm,EXP-003
es,few_label_256_rand,0.2983381143247524,0.11769872472740431,25,0.7595423139676768,0.009459673850790442,0.33985855728429987,0.17867043847241867,0.7152515366351938,0.8213295615275813,0.5805940594059407,0.7595423139676768,False,False,0.8425344454025115,0.5,0.5,976,1414,0.4656289870509488,en,f1,,,0.7653562653562653,0.005813951388588534,0.500,toxicity,encoder_minilm,EXP-003
es,target_full,0.20010945793262896,0.0,1,0.7653562653562653,0.0,0.4214992927864215,0.1188118811881188,0.6764386536373507,0.8811881188118812,0.6513437057991514,0.7653562653562653,False,False,0.8425344454025115,0.5,0.5,976,1414,0.4656289870509488,en,f1,0.7413191899644134,0.7884201330541265,0.7653562653562653,0.0,0.500,toxicity,encoder_minilm,EXP-003
es,test_oracle_unachievable,0.27231420299737563,0.0,1,0.7734021949644933,0.0,0.3437057991513437,0.15275813295615276,0.7114014251781473,0.8472418670438473,0.5954738330975955,0.7734021949644933,False,False,0.8425344454025115,0.5,0.5,976,1414,0.4656289870509488,en,f1,,,0.7653562653562653,-0.00804592960822792,0.500,toxicity,encoder_minilm,EXP-003
fr,fixed_half,0.5,0.0,1,0.8297428769979153,0.0,0.16298342541436464,0.17541436464088397,0.8349650349650349,0.824585635359116,0.4937845303867403,0.8297428769979153,False,False,0.9034198437166142,0.5,0.5,966,1448,0.4656289870509488,en,f1,,,0.8358413132694938,0.006098436271578578,0.500,toxicity,encoder_minilm,EXP-003
fr,source_global,0.4656289870509488,0.0,1,0.836388323150034,0.0,0.18370165745856354,0.14917127071823205,0.822429906542056,0.850828729281768,0.5172651933701657,0.836388323150034,False,False,0.9034198437166142,0.5,0.5,966,1448,0.4656289870509488,en,f1,0.8153895287368255,0.856955770891298,0.8358413132694938,-0.000547009880540128,0.500,toxicity,encoder_minilm,EXP-003
fr,quantile_match,0.46993817373362073,0.0,1,0.8351498637602179,0.0,0.18093922651933703,0.15331491712707182,0.8239247311827957,0.8466850828729282,0.5138121546961326,0.8351498637602179,False,False,0.9034198437166142,0.5,0.5,966,1448,0.4656289870509488,en,f1,,,0.8358413132694938,0.0006914495092759099,0.500,toxicity,encoder_minilm,EXP-003
fr,sld_em,0.46400807963458646,0.0,1,0.8371777476255088,0.0,0.18370165745856354,0.1477900552486188,0.8226666666666667,0.8522099447513812,0.5179558011049724,0.8371777476255088,False,False,0.9034198437166142,0.5,0.5,966,1448,0.4656289870509488,en,f1,,,0.8358413132694938,-0.0013364343560149372,0.500,toxicity,encoder_minilm,EXP-003
fr,bbse,0.4623003384767354,0.0,1,0.8371777476255088,0.0,0.18370165745856354,0.1477900552486188,0.8226666666666667,0.8522099447513812,0.5179558011049724,0.8371777476255088,False,False,0.9034198437166142,0.5,0.5,966,1448,0.4656289870509488,en,f1,,,0.8358413132694938,-0.0013364343560149372,0.500,toxicity,encoder_minilm,EXP-003
fr,few_label_8_strat,0.504824278546342,0.18027426842884955,25,0.8038329442555988,0.04891622144811982,0.1903314917127072,0.19624309392265193,0.8265892408003495,0.803756906077348,0.49704419889502766,0.8038329442555988,False,False,0.9034198437166142,0.5,0.5,966,1448,0.4656289870509488,en,f1,,,0.8358413132694938,0.03200836901389503,0.500,toxicity,encoder_minilm,EXP-003
fr,few_label_8_rand,0.40438540756685526,0.19475704581268377,25,0.802459023918275,0.03906398878281949,0.28353591160221,0.14502762430939226,0.7768188738781486,0.8549723756906077,0.5692541436464089,0.802459023918275,False,False,0.9034198437166142,0.5,0.5,966,1448,0.4656289870509488,en,f1,,,0.8358413132694938,0.0333822893512189,0.500,toxicity,encoder_minilm,EXP-003
fr,few_label_16_strat,0.5068353701047815,0.16864110277252342,25,0.8080133178706314,0.033713639905607704,0.1822099447513812,0.1951933701657458,0.8293353326069618,0.804806629834254,0.49350828729281765,0.8080133178706314,False,False,0.9034198437166142,0.5,0.5,966,1448,0.4656289870509488,en,f1,,,0.8358413132694938,0.027827995398862493,0.500,toxicity,encoder_minilm,EXP-003
fr,few_label_16_rand,0.43931824989988855,0.23525705562890956,25,0.7829950848229141,0.07574335371656396,0.2741988950276244,0.17729281767955804,0.787460813308528,0.822707182320442,0.5484530386740332,0.7829950848229141,False,False,0.9034198437166142,0.5,0.5,966,1448,0.4656289870509488,en,f1,,,0.8358413132694938,0.05284622844657971,0.500,toxicity,encoder_minilm,EXP-003
fr,few_label_32_strat,0.46407878403541114,0.147486025127925,25,0.8156240400367752,0.020570470448192203,0.20674033149171273,0.1691160220994475,0.8127373853831737,0.8308839779005524,0.5188121546961326,0.8156240400367752,False,False,0.9034198437166142,0.5,0.5,966,1448,0.4656289870509488,en,f1,,,0.8358413132694938,0.020217273232718602,0.500,toxicity,encoder_minilm,EXP-003
fr,few_label_32_rand,0.4521625390888744,0.1614432469263867,25,0.812405039155792,0.025087934625854926,0.21679558011049724,0.1662430939226519,0.8066289405761797,0.833756906077348,0.5252762430939226,0.812405039155792,False,False,0.9034198437166142,0.5,0.5,966,1448,0.4656289870509488,en,f1,,,0.8358413132694938,0.02343627411370186,0.500,toxicity,encoder_minilm,EXP-003
fr,few_label_64_strat,0.46363550799845604,0.11191194360595447,25,0.8231659884401118,0.014226518046541943,0.19629834254143647,0.16292817679558008,0.8161987053324579,0.8370718232044198,0.5166850828729281,0.8231659884401118,False,False,0.9034198437166142,0.5,0.5,966,1448,0.4656289870509488,en,f1,,,0.8358413132694938,0.01267532482938205,0.500,toxicity,encoder_minilm,EXP-003
fr,few_label_64_rand,0.41444661821209877,0.13600707248548627,25,0.8176387657334978,0.024161430994797756,0.23767955801104976,0.14359116022099447,0.7919356138979602,0.8564088397790056,0.5470441988950276,0.8176387657334978,False,False,0.9034198437166142,0.5,0.5,966,1448,0.4656289870509488,en,f1,,,0.8358413132694938,0.01820254753599604,0.500,toxicity,encoder_minilm,EXP-003
fr,few_label_128_strat,0.452817906485835,0.09632440916679522,25,0.8261818887780534,0.010201084345663877,0.20005524861878451,0.15558011049723755,0.8131525341204587,0.8444198895027624,0.5222375690607735,0.8261818887780534,False,False,0.9034198437166142,0.5,0.5,966,1448,0.4656289870509488,en,f1,,,0.8358413132694938,0.009659424491440416,0.500,toxicity,encoder_minilm,EXP-003
fr,few_label_128_rand,0.44830539141945,0.11309536925605479,25,0.8220460894035895,0.011877312461460517,0.20900552486187848,0.15674033149171268,0.8081408552146258,0.8432596685082874,0.5261325966850828,0.8220460894035895,False,False,0.9034198437166142,0.5,0.5,966,1448,0.4656289870509488,en,f1,,,0.8358413132694938,0.013795223865904371,0.500,toxicity,encoder_minilm,EXP-003
fr,few_label_256_strat,0.4268944184968705,0.0718394157393692,25,0.8291605560665605,0.006461427098424352,0.21353591160220997,0.14082872928176793,0.8034079238809572,0.8591712707182321,0.536353591160221,0.8291605560665605,False,False,0.9034198437166142,0.5,0.5,966,1448,0.4656289870509488,en,f1,,,0.8358413132694938,0.006680757202933374,0.500,toxicity,encoder_minilm,EXP-003
fr,few_label_256_rand,0.4482911528754576,0.0705537852839764,25,0.8289620369602274,0.0042220002140332825,0.19850828729281766,0.1516574585635359,0.8126507875441439,0.848342541436464,0.5234254143646409,0.8289620369602274,False,False,0.9034198437166142,0.5,0.5,966,1448,0.4656289870509488,en,f1,,,0.8358413132694938,0.0068792763092664355,0.500,toxicity,encoder_minilm,EXP-003
fr,target_full,0.47908754852709334,0.0,1,0.8358413132694938,0.0,0.17541436464088397,0.15607734806629833,0.8279132791327913,0.8439226519337016,0.5096685082872928,0.8358413132694938,False,False,0.9034198437166142,0.5,0.5,966,1448,0.4656289870509488,en,f1,0.8148593185737374,0.8550658474776826,0.8358413132694938,0.0,0.500,toxicity,encoder_minilm,EXP-003
fr,test_oracle_unachievable,0.48587628235533054,0.0,1,0.8382656572608396,0.0,0.16574585635359115,0.15883977900552487,0.8353909465020576,0.8411602209944752,0.5034530386740331,0.8382656572608396,False,False,0.9034198437166142,0.5,0.5,966,1448,0.4656289870509488,en,f1,,,0.8358413132694938,-0.002424343991345723,0.500,toxicity,encoder_minilm,EXP-003
he,fixed_half,0.5,0.0,1,0.6758349705304519,0.0,0.44635193133047213,0.26180257510729615,0.6231884057971014,0.7381974248927039,0.592274678111588,0.6758349705304519,False,False,0.6985761388126508,0.5,0.5,348,466,0.4656289870509488,en,f1,,,0.6773049645390071,0.0014699940085551866,0.500,toxicity,encoder_minilm,EXP-003
he,source_global,0.4656289870509488,0.0,1,0.6782273603082851,0.0,0.4721030042918455,0.2446351931330472,0.6153846153846154,0.7553648068669528,0.6137339055793991,0.6782273603082851,False,False,0.6985761388126508,0.5,0.5,348,466,0.4656289870509488,en,f1,0.6296939867731945,0.7216890595009597,0.6773049645390071,-0.0009223957692779949,0.500,toxicity,encoder_minilm,EXP-003
he,quantile_match,0.6778773650096002,0.0,1,0.6133333333333333,0.0,0.33905579399141633,0.40772532188841204,0.6359447004608295,0.592274678111588,0.4656652360515021,0.6133333333333333,False,False,0.6985761388126508,0.5,0.5,348,466,0.4656289870509488,en,f1,,,0.6773049645390071,0.06397163120567384,0.500,toxicity,encoder_minilm,EXP-003
he,sld_em,0.22653506060048526,0.0,1,0.6887417218543047,0.0,0.6995708154506438,0.1072961373390558,0.5606469002695418,0.8927038626609443,0.796137339055794,0.6887417218543047,False,False,0.6985761388126508,0.5,0.5,348,466,0.4656289870509488,en,f1,,,0.6773049645390071,-0.011436757315297585,0.500,toxicity,encoder_minilm,EXP-003
he,bbse,0.2920328973092582,0.0,1,0.6963979416809605,0.0,0.630901287553648,0.12875536480686695,0.58,0.871244635193133,0.7510729613733905,0.6963979416809605,False,False,0.6985761388126508,0.5,0.5,348,466,0.4656289870509488,en,f1,,,0.6773049645390071,-0.01909297714195335,0.500,toxicity,encoder_minilm,EXP-003
he,few_label_8_strat,0.4091059330035975,0.19652788606180596,25,0.6649775277431627,0.039904362787851394,0.5447210300429185,0.22317596566523604,0.5978356777347095,0.776824034334764,0.6607725321888412,0.6649775277431627,False,False,0.6985761388126508,0.5,0.5,348,466,0.4656289870509488,en,f1,,,0.6773049645390071,0.01232743679584447,0.500,toxicity,encoder_minilm,EXP-003
he,few_label_8_rand,0.38140224655952865,0.23967697959167822,25,0.6614015071021718,0.052109425928708805,0.5763090128755366,0.20858369098712445,0.5919171405305348,0.7914163090128754,0.6838626609442059,0.6614015071021718,False,False,0.6985761388126508,0.5,0.5,348,466,0.4656289870509488,en,f1,,,0.6773049645390071,0.0159034574368353,0.500,toxicity,encoder_minilm,EXP-003
he,few_label_16_strat,0.4551768522543788,0.256668189984196,25,0.6453002856652428,0.06328507020315233,0.5139914163090129,0.2624892703862661,0.6090310031292916,0.7375107296137338,0.6257510729613734,0.6453002856652428,False,False,0.6985761388126508,0.5,0.5,348,466,0.4656289870509488,en,f1,,,0.6773049645390071,0.03200467887376435,0.500,toxicity,encoder_minilm,EXP-003
he,few_label_16_rand,0.32643733226079036,0.24639038089947551,25,0.6614992825547372,0.06490495731792673,0.6266094420600858,0.17854077253218884,0.5826677136065627,0.8214592274678111,0.7240343347639485,0.6614992825547372,False,False,0.6985761388126508,0.5,0.5,348,466,0.4656289870509488,en,f1,,,0.6773049645390071,0.015805681984269904,0.500,toxicity,encoder_minilm,EXP-003
he,few_label_32_strat,0.47473618080583607,0.19301620950639606,25,0.6566320188328425,0.03925976850141098,0.4923605150214593,0.26300429184549357,0.607116956202661,0.7369957081545064,0.6146781115879828,0.6566320188328425,False,False,0.6985761388126508,0.5,0.5,348,466,0.4656289870509488,en,f1,,,0.6773049645390071,0.020672945706164625,0.500,toxicity,encoder_minilm,EXP-003
he,few_label_32_rand,0.3933921853268867,0.18624751156542596,25,0.6708604438841939,0.024017262017779508,0.56068669527897,0.20806866952789702,0.5932369501760685,0.791931330472103,0.6763090128755366,0.6708604438841939,False,False,0.6985761388126508,0.5,0.5,348,466,0.4656289870509488,en,f1,,,0.6773049645390071,0.006444520654813268,0.500,toxicity,encoder_minilm,EXP-003
he,few_label_64_strat,0.3565167361244213,0.10616964578702091,25,0.6812963995687589,0.009666379841269833,0.5830042918454936,0.18128755364806867,0.5868255404531603,0.8187124463519314,0.7008583690987125,0.6812963995687589,False,False,0.6985761388126508,0.5,0.5,348,466,0.4656289870509488,en,f1,,,0.6773049645390071,-0.003991435029751744,0.500,toxicity,encoder_minilm,EXP-003
he,few_label_64_rand,0.2946449384886236,0.1506215754242412,25,0.683572192242308,0.01100415706527332,0.647038626609442,0.14351931330472104,0.5747388944428888,0.856480686695279,0.7517596566523604,0.683572192242308,False,False,0.6985761388126508,0.5,0.5,348,466,0.4656289870509488,en,f1,,,0.6773049645390071,-0.006267227703300904,0.500,toxicity,encoder_minilm,EXP-003
he,few_label_128_strat,0.349725873175423,0.09081267100734602,25,0.6811825639676098,0.012143681682049717,0.5878111587982833,0.1787124463519313,0.5845192179402227,0.8212875536480686,0.7045493562231759,0.6811825639676098,False,False,0.6985761388126508,0.5,0.5,348,466,0.4656289870509488,en,f1,,,0.6773049645390071,-0.0038775994286026627,0.500,toxicity,encoder_minilm,EXP-003
he,few_label_128_rand,0.35264744939534465,0.10509679425257437,25,0.6830396167899643,0.010110197577803499,0.5847210300429184,0.17716738197424892,0.5870410173407453,0.8228326180257511,0.7037768240343347,0.6830396167899643,False,False,0.6985761388126508,0.5,0.5,348,466,0.4656289870509488,en,f1,,,0.6773049645390071,-0.005734652250957151,0.500,toxicity,encoder_minilm,EXP-003
he,few_label_256_strat,0.3249842309735754,0.025003185043931543,25,0.6823626166255988,0.005926836139768751,0.6104721030042919,0.16583690987124464,0.5774347654410309,0.8341630901287553,0.7223175965665236,0.6823626166255988,False,False,0.6985761388126508,0.5,0.5,348,466,0.4656289870509488,en,f1,,,0.6773049645390071,-0.005057652086591702,0.500,toxicity,encoder_minilm,EXP-003
he,few_label_256_rand,0.3164758835026116,0.02938803251773854,25,0.6847919070032705,0.007820478022178732,0.615793991416309,0.1584549356223176,0.5774595636156092,0.8415450643776823,0.7286695278969958,0.6847919070032705,False,False,0.6985761388126508,0.5,0.5,348,466,0.4656289870509488,en,f1,,,0.6773049645390071,-0.007486942464263402,0.500,toxicity,encoder_minilm,EXP-003
he,target_full,0.3446314132967378,0.0,1,0.6773049645390071,0.0,0.6008583690987125,0.18025751072961374,0.5770392749244713,0.8197424892703863,0.7103004291845494,0.6773049645390071,False,False,0.6985761388126508,0.5,0.5,348,466,0.4656289870509488,en,f1,0.633877857307781,0.7172432070183989,0.6773049645390071,0.0,0.500,toxicity,encoder_minilm,EXP-003
he,test_oracle_unachievable,0.2967136004429469,0.0,1,0.6987951807228915,0.0,0.6223175965665236,0.12875536480686695,0.5833333333333334,0.871244635193133,0.7467811158798283,0.6987951807228915,False,False,0.6985761388126508,0.5,0.5,348,466,0.4656289870509488,en,f1,,,0.6773049645390071,-0.02149021618388436,0.500,toxicity,encoder_minilm,EXP-003
hi,fixed_half,0.5,0.0,1,0.638888888888889,0.0,0.11214953271028037,0.4779706275033378,0.8231578947368421,0.5220293724966623,0.3170894526034713,0.638888888888889,False,False,0.8244031650567468,0.5,0.5,962,1498,0.4656289870509488,en,f1,,,0.7603603603603604,0.12147147147147141,0.500,toxicity,encoder_minilm,EXP-003
hi,source_global,0.4656289870509488,0.0,1,0.6603174603174603,0.0,0.1268357810413885,0.4445927903871829,0.8140900195694716,0.5554072096128171,0.3411214953271028,0.6603174603174603,False,False,0.8244031650567468,0.5,0.5,962,1498,0.4656289870509488,en,f1,0.6286627599289029,0.6898235783143609,0.7603603603603604,0.10004290004290006,0.500,toxicity,encoder_minilm,EXP-003
hi,quantile_match,0.2585936741000484,0.0,1,0.7433398310591293,0.0,0.2910547396528705,0.2363150867823765,0.7240506329113924,0.7636849132176236,0.527369826435247,0.7433398310591293,False,False,0.8244031650567468,0.5,0.5,962,1498,0.4656289870509488,en,f1,,,0.7603603603603604,0.017020529301231102,0.500,toxicity,encoder_minilm,EXP-003
hi,sld_em,0.7844815746019522,0.0,1,0.45102040816326533,0.0,0.01335113484646195,0.7049399198931909,0.9567099567099567,0.29506008010680906,0.1542056074766355,0.45102040816326533,False,False,0.8244031650567468,0.5,0.5,962,1498,0.4656289870509488,en,f1,,,0.7603603603603604,0.30933995219709504,0.500,toxicity,encoder_minilm,EXP-003
hi,bbse,0.6755551273462044,0.0,1,0.5447690857681433,0.0,0.030707610146862484,0.6141522029372497,0.9262820512820513,0.38584779706275035,0.2082777036048064,0.5447690857681433,False,False,0.8244031650567468,0.5,0.5,962,1498,0.4656289870509488,en,f1,,,0.7603603603603604,0.21559127459221705,0.500,toxicity,encoder_minilm,EXP-003
hi,few_label_8_strat,0.22917289901216667,0.15542402309272207,25,0.7254420431039279,0.05313336756931514,0.38141522029372504,0.20411214953271029,0.6994531306184936,0.7958878504672898,0.5886515353805074,0.7254420431039279,False,False,0.8244031650567468,0.5,0.5,962,1498,0.4656289870509488,en,f1,,,0.7603603603603604,0.03491831725643246,0.500,toxicity,encoder_minilm,EXP-003
hi,few_label_8_rand,0.2524470806411477,0.20053125837833888,25,0.7095265689940514,0.08101365618886192,0.3791188251001335,0.22307076101468623,0.7068100856402285,0.7769292389853137,0.5780240320427236,0.7095265689940514,False,False,0.8244031650567468,0.5,0.5,962,1498,0.4656289870509488,en,f1,,,0.7603603603603604,0.050833791366308945,0.500,toxicity,encoder_minilm,EXP-003
hi,few_label_16_strat,0.234075928929798,0.11799027992292246,25,0.7341416401662961,0.03271116355660671,0.35289719626168237,0.2113217623497997,0.7069420078074341,0.7886782376502004,0.5707877169559413,0.7341416401662961,False,False,0.8244031650567468,0.5,0.5,962,1498,0.4656289870509488,en,f1,,,0.7603603603603604,0.026218720194064238,0.500,toxicity,encoder_minilm,EXP-003
hi,few_label_16_rand,0.24373979647175276,0.17056347759842644,25,0.7181960322649894,0.056492405779863836,0.37671562082777027,0.2167690253671562,0.7034388013046369,0.7832309746328437,0.579973297730307,0.7181960322649894,False,False,0.8244031650567468,0.5,0.5,962,1498,0.4656289870509488,en,f1,,,0.7603603603603604,0.04216432809537096,0.500,toxicity,encoder_minilm,EXP-003
hi,few_label_32_strat,0.20768869402129714,0.09689119932656153,25,0.7427241980818401,0.027090126850037366,0.3732443257676903,0.1854739652870494,0.695420659904401,0.8145260347129505,0.5938851802403204,0.7427241980818401,False,False,0.8244031650567468,0.5,0.5,962,1498,0.4656289870509488,en,f1,,,0.7603603603603604,0.017636162278520273,0.500,toxicity,encoder_minilm,EXP-003
hi,few_label_32_rand,0.1783378547667712,0.07923025239603561,25,0.7466767199532329,0.012956667798907036,0.4216822429906542,0.15225634178905206,0.676427181956523,0.8477436582109479,0.6347129506008011,0.7466767199532329,False,False,0.8244031650567468,0.5,0.5,962,1498,0.4656289870509488,en,f1,,,0.7603603603603604,0.01368364040712744,0.500,toxicity,encoder_minilm,EXP-003
hi,few_label_64_strat,0.18074090531681936,0.05429625624081103,25,0.7522630707085156,0.007719246002008541,0.39914552736982645,0.15620827770360482,0.6829254361187529,0.8437917222963952,0.6214686248331108,0.7522630707085156,False,False,0.8244031650567468,0.5,0.5,962,1498,0.4656289870509488,en,f1,,,0.7603603603603604,0.008097289651844752,0.500,toxicity,encoder_minilm,EXP-003
hi,few_label_64_rand,0.20734246481183047,0.11056602546756852,25,0.738632942620642,0.029043863563457086,0.38782376502002663,0.18456608811748995,0.6923178823008698,0.8154339118825099,0.6016288384512684,0.738632942620642,False,False,0.8244031650567468,0.5,0.5,962,1498,0.4656289870509488,en,f1,,,0.7603603603603604,0.021727417739718313,0.500,toxicity,encoder_minilm,EXP-003
hi,few_label_128_strat,0.17632771643344228,0.05002140892760228,25,0.7534928076546293,0.007924585834521982,0.4014953271028038,0.1523097463284379,0.6817986689796594,0.8476902536715621,0.624592790387183,0.7534928076546293,False,False,0.8244031650567468,0.5,0.5,962,1498,0.4656289870509488,en,f1,,,0.7603603603603604,0.006867552705731028,0.500,toxicity,encoder_minilm,EXP-003
hi,few_label_128_rand,0.2063505794574372,0.07752745129489735,25,0.7465488666380774,0.020284489527519035,0.36779706275033386,0.18349799732977298,0.695888637374636,0.816502002670227,0.5921495327102804,0.7465488666380774,False,False,0.8244031650567468,0.5,0.5,962,1498,0.4656289870509488,en,f1,,,0.7603603603603604,0.013811493722282964,0.500,toxicity,encoder_minilm,EXP-003
hi,few_label_256_strat,0.17323297382828468,0.03737317726642114,25,0.7549212086425686,0.005243535797949049,0.39989319092122827,0.15124165554072097,0.6819488812730542,0.8487583444592791,0.6243257676902537,0.7549212086425686,False,False,0.8244031650567468,0.5,0.5,962,1498,0.4656289870509488,en,f1,,,0.7603603603603604,0.005439151717791746,0.500,toxicity,encoder_minilm,EXP-003
hi,few_label_256_rand,0.16277347097616057,0.04017382119951633,25,0.755950259602819,0.003729753691284203,0.42157543391188246,0.13602136181575436,0.6744758398674443,0.8639786381842457,0.642777036048064,0.755950259602819,False,False,0.8244031650567468,0.5,0.5,962,1498,0.4656289870509488,en,f1,,,0.7603603603603604,0.004410100757541335,0.500,toxicity,encoder_minilm,EXP-003
hi,target_full,0.17409419963203981,0.0,1,0.7603603603603604,0.0,0.37783711615487314,0.1548731642189586,0.6910480349344978,0.8451268357810414,0.6114819759679573,0.7603603603603604,False,False,0.8244031650567468,0.5,0.5,962,1498,0.4656289870509488,en,f1,0.7377403150873134,0.7840667070354306,0.7603603603603604,0.0,0.500,toxicity,encoder_minilm,EXP-003
hi,test_oracle_unachievable,0.17329674589881788,0.0,1,0.7621330137807071,0.0,0.37917222963951935,0.15086782376502003,0.691304347826087,0.8491321762349799,0.6141522029372497,0.7621330137807071,False,False,0.8244031650567468,0.5,0.5,962,1498,0.4656289870509488,en,f1,,,0.7603603603603604,-0.0017726534203467148,0.500,toxicity,encoder_minilm,EXP-003
hin,fixed_half,0.5,0.0,1,0.36486486486486486,0.0,0.13971742543171115,0.7456828885400314,0.6454183266932271,0.2543171114599686,0.1970172684458399,0.36486486486486486,False,False,0.5857088639102543,0.5,0.5,850,1274,0.4656289870509488,en,f1,,,0.6754385964912281,0.3105737316263632,0.500,toxicity,encoder_minilm,EXP-003
hin,source_global,0.4656289870509488,0.0,1,0.39254385964912286,0.0,0.15070643642072212,0.7189952904238619,0.6509090909090909,0.28100470957613816,0.21585557299843014,0.39254385964912286,False,False,0.5857088639102543,0.5,0.5,850,1274,0.4656289870509488,en,f1,0.3522530706836617,0.43478494875274953,0.6754385964912281,0.2828947368421052,0.500,toxicity,encoder_minilm,EXP-003
hin,quantile_match,0.162289431844218,0.0,1,0.5571757482732156,0.0,0.47566718995290425,0.4301412872841444,0.545045045045045,0.5698587127158555,0.5227629513343799,0.5571757482732156,False,False,0.5857088639102543,0.5,0.5,850,1274,0.4656289870509488,en,f1,,,0.6754385964912281,0.11826284821801247,0.500,toxicity,encoder_minilm,EXP-003
hin,sld_em,0.9359959655005051,0.0,1,0.04573170731707317,0.0,0.006279434850863423,0.9764521193092621,0.7894736842105263,0.023547880690737835,0.014913657770800628,0.04573170731707317,False,False,0.5857088639102543,0.5,0.5,850,1274,0.4656289870509488,en,f1,,,0.6754385964912281,0.6297068891741548,0.500,toxicity,encoder_minilm,EXP-003
hin,bbse,0.8108575166740061,0.0,1,0.16155988857938716,0.0,0.03610675039246468,0.9089481946624803,0.7160493827160493,0.09105180533751962,0.06357927786499215,0.16155988857938716,False,False,0.5857088639102543,0.5,0.5,850,1274,0.4656289870509488,en,f1,,,0.6754385964912281,0.5138787079118409,0.500,toxicity,encoder_minilm,EXP-003
hin,few_label_8_strat,0.1256111253953352,0.09324717229034508,25,0.5994778178457105,0.07309736395037084,0.6395604395604395,0.27679748822605965,0.538507902450586,0.7232025117739402,0.68138147566719,0.5994778178457105,False,False,0.5857088639102543,0.5,0.5,850,1274,0.4656289870509488,en,f1,,,0.6754385964912281,0.07596077864551753,0.500,toxicity,encoder_minilm,EXP-003
hin,few_label_8_rand,0.14070760663648918,0.16528317422222483,25,0.5972724260494708,0.11079405101168249,0.6651177394034536,0.2545054945054945,0.5422722350439373,0.7454945054945054,0.7053061224489796,0.5972724260494708,False,False,0.5857088639102543,0.5,0.5,850,1274,0.4656289870509488,en,f1,,,0.6754385964912281,0.07816617044175722,0.500,toxicity,encoder_minilm,EXP-003
hin,few_label_16_strat,0.09717181355791939,0.05175458828006418,25,0.6232209543033224,0.043648202766834336,0.6918053375196231,0.22518053375196231,0.5312202939963279,0.7748194662480379,0.7333124018838305,0.6232209543033224,False,False,0.5857088639102543,0.5,0.5,850,1274,0.4656289870509488,en,f1,,,0.6754385964912281,0.0522176421879057,0.500,toxicity,encoder_minilm,EXP-003
hin,few_label_16_rand,0.09766616850534915,0.0714074768973303,25,0.6194420347666898,0.059257228108563334,0.7063736263736263,0.21821036106750394,0.5304069712624682,0.781789638932496,0.7440816326530613,0.6194420347666898,False,False,0.5857088639102543,0.5,0.5,850,1274,0.4656289870509488,en,f1,,,0.6754385964912281,0.05599656172453826,0.500,toxicity,encoder_minilm,EXP-003
hin,few_label_32_strat,0.06856661074480679,0.034225853247735465,25,0.6477592399586686,0.03160188154933035,0.7924018838304554,0.13569858712715857,0.5230417364248691,0.8643014128728415,0.8283516483516484,0.6477592399586686,True,False,0.5857088639102543,0.5,0.5,850,1274,0.4656289870509488,en,f1,,,0.6754385964912281,0.027679356532559485,0.500,toxicity,encoder_minilm,EXP-003
hin,few_label_32_rand,0.0799775056651171,0.061253423375362756,25,0.6365393127980127,0.05059100035846015,0.7645839874411302,0.16326530612244894,0.5263689998716032,0.8367346938775511,0.8006593406593407,0.6365393127980127,True,False,0.5857088639102543,0.5,0.5,850,1274,0.4656289870509488,en,f1,,,0.6754385964912281,0.03889928369321538,0.500,toxicity,encoder_minilm,EXP-003
hin,few_label_64_strat,0.04735898215891309,0.018101814569199685,25,0.6643219832210852,0.011661533554382614,0.8752904238618524,0.06618524332810045,0.5166974971658785,0.9338147566718995,0.904552590266876,0.6643219832210852,True,False,0.5857088639102543,0.5,0.5,850,1274,0.4656289870509488,en,f1,,,0.6754385964912281,0.011116613270142905,0.500,toxicity,encoder_minilm,EXP-003
hin,few_label_64_rand,0.0596141054618681,0.02679281293490588,25,0.6542001900647797,0.02067753924631791,0.821789638932496,0.11139717425431711,0.5205587736868309,0.8886028257456828,0.8551962323390895,0.6542001900647797,True,False,0.5857088639102543,0.5,0.5,850,1274,0.4656289870509488,en,f1,,,0.6754385964912281,0.021238406426448364,0.500,toxicity,encoder_minilm,EXP-003
hin,few_label_128_strat,0.054838971041920585,0.018139871921963688,25,0.6599079963210592,0.012529995386764792,0.8433281004709576,0.09111459968602827,0.5191375233875325,0.9088854003139717,0.8761067503924648,0.6599079963210592,True,False,0.5857088639102543,0.5,0.5,850,1274,0.4656289870509488,en,f1,,,0.6754385964912281,0.015530600170168829,0.500,toxicity,encoder_minilm,EXP-003
hin,few_label_128_rand,0.045331026140391126,0.016078559915968276,25,0.6665527093595786,0.009318255144499634,0.8814442700156985,0.0589010989010989,0.5167193600318983,0.941098901098901,0.9112715855572999,0.6665527093595786,True,False,0.5857088639102543,0.5,0.5,850,1274,0.4656289870509488,en,f1,,,0.6754385964912281,0.008885887131649506,0.500,toxicity,encoder_minilm,EXP-003
hin,few_label_256_strat,0.04081436213635824,0.018428394694286608,25,0.6670746033071617,0.00907932193555523,0.898210361067504,0.04941915227629513,0.5146119396213605,0.9505808477237049,0.9243956043956044,0.6670746033071617,True,False,0.5857088639102543,0.5,0.5,850,1274,0.4656289870509488,en,f1,,,0.6754385964912281,0.008363993184066332,0.500,toxicity,encoder_minilm,EXP-003
hin,few_label_256_rand,0.04056872882803769,0.017566819518032427,25,0.6683755453130403,0.008617053697875193,0.897519623233909,0.04709576138147566,0.5153303904825465,0.9529042386185245,0.9252119309262166,0.6683755453130403,True,False,0.5857088639102543,0.5,0.5,850,1274,0.4656289870509488,en,f1,,,0.6754385964912281,0.007063051178187729,0.500,toxicity,encoder_minilm,EXP-003
hin,target_full,0.04128605750422894,0.0,1,0.6754385964912281,0.0,0.8963893249607535,0.03296703296703297,0.518955349620893,0.967032967032967,0.9317111459968603,0.6754385964912281,True,False,0.5857088639102543,0.5,0.5,850,1274,0.4656289870509488,en,f1,0.6533299663299663,0.7003235919661599,0.6754385964912281,0.0,0.500,toxicity,encoder_minilm,EXP-003
hin,test_oracle_unachievable,0.036208407479058735,0.0,1,0.6778378378378378,0.0,0.9199372056514914,0.015698587127158554,0.5169002473206925,0.9843014128728415,0.9521193092621664,0.6778378378378378,True,False,0.5857088639102543,0.5,0.5,850,1274,0.4656289870509488,en,f1,,,0.6754385964912281,-0.0023992413466097373,0.500,toxicity,encoder_minilm,EXP-003
it,fixed_half,0.5,0.0,1,0.6514285714285715,0.0,0.2896174863387978,0.3770491803278688,0.6826347305389222,0.6229508196721312,0.4562841530054645,0.6514285714285715,False,False,0.7140236346262953,0.5,0.5,994,1464,0.4656289870509488,en,f1,,,0.6800250469630558,0.0285964755344843,0.500,toxicity,encoder_minilm,EXP-003
it,source_global,0.4656289870509488,0.0,1,0.6643598615916955,0.0,0.31830601092896177,0.3442622950819672,0.6732117812061711,0.6557377049180327,0.4870218579234973,0.6643598615916955,False,False,0.7140236346262953,0.5,0.5,994,1464,0.4656289870509488,en,f1,0.6373009527279597,0.691628508386913,0.6800250469630558,0.015665185371360302,0.500,toxicity,encoder_minilm,EXP-003
it,quantile_match,0.434037357958059,0.0,1,0.6680161943319838,0.0,0.3483606557377049,0.3237704918032787,0.66,0.6762295081967213,0.5122950819672131,0.6680161943319838,False,False,0.7140236346262953,0.5,0.5,994,1464,0.4656289870509488,en,f1,,,0.6800250469630558,0.012008852631071987,0.500,toxicity,encoder_minilm,EXP-003
it,sld_em,0.5646681303774308,0.0,1,0.6138461538461538,0.0,0.23087431693989072,0.45491803278688525,0.7024647887323944,0.5450819672131147,0.3879781420765027,0.6138461538461538,False,False,0.7140236346262953,0.5,0.5,994,1464,0.4656289870509488,en,f1,,,0.6800250469630558,0.06617889311690195,0.500,toxicity,encoder_minilm,EXP-003
it,bbse,0.49473049141613157,0.0,1,0.6581560283687943,0.0,0.2923497267759563,0.366120218579235,0.6843657817109144,0.6338797814207651,0.46311475409836067,0.6581560283687943,False,False,0.7140236346262953,0.5,0.5,994,1464,0.4656289870509488,en,f1,,,0.6800250469630558,0.02186901859426149,0.500,toxicity,encoder_minilm,EXP-003
it,few_label_8_strat,0.2770954368069105,0.19115383165175784,25,0.6633770873258468,0.04137221394423299,0.5619672131147541,0.21579234972677594,0.6015955837433425,0.784207650273224,0.6730874316939891,0.6633770873258468,False,False,0.7140236346262953,0.5,0.5,994,1464,0.4656289870509488,en,f1,,,0.6800250469630558,0.016647959637208998,0.500,toxicity,encoder_minilm,EXP-003
it,few_label_8_rand,0.2875907091123553,0.17342501637235888,25,0.6670032875163061,0.03392515973496921,0.5424590163934426,0.22207650273224044,0.6055403416540401,0.7779234972677596,0.6601912568306011,0.6670032875163061,False,False,0.7140236346262953,0.5,0.5,994,1464,0.4656289870509488,en,f1,,,0.6800250469630558,0.013021759446749659,0.500,toxicity,encoder_minilm,EXP-003
it,few_label_16_strat,0.22197509586509936,0.16100863342095262,25,0.6756718781244061,0.010356891851896179,0.6310928961748635,0.16622950819672133,0.5832211284908038,0.8337704918032788,0.732431693989071,0.6756718781244061,False,False,0.7140236346262953,0.5,0.5,994,1464,0.4656289870509488,en,f1,,,0.6800250469630558,0.004353168838649668,0.500,toxicity,encoder_minilm,EXP-003
it,few_label_16_rand,0.2947629587150944,0.22623160106345164,25,0.6488655399900253,0.08595565495851665,0.5562295081967212,0.23191256830601092,0.6075984795220434,0.7680874316939891,0.6621584699453551,0.6488655399900253,False,False,0.7140236346262953,0.5,0.5,994,1464,0.4656289870509488,en,f1,,,0.6800250469630558,0.031159506973030493,0.500,toxicity,encoder_minilm,EXP-003
it,few_label_32_strat,0.2780151838485592,0.15826978039251807,25,0.6717114276377468,0.02210186071845304,0.550327868852459,0.2123497267759563,0.6023713501178151,0.7876502732240438,0.6689890710382512,0.6717114276377468,False,False,0.7140236346262953,0.5,0.5,994,1464,0.4656289870509488,en,f1,,,0.6800250469630558,0.00831361932530894,0.500,toxicity,encoder_minilm,EXP-003
it,few_label_32_rand,0.3230949392864874,0.2010556840250374,25,0.6581321793669601,0.03494850175916907,0.5133333333333333,0.24956284153005462,0.616295857467015,0.7504371584699453,0.6318852459016394,0.6581321793669601,False,False,0.7140236346262953,0.5,0.5,994,1464,0.4656289870509488,en,f1,,,0.6800250469630558,0.021892867596095655,0.500,toxicity,encoder_minilm,EXP-003
it,few_label_64_strat,0.2893189740227083,0.1067037820432563,25,0.6762528740285334,0.017550679837111165,0.5168306010928961,0.2231693989071038,0.6062754756205289,0.7768306010928963,0.6468306010928961,0.6762528740285334,False,False,0.7140236346262953,0.5,0.5,994,1464,0.4656289870509488,en,f1,,,0.6800250469630558,0.0037721729345223665,0.500,toxicity,encoder_minilm,EXP-003
it,few_label_64_rand,0.22238081602284532,0.14682243514005838,25,0.6757041723055266,0.01730760717663525,0.6259562841530054,0.16819672131147542,0.5818932778015804,0.8318032786885245,0.728879781420765,0.6757041723055266,False,False,0.7140236346262953,0.5,0.5,994,1464,0.4656289870509488,en,f1,,,0.6800250469630558,0.004320874657529172,0.500,toxicity,encoder_minilm,EXP-003
it,few_label_128_strat,0.2652773771371568,0.18275272945031762,25,0.6691324985658292,0.021345919144827006,0.5809289617486338,0.2010928961748634,0.5974357099171174,0.7989071038251366,0.6899180327868852,0.6691324985658292,False,False,0.7140236346262953,0.5,0.5,994,1464,0.4656289870509488,en,f1,,,0.6800250469630558,0.010892548397226531,0.500,toxicity,encoder_minilm,EXP-003
it,few_label_128_rand,0.22566775589377522,0.11195785433207522,25,0.6800630998404436,0.004402888424330747,0.6046994535519126,0.1728415300546448,0.5844661868247519,0.8271584699453552,0.7159289617486339,0.6800630998404436,False,False,0.7140236346262953,0.5,0.5,994,1464,0.4656289870509488,en,f1,,,0.6800250469630558,-3.805287738778418e-05,0.500,toxicity,encoder_minilm,EXP-003
it,few_label_256_strat,0.2490872799742003,0.1120442518544788,25,0.6796602000066733,0.0048019786477414336,0.5746994535519125,0.18918032786885244,0.5923932335465323,0.8108196721311477,0.69275956284153,0.6796602000066733,False,False,0.7140236346262953,0.5,0.5,994,1464,0.4656289870509488,en,f1,,,0.6800250469630558,0.000364846956382503,0.500,toxicity,encoder_minilm,EXP-003
it,few_label_256_rand,0.22982129064690746,0.10586859025521254,25,0.679600507572158,0.006080555652789469,0.5961202185792349,0.17792349726775958,0.5856542380008115,0.8220765027322404,0.7090983606557376,0.679600507572158,False,False,0.7140236346262953,0.5,0.5,994,1464,0.4656289870509488,en,f1,,,0.6800250469630558,0.00042453939089781567,0.500,toxicity,encoder_minilm,EXP-003
it,target_full,0.3434908612120849,0.0,1,0.6800250469630558,0.0,0.43989071038251365,0.2581967213114754,0.6277456647398844,0.7418032786885246,0.5908469945355191,0.6800250469630558,False,False,0.7140236346262953,0.5,0.5,994,1464,0.4656289870509488,en,f1,0.655418559377028,0.7058220129346037,0.6800250469630558,0.0,0.500,toxicity,encoder_minilm,EXP-003
it,test_oracle_unachievable,0.27640014600376706,0.0,1,0.6875739644970414,0.0,0.5150273224043715,0.2062841530054645,0.6064718162839249,0.7937158469945356,0.6543715846994536,0.6875739644970414,False,False,0.7140236346262953,0.5,0.5,994,1464,0.4656289870509488,en,f1,,,0.6800250469630558,-0.007548917533985677,0.500,toxicity,encoder_minilm,EXP-003
ja,fixed_half,0.5,0.0,1,0.5718608169440241,0.0,0.2774018944519621,0.4884979702300406,0.6483704974271012,0.5115020297699594,0.3944519621109608,0.5718608169440241,False,False,0.6574284819664507,0.5,0.5,984,1478,0.4656289870509488,en,f1,,,0.6592178770949721,0.08735706015094802,0.500,toxicity,encoder_minilm,EXP-003
ja,source_global,0.4656289870509488,0.0,1,0.5813097866077999,0.0,0.3044654939106901,0.4654939106901218,0.6370967741935484,0.5345060893098782,0.41948579161028415,0.5813097866077999,False,False,0.6574284819664507,0.5,0.5,984,1478,0.4656289870509488,en,f1,0.5489856390185789,0.613751567549958,0.6592178770949721,0.07790809048717229,0.500,toxicity,encoder_minilm,EXP-003
ja,quantile_match,0.38576513304424714,0.0,1,0.6112237998647735,0.0,0.38971583220568334,0.38836265223274696,0.6108108108108108,0.6116373477672531,0.5006765899864682,0.6112237998647735,False,False,0.6574284819664507,0.5,0.5,984,1478,0.4656289870509488,en,f1,,,0.6592178770949721,0.04799407723019866,0.500,toxicity,encoder_minilm,EXP-003
ja,sld_em,0.6334699244830561,0.0,1,0.506896551724138,0.0,0.17185385656292287,0.6021650879566982,0.6983372921615202,0.39783491204330174,0.2848443843031123,0.506896551724138,False,False,0.6574284819664507,0.5,0.5,984,1478,0.4656289870509488,en,f1,,,0.6592178770949721,0.1523213253708342,0.500,toxicity,encoder_minilm,EXP-003
ja,bbse,0.5366757168168285,0.0,1,0.5553822152886115,0.0,0.2530446549391069,0.5182679296346414,0.6556169429097606,0.4817320703653586,0.36738836265223274,0.5553822152886115,False,False,0.6574284819664507,0.5,0.5,984,1478,0.4656289870509488,en,f1,,,0.6592178770949721,0.10383566180636061,0.500,toxicity,encoder_minilm,EXP-003
ja,few_label_8_strat,0.2820136116888254,0.1783041046142348,25,0.6255362698002828,0.04953235339539686,0.5578890392422192,0.27788903924221925,0.582009992864023,0.7221109607577806,0.64,0.6255362698002828,False,False,0.6574284819664507,0.5,0.5,984,1478,0.4656289870509488,en,f1,,,0.6592178770949721,0.033681607294689386,0.500,toxicity,encoder_minilm,EXP-003
ja,few_label_8_rand,0.3489822321316147,0.22666705534516896,25,0.5991256644174512,0.07170562353947424,0.4923951285520974,0.339106901217862,0.604709711568269,0.660893098782138,0.5766441136671178,0.5991256644174512,False,False,0.6574284819664507,0.5,0.5,984,1478,0.4656289870509488,en,f1,,,0.6592178770949721,0.06009221267752096,0.500,toxicity,encoder_minilm,EXP-003
ja,few_label_16_strat,0.2841635965428932,0.16920538193271295,25,0.6250570333123902,0.04297032553497137,0.5504736129905278,0.2843301759133965,0.5823596655346572,0.7156698240866035,0.6330717185385656,0.6250570333123902,False,False,0.6574284819664507,0.5,0.5,984,1478,0.4656289870509488,en,f1,,,0.6592178770949721,0.034160843782581995,0.500,toxicity,encoder_minilm,EXP-003
ja,few_label_16_rand,0.2131418953661348,0.17723579205654016,25,0.6368849614011158,0.04227943999051893,0.6638700947225981,0.21104194857916103,0.559771724586502,0.7889580514208389,0.7264140730717185,0.6368849614011158,False,False,0.6574284819664507,0.5,0.5,984,1478,0.4656289870509488,en,f1,,,0.6592178770949721,0.022332915693856314,0.500,toxicity,encoder_minilm,EXP-003
ja,few_label_32_strat,0.17254899160940884,0.16370250517432572,25,0.643496762674906,0.03649493526561867,0.7281190798376184,0.17098782138024354,0.5459995429556106,0.8290121786197564,0.7785656292286873,0.643496762674906,False,False,0.6574284819664507,0.5,0.5,984,1478,0.4656289870509488,en,f1,,,0.6592178770949721,0.015721114420066185,0.500,toxicity,encoder_minilm,EXP-003
ja,few_label_32_rand,0.1954578239104185,0.17836542446122153,25,0.6386246386686212,0.0435620218553658,0.6931529093369418,0.19382949932341004,0.5539746732607168,0.8061705006765901,0.749661705006766,0.6386246386686212,False,False,0.6574284819664507,0.5,0.5,984,1478,0.4656289870509488,en,f1,,,0.6592178770949721,0.020593238426350968,0.500,toxicity,encoder_minilm,EXP-003
ja,few_label_64_strat,0.13244242088372185,0.13471390528891242,25,0.6505856940640368,0.024389414713329317,0.7887415426251693,0.1321786197564276,0.5328913982531753,0.8678213802435724,0.8282814614343708,0.6505856940640368,True,False,0.6574284819664507,0.5,0.5,984,1478,0.4656289870509488,en,f1,,,0.6592178770949721,0.00863218303093538,0.500,toxicity,encoder_minilm,EXP-003
ja,few_label_64_rand,0.21925545975633312,0.16927594110848906,25,0.6365327723630582,0.032681934198986566,0.6534235453315291,0.21878213802435723,0.560875850864378,0.7812178619756429,0.7173207036535858,0.6365327723630582,False,False,0.6574284819664507,0.5,0.5,984,1478,0.4656289870509488,en,f1,,,0.6592178770949721,0.022685104731913985,0.500,toxicity,encoder_minilm,EXP-003
ja,few_label_128_strat,0.14993211434359466,0.12306237727393932,25,0.6513200946060027,0.018103504222117303,0.7509607577807849,0.15052774018944517,0.539031512841651,0.8494722598105549,0.8002165087956697,0.6513200946060027,True,False,0.6574284819664507,0.5,0.5,984,1478,0.4656289870509488,en,f1,,,0.6592178770949721,0.00789778248896944,0.500,toxicity,encoder_minilm,EXP-003
ja,few_label_128_rand,0.12027724296927636,0.09632095709346435,25,0.6560687883481349,0.010228818487082084,0.798700947225981,0.12016238159675238,0.5291742180721435,0.8798376184032476,0.8392692828146143,0.6560687883481349,True,False,0.6574284819664507,0.5,0.5,984,1478,0.4656289870509488,en,f1,,,0.6592178770949721,0.003149088746837281,0.500,toxicity,encoder_minilm,EXP-003
ja,few_label_256_strat,0.11404651180287574,0.08625396021874794,25,0.6571241059408475,0.008854971166862924,0.8064952638700947,0.11464140730717184,0.5273929528822344,0.8853585926928281,0.8459269282814614,0.6571241059408475,True,False,0.6574284819664507,0.5,0.5,984,1478,0.4656289870509488,en,f1,,,0.6592178770949721,0.0020937711541246795,0.500,toxicity,encoder_minilm,EXP-003
ja,few_label_256_rand,0.10733128452031408,0.08105066057413793,25,0.6574232763398897,0.007563796929905496,0.8206765899864682,0.10733423545331529,0.5246064507080845,0.8926657645466847,0.8566711772665765,0.6574232763398897,True,False,0.6574284819664507,0.5,0.5,984,1478,0.4656289870509488,en,f1,,,0.6592178770949721,0.0017946007550824206,0.500,toxicity,encoder_minilm,EXP-003
ja,target_full,0.04179574370670117,0.0,1,0.6592178770949721,0.0,0.9485791610284168,0.04194857916102842,0.5024840312278211,0.9580514208389715,0.9533152909336942,0.6592178770949721,True,False,0.6574284819664507,0.5,0.5,984,1478,0.4656289870509488,en,f1,0.636661876239768,0.6810141579271731,0.6592178770949721,0.0,0.500,toxicity,encoder_minilm,EXP-003
ja,test_oracle_unachievable,0.006695077089853664,0.0,1,0.6666666666666666,0.0,1.0,0.0,0.5,1.0,1.0,0.6666666666666666,True,False,0.6574284819664507,0.5,0.5,984,1478,0.4656289870509488,en,f1,,,0.6592178770949721,-0.007448789571694481,0.500,toxicity,encoder_minilm,EXP-003
ru,fixed_half,0.5,0.0,1,0.8291098115659519,0.0,0.21921515561569688,0.13667117726657646,0.7975,0.8633288227334236,0.5412719891745602,0.8291098115659519,False,False,0.9061178749764246,0.5,0.5,984,1478,0.4656289870509488,en,f1,,,0.828154724159797,-0.0009550874061549086,0.500,toxicity,encoder_minilm,EXP-003
ru,source_global,0.4656289870509488,0.0,1,0.8281150159744409,0.0,0.2408660351826793,0.12313937753721245,0.784503631961259,0.8768606224627875,0.5588633288227334,0.8281150159744409,False,False,0.9061178749764246,0.5,0.5,984,1478,0.4656289870509488,en,f1,0.8074933673257887,0.8478835526968619,0.828154724159797,3.9708185356035486e-05,0.500,toxicity,encoder_minilm,EXP-003
ru,quantile_match,0.5705018432156825,0.0,1,0.827027027027027,0.0,0.17456021650879566,0.17185385656292287,0.8259109311740891,0.8281461434370772,0.5013531799729364,0.827027027027027,False,False,0.9061178749764246,0.5,0.5,984,1478,0.4656289870509488,en,f1,,,0.828154724159797,0.0011276971327699448,0.500,toxicity,encoder_minilm,EXP-003
ru,sld_em,0.3655148386161383,0.0,1,0.8154402895054282,0.0,0.32882273342354534,0.08525033829499323,0.735582154515778,0.9147496617050067,0.621786197564276,0.8154402895054282,False,False,0.9061178749764246,0.5,0.5,984,1478,0.4656289870509488,en,f1,,,0.828154724159797,0.012714434654368723,0.500,toxicity,encoder_minilm,EXP-003
ru,bbse,0.3946242777309564,0.0,1,0.8226600985221675,0.0,0.2936400541271989,0.09607577807848444,0.7548022598870057,0.9039242219215156,0.5987821380243572,0.8226600985221675,False,False,0.9061178749764246,0.5,0.5,984,1478,0.4656289870509488,en,f1,,,0.828154724159797,0.00549462563762948,0.500,toxicity,encoder_minilm,EXP-003
ru,few_label_8_strat,0.5243819870599481,0.20685637156018205,25,0.8029086805799426,0.03100825710125034,0.23561569688768602,0.1687686062246279,0.8001310989462901,0.8312313937753721,0.533423545331529,0.8029086805799426,False,False,0.9061178749764246,0.5,0.5,984,1478,0.4656289870509488,en,f1,,,0.828154724159797,0.025246043579854383,0.500,toxicity,encoder_minilm,EXP-003
ru,few_label_8_rand,0.509010375837995,0.2616126669057388,25,0.7782380325807897,0.07016017773308302,0.28113667117726654,0.18148849797023003,0.7860193349248732,0.81851150202977,0.5498240866035183,0.7782380325807897,False,False,0.9061178749764246,0.5,0.5,984,1478,0.4656289870509488,en,f1,,,0.828154724159797,0.049916691579007244,0.500,toxicity,encoder_minilm,EXP-003
ru,few_label_16_strat,0.5449251377332054,0.21811267392809505,25,0.7963800833874813,0.044562692122770566,0.22760487144790256,0.18435723951285524,0.8073185442023959,0.8156427604871448,0.5216238159675237,0.7963800833874813,False,False,0.9061178749764246,0.5,0.5,984,1478,0.4656289870509488,en,f1,,,0.828154724159797,0.03177464077231562,0.500,toxicity,encoder_minilm,EXP-003
ru,few_label_16_rand,0.5336225125826166,0.19511638381935908,25,0.8086200143779485,0.029704793277345994,0.23198917456021648,0.16682002706359944,0.803883152390613,0.8331799729364007,0.5325845737483086,0.8086200143779485,False,False,0.9061178749764246,0.5,0.5,984,1478,0.4656289870509488,en,f1,,,0.828154724159797,0.01953470978184846,0.500,toxicity,encoder_minilm,EXP-003
ru,few_label_32_strat,0.5342134200464765,0.2026486933463792,25,0.8006780176187003,0.0411399489027961,0.22820027063599457,0.17580514208389716,0.803541849322218,0.8241948579161028,0.5261975642760488,0.8006780176187003,False,False,0.9061178749764246,0.5,0.5,984,1478,0.4656289870509488,en,f1,,,0.828154724159797,0.027476706541096685,0.500,toxicity,encoder_minilm,EXP-003
ru,few_label_32_rand,0.480993179718518,0.16442674017663486,25,0.8143773033950932,0.02707334866058861,0.26083897158322056,0.13797023004059542,0.7834902258564378,0.8620297699594046,0.5614343707713126,0.8143773033950932,False,False,0.9061178749764246,0.5,0.5,984,1478,0.4656289870509488,en,f1,,,0.828154724159797,0.013777420764703785,0.500,toxicity,encoder_minilm,EXP-003
ru,few_label_64_strat,0.5502693717191138,0.15792394415044375,25,0.8172525660316451,0.015623042068966432,0.20492557510148848,0.16790257104194858,0.8146848733888861,0.8320974289580515,0.5185115020297699,0.8172525660316451,False,False,0.9061178749764246,0.5,0.5,984,1478,0.4656289870509488,en,f1,,,0.828154724159797,0.010902158128151873,0.500,toxicity,encoder_minilm,EXP-003
ru,few_label_64_rand,0.5385492791429585,0.1330751342268179,25,0.8205485850055858,0.011016854442279117,0.2069824086603518,0.16059539918809201,0.8103980902945827,0.8394046008119079,0.5231935047361299,0.8205485850055858,False,False,0.9061178749764246,0.5,0.5,984,1478,0.4656289870509488,en,f1,,,0.828154724159797,0.007606139154211156,0.500,toxicity,encoder_minilm,EXP-003
ru,few_label_128_strat,0.556628783875613,0.12043082897342273,25,0.8225515749621173,0.00894967540154553,0.19020297699594046,0.16817320703653585,0.8201718548905075,0.8318267929634641,0.5110148849797023,0.8225515749621173,False,False,0.9061178749764246,0.5,0.5,984,1478,0.4656289870509488,en,f1,,,0.828154724159797,0.00560314919767968,0.500,toxicity,encoder_minilm,EXP-003
ru,few_label_128_rand,0.460898980726034,0.14014196461951442,25,0.8171016172082135,0.015323250192094939,0.26614343707713123,0.1268741542625169,0.7760369715844597,0.8731258457374831,0.5696346414073072,0.8171016172082135,False,False,0.9061178749764246,0.5,0.5,984,1478,0.4656289870509488,en,f1,,,0.828154724159797,0.011053106951583458,0.500,toxicity,encoder_minilm,EXP-003
ru,few_label_256_strat,0.5215740974313318,0.09930357308157861,25,0.8258443439315214,0.005368804348145261,0.2095805142083897,0.14922868741542625,0.8064898449391312,0.8507713125845737,0.5301759133964817,0.8258443439315214,False,False,0.9061178749764246,0.5,0.5,984,1478,0.4656289870509488,en,f1,,,0.828154724159797,0.002310380228275566,0.500,toxicity,encoder_minilm,EXP-003
ru,few_label_256_rand,0.5126942096588547,0.11114750581859857,25,0.8241847988416664,0.010380655212801895,0.2171041948579161,0.14695534506089308,0.8027004447499141,0.8530446549391069,0.5350744248985115,0.8241847988416664,False,False,0.9061178749764246,0.5,0.5,984,1478,0.4656289870509488,en,f1,,,0.828154724159797,0.003969925318130563,0.500,toxicity,encoder_minilm,EXP-003
ru,target_full,0.4543788570513922,0.0,1,0.828154724159797,0.0,0.2503382949932341,0.11637347767253045,0.779236276849642,0.8836265223274695,0.5669824086603519,0.828154724159797,False,False,0.9061178749764246,0.5,0.5,984,1478,0.4656289870509488,en,f1,0.8061024518945494,0.84682633774621,0.828154724159797,0.0,0.500,toxicity,encoder_minilm,EXP-003
ru,test_oracle_unachievable,0.5282529504213309,0.0,1,0.8355437665782492,0.0,0.1880920162381597,0.14749661705006767,0.8192457737321196,0.8525033829499323,0.520297699594046,0.8355437665782492,False,False,0.9061178749764246,0.5,0.5,984,1478,0.4656289870509488,en,f1,,,0.828154724159797,-0.007389042418452285,0.500,toxicity,encoder_minilm,EXP-003
tt,fixed_half,0.5,0.0,1,0.5445665445665446,0.0,0.5957161981258366,0.4029451137884873,0.500561167227834,0.5970548862115127,0.5963855421686747,0.5445665445665446,False,False,0.5188267572745242,0.5,0.5,908,1494,0.4656289870509488,en,f1,,,0.6530232558139536,0.10845671124740897,0.500,toxicity,encoder_minilm,EXP-003
tt,source_global,0.4656289870509488,0.0,1,0.5608591885441528,0.0,0.6144578313253012,0.3708165997322624,0.5059203444564048,0.6291834002677377,0.6218206157965194,0.5608591885441528,False,False,0.5188267572745242,0.5,0.5,908,1494,0.4656289870509488,en,f1,0.5322964161033517,0.5880970164867354,0.6530232558139536,0.09216406726980075,0.500,toxicity,encoder_minilm,EXP-003
tt,quantile_match,0.5952653431649053,0.0,1,0.5069490403706156,0.0,0.5100401606425703,0.48728246318607765,0.5013089005235603,0.5127175368139224,0.5113788487282463,0.5069490403706156,False,False,0.5188267572745242,0.5,0.5,908,1494,0.4656289870509488,en,f1,,,0.6530232558139536,0.14607421544333798,0.500,toxicity,encoder_minilm,EXP-003
tt,sld_em,0.2900624841223834,0.0,1,0.6104375329467581,0.0,0.7643908969210174,0.2248995983935743,0.5034782608695653,0.7751004016064257,0.7697456492637216,0.6104375329467581,False,False,0.5188267572745242,0.5,0.5,908,1494,0.4656289870509488,en,f1,,,0.6530232558139536,0.04258572286719553,0.500,toxicity,encoder_minilm,EXP-003
tt,bbse,0.3607638645406692,0.0,1,0.593576965669989,0.0,0.7001338688085676,0.2824631860776439,0.506137865911237,0.7175368139223561,0.7088353413654619,0.593576965669989,False,False,0.5188267572745242,0.5,0.5,908,1494,0.4656289870509488,en,f1,,,0.6530232558139536,0.05944629014396463,0.500,toxicity,encoder_minilm,EXP-003
tt,few_label_8_strat,0.39072614990422827,0.24899675154637171,25,0.5566374910365529,0.1201473924661206,0.6741633199464525,0.3162516733601071,0.5098777636121791,0.6837483266398929,0.6789558232931726,0.5566374910365529,False,False,0.5188267572745242,0.5,0.5,908,1494,0.4656289870509488,en,f1,,,0.6530232558139536,0.09638576477740068,0.500,toxicity,encoder_minilm,EXP-003
tt,few_label_8_rand,0.334293816113854,0.23929006714156276,25,0.5854303267644414,0.08410237397031312,0.7309236947791165,0.25804551539491294,0.5064835838749757,0.741954484605087,0.7364390896921017,0.5854303267644414,False,False,0.5188267572745242,0.5,0.5,908,1494,0.4656289870509488,en,f1,,,0.6530232558139536,0.0675929290495122,0.500,toxicity,encoder_minilm,EXP-003
tt,few_label_16_strat,0.24900979268197765,0.20126011144730754,25,0.6149822663812826,0.060337939946280124,0.8130655957161982,0.1794912985274431,0.5028634929232737,0.820508701472557,0.8167871485943776,0.6149822663812826,True,False,0.5188267572745242,0.5,0.5,908,1494,0.4656289870509488,en,f1,,,0.6530232558139536,0.03804098943267098,0.500,toxicity,encoder_minilm,EXP-003
tt,few_label_16_rand,0.3385245538656936,0.24619672022440814,25,0.5847434094152926,0.08228334363072023,0.7297456492637215,0.25986613119143237,0.5051353959457946,0.7401338688085676,0.7349397590361445,0.5847434094152926,False,False,0.5188267572745242,0.5,0.5,908,1494,0.4656289870509488,en,f1,,,0.6530232558139536,0.06827984639866103,0.500,toxicity,encoder_minilm,EXP-003
tt,few_label_32_strat,0.1845183428738192,0.1197086132241444,25,0.6355672700393096,0.03175485829163654,0.8718072289156626,0.12294511378848728,0.5016483863828216,0.8770548862115128,0.8744310575635877,0.6355672700393096,True,False,0.5188267572745242,0.5,0.5,908,1494,0.4656289870509488,en,f1,,,0.6530232558139536,0.017455985774644023,0.500,toxicity,encoder_minilm,EXP-003
tt,few_label_32_rand,0.25279864297379845,0.17893676982470008,25,0.6149571882739372,0.05103871521750238,0.8082463186077643,0.1855421686746988,0.5023481576041554,0.8144578313253013,0.8113520749665326,0.6149571882739372,True,False,0.5188267572745242,0.5,0.5,908,1494,0.4656289870509488,en,f1,,,0.6530232558139536,0.0380660675400164,0.500,toxicity,encoder_minilm,EXP-003
tt,few_label_64_strat,0.16910475788991922,0.08355236101443375,25,0.6394177902803009,0.02167569687660386,0.8833734939759037,0.11234270414993308,0.5012591601875818,0.8876572958500669,0.8855153949129851,0.6394177902803009,True,False,0.5188267572745242,0.5,0.5,908,1494,0.4656289870509488,en,f1,,,0.6530232558139536,0.013605465533652716,0.500,toxicity,encoder_minilm,EXP-003
tt,few_label_64_rand,0.2158679641222331,0.14277101976884035,25,0.625915603083776,0.03940902688271203,0.8393574297188755,0.15485943775100403,0.5018256185762887,0.8451405622489959,0.8422489959839358,0.625915603083776,True,False,0.5188267572745242,0.5,0.5,908,1494,0.4656289870509488,en,f1,,,0.6530232558139536,0.027107652730177567,0.500,toxicity,encoder_minilm,EXP-003
tt,few_label_128_strat,0.13140738664726423,0.05912187979109141,25,0.6493577038625848,0.015125071010957216,0.918714859437751,0.07625167336010709,0.5013547670101464,0.9237483266398929,0.9212315930388218,0.6493577038625848,True,False,0.5188267572745242,0.5,0.5,908,1494,0.4656289870509488,en,f1,,,0.6530232558139536,0.0036655519513687507,0.500,toxicity,encoder_minilm,EXP-003
tt,few_label_128_rand,0.15465266626143248,0.08166193804824731,25,0.6428123575998861,0.019985114864803394,0.8953145917001339,0.10008032128514055,0.5013709946281807,0.8999196787148596,0.8976171352074968,0.6428123575998861,True,False,0.5188267572745242,0.5,0.5,908,1494,0.4656289870509488,en,f1,,,0.6530232558139536,0.01021089821406751,0.500,toxicity,encoder_minilm,EXP-003
tt,few_label_256_strat,0.12450397134660252,0.04712957955871325,25,0.6510957928316798,0.011280507356802891,0.9273360107095047,0.06896921017402945,0.5010118135754342,0.9310307898259704,0.9291834002677375,0.6510957928316798,True,False,0.5188267572745242,0.5,0.5,908,1494,0.4656289870509488,en,f1,,,0.6530232558139536,0.0019274629822737532,0.500,toxicity,encoder_minilm,EXP-003
tt,few_label_256_rand,0.1377005813972515,0.05781062668532935,25,0.6473905719963345,0.014461634979957729,0.9127710843373493,0.08331994645247658,0.5010825695652183,0.9166800535475234,0.9147255689424364,0.6473905719963345,True,False,0.5188267572745242,0.5,0.5,908,1494,0.4656289870509488,en,f1,,,0.6530232558139536,0.005632683817619055,0.500,toxicity,encoder_minilm,EXP-003
tt,target_full,0.11510677967560382,0.0,1,0.6530232558139536,0.0,0.9384203480589023,0.060240963855421686,0.5003563791874555,0.9397590361445783,0.9390896921017403,0.6530232558139536,True,False,0.5188267572745242,0.5,0.5,908,1494,0.4656289870509488,en,f1,0.6279486895313886,0.6758131929760741,0.6530232558139536,0.0,0.500,toxicity,encoder_minilm,EXP-003
tt,test_oracle_unachievable,0.03279355393025064,0.0,1,0.6678603401969561,0.0,0.9919678714859438,0.0013386880856760374,0.5016812373907196,0.998661311914324,0.9953145917001339,0.6678603401969561,True,False,0.5188267572745242,0.5,0.5,908,1494,0.4656289870509488,en,f1,,,0.6530232558139536,-0.014837084383002463,0.500,toxicity,encoder_minilm,EXP-003
uk,fixed_half,0.5,0.0,1,0.6713384723195515,0.0,0.2810810810810811,0.3527027027027027,0.6972343522561864,0.6472972972972973,0.46418918918918917,0.6713384723195515,False,False,0.7608144631117604,0.5,0.5,988,1480,0.4656289870509488,en,f1,,,0.717154331612163,0.04581585929261156,0.500,toxicity,encoder_minilm,EXP-003
uk,source_global,0.4656289870509488,0.0,1,0.688723835246455,0.0,0.31216216216216214,0.3108108108108108,0.6882591093117408,0.6891891891891891,0.5006756756756757,0.688723835246455,False,False,0.7608144631117604,0.5,0.5,988,1480,0.4656289870509488,en,f1,0.6603224518083209,0.7155024292254508,0.717154331612163,0.028430496365708047,0.500,toxicity,encoder_minilm,EXP-003
uk,quantile_match,0.41650399378034614,0.0,1,0.7022801302931597,0.0,0.34594594594594597,0.2716216216216216,0.6779874213836478,0.7283783783783784,0.5371621621621622,0.7022801302931597,False,False,0.7608144631117604,0.5,0.5,988,1480,0.4656289870509488,en,f1,,,0.717154331612163,0.0148742013190033,0.500,toxicity,encoder_minilm,EXP-003
uk,sld_em,0.5442788457523781,0.0,1,0.6642494561276288,0.0,0.2445945945945946,0.3810810810810811,0.7167449139280125,0.6189189189189189,0.43175675675675673,0.6642494561276288,False,False,0.7608144631117604,0.5,0.5,988,1480,0.4656289870509488,en,f1,,,0.717154331612163,0.052904875484534264,0.500,toxicity,encoder_minilm,EXP-003
uk,bbse,0.5028676010127647,0.0,1,0.671830985915493,0.0,0.2743243243243243,0.3554054054054054,0.7014705882352941,0.6445945945945946,0.4594594594594595,0.671830985915493,False,False,0.7608144631117604,0.5,0.5,988,1480,0.4656289870509488,en,f1,,,0.717154331612163,0.04532334569667007,0.500,toxicity,encoder_minilm,EXP-003
uk,few_label_8_strat,0.36980677481418295,0.18180580808747157,25,0.6884494926891752,0.03500745504245562,0.4192432432432432,0.24810810810810813,0.6581384617779094,0.751891891891892,0.5855675675675677,0.6884494926891752,False,False,0.7608144631117604,0.5,0.5,988,1480,0.4656289870509488,en,f1,,,0.717154331612163,0.028704838922987808,0.500,toxicity,encoder_minilm,EXP-003
uk,few_label_8_rand,0.3760274736453672,0.2171144296136822,25,0.6775240771445529,0.03742951198435398,0.4334594594594595,0.2567567567567568,0.6560386519054556,0.7432432432432432,0.5883513513513513,0.6775240771445529,False,False,0.7608144631117604,0.5,0.5,988,1480,0.4656289870509488,en,f1,,,0.717154331612163,0.03963025446761015,0.500,toxicity,encoder_minilm,EXP-003
uk,few_label_16_strat,0.25563250490000267,0.18250018626887213,25,0.6964791829154108,0.025314873925643598,0.5548108108108109,0.16443243243243244,0.6163965125247044,0.8355675675675676,0.6951891891891891,0.6964791829154108,False,False,0.7608144631117604,0.5,0.5,988,1480,0.4656289870509488,en,f1,,,0.717154331612163,0.020675148696752244,0.500,toxicity,encoder_minilm,EXP-003
uk,few_label_16_rand,0.3528743187793534,0.2271051789957754,25,0.6792691735923778,0.04831431633209115,0.4627027027027028,0.2372972972972973,0.6494689207411903,0.7627027027027027,0.6127027027027028,0.6792691735923778,False,False,0.7608144631117604,0.5,0.5,988,1480,0.4656289870509488,en,f1,,,0.717154331612163,0.0378851580197852,0.500,toxicity,encoder_minilm,EXP-003
uk,few_label_32_strat,0.3739195573358776,0.14102191612302134,25,0.6948528977987043,0.02898768278964536,0.4025405405405405,0.24875675675675676,0.660288326280417,0.7512432432432432,0.5768918918918919,0.6948528977987043,False,False,0.7608144631117604,0.5,0.5,988,1480,0.4656289870509488,en,f1,,,0.717154331612163,0.022301433813458726,0.500,toxicity,encoder_minilm,EXP-003
uk,few_label_32_rand,0.27110596595828235,0.16009278865100374,25,0.7008630627639352,0.030197317585405264,0.522054054054054,0.17475675675675675,0.624729055751508,0.8252432432432433,0.6736486486486486,0.7008630627639352,False,False,0.7608144631117604,0.5,0.5,988,1480,0.4656289870509488,en,f1,,,0.717154331612163,0.016291268848227847,0.500,toxicity,encoder_minilm,EXP-003
uk,few_label_64_strat,0.28176796624657685,0.11173084047847691,25,0.708447607662266,0.011488555855648905,0.49416216216216213,0.1797837837837838,0.6305249825658967,0.8202162162162162,0.6571891891891891,0.708447607662266,False,False,0.7608144631117604,0.5,0.5,988,1480,0.4656289870509488,en,f1,,,0.717154331612163,0.008706723949897022,0.500,toxicity,encoder_minilm,EXP-003
uk,few_label_64_rand,0.2908396970135881,0.11227052287067542,25,0.707964675638006,0.011899463451246107,0.48421621621621624,0.18600000000000003,0.6336527544452891,0.8140000000000001,0.6491081081081082,0.707964675638006,False,False,0.7608144631117604,0.5,0.5,988,1480,0.4656289870509488,en,f1,,,0.717154331612163,0.009189655974156996,0.500,toxicity,encoder_minilm,EXP-003
uk,few_label_128_strat,0.30000535613376983,0.09731125598436301,25,0.7095296684366699,0.013657299225647264,0.4663243243243243,0.1926486486486487,0.6382774033143076,0.8073513513513513,0.6368378378378379,0.7095296684366699,False,False,0.7608144631117604,0.5,0.5,988,1480,0.4656289870509488,en,f1,,,0.717154331612163,0.0076246631754931515,0.500,toxicity,encoder_minilm,EXP-003
uk,few_label_128_rand,0.2498504864962468,0.11254998839413174,25,0.7090563988946874,0.008619332087298785,0.5378918918918919,0.15551351351351353,0.6179014106939217,0.8444864864864864,0.6911891891891893,0.7090563988946874,False,False,0.7608144631117604,0.5,0.5,988,1480,0.4656289870509488,en,f1,,,0.717154331612163,0.008097932717475609,0.500,toxicity,encoder_minilm,EXP-003
uk,few_label_256_strat,0.2615126932631351,0.05141302493768399,25,0.7153412074613175,0.0035367962472859418,0.49994594594594594,0.16470270270270274,0.6267662850624635,0.8352972972972974,0.6676216216216218,0.7153412074613175,False,False,0.7608144631117604,0.5,0.5,988,1480,0.4656289870509488,en,f1,,,0.717154331612163,0.0018131241508455576,0.500,toxicity,encoder_minilm,EXP-003
uk,few_label_256_rand,0.25962479174870856,0.06243395659940357,25,0.7143204340610416,0.005777340217769257,0.5028108108108108,0.16470270270270274,0.6258938105059609,0.8352972972972972,0.6690540540540542,0.7143204340610416,False,False,0.7608144631117604,0.5,0.5,988,1480,0.4656289870509488,en,f1,,,0.717154331612163,0.0028338975511214004,0.500,toxicity,encoder_minilm,EXP-003
uk,target_full,0.24300267954391014,0.0,1,0.717154331612163,0.0,0.5108108108108108,0.1554054054054054,0.6231306081754736,0.8445945945945946,0.6777027027027027,0.717154331612163,False,False,0.7608144631117604,0.5,0.5,988,1480,0.4656289870509488,en,f1,0.6915530450936938,0.7390894603438819,0.717154331612163,0.0,0.500,toxicity,encoder_minilm,EXP-003
uk,test_oracle_unachievable,0.22377996607577683,0.0,1,0.7212189616252822,0.0,0.5310810810810811,0.13648648648648648,0.6191860465116279,0.8635135135135135,0.6972972972972973,0.7212189616252822,False,False,0.7608144631117604,0.5,0.5,988,1480,0.4656289870509488,en,f1,,,0.717154331612163,-0.004064630013119186,0.500,toxicity,encoder_minilm,EXP-003
zh,fixed_half,0.5,0.0,1,0.5311812179016875,0.0,0.3418230563002681,0.514745308310992,0.586709886547812,0.48525469168900803,0.41353887399463807,0.5311812179016875,False,False,0.6017437054819628,0.5,0.5,990,1492,0.4656289870509488,en,f1,,,0.6675964667596467,0.1364152488579592,0.500,toxicity,encoder_minilm,EXP-003
zh,source_global,0.4656289870509488,0.0,1,0.5457142857142857,0.0,0.3646112600536193,0.4879356568364611,0.5840978593272171,0.5120643431635389,0.4383378016085791,0.5457142857142857,False,False,0.6017437054819628,0.5,0.5,990,1492,0.4656289870509488,en,f1,0.5130724943319921,0.5777808281857699,0.6675964667596467,0.12188218104536097,0.500,toxicity,encoder_minilm,EXP-003
zh,quantile_match,0.3992570310026327,0.0,1,0.5748824714573539,0.0,0.4222520107238606,0.4262734584450402,0.576043068640646,0.5737265415549598,0.4979892761394102,0.5748824714573539,False,False,0.6017437054819628,0.5,0.5,990,1492,0.4656289870509488,en,f1,,,0.6675964667596467,0.09271399530229274,0.500,toxicity,encoder_minilm,EXP-003
zh,sld_em,0.5938106156293783,0.0,1,0.474025974025974,0.0,0.26005361930294907,0.6085790884718498,0.6008230452674898,0.3914209115281501,0.3257372654155496,0.474025974025974,False,False,0.6017437054819628,0.5,0.5,990,1492,0.4656289870509488,en,f1,,,0.6675964667596467,0.19357049273367266,0.500,toxicity,encoder_minilm,EXP-003
zh,bbse,0.5305420982158233,0.0,1,0.5167173252279635,0.0,0.30831099195710454,0.5442359249329759,0.5964912280701754,0.45576407506702415,0.3820375335120643,0.5167173252279635,False,False,0.6017437054819628,0.5,0.5,990,1492,0.4656289870509488,en,f1,,,0.6675964667596467,0.15087914153168314,0.500,toxicity,encoder_minilm,EXP-003
zh,few_label_8_strat,0.22101167544875414,0.17374655257560476,25,0.6199290486114442,0.0586019894982158,0.6671313672922251,0.23517426273458444,0.5423907842602795,0.7648257372654156,0.7159785522788202,0.6199290486114442,False,False,0.6017437054819628,0.5,0.5,990,1492,0.4656289870509488,en,f1,,,0.6675964667596467,0.04766741814820252,0.500,toxicity,encoder_minilm,EXP-003
zh,few_label_8_rand,0.3316515161695965,0.2581419897065009,25,0.5655230157720594,0.13062323541799076,0.5544772117962466,0.3435924932975872,0.5605727477417538,0.6564075067024129,0.6054423592493298,0.5655230157720594,False,False,0.6017437054819628,0.5,0.5,990,1492,0.4656289870509488,en,f1,,,0.6675964667596467,0.10207345098758724,0.500,toxicity,encoder_minilm,EXP-003
zh,few_label_16_strat,0.2687226733580349,0.2540724841326946,25,0.5909695693171737,0.10933559416301014,0.6371581769436997,0.27490616621983915,0.548506595488535,0.7250938337801608,0.6811260053619305,0.5909695693171737,False,False,0.6017437054819628,0.5,0.5,990,1492,0.4656289870509488,en,f1,,,0.6675964667596467,0.07662689744247297,0.500,toxicity,encoder_minilm,EXP-003
zh,few_label_16_rand,0.18350158168928604,0.1359184483108122,25,0.6342369573711579,0.04155979603107445,0.7083646112600536,0.1974798927613941,0.5364807974247578,0.8025201072386059,0.7554423592493298,0.6342369573711579,False,False,0.6017437054819628,0.5,0.5,990,1492,0.4656289870509488,en,f1,,,0.6675964667596467,0.03335950938848875,0.500,toxicity,encoder_minilm,EXP-003
zh,few_label_32_strat,0.11067177713674553,0.1033280040558364,25,0.6512666391104789,0.02768939902033743,0.8211796246648794,0.11554959785522786,0.5216053678317557,0.884450402144772,0.8528150134048258,0.6512666391104789,True,False,0.6017437054819628,0.5,0.5,990,1492,0.4656289870509488,en,f1,,,0.6675964667596467,0.016329827649167794,0.500,toxicity,encoder_minilm,EXP-003
zh,few_label_32_rand,0.188586090617302,0.19922861685744633,25,0.6228864489283283,0.0765716489129113,0.7258981233243967,0.19672922252010724,0.5347623247106632,0.8032707774798926,0.7645844504021448,0.6228864489283283,False,False,0.6017437054819628,0.5,0.5,990,1492,0.4656289870509488,en,f1,,,0.6675964667596467,0.04471001783131834,0.500,toxicity,encoder_minilm,EXP-003
zh,few_label_64_strat,0.1560229147279323,0.11228524246590267,25,0.6429547071046474,0.025065712505270104,0.746058981233244,0.16745308310991955,0.5318258179751428,0.8325469168900804,0.7893029490616621,0.6429547071046474,False,False,0.6017437054819628,0.5,0.5,990,1492,0.4656289870509488,en,f1,,,0.6675964667596467,0.024641759654999262,0.500,toxicity,encoder_minilm,EXP-003
zh,few_label_64_rand,0.10132341633370871,0.07057560670308291,25,0.654734400032158,0.013422719935904857,0.8283646112600538,0.10809651474530829,0.5202910453880026,0.8919034852546918,0.8601340482573727,0.654734400032158,True,False,0.6017437054819628,0.5,0.5,990,1492,0.4656289870509488,en,f1,,,0.6675964667596467,0.012862066727488686,0.500,toxicity,encoder_minilm,EXP-003
zh,few_label_128_strat,0.10080603164591093,0.06835059635441329,25,0.6556109980323339,0.012446608135591366,0.8279356568364612,0.1067024128686327,0.5207755451170436,0.8932975871313673,0.8606166219839142,0.6556109980323339,True,False,0.6017437054819628,0.5,0.5,990,1492,0.4656289870509488,en,f1,,,0.6675964667596467,0.011985468727312765,0.500,toxicity,encoder_minilm,EXP-003
zh,few_label_128_rand,0.10090162206164005,0.09648957730639159,25,0.6528488301426539,0.024580003235263645,0.8364611260053618,0.10568364611260053,0.5194946605054223,0.8943163538873995,0.8653887399463807,0.6528488301426539,True,False,0.6017437054819628,0.5,0.5,990,1492,0.4656289870509488,en,f1,,,0.6675964667596467,0.014747636616992743,0.500,toxicity,encoder_minilm,EXP-003
zh,few_label_256_strat,0.052821213763806905,0.03772353669709099,25,0.6648525550012593,0.006479214636471005,0.9154423592493298,0.045683646112600534,0.5108742482188429,0.9543163538873994,0.9348793565683645,0.6648525550012593,True,False,0.6017437054819628,0.5,0.5,990,1492,0.4656289870509488,en,f1,,,0.6675964667596467,0.002743911758387396,0.500,toxicity,encoder_minilm,EXP-003
zh,few_label_256_rand,0.06611072841941036,0.04570047751424548,25,0.6622566910340314,0.007996830441714295,0.8897587131367293,0.0636461126005362,0.5135296381285871,0.9363538873994638,0.9130563002680965,0.6622566910340314,True,False,0.6017437054819628,0.5,0.5,990,1492,0.4656289870509488,en,f1,,,0.6675964667596467,0.005339775725615281,0.500,toxicity,encoder_minilm,EXP-003
zh,target_full,0.04790285538268388,0.0,1,0.6675964667596467,0.0,0.920911528150134,0.03753351206434316,0.5110320284697509,0.9624664879356568,0.9416890080428955,0.6675964667596467,True,False,0.6017437054819628,0.5,0.5,990,1492,0.4656289870509488,en,f1,0.6435671941010339,0.6877891514160845,0.6675964667596467,0.0,0.500,toxicity,encoder_minilm,EXP-003
zh,test_oracle_unachievable,0.02234141168275215,0.0,1,0.6681715575620767,0.0,0.9772117962466488,0.00804289544235925,0.5037440435670524,0.9919571045576407,0.9845844504021448,0.6681715575620767,True,False,0.6017437054819628,0.5,0.5,990,1492,0.4656289870509488,en,f1,,,0.6675964667596467,-0.0005750908024300116,0.500,toxicity,encoder_minilm,EXP-003
am,fixed_half,0.5,0.0,1,0.2725173210161663,0.0,0.1441326530612245,0.7739463601532567,0.3430232558139535,0.2260536398467433,0.1645933014354067,0.2725173210161663,False,False,0.576950895300649,0.24976076555023924,0.25,652,1045,0.6157820341864386,en,f1,,,0.41373239436619713,0.1412150733500308,0.250,toxicity,encoder_minilm,EXP-003
am,source_global,0.6157820341864386,0.0,1,0.1842818428184282,0.0,0.09438775510204081,0.8697318007662835,0.3148148148148148,0.13026819923371646,0.10334928229665072,0.1842818428184282,False,False,0.576950895300649,0.24976076555023924,0.25,652,1045,0.6157820341864386,en,f1,0.13104753254617016,0.23626042446273912,0.41373239436619713,0.22945055154776894,0.250,toxicity,encoder_minilm,EXP-003
am,quantile_match,0.3367303565704228,0.0,1,0.32103321033210336,0.0,0.24744897959183673,0.6666666666666666,0.3096085409252669,0.3333333333333333,0.26889952153110047,0.32103321033210336,False,False,0.576950895300649,0.24976076555023924,0.25,652,1045,0.6157820341864386,en,f1,,,0.41373239436619713,0.09269918403409377,0.250,toxicity,encoder_minilm,EXP-003
am,sld_em,0.9886324779100506,0.0,1,0.0,0.0,0.0012755102040816326,1.0,0.0,0.0,0.0009569377990430622,0.0,True,False,0.576950895300649,0.24976076555023924,0.25,652,1045,0.6157820341864386,en,f1,,,0.41373239436619713,0.41373239436619713,0.250,toxicity,encoder_minilm,EXP-003
am,bbse,0.8582536931769629,0.0,1,0.04964539007092199,0.0,0.017857142857142856,0.9731800766283525,0.3333333333333333,0.02681992337164751,0.020095693779904306,0.04964539007092199,False,False,0.576950895300649,0.24976076555023924,0.25,652,1045,0.6157820341864386,en,f1,,,0.41373239436619713,0.36408700429527513,0.250,toxicity,encoder_minilm,EXP-003
am,few_label_8_strat,0.19012248613812482,0.07792694226111171,25,0.38588770033653474,0.035560354551755,0.5833673469387756,0.3250574712643678,0.28229004951759523,0.6749425287356321,0.6062392344497608,0.38588770033653474,False,False,0.576950895300649,0.24976076555023924,0.25,652,1045,0.6157820341864386,en,f1,,,0.41373239436619713,0.027844694029662387,0.250,toxicity,encoder_minilm,EXP-003
am,few_label_8_rand,0.3478710375609371,0.21956089540877038,25,0.3113344647870836,0.10274102093903424,0.3806632653061225,0.548352490421456,0.29480102237726574,0.451647509578544,0.3983923444976077,0.3113344647870836,False,False,0.576950895300649,0.24976076555023924,0.25,652,1045,0.6157820341864386,en,f1,,,0.41373239436619713,0.10239792957911353,0.250,toxicity,encoder_minilm,EXP-003
am,few_label_16_strat,0.14718706590535569,0.06534431076509019,25,0.40337849332018477,0.024411927470366742,0.7121938775510204,0.19862068965517243,0.2752243702395484,0.8013793103448276,0.7344688995215312,0.40337849332018477,False,False,0.576950895300649,0.24976076555023924,0.25,652,1045,0.6157820341864386,en,f1,,,0.41373239436619713,0.01035390104601236,0.250,toxicity,encoder_minilm,EXP-003
am,few_label_16_rand,0.23115294991651447,0.14450910523982485,25,0.36186561736183037,0.062204215866723665,0.5277551020408164,0.39478927203065134,0.2850990567867335,0.6052107279693487,0.5471004784688996,0.36186561736183037,False,False,0.576950895300649,0.24976076555023924,0.25,652,1045,0.6157820341864386,en,f1,,,0.41373239436619713,0.05186677700436676,0.250,toxicity,encoder_minilm,EXP-003
am,few_label_32_strat,0.12827575080410067,0.03904050967560757,25,0.40821008946814963,0.01073107635654294,0.7664795918367346,0.1511111111111111,0.27043302354788207,0.8488888888888888,0.7870622009569378,0.40821008946814963,False,False,0.576950895300649,0.24976076555023924,0.25,652,1045,0.6157820341864386,en,f1,,,0.41373239436619713,0.005522304898047503,0.250,toxicity,encoder_minilm,EXP-003
am,few_label_32_rand,0.22220766483149157,0.13572667555556694,25,0.3694368762416121,0.05859378981642288,0.5368367346938776,0.37946360153256703,0.2852763137914857,0.6205363984674329,0.5577416267942584,0.3694368762416121,False,False,0.576950895300649,0.24976076555023924,0.25,652,1045,0.6157820341864386,en,f1,,,0.41373239436619713,0.04429551812458504,0.250,toxicity,encoder_minilm,EXP-003
am,few_label_64_strat,0.12982417081497077,0.03554530446255359,25,0.4099278835778895,0.0052305012376569135,0.7631122448979591,0.15049808429118774,0.27154586127683145,0.8495019157088122,0.784688995215311,0.4099278835778895,False,False,0.576950895300649,0.24976076555023924,0.25,652,1045,0.6157820341864386,en,f1,,,0.41373239436619713,0.0038045107883076246,0.250,toxicity,encoder_minilm,EXP-003
am,few_label_64_rand,0.166439908956537,0.04740887058120032,25,0.3951922057852203,0.02391035536411712,0.6315306122448979,0.27846743295019155,0.27723650307102277,0.7215325670498083,0.6540095693779904,0.3951922057852203,False,False,0.576950895300649,0.24976076555023924,0.25,652,1045,0.6157820341864386,en,f1,,,0.41373239436619713,0.018540188580976835,0.250,toxicity,encoder_minilm,EXP-003
am,few_label_128_strat,0.12816726125197556,0.02452469564266132,25,0.412007788571026,0.0035762622237621067,0.7808673469387756,0.13134099616858239,0.27108340019205684,0.8686590038314178,0.8027942583732057,0.412007788571026,True,False,0.576950895300649,0.24976076555023924,0.25,652,1045,0.6157820341864386,en,f1,,,0.41373239436619713,0.0017246057951711413,0.250,toxicity,encoder_minilm,EXP-003
am,few_label_128_rand,0.17640361761766646,0.04771889406983128,25,0.3913821375016481,0.026035478048272758,0.6035714285714286,0.3060536398467433,0.2785413537584982,0.6939463601532567,0.6261435406698564,0.3913821375016481,False,False,0.576950895300649,0.24976076555023924,0.25,652,1045,0.6157820341864386,en,f1,,,0.41373239436619713,0.022350256864549056,0.250,toxicity,encoder_minilm,EXP-003
am,few_label_256_strat,0.11437938393968368,0.013308368527197767,25,0.413579012436117,0.0017847778316690262,0.8369897959183673,0.08398467432950191,0.26715493102829424,0.9160153256704981,0.8567272727272726,0.413579012436117,True,False,0.576950895300649,0.24976076555023924,0.25,652,1045,0.6157820341864386,en,f1,,,0.41373239436619713,0.000153381930080132,0.250,toxicity,encoder_minilm,EXP-003
am,few_label_256_rand,0.15008203879405588,0.03437922435451338,25,0.4052692669206002,0.015478532528972017,0.6957653061224489,0.2102681992337165,0.2755564935768779,0.7897318007662836,0.7192344497607657,0.4052692669206002,False,False,0.576950895300649,0.24976076555023924,0.25,652,1045,0.6157820341864386,en,f1,,,0.41373239436619713,0.008463127445596907,0.250,toxicity,encoder_minilm,EXP-003
am,target_full,0.12174025797232202,0.0,1,0.41373239436619713,0.0,0.8163265306122449,0.09961685823754789,0.26857142857142857,0.9003831417624522,0.8373205741626795,0.41373239436619713,True,False,0.576950895300649,0.24976076555023924,0.25,652,1045,0.6157820341864386,en,f1,0.37454358833665446,0.4481308125819735,0.41373239436619713,0.0,0.250,toxicity,encoder_minilm,EXP-003
am,test_oracle_unachievable,0.1368042205673004,0.0,1,0.41869158878504675,0.0,0.7461734693877551,0.1417624521072797,0.276885043263288,0.8582375478927203,0.7741626794258373,0.41869158878504675,False,False,0.576950895300649,0.24976076555023924,0.25,652,1045,0.6157820341864386,en,f1,,,0.41373239436619713,-0.004959194418849622,0.250,toxicity,encoder_minilm,EXP-003
ar,fixed_half,0.5,0.0,1,0.354639175257732,0.0,0.20053475935828877,0.6546184738955824,0.3644067796610169,0.3453815261044177,0.23671013039117353,0.354639175257732,False,False,0.6239181324227391,0.24974924774322968,0.24924471299093656,662,997,0.6157820341864386,en,f1,,,0.423728813559322,0.06908963830159004,0.250,toxicity,encoder_minilm,EXP-003
ar,source_global,0.6157820341864386,0.0,1,0.31529411764705884,0.0,0.14572192513368984,0.7309236947791165,0.3806818181818182,0.26907630522088355,0.1765295887662989,0.31529411764705884,False,False,0.6239181324227391,0.24974924774322968,0.24924471299093656,662,997,0.6157820341864386,en,f1,0.25982685417554496,0.37674908472129115,0.423728813559322,0.10843469591226318,0.250,toxicity,encoder_minilm,EXP-003
ar,quantile_match,0.4603135096642107,0.0,1,0.3603960396039604,0.0,0.22058823529411764,0.6345381526104418,0.35546875,0.3654618473895582,0.2567703109327984,0.3603960396039604,False,False,0.6239181324227391,0.24974924774322968,0.24924471299093656,662,997,0.6157820341864386,en,f1,,,0.423728813559322,0.06333277395536163,0.250,toxicity,encoder_minilm,EXP-003
ar,sld_em,0.8157160447405724,0.0,1,0.23460410557184752,0.0,0.06951871657754011,0.8393574297188755,0.43478260869565216,0.1606425702811245,0.09227683049147442,0.23460410557184752,False,False,0.6239181324227391,0.24974924774322968,0.24924471299093656,662,997,0.6157820341864386,en,f1,,,0.423728813559322,0.1891247079874745,0.250,toxicity,encoder_minilm,EXP-003
ar,bbse,0.7357130003059753,0.0,1,0.253968253968254,0.0,0.10828877005347594,0.8072289156626506,0.37209302325581395,0.1927710843373494,0.12938816449348045,0.253968253968254,False,False,0.6239181324227391,0.24974924774322968,0.24924471299093656,662,997,0.6157820341864386,en,f1,,,0.423728813559322,0.169760559591068,0.250,toxicity,encoder_minilm,EXP-003
ar,few_label_8_strat,0.16845957558427094,0.15010403416220128,25,0.41335455097806334,0.04006677864362042,0.6208021390374331,0.2379116465863454,0.2988093159802152,0.7620883534136546,0.6560882647943832,0.41335455097806334,False,False,0.6239181324227391,0.24974924774322968,0.24924471299093656,662,997,0.6157820341864386,en,f1,,,0.423728813559322,0.010374262581258675,0.250,toxicity,encoder_minilm,EXP-003
ar,few_label_8_rand,0.3103234902053423,0.22527523387853163,25,0.3808455778844563,0.05183406270585089,0.4425668449197861,0.42345381526104425,0.3238079458424181,0.5765461847389557,0.4760280842527582,0.3808455778844563,False,False,0.6239181324227391,0.24974924774322968,0.24924471299093656,662,997,0.6157820341864386,en,f1,,,0.423728813559322,0.04288323567486574,0.250,toxicity,encoder_minilm,EXP-003
ar,few_label_16_strat,0.15129270453922466,0.12575619475984606,25,0.4172683567241781,0.02949008903214442,0.6574331550802138,0.20465863453815264,0.293152498498694,0.7953413654618474,0.6918756268806419,0.4172683567241781,False,False,0.6239181324227391,0.24974924774322968,0.24924471299093656,662,997,0.6157820341864386,en,f1,,,0.423728813559322,0.006460456835143902,0.250,toxicity,encoder_minilm,EXP-003
ar,few_label_16_rand,0.3441132809134099,0.22320563576830385,25,0.3724504612802778,0.06319701230993678,0.3695187165775401,0.4906024096385543,0.3352908304773464,0.5093975903614457,0.4044533600802407,0.3724504612802778,False,False,0.6239181324227391,0.24974924774322968,0.24924471299093656,662,997,0.6157820341864386,en,f1,,,0.423728813559322,0.051278352279044204,0.250,toxicity,encoder_minilm,EXP-003
ar,few_label_32_strat,0.12783096220811982,0.07656350301612043,25,0.4232636928922737,0.013886185958685253,0.6854545454545454,0.1751004016064257,0.28919598365328897,0.8248995983935743,0.7202808425275826,0.4232636928922737,False,False,0.6239181324227391,0.24974924774322968,0.24924471299093656,662,997,0.6157820341864386,en,f1,,,0.423728813559322,0.000465120667048291,0.250,toxicity,encoder_minilm,EXP-003
ar,few_label_32_rand,0.26949821456252715,0.19977697494969793,25,0.3939418498729767,0.04793947781635025,0.4696791443850267,0.3850602409638555,0.32157954591851584,0.6149397590361446,0.5059578736208626,0.3939418498729767,False,False,0.6239181324227391,0.24974924774322968,0.24924471299093656,662,997,0.6157820341864386,en,f1,,,0.423728813559322,0.029786963686345314,0.250,toxicity,encoder_minilm,EXP-003
ar,few_label_64_strat,0.10374086202154027,0.02187468151887574,25,0.42810099177535504,0.005047457839892074,0.741283422459893,0.121285140562249,0.28381038466102104,0.878714859437751,0.7756068204613841,0.42810099177535504,False,False,0.6239181324227391,0.24974924774322968,0.24924471299093656,662,997,0.6157820341864386,en,f1,,,0.423728813559322,-0.004372178216033029,0.250,toxicity,encoder_minilm,EXP-003
ar,few_label_64_rand,0.2779808867336747,0.1964128161360754,25,0.39254851157149717,0.04828895327736946,0.4562566844919786,0.3975903614457831,0.3200736840797085,0.6024096385542169,0.4927582748244733,0.39254851157149717,False,False,0.6239181324227391,0.24974924774322968,0.24924471299093656,662,997,0.6157820341864386,en,f1,,,0.423728813559322,0.031180301987824843,0.250,toxicity,encoder_minilm,EXP-003
ar,few_label_128_strat,0.09845169397498997,0.010937967561241714,25,0.43123020356214153,0.0044859631477763935,0.764812834224599,0.09349397590361447,0.28313325559455194,0.9065060240963854,0.8002006018054162,0.43123020356214153,True,False,0.6239181324227391,0.24974924774322968,0.24924471299093656,662,997,0.6157820341864386,en,f1,,,0.423728813559322,-0.007501390002819519,0.250,toxicity,encoder_minilm,EXP-003
ar,few_label_128_rand,0.15806732886025332,0.07532964669877062,25,0.41975037938189275,0.01609626541821669,0.5994652406417113,0.2501204819277108,0.29800471864498157,0.7498795180722891,0.6370310932798394,0.41975037938189275,False,False,0.6239181324227391,0.24974924774322968,0.24924471299093656,662,997,0.6157820341864386,en,f1,,,0.423728813559322,0.003978434177429269,0.250,toxicity,encoder_minilm,EXP-003
ar,few_label_256_strat,0.0985442743909357,0.005124376022373319,25,0.43368394885815653,0.0024387917408107895,0.7665240641711231,0.08546184738955823,0.28429544953126173,0.9145381526104417,0.8034904714142427,0.43368394885815653,True,False,0.6239181324227391,0.24974924774322968,0.24924471299093656,662,997,0.6157820341864386,en,f1,,,0.423728813559322,-0.009955135298834517,0.250,toxicity,encoder_minilm,EXP-003
ar,few_label_256_rand,0.15975915422590753,0.05005975662784821,25,0.41948699785677845,0.01125141344272155,0.5698395721925134,0.2771084337349397,0.2994217953228193,0.7228915662650602,0.6080641925777331,0.41948699785677845,False,False,0.6239181324227391,0.24974924774322968,0.24924471299093656,662,997,0.6157820341864386,en,f1,,,0.423728813559322,0.004241815702543561,0.250,toxicity,encoder_minilm,EXP-003
ar,target_full,0.12162019298081932,0.0,1,0.423728813559322,0.0,0.6617647058823529,0.19678714859437751,0.28776978417266186,0.8032128514056225,0.6970912738214644,0.423728813559322,False,False,0.6239181324227391,0.24974924774322968,0.24924471299093656,662,997,0.6157820341864386,en,f1,0.38385970105076217,0.46185577782804943,0.423728813559322,0.0,0.250,toxicity,encoder_minilm,EXP-003
ar,test_oracle_unachievable,0.09634121391839393,0.0,1,0.4362606232294618,0.0,0.7740641711229946,0.07228915662650602,0.2851851851851852,0.927710843373494,0.8124373119358074,0.4362606232294618,True,False,0.6239181324227391,0.24974924774322968,0.24924471299093656,662,997,0.6157820341864386,en,f1,,,0.423728813559322,-0.012531809670139782,0.250,toxicity,encoder_minilm,EXP-003
de,fixed_half,0.5,0.0,1,0.5763239875389409,0.0,0.2752659574468085,0.26,0.4719387755102041,0.74,0.3912175648702595,0.5763239875389409,False,False,0.8238829787234042,0.249500998003992,0.25,656,1002,0.6157820341864386,en,f1,,,0.5793528505392912,0.0030288630003503236,0.250,toxicity,encoder_minilm,EXP-003
de,source_global,0.6157820341864386,0.0,1,0.5848375451263538,0.0,0.18882978723404256,0.352,0.5328947368421053,0.648,0.3033932135728543,0.5848375451263538,False,False,0.8238829787234042,0.249500998003992,0.25,656,1002,0.6157820341864386,en,f1,0.5314627747628438,0.6344086021505376,0.5793528505392912,-0.005484694587062577,0.250,toxicity,encoder_minilm,EXP-003
de,quantile_match,0.6894109312117189,0.0,1,0.596,0.0,0.13430851063829788,0.404,0.596,0.596,0.249500998003992,0.596,False,False,0.8238829787234042,0.249500998003992,0.25,656,1002,0.6157820341864386,en,f1,,,0.5793528505392912,-0.016647149460708777,0.250,toxicity,encoder_minilm,EXP-003
de,sld_em,0.5401906489302122,0.0,1,0.5779967159277505,0.0,0.24335106382978725,0.296,0.49025069637883006,0.704,0.3582834331337325,0.5779967159277505,False,False,0.8238829787234042,0.249500998003992,0.25,656,1002,0.6157820341864386,en,f1,,,0.5793528505392912,0.0013561346115407158,0.250,toxicity,encoder_minilm,EXP-003
de,bbse,0.5503824570803129,0.0,1,0.5813953488372093,0.0,0.23537234042553193,0.3,0.4971590909090909,0.7,0.35129740518962077,0.5813953488372093,False,False,0.8238829787234042,0.249500998003992,0.25,656,1002,0.6157820341864386,en,f1,,,0.5793528505392912,-0.0020424982979181383,0.250,toxicity,encoder_minilm,EXP-003
de,few_label_8_strat,0.4471646904764073,0.2293485898509825,25,0.5432156700457669,0.0425603159537572,0.3535106382978724,0.24096,0.46590772523181473,0.7590399999999999,0.454690618762475,0.5432156700457669,False,False,0.8238829787234042,0.249500998003992,0.25,656,1002,0.6157820341864386,en,f1,,,0.5793528505392912,0.036137180493524323,0.250,toxicity,encoder_minilm,EXP-003
de,few_label_8_rand,0.5826784822073959,0.17231737718134968,25,0.5537484006639004,0.06912046746777165,0.22494680851063825,0.34768,0.5252988788817569,0.65232,0.3315768463073852,0.5537484006639004,False,False,0.8238829787234042,0.249500998003992,0.25,656,1002,0.6157820341864386,en,f1,,,0.5793528505392912,0.02560444987539079,0.250,toxicity,encoder_minilm,EXP-003
de,few_label_16_strat,0.3313095812337962,0.15317593729710993,25,0.5460052093313498,0.030997679052209865,0.4416489361702127,0.13488,0.4120255125376523,0.86512,0.5473053892215568,0.5460052093313498,False,False,0.8238829787234042,0.249500998003992,0.25,656,1002,0.6157820341864386,en,f1,,,0.5793528505392912,0.033347641207941425,0.250,toxicity,encoder_minilm,EXP-003
de,few_label_16_rand,0.5895960244978662,0.2016775513265538,25,0.5458485973665066,0.06767971292389402,0.22595744680851065,0.36032000000000003,0.5330995985994238,0.6396799999999999,0.32918163672654693,0.5458485973665066,False,False,0.8238829787234042,0.249500998003992,0.25,656,1002,0.6157820341864386,en,f1,,,0.5793528505392912,0.033504253172784604,0.250,toxicity,encoder_minilm,EXP-003
de,few_label_32_strat,0.35673541229051664,0.14017336665591842,25,0.5550797558386017,0.029037360004977,0.41335106382978715,0.14752,0.4225676717354295,0.85248,0.5229141716566865,0.5550797558386017,False,False,0.8238829787234042,0.249500998003992,0.25,656,1002,0.6157820341864386,en,f1,,,0.5793528505392912,0.0242730947006895,0.250,toxicity,encoder_minilm,EXP-003
de,few_label_32_rand,0.5539086169988547,0.22039263724275532,25,0.5435123247776935,0.04272273375894426,0.25872340425531914,0.33311999999999997,0.5187075175373208,0.66688,0.3605588822355289,0.5435123247776935,False,False,0.8238829787234042,0.249500998003992,0.25,656,1002,0.6157820341864386,en,f1,,,0.5793528505392912,0.035840525761597686,0.250,toxicity,encoder_minilm,EXP-003
de,few_label_64_strat,0.330537369869602,0.10444214689862014,25,0.5536481947240559,0.021144048385839866,0.4314893617021276,0.12575999999999998,0.4096578139551284,0.8742399999999999,0.5419560878243513,0.5536481947240559,False,False,0.8238829787234042,0.249500998003992,0.25,656,1002,0.6157820341864386,en,f1,,,0.5793528505392912,0.02570465581523529,0.250,toxicity,encoder_minilm,EXP-003
de,few_label_64_rand,0.559171796477304,0.17200436259625757,25,0.563151178205568,0.030769898474395586,0.24111702127659573,0.32031999999999994,0.5186904603773911,0.6796800000000001,0.35053892215568866,0.563151178205568,False,False,0.8238829787234042,0.249500998003992,0.25,656,1002,0.6157820341864386,en,f1,,,0.5793528505392912,0.01620167233372316,0.250,toxicity,encoder_minilm,EXP-003
de,few_label_128_strat,0.33012430973326906,0.07368097251953316,25,0.5564405276732903,0.013111042710721893,0.4282446808510638,0.12032,0.40944110557511104,0.87968,0.540878243512974,0.5564405276732903,False,False,0.8238829787234042,0.249500998003992,0.25,656,1002,0.6157820341864386,en,f1,,,0.5793528505392912,0.022912322866000867,0.250,toxicity,encoder_minilm,EXP-003
de,few_label_128_rand,0.56564361245274,0.14722964553934584,25,0.5760268713410376,0.014741625032400176,0.23058510638297872,0.316,0.5224542106194285,0.684,0.34371257485029943,0.5760268713410376,False,False,0.8238829787234042,0.249500998003992,0.25,656,1002,0.6157820341864386,en,f1,,,0.5793528505392912,0.0033259791982536147,0.250,toxicity,encoder_minilm,EXP-003
de,few_label_256_strat,0.30398668530604955,0.06735979926826755,25,0.5513952884996423,0.013628602717665585,0.45462765957446805,0.10112,0.3995098612665977,0.8988799999999999,0.5654690618762475,0.5513952884996423,False,False,0.8238829787234042,0.249500998003992,0.25,656,1002,0.6157820341864386,en,f1,,,0.5793528505392912,0.027957562039648942,0.250,toxicity,encoder_minilm,EXP-003
de,few_label_256_rand,0.5786290068151927,0.12615955478869842,25,0.5780708857744533,0.01019049696091764,0.21797872340425534,0.32655999999999996,0.5271589024207707,0.67344,0.3316167664670659,0.5780708857744533,False,False,0.8238829787234042,0.249500998003992,0.25,656,1002,0.6157820341864386,en,f1,,,0.5793528505392912,0.001281964764837884,0.250,toxicity,encoder_minilm,EXP-003
de,target_full,0.4881909468047587,0.0,1,0.5793528505392912,0.0,0.28058510638297873,0.248,0.47117794486215536,0.752,0.39820359281437123,0.5793528505392912,False,False,0.8238829787234042,0.249500998003992,0.25,656,1002,0.6157820341864386,en,f1,0.533322632423756,0.6204726781140307,0.5793528505392912,0.0,0.250,toxicity,encoder_minilm,EXP-003
de,test_oracle_unachievable,0.6863623434107256,0.0,1,0.5988023952095809,0.0,0.13430851063829788,0.4,0.5976095617529881,0.6,0.250499001996008,0.5988023952095809,False,False,0.8238829787234042,0.249500998003992,0.25,656,1002,0.6157820341864386,en,f1,,,0.5793528505392912,-0.019449544670289698,0.250,toxicity,encoder_minilm,EXP-003
en,fixed_half,0.5,0.0,1,0.9158878504672898,0.0,0.048748353096179184,0.03162055335968379,0.8687943262411347,0.9683794466403162,0.27865612648221344,0.9158878504672898,False,True,0.9915897243616784,0.25,0.25,696,1012,0.6157820341864386,en,f1,,,0.9126213592233009,-0.0032664912439889227,0.250,toxicity,encoder_minilm,EXP-003
en,source_global,0.6157820341864386,0.0,1,0.9126213592233009,0.0,0.03557312252964427,0.07114624505928854,0.8969465648854962,0.9288537549407114,0.25889328063241107,0.9126213592233009,False,True,0.9915897243616784,0.25,0.25,696,1012,0.6157820341864386,en,f1,0.8841698841698842,0.9364798490479072,0.9126213592233009,0.0,0.250,toxicity,encoder_minilm,EXP-003
en,quantile_match,0.611655351027726,0.0,1,0.9126213592233009,0.0,0.03557312252964427,0.07114624505928854,0.8969465648854962,0.9288537549407114,0.25889328063241107,0.9126213592233009,False,True,0.9915897243616784,0.25,0.25,696,1012,0.6157820341864386,en,f1,,,0.9126213592233009,0.0,0.250,toxicity,encoder_minilm,EXP-003
en,sld_em,0.6157820341864386,0.0,1,0.9126213592233009,0.0,0.03557312252964427,0.07114624505928854,0.8969465648854962,0.9288537549407114,0.25889328063241107,0.9126213592233009,False,True,0.9915897243616784,0.25,0.25,696,1012,0.6157820341864386,en,f1,,,0.9126213592233009,0.0,0.250,toxicity,encoder_minilm,EXP-003
en,bbse,0.6157820341864387,0.0,1,0.9126213592233009,0.0,0.03557312252964427,0.07114624505928854,0.8969465648854962,0.9288537549407114,0.25889328063241107,0.9126213592233009,False,True,0.9915897243616784,0.25,0.25,696,1012,0.6157820341864386,en,f1,,,0.9126213592233009,0.0,0.250,toxicity,encoder_minilm,EXP-003
en,few_label_8_strat,0.4816426289619419,0.1685108202061069,25,0.8813744197950771,0.04552926706349739,0.0724110671936759,0.047905138339920945,0.8300148936234685,0.952094861660079,0.2923320158102767,0.8813744197950771,False,True,0.9915897243616784,0.25,0.25,696,1012,0.6157820341864386,en,f1,,,0.9126213592233009,0.031246939428223763,0.250,toxicity,encoder_minilm,EXP-003
en,few_label_8_rand,0.5950517584111408,0.15335378893523968,25,0.8960240881378609,0.028269813756666463,0.04142292490118577,0.08537549407114624,0.8876779960188175,0.9146245059288538,0.25972332015810273,0.8960240881378609,False,True,0.9915897243616784,0.25,0.25,696,1012,0.6157820341864386,en,f1,,,0.9126213592233009,0.016597271085439957,0.250,toxicity,encoder_minilm,EXP-003
en,few_label_16_strat,0.4292883299610106,0.17990773858777812,25,0.8684554508049088,0.04547535072545254,0.08595520421607379,0.04031620553359685,0.8050339352261925,0.9596837944664033,0.3043873517786561,0.8684554508049088,False,True,0.9915897243616784,0.25,0.25,696,1012,0.6157820341864386,en,f1,,,0.9126213592233009,0.044165908418392075,0.250,toxicity,encoder_minilm,EXP-003
en,few_label_16_rand,0.5883132144974271,0.20083056536933505,25,0.8845700765170753,0.03809437314157989,0.048695652173913036,0.09249011857707509,0.8787336523870576,0.9075098814229249,0.263399209486166,0.8845700765170753,False,True,0.9915897243616784,0.25,0.25,696,1012,0.6157820341864386,en,f1,,,0.9126213592233009,0.02805128270622559,0.250,toxicity,encoder_minilm,EXP-003
en,few_label_32_strat,0.4897899454039778,0.17331846225091088,25,0.8822081390909172,0.044175362125316926,0.06914361001317523,0.052648221343873515,0.8361980241942145,0.9473517786561265,0.288695652173913,0.8822081390909172,False,True,0.9915897243616784,0.25,0.25,696,1012,0.6157820341864386,en,f1,,,0.9126213592233009,0.030413220132383678,0.250,toxicity,encoder_minilm,EXP-003
en,few_label_32_rand,0.6130083514134601,0.18869570804320174,25,0.8887032420237323,0.025638347663227517,0.04221343873517787,0.09881422924901186,0.8901989293507218,0.9011857707509882,0.2569565217391304,0.8887032420237323,False,True,0.9915897243616784,0.25,0.25,696,1012,0.6157820341864386,en,f1,,,0.9126213592233009,0.0239181171995686,0.250,toxicity,encoder_minilm,EXP-003
en,few_label_64_strat,0.45815342821413885,0.14627020321371587,25,0.8851836696348581,0.04340211205132521,0.07383399209486165,0.03636363636363636,0.825103935951916,0.9636363636363636,0.29628458498023713,0.8851836696348581,False,True,0.9915897243616784,0.25,0.25,696,1012,0.6157820341864386,en,f1,,,0.9126213592233009,0.027437689588442837,0.250,toxicity,encoder_minilm,EXP-003
en,few_label_64_rand,0.6069549877765287,0.14173060510357183,25,0.900473745166057,0.019867074590598683,0.038155467720685114,0.08569169960474307,0.8944532787833573,0.914308300395257,0.25719367588932807,0.900473745166057,False,True,0.9915897243616784,0.25,0.25,696,1012,0.6157820341864386,en,f1,,,0.9126213592233009,0.01214761405724385,0.250,toxicity,encoder_minilm,EXP-003
en,few_label_128_strat,0.4671922133947801,0.11454389282345659,25,0.8939943584815748,0.027252786676420233,0.06582345191040843,0.03462450592885375,0.8359836705579863,0.9653754940711462,0.29071146245059293,0.8939943584815748,False,True,0.9915897243616784,0.25,0.25,696,1012,0.6157820341864386,en,f1,,,0.9126213592233009,0.018627000741726074,0.250,toxicity,encoder_minilm,EXP-003
en,few_label_128_rand,0.5946550491705554,0.13433872406577457,25,0.8997854003395009,0.022311121062073076,0.04021080368906456,0.08173913043478259,0.8891031835808612,0.9182608695652174,0.2597233201581028,0.8997854003395009,False,True,0.9915897243616784,0.25,0.25,696,1012,0.6157820341864386,en,f1,,,0.9126213592233009,0.012835958883799958,0.250,toxicity,encoder_minilm,EXP-003
en,few_label_256_strat,0.42591022304018283,0.05633662113320831,25,0.8961084539867565,0.016578785986801313,0.06940711462450593,0.02007905138339921,0.8264106777398574,0.9799209486166007,0.2970355731225296,0.8961084539867565,False,True,0.9915897243616784,0.25,0.25,696,1012,0.6157820341864386,en,f1,,,0.9126213592233009,0.016512905236544362,0.250,toxicity,encoder_minilm,EXP-003
en,few_label_256_rand,0.6192352994910252,0.08751064286937565,25,0.9077047115130789,0.007907661575247275,0.03578392621870883,0.07936758893280632,0.8972907415630376,0.9206324110671936,0.25699604743083004,0.9077047115130789,False,True,0.9915897243616784,0.25,0.25,696,1012,0.6157820341864386,en,f1,,,0.9126213592233009,0.004916647710222044,0.250,toxicity,encoder_minilm,EXP-003
en,target_full,0.6157820341864386,0.0,1,0.9126213592233009,0.0,0.03557312252964427,0.07114624505928854,0.8969465648854962,0.9288537549407114,0.25889328063241107,0.9126213592233009,False,True,0.9915897243616784,0.25,0.25,696,1012,0.6157820341864386,en,f1,0.887158762568864,0.9366723334247327,0.9126213592233009,0.0,0.250,toxicity,encoder_minilm,EXP-003
en,test_oracle_unachievable,0.6047656043442974,0.0,1,0.9189189189189189,0.0,0.03557312252964427,0.05928853754940711,0.8981132075471698,0.9407114624505929,0.2618577075098814,0.9189189189189189,False,True,0.9915897243616784,0.25,0.25,696,1012,0.6157820341864386,en,f1,,,0.9126213592233009,-0.00629755969561796,0.250,toxicity,encoder_minilm,EXP-003
es,fixed_half,0.5,0.0,1,0.5919732441471571,0.0,0.19798234552332913,0.32954545454545453,0.5299401197604791,0.6704545454545454,0.31598864711447494,0.5919732441471571,False,False,0.8333476632656961,0.24976348155156103,0.24923076923076923,650,1057,0.6157820341864386,en,f1,,,0.5983471074380166,0.006373863290859427,0.250,toxicity,encoder_minilm,EXP-003
es,source_global,0.6157820341864386,0.0,1,0.5758157389635317,0.0,0.13493064312736444,0.4318181818181818,0.5836575875486382,0.5681818181818182,0.24314096499526963,0.5758157389635317,False,False,0.8333476632656961,0.24976348155156103,0.24923076923076923,650,1057,0.6157820341864386,en,f1,0.524504962564664,0.6275303511071256,0.5983471074380166,0.022531368474484892,0.250,toxicity,encoder_minilm,EXP-003
es,quantile_match,0.5246015107393999,0.0,1,0.5896551724137931,0.0,0.1828499369482976,0.3522727272727273,0.5411392405063291,0.6477272727272727,0.2989593188268685,0.5896551724137931,False,False,0.8333476632656961,0.24976348155156103,0.24923076923076923,650,1057,0.6157820341864386,en,f1,,,0.5983471074380166,0.008691935024223496,0.250,toxicity,encoder_minilm,EXP-003
es,sld_em,0.7505742269462399,0.0,1,0.5116279069767442,0.0,0.07061790668348046,0.5833333333333334,0.6626506024096386,0.4166666666666667,0.15704824976348156,0.5116279069767442,False,False,0.8333476632656961,0.24976348155156103,0.24923076923076923,650,1057,0.6157820341864386,en,f1,,,0.5983471074380166,0.08671920046127235,0.250,toxicity,encoder_minilm,EXP-003
es,bbse,0.7098655420081434,0.0,1,0.5454545454545454,0.0,0.09079445145018916,0.5227272727272727,0.6363636363636364,0.4772727272727273,0.18732261116367077,0.5454545454545454,False,False,0.8333476632656961,0.24976348155156103,0.24923076923076923,650,1057,0.6157820341864386,en,f1,,,0.5983471074380166,0.05289256198347114,0.250,toxicity,encoder_minilm,EXP-003
es,few_label_8_strat,0.276283711067849,0.2047478556829554,25,0.5437890177128109,0.048237430895978844,0.42991172761664564,0.1684848484848485,0.42886286860983597,0.8315151515151514,0.5302175969725639,0.5437890177128109,False,False,0.8333476632656961,0.24976348155156103,0.24923076923076923,650,1057,0.6157820341864386,en,f1,,,0.5983471074380166,0.054558089725205705,0.250,toxicity,encoder_minilm,EXP-003
es,few_label_8_rand,0.4732324572976623,0.24412380248891916,25,0.5516282918796801,0.04793135609810994,0.25805800756620434,0.32909090909090905,0.5311171268385106,0.6709090909090911,0.3611731315042574,0.5516282918796801,False,False,0.8333476632656961,0.24976348155156103,0.24923076923076923,650,1057,0.6157820341864386,en,f1,,,0.5983471074380166,0.04671881555833646,0.250,toxicity,encoder_minilm,EXP-003
es,few_label_16_strat,0.31801971065830964,0.16184452232933313,25,0.5692791781856422,0.03610076587427847,0.3512736443883985,0.1956060606060606,0.4563844993161733,0.8043939393939393,0.4644465468306528,0.5692791781856422,False,False,0.8333476632656961,0.24976348155156103,0.24923076923076923,650,1057,0.6157820341864386,en,f1,,,0.5983471074380166,0.029067929252374336,0.250,toxicity,encoder_minilm,EXP-003
es,few_label_16_rand,0.49949238520089523,0.2184658747672307,25,0.5534607686212979,0.0668791678558231,0.2241109709962169,0.34984848484848485,0.5503440698743532,0.6501515151515151,0.33052034058656576,0.5534607686212979,False,False,0.8333476632656961,0.24976348155156103,0.24923076923076923,650,1057,0.6157820341864386,en,f1,,,0.5983471074380166,0.04488633881671866,0.250,toxicity,encoder_minilm,EXP-003
es,few_label_32_strat,0.332393926604325,0.14971568069450755,25,0.5772430223844229,0.033585917708002434,0.3288272383354351,0.20393939393939392,0.46697768123901007,0.7960606060606059,0.4455250709555345,0.5772430223844229,False,False,0.8333476632656961,0.24976348155156103,0.24923076923076923,650,1057,0.6157820341864386,en,f1,,,0.5983471074380166,0.021104085053593624,0.250,toxicity,encoder_minilm,EXP-003
es,few_label_32_rand,0.4793758510256651,0.21299024845007988,25,0.5612963621907598,0.039874684741460706,0.24146279949558636,0.32954545454545453,0.5295265285442295,0.6704545454545454,0.3486092715231788,0.5612963621907598,False,False,0.8333476632656961,0.24976348155156103,0.24923076923076923,650,1057,0.6157820341864386,en,f1,,,0.5983471074380166,0.03705074524725671,0.250,toxicity,encoder_minilm,EXP-003
es,few_label_64_strat,0.30615383542104874,0.11457939159691229,25,0.580600430219221,0.029505902040078125,0.3397225725094578,0.181969696969697,0.45752272995647303,0.8180303030303031,0.45918637653736993,0.580600430219221,False,False,0.8333476632656961,0.24976348155156103,0.24923076923076923,650,1057,0.6157820341864386,en,f1,,,0.5983471074380166,0.017746677218795526,0.250,toxicity,encoder_minilm,EXP-003
es,few_label_64_rand,0.4830578182441997,0.14446831886442582,25,0.5827323671569262,0.028556925115069735,0.21472887767969734,0.3212121212121212,0.5323185641264971,0.6787878787878789,0.33063386944181644,0.5827323671569262,False,False,0.8333476632656961,0.24976348155156103,0.24923076923076923,650,1057,0.6157820341864386,en,f1,,,0.5983471074380166,0.015614740281090334,0.250,toxicity,encoder_minilm,EXP-003
es,few_label_128_strat,0.24919742178976814,0.10950637781625217,25,0.568019093680022,0.030812516275859705,0.3954098360655738,0.14106060606060608,0.4308409333172966,0.8589393939393939,0.5111825922421949,0.568019093680022,False,False,0.8333476632656961,0.24976348155156103,0.24923076923076923,650,1057,0.6157820341864386,en,f1,,,0.5983471074380166,0.030328013757994543,0.250,toxicity,encoder_minilm,EXP-003
es,few_label_128_rand,0.4860017008000029,0.073817160284347,25,0.5942072916583756,0.012424571956921092,0.20423707440100883,0.3165151515151516,0.5304444349466063,0.6834848484848486,0.32393566698202464,0.5942072916583756,False,False,0.8333476632656961,0.24976348155156103,0.24923076923076923,650,1057,0.6157820341864386,en,f1,,,0.5983471074380166,0.004139815779640954,0.250,toxicity,encoder_minilm,EXP-003
es,few_label_256_strat,0.21929958226722426,0.08979109975231107,25,0.5615509698747573,0.023749228753292627,0.4210844892812106,0.12121212121212122,0.4166781243455955,0.8787878787878788,0.5354020813623462,0.5615509698747573,False,False,0.8333476632656961,0.24976348155156103,0.24923076923076923,650,1057,0.6157820341864386,en,f1,,,0.5983471074380166,0.03679613756325928,0.250,toxicity,encoder_minilm,EXP-003
es,few_label_256_rand,0.5000867456692271,0.08337322550626368,25,0.5939478032577771,0.011750056293865987,0.1969230769230769,0.3260606060606061,0.5376777815055372,0.6739393939393941,0.31606433301797543,0.5939478032577771,False,False,0.8333476632656961,0.24976348155156103,0.24923076923076923,650,1057,0.6157820341864386,en,f1,,,0.5983471074380166,0.004399304180239483,0.250,toxicity,encoder_minilm,EXP-003
es,target_full,0.488673640175153,0.0,1,0.5983471074380166,0.0,0.201765447667087,0.3143939393939394,0.530791788856305,0.6856060606060606,0.3226111636707663,0.5983471074380166,False,False,0.8333476632656961,0.24976348155156103,0.24923076923076923,650,1057,0.6157820341864386,en,f1,0.5495429011158137,0.6434823561531635,0.5983471074380166,0.0,0.250,toxicity,encoder_minilm,EXP-003
es,test_oracle_unachievable,0.4041989715946698,0.0,1,0.6121212121212122,0.0,0.244640605296343,0.23484848484848486,0.51010101010101,0.7651515151515151,0.37464522232734154,0.6121212121212122,False,False,0.8333476632656961,0.24976348155156103,0.24923076923076923,650,1057,0.6157820341864386,en,f1,,,0.5983471074380166,-0.01377410468319562,0.250,toxicity,encoder_minilm,EXP-003
fr,fixed_half,0.5,0.0,1,0.7050847457627119,0.0,0.15979381443298968,0.1937984496124031,0.6265060240963856,0.8062015503875969,0.32108317214700194,0.7050847457627119,False,False,0.8981709022616479,0.2495164410058027,0.25,644,1034,0.6157820341864386,en,f1,,,0.7006109979633401,-0.004473747799371708,0.250,toxicity,encoder_minilm,EXP-003
fr,source_global,0.6157820341864386,0.0,1,0.6959847036328872,0.0,0.10695876288659793,0.29457364341085274,0.6867924528301886,0.7054263565891473,0.2562862669245648,0.6959847036328872,False,False,0.8981709022616479,0.2495164410058027,0.25,644,1034,0.6157820341864386,en,f1,0.6484090281884486,0.7347251677502347,0.7006109979633401,0.004626294330452918,0.250,toxicity,encoder_minilm,EXP-003
fr,quantile_match,0.6819768673767915,0.0,1,0.7082494969818914,0.0,0.08118556701030928,0.3178294573643411,0.7364016736401674,0.6821705426356589,0.2311411992263056,0.7082494969818914,False,False,0.8981709022616479,0.2495164410058027,0.25,644,1034,0.6157820341864386,en,f1,,,0.7006109979633401,-0.007638499018551292,0.250,toxicity,encoder_minilm,EXP-003
fr,sld_em,0.5587274591026579,0.0,1,0.7086330935251798,0.0,0.13015463917525774,0.2364341085271318,0.6610738255033557,0.7635658914728682,0.28820116054158607,0.7086330935251798,False,False,0.8981709022616479,0.2495164410058027,0.25,644,1034,0.6157820341864386,en,f1,,,0.7006109979633401,-0.008022095561839637,0.250,toxicity,encoder_minilm,EXP-003
fr,bbse,0.5722025747448334,0.0,1,0.7007299270072993,0.0,0.12628865979381443,0.2558139534883721,0.6620689655172414,0.7441860465116279,0.2804642166344294,0.7007299270072993,False,False,0.8981709022616479,0.2495164410058027,0.25,644,1034,0.6157820341864386,en,f1,,,0.7006109979633401,-0.00011892904395915949,0.250,toxicity,encoder_minilm,EXP-003
fr,few_label_8_strat,0.44710702402849717,0.2138749803059029,25,0.6519884497654528,0.06893278207492051,0.24768041237113406,0.18651162790697676,0.582404844810156,0.8134883720930233,0.38885880077369445,0.6519884497654528,False,False,0.8981709022616479,0.2495164410058027,0.25,644,1034,0.6157820341864386,en,f1,,,0.7006109979633401,0.04862254819788736,0.250,toxicity,encoder_minilm,EXP-003
fr,few_label_8_rand,0.5413055608329546,0.23652992535409012,25,0.6433206175551994,0.08491868050660534,0.20252577319587625,0.26666666666666666,0.6398595361215239,0.7333333333333333,0.3349709864603481,0.6433206175551994,False,False,0.8981709022616479,0.2495164410058027,0.25,644,1034,0.6157820341864386,en,f1,,,0.7006109979633401,0.05729038040814072,0.250,toxicity,encoder_minilm,EXP-003
fr,few_label_16_strat,0.5076183893028556,0.18473999722913026,25,0.6727762851782083,0.04296874918925696,0.18695876288659796,0.2201550387596899,0.6238137145578806,0.77984496124031,0.3348936170212765,0.6727762851782083,False,False,0.8981709022616479,0.2495164410058027,0.25,644,1034,0.6157820341864386,en,f1,,,0.7006109979633401,0.027834712785131832,0.250,toxicity,encoder_minilm,EXP-003
fr,few_label_16_rand,0.6656560696936444,0.1350905533011703,25,0.6856626697984496,0.03618992131355757,0.0941237113402062,0.32604651162790693,0.7282057035557776,0.673953488372093,0.2388007736943907,0.6856626697984496,False,False,0.8981709022616479,0.2495164410058027,0.25,644,1034,0.6157820341864386,en,f1,,,0.7006109979633401,0.014948328164890556,0.250,toxicity,encoder_minilm,EXP-003
fr,few_label_32_strat,0.49480456904565,0.18361813506857363,25,0.6725375921262032,0.06384880631477488,0.20474226804123713,0.2086821705426357,0.6148147279606946,0.7913178294573643,0.3511025145067698,0.6725375921262032,False,False,0.8981709022616479,0.2495164410058027,0.25,644,1034,0.6157820341864386,en,f1,,,0.7006109979633401,0.02807340583713691,0.250,toxicity,encoder_minilm,EXP-003
fr,few_label_32_rand,0.6358100053251364,0.1751758405864549,25,0.6746449344280117,0.05752862741563136,0.11381443298969071,0.31116279069767444,0.7081143545421158,0.6888372093023256,0.2572920696324951,0.6746449344280117,False,False,0.8981709022616479,0.2495164410058027,0.25,644,1034,0.6157820341864386,en,f1,,,0.7006109979633401,0.025966063535328487,0.250,toxicity,encoder_minilm,EXP-003
fr,few_label_64_strat,0.5445195377233465,0.12704270310651683,25,0.696726742758739,0.020652050331217007,0.14881443298969071,0.22961240310077521,0.651042678933128,0.7703875968992248,0.30390715667311413,0.696726742758739,False,False,0.8981709022616479,0.2495164410058027,0.25,644,1034,0.6157820341864386,en,f1,,,0.7006109979633401,0.003884255204601117,0.250,toxicity,encoder_minilm,EXP-003
fr,few_label_64_rand,0.6905129777432404,0.10177855675337694,25,0.6915686338416352,0.026752192263230862,0.08170103092783507,0.3387596899224806,0.7432729651775442,0.6612403100775194,0.22630560928433271,0.6915686338416352,False,False,0.8981709022616479,0.2495164410058027,0.25,644,1034,0.6157820341864386,en,f1,,,0.7006109979633401,0.009042364121704893,0.250,toxicity,encoder_minilm,EXP-003
fr,few_label_128_strat,0.5363050452614531,0.08544266672426687,25,0.7018149740648952,0.011745585593326495,0.14556701030927835,0.22325581395348834,0.6474451897823951,0.7767441860465115,0.30305609284332685,0.7018149740648952,False,False,0.8981709022616479,0.2495164410058027,0.25,644,1034,0.6157820341864386,en,f1,,,0.7006109979633401,-0.0012039761015550932,0.250,toxicity,encoder_minilm,EXP-003
fr,few_label_128_rand,0.7110269506249972,0.09580916144273229,25,0.6915914472747255,0.01678628958506484,0.07422680412371134,0.35193798449612407,0.7565490398131577,0.648062015503876,0.2174081237911025,0.6915914472747255,False,False,0.8981709022616479,0.2495164410058027,0.25,644,1034,0.6157820341864386,en,f1,,,0.7006109979633401,0.009019550688614597,0.250,toxicity,encoder_minilm,EXP-003
fr,few_label_256_strat,0.5041285129415565,0.08159866356087006,25,0.6973896070555381,0.014045744752141258,0.1625257731958763,0.20434108527131783,0.626708255745656,0.7956589147286821,0.32050290135396514,0.6973896070555381,False,False,0.8981709022616479,0.2495164410058027,0.25,644,1034,0.6157820341864386,en,f1,,,0.7006109979633401,0.0032213909078020464,0.250,toxicity,encoder_minilm,EXP-003
fr,few_label_256_rand,0.7131987668496703,0.06205696751094406,25,0.6957013972315758,0.010343243961231808,0.0715979381443299,0.35116279069767453,0.7565857237490369,0.6488372093023256,0.21562862669245647,0.6957013972315758,False,False,0.8981709022616479,0.2495164410058027,0.25,644,1034,0.6157820341864386,en,f1,,,0.7006109979633401,0.004909600731764385,0.250,toxicity,encoder_minilm,EXP-003
fr,target_full,0.7014295865759956,0.0,1,0.7006109979633401,0.0,0.07860824742268041,0.3333333333333333,0.7381974248927039,0.6666666666666666,0.2253384912959381,0.7006109979633401,False,False,0.8981709022616479,0.2495164410058027,0.25,644,1034,0.6157820341864386,en,f1,0.6535057139861606,0.7456930538673149,0.7006109979633401,0.0,0.250,toxicity,encoder_minilm,EXP-003
fr,test_oracle_unachievable,0.48587628235533054,0.0,1,0.72,0.0,0.16237113402061856,0.16279069767441862,0.631578947368421,0.8372093023255814,0.3307543520309478,0.72,False,False,0.8981709022616479,0.2495164410058027,0.25,644,1034,0.6157820341864386,en,f1,,,0.7006109979633401,-0.01938900203665983,0.250,toxicity,encoder_minilm,EXP-003
he,fixed_half,0.5,0.0,1,0.48000000000000004,0.0,0.43783783783783786,0.2682926829268293,0.35714285714285715,0.7317073170731707,0.5111561866125761,0.48000000000000004,False,False,0.7049219951658976,0.24949290060851928,0.25,304,493,0.6157820341864386,en,f1,,,0.4787234042553191,-0.0012765957446809195,0.250,toxicity,encoder_minilm,EXP-003
he,source_global,0.6157820341864386,0.0,1,0.46706586826347307,0.0,0.35945945945945945,0.36585365853658536,0.3696682464454976,0.6341463414634146,0.4279918864097363,0.46706586826347307,False,False,0.7049219951658976,0.24949290060851928,0.25,304,493,0.6157820341864386,en,f1,0.39751249317174825,0.5310823244552058,0.4787234042553191,0.011657535991846046,0.250,toxicity,encoder_minilm,EXP-003
he,quantile_match,0.8576823930964372,0.0,1,0.4615384615384615,0.0,0.15405405405405406,0.5609756097560976,0.4864864864864865,0.43902439024390244,0.22515212981744423,0.4615384615384615,False,False,0.7049219951658976,0.24949290060851928,0.25,304,493,0.6157820341864386,en,f1,,,0.4787234042553191,0.01718494271685761,0.250,toxicity,encoder_minilm,EXP-003
he,sld_em,0.25643574480871567,0.0,1,0.44672131147540983,0.0,0.6918918918918919,0.11382113821138211,0.29863013698630136,0.8861788617886179,0.7403651115618661,0.44672131147540983,False,False,0.7049219951658976,0.24949290060851928,0.25,304,493,0.6157820341864386,en,f1,,,0.4787234042553191,0.032002092779909286,0.250,toxicity,encoder_minilm,EXP-003
he,bbse,0.362750200089787,0.0,1,0.4444444444444444,0.0,0.5945945945945946,0.2032520325203252,0.3081761006289308,0.7967479674796748,0.6450304259634888,0.4444444444444444,False,False,0.7049219951658976,0.24949290060851928,0.25,304,493,0.6157820341864386,en,f1,,,0.4787234042553191,0.0342789598108747,0.250,toxicity,encoder_minilm,EXP-003
he,few_label_8_strat,0.5758129278629841,0.23984268657446225,25,0.4515632610141596,0.024784412497597864,0.40443243243243243,0.3521951219512195,0.3825038554106888,0.6478048780487806,0.4651521298174442,0.4515632610141596,False,False,0.7049219951658976,0.24949290060851928,0.25,304,493,0.6157820341864386,en,f1,,,0.4787234042553191,0.027160143241159507,0.250,toxicity,encoder_minilm,EXP-003
he,few_label_8_rand,0.6859860396803805,0.22334570303567486,25,0.4430734174957855,0.03046423480204836,0.3016216216216216,0.447479674796748,0.4286985133127012,0.552520325203252,0.36421906693711975,0.4430734174957855,False,False,0.7049219951658976,0.24949290060851928,0.25,304,493,0.6157820341864386,en,f1,,,0.4787234042553191,0.035649986759533625,0.250,toxicity,encoder_minilm,EXP-003
he,few_label_16_strat,0.5044496130419508,0.26803763425806165,25,0.45015395226573157,0.022728770272975613,0.46324324324324323,0.3027642276422764,0.37075469195099253,0.6972357723577235,0.5216227180527383,0.45015395226573157,False,False,0.7049219951658976,0.24949290060851928,0.25,304,493,0.6157820341864386,en,f1,,,0.4787234042553191,0.028569451989587547,0.250,toxicity,encoder_minilm,EXP-003
he,few_label_16_rand,0.6629415468728557,0.2467996277792798,25,0.44577889094218404,0.03229800092370785,0.32151351351351354,0.42731707317073164,0.4259456125548508,0.5726829268292682,0.38417849898580125,0.44577889094218404,False,False,0.7049219951658976,0.24949290060851928,0.25,304,493,0.6157820341864386,en,f1,,,0.4787234042553191,0.03294451331313508,0.250,toxicity,encoder_minilm,EXP-003
he,few_label_32_strat,0.42183760719690094,0.18749037239091534,25,0.4550135356849201,0.015222112125630545,0.5335135135135135,0.23577235772357721,0.33687850195199437,0.7642276422764227,0.5910750507099392,0.4550135356849201,False,False,0.7049219951658976,0.24949290060851928,0.25,304,493,0.6157820341864386,en,f1,,,0.4787234042553191,0.02370986857039903,0.250,toxicity,encoder_minilm,EXP-003
he,few_label_32_rand,0.6515537915712807,0.24544039684439076,25,0.43897143535943206,0.05301608478288086,0.324,0.4266666666666667,0.42934209750208024,0.5733333333333333,0.3862068965517242,0.43897143535943206,False,False,0.7049219951658976,0.24949290060851928,0.25,304,493,0.6157820341864386,en,f1,,,0.4787234042553191,0.03975196889588706,0.250,toxicity,encoder_minilm,EXP-003
he,few_label_64_strat,0.33692902351433596,0.15277560376686344,25,0.45232012023001295,0.019843433328310935,0.6149189189189189,0.17430894308943087,0.3155011968593004,0.8256910569105691,0.6675050709939149,0.45232012023001295,False,False,0.7049219951658976,0.24949290060851928,0.25,304,493,0.6157820341864386,en,f1,,,0.4787234042553191,0.026403284025306173,0.250,toxicity,encoder_minilm,EXP-003
he,few_label_64_rand,0.6903500798456738,0.23862149103855654,25,0.4400540411271556,0.0319210012598951,0.30021621621621625,0.4533333333333334,0.43076758343261956,0.5466666666666667,0.36170385395537524,0.4400540411271556,False,False,0.7049219951658976,0.24949290060851928,0.25,304,493,0.6157820341864386,en,f1,,,0.4787234042553191,0.03866936312816349,0.250,toxicity,encoder_minilm,EXP-003
he,few_label_128_strat,0.3842026448595089,0.09380353352715087,25,0.4569371918135085,0.014315162018151851,0.5624864864864865,0.20585365853658538,0.3226095628312677,0.7941463414634146,0.6202839756592292,0.4569371918135085,False,False,0.7049219951658976,0.24949290060851928,0.25,304,493,0.6157820341864386,en,f1,,,0.4787234042553191,0.021786212441810615,0.250,toxicity,encoder_minilm,EXP-003
he,few_label_128_rand,0.7688521417468347,0.17982873324542986,25,0.44722399387611234,0.02555348941426265,0.22854054054054054,0.5069918699186993,0.4567502173803082,0.4930081300813008,0.29452332657200814,0.44722399387611234,False,False,0.7049219951658976,0.24949290060851928,0.25,304,493,0.6157820341864386,en,f1,,,0.4787234042553191,0.03149941037920678,0.250,toxicity,encoder_minilm,EXP-003
he,few_label_256_strat,0.49594223110136154,0.0014888561948607298,25,0.47821681864235055,0.0010131712259371817,0.44162162162162166,0.2682926829268293,0.35517321553127185,0.7317073170731707,0.5139959432048681,0.47821681864235055,False,False,0.7049219951658976,0.24949290060851928,0.25,304,493,0.6157820341864386,en,f1,,,0.4787234042553191,0.0005065856129685686,0.250,toxicity,encoder_minilm,EXP-003
he,few_label_256_rand,0.610019425802375,0.17289027829824705,25,0.4689339487585435,0.01692286631607363,0.3517837837837838,0.36357723577235773,0.3962063398380534,0.6364227642276423,0.4227991886409736,0.4689339487585435,False,False,0.7049219951658976,0.24949290060851928,0.25,304,493,0.6157820341864386,en,f1,,,0.4787234042553191,0.009789455496775623,0.250,toxicity,encoder_minilm,EXP-003
he,target_full,0.4965438110405276,0.0,1,0.4787234042553191,0.0,0.44054054054054054,0.2682926829268293,0.3557312252964427,0.7317073170731707,0.513184584178499,0.4787234042553191,False,False,0.7049219951658976,0.24949290060851928,0.25,304,493,0.6157820341864386,en,f1,0.4133943415160184,0.5428059944132997,0.4787234042553191,0.0,0.250,toxicity,encoder_minilm,EXP-003
he,test_oracle_unachievable,0.5804698672649905,0.0,1,0.4883720930232558,0.0,0.37027027027027026,0.3170731707317073,0.38009049773755654,0.6829268292682927,0.4482758620689655,0.4883720930232558,False,False,0.7049219951658976,0.24949290060851928,0.25,304,493,0.6157820341864386,en,f1,,,0.4787234042553191,-0.009648688767936675,0.250,toxicity,encoder_minilm,EXP-003
hi,fixed_half,0.5,0.0,1,0.5677419354838711,0.0,0.11214953271028037,0.46987951807228917,0.6111111111111112,0.5301204819277109,0.21643286573146292,0.5677419354838711,False,False,0.8321349483380787,0.24949899799599198,0.24960998439937598,641,998,0.6157820341864386,en,f1,,,0.5907590759075907,0.023017140423719606,0.250,toxicity,encoder_minilm,EXP-003
hi,source_global,0.6157820341864386,0.0,1,0.5572139303482587,0.0,0.05473965287049399,0.5502008032128514,0.7320261437908496,0.4497991967871486,0.1533066132264529,0.5572139303482587,False,False,0.8321349483380787,0.24949899799599198,0.24960998439937598,641,998,0.6157820341864386,en,f1,0.5,0.6167911662272564,0.5907590759075907,0.03354514555933197,0.250,toxicity,encoder_minilm,EXP-003
hi,quantile_match,0.40415417143456983,0.0,1,0.5961538461538461,0.0,0.1548731642189586,0.37751004016064255,0.5719557195571956,0.6224899598393574,0.2715430861723447,0.5961538461538461,False,False,0.8321349483380787,0.24949899799599198,0.24960998439937598,641,998,0.6157820341864386,en,f1,,,0.5907590759075907,-0.005394770246255454,0.250,toxicity,encoder_minilm,EXP-003
hi,sld_em,0.8826645991817273,0.0,1,0.2876712328767123,0.0,0.0013351134846461949,0.8313253012048193,0.9767441860465116,0.1686746987951807,0.04308617234468938,0.2876712328767123,False,False,0.8321349483380787,0.24949899799599198,0.24960998439937598,641,998,0.6157820341864386,en,f1,,,0.5907590759075907,0.3030878430308784,0.250,toxicity,encoder_minilm,EXP-003
hi,bbse,0.789230140235968,0.0,1,0.4537313432835821,0.0,0.01335113484646195,0.6947791164658634,0.8837209302325582,0.30522088353413657,0.08617234468937876,0.4537313432835821,False,False,0.8321349483380787,0.24949899799599198,0.24960998439937598,641,998,0.6157820341864386,en,f1,,,0.5907590759075907,0.13702773262400858,0.250,toxicity,encoder_minilm,EXP-003
hi,few_label_8_strat,0.24311248600490581,0.19916691830509592,25,0.5339522126124172,0.05554209444315842,0.4142056074766356,0.20642570281124498,0.4560032564684857,0.793574297188755,0.5088577154308618,0.5339522126124172,False,False,0.8321349483380787,0.24949899799599198,0.24960998439937598,641,998,0.6157820341864386,en,f1,,,0.5907590759075907,0.05680686329517348,0.250,toxicity,encoder_minilm,EXP-003
hi,few_label_8_rand,0.3510631906376625,0.2311202335657996,25,0.5429365502612441,0.07496642959582149,0.2849666221628839,0.3069879518072289,0.5348714774700076,0.6930120481927711,0.3867735470941884,0.5429365502612441,False,False,0.8321349483380787,0.24949899799599198,0.24960998439937598,641,998,0.6157820341864386,en,f1,,,0.5907590759075907,0.04782252564634659,0.250,toxicity,encoder_minilm,EXP-003
hi,few_label_16_strat,0.16824120608721851,0.12354774878083016,25,0.5316213890262588,0.04584432493028481,0.4796261682242991,0.13622489959839357,0.4012182231857701,0.8637751004016064,0.5754709418837675,0.5316213890262588,False,False,0.8321349483380787,0.24949899799599198,0.24960998439937598,641,998,0.6157820341864386,en,f1,,,0.5907590759075907,0.05913768688133192,0.250,toxicity,encoder_minilm,EXP-003
hi,few_label_16_rand,0.4706411628597168,0.2152186137601625,25,0.5435314868258015,0.07479435321458519,0.1664619492656876,0.4245783132530121,0.6272271640646198,0.5754216867469879,0.268496993987976,0.5435314868258015,False,False,0.8321349483380787,0.24949899799599198,0.24960998439937598,641,998,0.6157820341864386,en,f1,,,0.5907590759075907,0.047227589081789145,0.250,toxicity,encoder_minilm,EXP-003
hi,few_label_32_strat,0.18990117147898491,0.12764215457672987,25,0.544308734532397,0.045731076048829956,0.4370093457943925,0.15453815261044176,0.4205164836563738,0.8454618473895583,0.5389178356713427,0.544308734532397,False,False,0.8321349483380787,0.24949899799599198,0.24960998439937598,641,998,0.6157820341864386,en,f1,,,0.5907590759075907,0.04645034137519366,0.250,toxicity,encoder_minilm,EXP-003
hi,few_label_32_rand,0.39108197861483274,0.20698343465803049,25,0.5616571564606722,0.03317901035723262,0.22093457943925235,0.345863453815261,0.5718326604981381,0.654136546184739,0.32901803607214425,0.5616571564606722,False,False,0.8321349483380787,0.24949899799599198,0.24960998439937598,641,998,0.6157820341864386,en,f1,,,0.5907590759075907,0.029101919446918534,0.250,toxicity,encoder_minilm,EXP-003
hi,few_label_64_strat,0.17941631807655825,0.08221383935113687,25,0.5542661791265302,0.03764174933058559,0.4202937249666222,0.14473895582329319,0.418210956553131,0.8552610441767068,0.5288176352705412,0.5542661791265302,False,False,0.8321349483380787,0.24949899799599198,0.24960998439937598,641,998,0.6157820341864386,en,f1,,,0.5907590759075907,0.03649289678106049,0.250,toxicity,encoder_minilm,EXP-003
hi,few_label_64_rand,0.4372206147492569,0.17663802578336252,25,0.5630361101564036,0.039770522571992345,0.1736181575433912,0.3969477911646586,0.5921333440272957,0.6030522088353414,0.28076152304609225,0.5630361101564036,False,False,0.8321349483380787,0.24949899799599198,0.24960998439937598,641,998,0.6157820341864386,en,f1,,,0.5907590759075907,0.027722965751187045,0.250,toxicity,encoder_minilm,EXP-003
hi,few_label_128_strat,0.13700698974116216,0.05834667204622341,25,0.5360021526708327,0.03633453415030551,0.49062750333778377,0.10425702811244979,0.38677257851507546,0.8957429718875503,0.5917034068136272,0.5360021526708327,False,False,0.8321349483380787,0.24949899799599198,0.24960998439937598,641,998,0.6157820341864386,en,f1,,,0.5907590759075907,0.05475692323675796,0.250,toxicity,encoder_minilm,EXP-003
hi,few_label_128_rand,0.3767711112690036,0.1460511779625858,25,0.5741563598774072,0.020152269098785522,0.21121495327102807,0.3429718875502008,0.5434469489932606,0.6570281124497993,0.3224448897795591,0.5741563598774072,False,False,0.8321349483380787,0.24949899799599198,0.24960998439937598,641,998,0.6157820341864386,en,f1,,,0.5907590759075907,0.016602716030183484,0.250,toxicity,encoder_minilm,EXP-003
hi,few_label_256_strat,0.13260061244660526,0.02869439990029494,25,0.5396148121024055,0.019486253861591623,0.4830440587449933,0.09686746987951807,0.386033682095512,0.9031325301204818,0.5878557114228457,0.5396148121024055,False,False,0.8321349483380787,0.24949899799599198,0.24960998439937598,641,998,0.6157820341864386,en,f1,,,0.5907590759075907,0.05114426380518522,0.250,toxicity,encoder_minilm,EXP-003
hi,few_label_256_rand,0.37686143527476235,0.1323722835410167,25,0.5809765552487075,0.01786568676835766,0.19957276368491322,0.3424899598393574,0.5482410785134018,0.6575100401606426,0.3138276553106213,0.5809765552487075,False,False,0.8321349483380787,0.24949899799599198,0.24960998439937598,641,998,0.6157820341864386,en,f1,,,0.5907590759075907,0.009782520658883187,0.250,toxicity,encoder_minilm,EXP-003
hi,target_full,0.30497919453610567,0.0,1,0.5907590759075907,0.0,0.2376502002670227,0.28112449799196787,0.5014005602240896,0.7188755020080321,0.35771543086172347,0.5907590759075907,False,False,0.8321349483380787,0.24949899799599198,0.24960998439937598,641,998,0.6157820341864386,en,f1,0.5443153965785382,0.6359186151373627,0.5907590759075907,0.0,0.250,toxicity,encoder_minilm,EXP-003
hi,test_oracle_unachievable,0.3906151326271329,0.0,1,0.6026365348399247,0.0,0.1628838451268358,0.357429718875502,0.5673758865248227,0.642570281124498,0.28256513026052105,0.6026365348399247,False,False,0.8321349483380787,0.24949899799599198,0.24960998439937598,641,998,0.6157820341864386,en,f1,,,0.5907590759075907,-0.01187745893233405,0.250,toxicity,encoder_minilm,EXP-003
hin,fixed_half,0.5,0.0,1,0.27507163323782235,0.0,0.13971742543171115,0.7735849056603774,0.35036496350364965,0.22641509433962265,0.16136631330977622,0.27507163323782235,False,False,0.5729799176564675,0.2497055359246172,0.24958123953098826,597,849,0.6157820341864386,en,f1,,,0.41244239631336405,0.1373707630755417,0.250,toxicity,encoder_minilm,EXP-003
hin,source_global,0.6157820341864386,0.0,1,0.22364217252396165,0.0,0.10361067503924647,0.8349056603773585,0.3465346534653465,0.1650943396226415,0.11896348645465253,0.22364217252396165,False,False,0.5729799176564675,0.2497055359246172,0.24958123953098826,597,849,0.6157820341864386,en,f1,0.16556053170708465,0.2812589798850575,0.41244239631336405,0.1888002237894024,0.250,toxicity,encoder_minilm,EXP-003
hin,quantile_match,0.33252229951267503,0.0,1,0.3101851851851852,0.0,0.2401883830455259,0.6839622641509434,0.30454545454545456,0.3160377358490566,0.2591283863368669,0.3101851851851852,False,False,0.5729799176564675,0.2497055359246172,0.24958123953098826,597,849,0.6157820341864386,en,f1,,,0.41244239631336405,0.10225721112817887,0.250,toxicity,encoder_minilm,EXP-003
hin,sld_em,0.9460290519497093,0.0,1,0.04545454545454545,0.0,0.004709576138147566,0.9764150943396226,0.625,0.02358490566037736,0.009422850412249705,0.04545454545454545,True,False,0.5729799176564675,0.2497055359246172,0.24958123953098826,597,849,0.6157820341864386,en,f1,,,0.41244239631336405,0.3669878508588186,0.250,toxicity,encoder_minilm,EXP-003
hin,bbse,0.8410445346061931,0.0,1,0.13877551020408163,0.0,0.02511773940345369,0.9198113207547169,0.5151515151515151,0.08018867924528301,0.038869257950530034,0.13877551020408163,False,False,0.5729799176564675,0.2497055359246172,0.24958123953098826,597,849,0.6157820341864386,en,f1,,,0.41244239631336405,0.2736668861092824,0.250,toxicity,encoder_minilm,EXP-003
hin,few_label_8_strat,0.11026490577900404,0.07159588684273357,25,0.3896002894426548,0.026830250721820402,0.6567032967032966,0.2711320754716981,0.27225431120966315,0.7288679245283017,0.6747232037691401,0.3896002894426548,False,False,0.5729799176564675,0.2497055359246172,0.24958123953098826,597,849,0.6157820341864386,en,f1,,,0.41244239631336405,0.022842106870709256,0.250,toxicity,encoder_minilm,EXP-003
hin,few_label_8_rand,0.35685722193211883,0.31646630768108486,25,0.3028571629057148,0.11655303222246267,0.445337519623234,0.4922641509433962,0.3254241592840248,0.5077358490566037,0.46091872791519434,0.3028571629057148,False,False,0.5729799176564675,0.2497055359246172,0.24958123953098826,597,849,0.6157820341864386,en,f1,,,0.41244239631336405,0.10958523340764925,0.250,toxicity,encoder_minilm,EXP-003
hin,few_label_16_strat,0.07170369090094642,0.02935940035345416,25,0.4046370590869598,0.009363478401933625,0.7701098901098901,0.1577358490566038,0.2677819373231405,0.8422641509433961,0.7881272084805654,0.4046370590869598,False,False,0.5729799176564675,0.2497055359246172,0.24958123953098826,597,849,0.6157820341864386,en,f1,,,0.41244239631336405,0.007805337226404252,0.250,toxicity,encoder_minilm,EXP-003
hin,few_label_16_rand,0.23533977278853807,0.19688839922210175,25,0.3513291184020273,0.06463162868444775,0.4876609105180533,0.4345283018867924,0.2951251153375901,0.5654716981132075,0.5070906949352179,0.3513291184020273,False,False,0.5729799176564675,0.2497055359246172,0.24958123953098826,597,849,0.6157820341864386,en,f1,,,0.41244239631336405,0.06111327791133675,0.250,toxicity,encoder_minilm,EXP-003
hin,few_label_32_strat,0.06607777283472556,0.033172951323169136,25,0.40582008235074324,0.010846637721827725,0.7982417582417582,0.13283018867924526,0.26662457111339544,0.8671698113207548,0.8154534746760896,0.40582008235074324,True,False,0.5729799176564675,0.2497055359246172,0.24958123953098826,597,849,0.6157820341864386,en,f1,,,0.41244239631336405,0.006622313962620807,0.250,toxicity,encoder_minilm,EXP-003
hin,few_label_32_rand,0.19859178003745412,0.19192538975365642,25,0.36374903290078203,0.06379061083551044,0.5372056514913658,0.3837735849056603,0.29467189858339654,0.6162264150943397,0.5569375736160188,0.36374903290078203,False,False,0.5729799176564675,0.2497055359246172,0.24958123953098826,597,849,0.6157820341864386,en,f1,,,0.41244239631336405,0.048693363412582014,0.250,toxicity,encoder_minilm,EXP-003
hin,few_label_64_strat,0.059475661782494506,0.03458509518032074,25,0.40560697727619605,0.010254395646195675,0.8271899529042386,0.11132075471698112,0.26447274714818103,0.888679245283019,0.8425441696113074,0.40560697727619605,True,False,0.5729799176564675,0.2497055359246172,0.24958123953098826,597,849,0.6157820341864386,en,f1,,,0.41244239631336405,0.006835419037168,0.250,toxicity,encoder_minilm,EXP-003
hin,few_label_64_rand,0.11188871033768442,0.08615630288041945,25,0.3912557011840177,0.02694689147159879,0.66850863422292,0.2571698113207547,0.27404973855243325,0.7428301886792451,0.6870671378091872,0.3912557011840177,False,False,0.5729799176564675,0.2497055359246172,0.24958123953098826,597,849,0.6157820341864386,en,f1,,,0.41244239631336405,0.021186695129346345,0.250,toxicity,encoder_minilm,EXP-003
hin,few_label_128_strat,0.052431748293380966,0.02460660183621394,25,0.4088118821919425,0.004641009742248642,0.8487284144427002,0.08830188679245284,0.26422181111067117,0.911698113207547,0.8644522968197879,0.4088118821919425,True,False,0.5729799176564675,0.2497055359246172,0.24958123953098826,597,849,0.6157820341864386,en,f1,,,0.41244239631336405,0.0036305141214215686,0.250,toxicity,encoder_minilm,EXP-003
hin,few_label_128_rand,0.0917895891427517,0.03870255745109385,25,0.3982645484502155,0.017443776493446393,0.7024803767660912,0.22132075471698112,0.2702036822845957,0.7786792452830188,0.7215076560659598,0.3982645484502155,False,False,0.5729799176564675,0.2497055359246172,0.24958123953098826,597,849,0.6157820341864386,en,f1,,,0.41244239631336405,0.014177847863148518,0.250,toxicity,encoder_minilm,EXP-003
hin,few_label_256_strat,0.04230149491779878,0.022281802615098344,25,0.4095031051795516,0.0052988075961169735,0.8878492935635793,0.056415094339622635,0.2619359333381422,0.9435849056603774,0.9017667844522969,0.4095031051795516,True,False,0.5729799176564675,0.2497055359246172,0.24958123953098826,597,849,0.6157820341864386,en,f1,,,0.41244239631336405,0.0029392911338124716,0.250,toxicity,encoder_minilm,EXP-003
hin,few_label_256_rand,0.09372831548889039,0.02553260959284052,25,0.40229914165757885,0.013237158523613063,0.6867189952904239,0.22566037735849054,0.2731089823678678,0.7743396226415094,0.708598351001178,0.40229914165757885,False,False,0.5729799176564675,0.2497055359246172,0.24958123953098826,597,849,0.6157820341864386,en,f1,,,0.41244239631336405,0.010143254655785194,0.250,toxicity,encoder_minilm,EXP-003
hin,target_full,0.07735680318638638,0.0,1,0.41244239631336405,0.0,0.7488226059654631,0.15566037735849056,0.2728658536585366,0.8443396226415094,0.7726737338044759,0.41244239631336405,False,False,0.5729799176564675,0.2497055359246172,0.24958123953098826,597,849,0.6157820341864386,en,f1,0.3657893645320333,0.45353544535854423,0.41244239631336405,0.0,0.250,toxicity,encoder_minilm,EXP-003
hin,test_oracle_unachievable,0.04523829632787738,0.0,1,0.41769547325102874,0.0,0.8744113029827315,0.04245283018867924,0.26710526315789473,0.9575471698113207,0.8951707891637221,0.41769547325102874,True,False,0.5729799176564675,0.2497055359246172,0.24958123953098826,597,849,0.6157820341864386,en,f1,,,0.41244239631336405,-0.005253076937664691,0.250,toxicity,encoder_minilm,EXP-003
it,fixed_half,0.5,0.0,1,0.5031645569620253,0.0,0.2825520833333333,0.37890625,0.4228723404255319,0.62109375,0.3671875,0.5031645569620253,False,False,0.7152862548828125,0.25,0.24925373134328357,670,1024,0.6157820341864386,en,f1,,,0.5082508250825083,0.005086268120482962,0.250,toxicity,encoder_minilm,EXP-003
it,source_global,0.6157820341864386,0.0,1,0.47689463955637706,0.0,0.203125,0.49609375,0.45263157894736844,0.50390625,0.2783203125,0.47689463955637706,False,False,0.7152862548828125,0.25,0.24925373134328357,670,1024,0.6157820341864386,en,f1,0.4302314611671786,0.5244290794510937,0.5082508250825083,0.03135618552613123,0.250,toxicity,encoder_minilm,EXP-003
it,quantile_match,0.6453203176989397,0.0,1,0.47450980392156855,0.0,0.17317708333333334,0.52734375,0.4763779527559055,0.47265625,0.248046875,0.47450980392156855,False,False,0.7152862548828125,0.25,0.24925373134328357,670,1024,0.6157820341864386,en,f1,,,0.5082508250825083,0.033741021160939744,0.250,toxicity,encoder_minilm,EXP-003
it,sld_em,0.5944471715644085,0.0,1,0.4872727272727273,0.0,0.20833333333333334,0.4765625,0.4557823129251701,0.5234375,0.287109375,0.4872727272727273,False,False,0.7152862548828125,0.25,0.24925373134328357,670,1024,0.6157820341864386,en,f1,,,0.5082508250825083,0.020978097809780993,0.250,toxicity,encoder_minilm,EXP-003
it,bbse,0.5819201337793484,0.0,1,0.4857142857142857,0.0,0.21875,0.46875,0.4473684210526316,0.53125,0.296875,0.4857142857142857,False,False,0.7152862548828125,0.25,0.24925373134328357,670,1024,0.6157820341864386,en,f1,,,0.5082508250825083,0.022536539368222586,0.250,toxicity,encoder_minilm,EXP-003
it,few_label_8_strat,0.3614828708522076,0.19697172026707083,25,0.46776987252433727,0.02646340583347186,0.45208333333333334,0.28921875,0.3725525928480948,0.71078125,0.5167578125,0.46776987252433727,False,False,0.7152862548828125,0.25,0.24925373134328357,670,1024,0.6157820341864386,en,f1,,,0.5082508250825083,0.040480952558171024,0.250,toxicity,encoder_minilm,EXP-003
it,few_label_8_rand,0.42275562381607074,0.2630886839822289,25,0.4521195561510815,0.029462842262977018,0.41546875,0.34734375,0.3995206784711205,0.65265625,0.474765625,0.4521195561510815,False,False,0.7152862548828125,0.25,0.24925373134328357,670,1024,0.6157820341864386,en,f1,,,0.5082508250825083,0.05613126893142678,0.250,toxicity,encoder_minilm,EXP-003
it,few_label_16_strat,0.2927507083227454,0.16488564264579564,25,0.4651433734545753,0.02643181247652532,0.52265625,0.2325,0.34605907236342437,0.7675,0.5838671875,0.4651433734545753,False,False,0.7152862548828125,0.25,0.24925373134328357,670,1024,0.6157820341864386,en,f1,,,0.5082508250825083,0.043107451627933,0.250,toxicity,encoder_minilm,EXP-003
it,few_label_16_rand,0.5201342238587862,0.2320584355448508,25,0.4607119017484392,0.05010183262397217,0.31067708333333327,0.42078125,0.43998549428116085,0.57921875,0.3778125,0.4607119017484392,False,False,0.7152862548828125,0.25,0.24925373134328357,670,1024,0.6157820341864386,en,f1,,,0.5082508250825083,0.047538923334069116,0.250,toxicity,encoder_minilm,EXP-003
it,few_label_32_strat,0.2743347469955017,0.17548140762223866,25,0.45849685000378027,0.02571021898440796,0.5550520833333333,0.21875,0.33919051751423446,0.78125,0.6116015625,0.45849685000378027,False,False,0.7152862548828125,0.25,0.24925373134328357,670,1024,0.6157820341864386,en,f1,,,0.5082508250825083,0.04975397507872803,0.250,toxicity,encoder_minilm,EXP-003
it,few_label_32_rand,0.5628028026029651,0.24763635822549332,25,0.4456743499094148,0.05742809016849978,0.27958333333333335,0.4634375,0.46124578748427303,0.5365625,0.343828125,0.4456743499094148,False,False,0.7152862548828125,0.25,0.24925373134328357,670,1024,0.6157820341864386,en,f1,,,0.5082508250825083,0.0625764751730935,0.250,toxicity,encoder_minilm,EXP-003
it,few_label_64_strat,0.2097187801875274,0.13013375460746893,25,0.45242917334713234,0.024755402088403742,0.6275520833333333,0.16734375,0.3165642051625983,0.83265625,0.678828125,0.45242917334713234,False,False,0.7152862548828125,0.25,0.24925373134328357,670,1024,0.6157820341864386,en,f1,,,0.5082508250825083,0.055821651735375954,0.250,toxicity,encoder_minilm,EXP-003
it,few_label_64_rand,0.5336480842637252,0.19767367579917838,25,0.4713475007346296,0.035441276187604176,0.28265625,0.429375,0.4437605523217087,0.570625,0.3546484375,0.4713475007346296,False,False,0.7152862548828125,0.25,0.24925373134328357,670,1024,0.6157820341864386,en,f1,,,0.5082508250825083,0.036903324347878685,0.250,toxicity,encoder_minilm,EXP-003
it,few_label_128_strat,0.21747642250873306,0.13806310357086135,25,0.4539146879990939,0.024522104669030216,0.6169270833333333,0.173125,0.3196645443427701,0.826875,0.6694140625,0.4539146879990939,False,False,0.7152862548828125,0.25,0.24925373134328357,670,1024,0.6157820341864386,en,f1,,,0.5082508250825083,0.05433613708341439,0.250,toxicity,encoder_minilm,EXP-003
it,few_label_128_rand,0.5375324828981998,0.16845323198493065,25,0.47840285511623987,0.02261286696207802,0.27125,0.42984375,0.44348405822942377,0.57015625,0.3459765625,0.47840285511623987,False,False,0.7152862548828125,0.25,0.24925373134328357,670,1024,0.6157820341864386,en,f1,,,0.5082508250825083,0.02984796996626843,0.250,toxicity,encoder_minilm,EXP-003
it,few_label_256_strat,0.1353478982985833,0.040312643957045334,25,0.4383750014488087,0.007823532286697125,0.7228645833333333,0.111875,0.29161178495129286,0.888125,0.7641796875,0.4383750014488087,False,False,0.7152862548828125,0.25,0.24925373134328357,670,1024,0.6157820341864386,en,f1,,,0.5082508250825083,0.0698758236336996,0.250,toxicity,encoder_minilm,EXP-003
it,few_label_256_rand,0.528093606765903,0.1157940528228883,25,0.49119086940781254,0.018018254252462784,0.26739583333333333,0.41421875,0.43627760665534593,0.58578125,0.3469921875,0.49119086940781254,False,False,0.7152862548828125,0.25,0.24925373134328357,670,1024,0.6157820341864386,en,f1,,,0.5082508250825083,0.01705995567469576,0.250,toxicity,encoder_minilm,EXP-003
it,target_full,0.5291267912973048,0.0,1,0.5082508250825083,0.0,0.2552083333333333,0.3984375,0.44,0.6015625,0.341796875,0.5082508250825083,False,False,0.7152862548828125,0.25,0.24925373134328357,670,1024,0.6157820341864386,en,f1,0.45992938195233746,0.55608253381112,0.5082508250825083,0.0,0.250,toxicity,encoder_minilm,EXP-003
it,test_oracle_unachievable,0.5448500600064204,0.0,1,0.5152542372881356,0.0,0.23697916666666666,0.40625,0.4550898203592814,0.59375,0.326171875,0.5152542372881356,False,False,0.7152862548828125,0.25,0.24925373134328357,670,1024,0.6157820341864386,en,f1,,,0.5082508250825083,-0.00700341220562728,0.250,toxicity,encoder_minilm,EXP-003
ja,fixed_half,0.5,0.0,1,0.4738562091503268,0.0,0.2812089356110381,0.4268774703557312,0.403899721448468,0.5731225296442688,0.35404339250493094,0.4738562091503268,False,False,0.6959352422701562,0.2495069033530572,0.25,656,1014,0.6157820341864386,en,f1,,,0.4662251655629139,-0.0076310435874129,0.250,toxicity,encoder_minilm,EXP-003
ja,source_global,0.6157820341864386,0.0,1,0.461839530332681,0.0,0.18396846254927726,0.5335968379446641,0.4573643410852713,0.466403162055336,0.25443786982248523,0.461839530332681,False,False,0.6959352422701562,0.2495069033530572,0.25,656,1014,0.6157820341864386,en,f1,0.4116307924691158,0.5137254901960784,0.4662251655629139,0.004385635230232887,0.250,toxicity,encoder_minilm,EXP-003
ja,quantile_match,0.6221947411001079,0.0,1,0.45759368836291914,0.0,0.18134034165571616,0.541501976284585,0.4566929133858268,0.45849802371541504,0.2504930966469428,0.45759368836291914,False,False,0.6959352422701562,0.2495069033530572,0.25,656,1014,0.6157820341864386,en,f1,,,0.4662251655629139,0.008631477199994742,0.250,toxicity,encoder_minilm,EXP-003
ja,sld_em,0.6354172921702135,0.0,1,0.4618473895582329,0.0,0.17082785808147175,0.5454545454545454,0.46938775510204084,0.45454545454545453,0.2416173570019724,0.4618473895582329,False,False,0.6959352422701562,0.2495069033530572,0.25,656,1014,0.6157820341864386,en,f1,,,0.4662251655629139,0.004377776004680978,0.250,toxicity,encoder_minilm,EXP-003
ja,bbse,0.6122908563294985,0.0,1,0.4630350194552529,0.0,0.18659658344283836,0.5296442687747036,0.4559386973180077,0.47035573122529645,0.257396449704142,0.4630350194552529,False,False,0.6959352422701562,0.2495069033530572,0.25,656,1014,0.6157820341864386,en,f1,,,0.4662251655629139,0.003190146107660996,0.250,toxicity,encoder_minilm,EXP-003
ja,few_label_8_strat,0.3086306495713356,0.16624934530635507,25,0.4522500268967684,0.021371108273319277,0.516898817345598,0.2629249011857708,0.3413427553768206,0.7370750988142294,0.5718343195266273,0.4522500268967684,False,False,0.6959352422701562,0.2495069033530572,0.25,656,1014,0.6157820341864386,en,f1,,,0.4662251655629139,0.01397513866614547,0.250,toxicity,encoder_minilm,EXP-003
ja,few_label_8_rand,0.3927851580991076,0.2617188299170761,25,0.4336227072883402,0.05282535901508854,0.45434954007884365,0.34181818181818185,0.38006083658369155,0.6581818181818181,0.505207100591716,0.4336227072883402,False,False,0.6959352422701562,0.2495069033530572,0.25,656,1014,0.6157820341864386,en,f1,,,0.4662251655629139,0.0326024582745737,0.250,toxicity,encoder_minilm,EXP-003
ja,few_label_16_strat,0.26765630468385415,0.16788145501768983,25,0.4472048311956527,0.023547351323991075,0.5777135348226018,0.2232411067193676,0.32745853668356567,0.7767588932806325,0.6273767258382642,0.4472048311956527,False,False,0.6959352422701562,0.2495069033530572,0.25,656,1014,0.6157820341864386,en,f1,,,0.4662251655629139,0.019020334367261194,0.250,toxicity,encoder_minilm,EXP-003
ja,few_label_16_rand,0.46114050956431185,0.2536421708623185,25,0.43529929161236064,0.05493889759249501,0.373718791064389,0.39857707509881424,0.4078432831875461,0.6014229249011858,0.43053254437869826,0.43529929161236064,False,False,0.6959352422701562,0.2495069033530572,0.25,656,1014,0.6157820341864386,en,f1,,,0.4662251655629139,0.03092587395055324,0.250,toxicity,encoder_minilm,EXP-003
ja,few_label_32_strat,0.2013063344509355,0.15920011557395528,25,0.4378940860702336,0.029301628748315853,0.6756898817345599,0.1656916996047431,0.3070574148268383,0.8343083003952568,0.715266272189349,0.4378940860702336,False,False,0.6959352422701562,0.2495069033530572,0.25,656,1014,0.6157820341864386,en,f1,,,0.4662251655629139,0.028331079492680267,0.250,toxicity,encoder_minilm,EXP-003
ja,few_label_32_rand,0.5149005924805676,0.230618229230089,25,0.4399242118503125,0.04432795367355872,0.3119053876478318,0.44600790513833993,0.42930297639381165,0.5539920948616601,0.3723076923076923,0.4399242118503125,False,False,0.6959352422701562,0.2495069033530572,0.25,656,1014,0.6157820341864386,en,f1,,,0.4662251655629139,0.026300953712601383,0.250,toxicity,encoder_minilm,EXP-003
ja,few_label_64_strat,0.18954941481662285,0.15595314279695505,25,0.4343475507617577,0.030898387633588546,0.6958212877792378,0.15936758893280634,0.30186296571602556,0.8406324110671938,0.7319526627218934,0.4343475507617577,False,False,0.6959352422701562,0.2495069033530572,0.25,656,1014,0.6157820341864386,en,f1,,,0.4662251655629139,0.031877614801156196,0.250,toxicity,encoder_minilm,EXP-003
ja,few_label_64_rand,0.4792465822236193,0.1471518319106315,25,0.46301933668833806,0.017152302307212382,0.3180026281208936,0.4115415019762846,0.40285624835400524,0.5884584980237154,0.3854832347140039,0.46301933668833806,False,False,0.6959352422701562,0.2495069033530572,0.25,656,1014,0.6157820341864386,en,f1,,,0.4662251655629139,0.0032058288745758223,0.250,toxicity,encoder_minilm,EXP-003
ja,few_label_128_strat,0.17602956853961774,0.11630245569028042,25,0.4352028680691687,0.022863284065029237,0.7050197109067018,0.14150197628458497,0.296521278197214,0.8584980237154152,0.7433136094674555,0.4352028680691687,False,False,0.6959352422701562,0.2495069033530572,0.25,656,1014,0.6157820341864386,en,f1,,,0.4662251655629139,0.031022297493745188,0.250,toxicity,encoder_minilm,EXP-003
ja,few_label_128_rand,0.47674784621451016,0.1387711650159165,25,0.4664968902179274,0.011272394878429301,0.31526938239159,0.4071146245059289,0.4028246350120912,0.592885375494071,0.3845364891518738,0.4664968902179274,False,False,0.6959352422701562,0.2495069033530572,0.25,656,1014,0.6157820341864386,en,f1,,,0.4662251655629139,-0.0002717246550135166,0.250,toxicity,encoder_minilm,EXP-003
ja,few_label_256_strat,0.15315601816299843,0.06353637332656023,25,0.43227464635474666,0.015274270335433958,0.7344021024967149,0.11889328063241107,0.28771560658123735,0.881106719367589,0.7710059171597632,0.43227464635474666,False,False,0.6959352422701562,0.2495069033530572,0.25,656,1014,0.6157820341864386,en,f1,,,0.4662251655629139,0.03395051920816722,0.250,toxicity,encoder_minilm,EXP-003
ja,few_label_256_rand,0.43699141065486846,0.13199572525650236,25,0.4660593097061236,0.011387138853303239,0.3498554533508541,0.3762845849802372,0.3872594014342888,0.6237154150197629,0.4181854043392505,0.4660593097061236,False,False,0.6959352422701562,0.2495069033530572,0.25,656,1014,0.6157820341864386,en,f1,,,0.4662251655629139,0.0001658558567902979,0.250,toxicity,encoder_minilm,EXP-003
ja,target_full,0.34786769810075546,0.0,1,0.4662251655629139,0.0,0.4283837056504599,0.30434782608695654,0.350597609561753,0.6956521739130435,0.49506903353057197,0.4662251655629139,False,False,0.6959352422701562,0.2495069033530572,0.25,656,1014,0.6157820341864386,en,f1,0.4209110909440915,0.5103669478847648,0.4662251655629139,0.0,0.250,toxicity,encoder_minilm,EXP-003
ja,test_oracle_unachievable,0.47406116799763365,0.0,1,0.4834123222748815,0.0,0.2982917214191853,0.3952569169960474,0.4026315789473684,0.6047430830039525,0.3747534516765286,0.4834123222748815,False,False,0.6959352422701562,0.2495069033530572,0.25,656,1014,0.6157820341864386,en,f1,,,0.4662251655629139,-0.017187156711967633,0.250,toxicity,encoder_minilm,EXP-003
ru,fixed_half,0.5,0.0,1,0.6886792452830188,0.0,0.21550591327201052,0.13438735177865613,0.5718015665796344,0.8656126482213439,0.3777120315581854,0.6886792452830188,False,False,0.9093402170017607,0.2495069033530572,0.25,656,1014,0.6157820341864386,en,f1,,,0.7364185110663984,0.047739265783379614,0.250,toxicity,encoder_minilm,EXP-003
ru,source_global,0.6157820341864386,0.0,1,0.7089947089947091,0.0,0.14848883048620237,0.20553359683794467,0.6401273885350318,0.7944664031620553,0.3096646942800789,0.7089947089947091,False,False,0.9093402170017607,0.2495069033530572,0.25,656,1014,0.6157820341864386,en,f1,0.6631200932984411,0.7487026689774697,0.7364185110663984,0.027423802071689374,0.250,toxicity,encoder_minilm,EXP-003
ru,quantile_match,0.7631862922495971,0.0,1,0.7346938775510204,0.0,0.07490144546649145,0.2885375494071146,0.759493670886076,0.7114624505928854,0.23372781065088757,0.7346938775510204,False,False,0.9093402170017607,0.2495069033530572,0.25,656,1014,0.6157820341864386,en,f1,,,0.7364185110663984,0.0017246335153779935,0.250,toxicity,encoder_minilm,EXP-003
ru,sld_em,0.4395062607896545,0.0,1,0.6706231454005934,0.0,0.25624178712220763,0.1067193675889328,0.5368171021377672,0.8932806324110671,0.4151873767258383,0.6706231454005934,False,False,0.9093402170017607,0.2495069033530572,0.25,656,1014,0.6157820341864386,en,f1,,,0.7364185110663984,0.06579536566580502,0.250,toxicity,encoder_minilm,EXP-003
ru,bbse,0.5004072501720127,0.0,1,0.6886792452830188,0.0,0.21550591327201052,0.13438735177865613,0.5718015665796344,0.8656126482213439,0.3777120315581854,0.6886792452830188,False,False,0.9093402170017607,0.2495069033530572,0.25,656,1014,0.6157820341864386,en,f1,,,0.7364185110663984,0.047739265783379614,0.250,toxicity,encoder_minilm,EXP-003
ru,few_label_8_strat,0.5198484246560818,0.205597734979975,25,0.6630671572358265,0.07166241282558553,0.24446780551905392,0.16822134387351778,0.5853677465897215,0.8317786561264824,0.3910059171597633,0.6630671572358265,False,False,0.9093402170017607,0.2495069033530572,0.25,656,1014,0.6157820341864386,en,f1,,,0.7364185110663984,0.0733513538305719,0.250,toxicity,encoder_minilm,EXP-003
ru,few_label_8_rand,0.6844985975649982,0.17269453463529486,25,0.6863294235405766,0.04405572119184486,0.12693823915900132,0.2766798418972332,0.6980854793850176,0.7233201581027668,0.2757396449704142,0.6863294235405766,False,False,0.9093402170017607,0.2495069033530572,0.25,656,1014,0.6157820341864386,en,f1,,,0.7364185110663984,0.05008908752582186,0.250,toxicity,encoder_minilm,EXP-003
ru,few_label_16_strat,0.5037697056056206,0.19305643024887106,25,0.6662644306027782,0.0714575653540192,0.25135348226018395,0.15541501976284586,0.5767988897497801,0.8445849802371542,0.3993688362919132,0.6662644306027782,False,False,0.9093402170017607,0.2495069033530572,0.25,656,1014,0.6157820341864386,en,f1,,,0.7364185110663984,0.07015408046362026,0.250,toxicity,encoder_minilm,EXP-003
ru,few_label_16_rand,0.6877437844901765,0.19391444081810524,25,0.6782199142472989,0.07661841310810777,0.1340341655716163,0.28284584980237154,0.7004372138317243,0.7171541501976284,0.2795266272189349,0.6782199142472989,False,False,0.9093402170017607,0.2495069033530572,0.25,656,1014,0.6157820341864386,en,f1,,,0.7364185110663984,0.05819859681909956,0.250,toxicity,encoder_minilm,EXP-003
ru,few_label_32_strat,0.5781704119644955,0.15346351666008898,25,0.6944333051321562,0.04096615423673185,0.1836005256241787,0.18624505928853755,0.6248520970971202,0.8137549407114624,0.34082840236686396,0.6944333051321562,False,False,0.9093402170017607,0.2495069033530572,0.25,656,1014,0.6157820341864386,en,f1,,,0.7364185110663984,0.041985205934242265,0.250,toxicity,encoder_minilm,EXP-003
ru,few_label_32_rand,0.7347428282942994,0.15537264829904412,25,0.6895074959424126,0.08370701793099257,0.10307490144546652,0.3049802371541502,0.7330276493922417,0.6950197628458497,0.25076923076923074,0.6895074959424126,False,False,0.9093402170017607,0.2495069033530572,0.25,656,1014,0.6157820341864386,en,f1,,,0.7364185110663984,0.04691101512398588,0.250,toxicity,encoder_minilm,EXP-003
ru,few_label_64_strat,0.5806096893777107,0.10539652064904291,25,0.7016391855919077,0.023397231339471195,0.17109067017082785,0.1857707509881423,0.6249351726190622,0.8142292490118578,0.3315581854043393,0.7016391855919077,False,False,0.9093402170017607,0.2495069033530572,0.25,656,1014,0.6157820341864386,en,f1,,,0.7364185110663984,0.0347793254744907,0.250,toxicity,encoder_minilm,EXP-003
ru,few_label_64_rand,0.7703604767653621,0.10324871915243493,25,0.6944795037453723,0.06852505165151332,0.07947437582128777,0.33138339920948623,0.7566239652181035,0.6686166007905138,0.22646942800788952,0.6944795037453723,False,False,0.9093402170017607,0.2495069033530572,0.25,656,1014,0.6157820341864386,en,f1,,,0.7364185110663984,0.04193900732102618,0.250,toxicity,encoder_minilm,EXP-003
ru,few_label_128_strat,0.5582039546048505,0.11824725912076402,25,0.6927139959304472,0.02933221285284759,0.18954007884362678,0.1745454545454545,0.6073817920085401,0.8254545454545454,0.34820512820512817,0.6927139959304472,False,False,0.9093402170017607,0.2495069033530572,0.25,656,1014,0.6157820341864386,en,f1,,,0.7364185110663984,0.043704515135951194,0.250,toxicity,encoder_minilm,EXP-003
ru,few_label_128_rand,0.7467995809046668,0.08393820908251215,25,0.7310222054222504,0.012959226506503357,0.08662286465177399,0.2754150197628459,0.7457814127565722,0.7245849802371542,0.24579881656804736,0.7310222054222504,False,False,0.9093402170017607,0.2495069033530572,0.25,656,1014,0.6157820341864386,en,f1,,,0.7364185110663984,0.005396305644148058,0.250,toxicity,encoder_minilm,EXP-003
ru,few_label_256_strat,0.585459822875265,0.09672647839001516,25,0.7036393910003325,0.019197630175858533,0.16772667542706965,0.18656126482213442,0.6274120627645567,0.8134387351778656,0.32883629191321495,0.7036393910003325,False,False,0.9093402170017607,0.2495069033530572,0.25,656,1014,0.6157820341864386,en,f1,,,0.7364185110663984,0.03277912006606598,0.250,toxicity,encoder_minilm,EXP-003
ru,few_label_256_rand,0.7684567727731972,0.05382378682078621,25,0.7283569202387425,0.029811758681825996,0.07563731931668857,0.29533596837944665,0.7608717599703774,0.7046640316205535,0.2325838264299803,0.7283569202387425,False,False,0.9093402170017607,0.2495069033530572,0.25,656,1014,0.6157820341864386,en,f1,,,0.7364185110663984,0.008061590827655896,0.250,toxicity,encoder_minilm,EXP-003
ru,target_full,0.7552240701528703,0.0,1,0.7364185110663984,0.0,0.08015768725361366,0.2766798418972332,0.75,0.7233201581027668,0.2406311637080868,0.7364185110663984,False,False,0.9093402170017607,0.2495069033530572,0.25,656,1014,0.6157820341864386,en,f1,0.6915022201950553,0.7784638017630765,0.7364185110663984,0.0,0.250,toxicity,encoder_minilm,EXP-003
ru,test_oracle_unachievable,0.7967452695814258,0.0,1,0.74321503131524,0.0,0.06307490144546649,0.2964426877470356,0.7876106194690266,0.7035573122529645,0.22287968441814596,0.74321503131524,False,False,0.9093402170017607,0.2495069033530572,0.25,656,1014,0.6157820341864386,en,f1,,,0.7364185110663984,-0.0067965202488415866,0.250,toxicity,encoder_minilm,EXP-003
tt,fixed_half,0.5,0.0,1,0.3486454652532391,0.0,0.5976095617529881,0.4103585657370518,0.24749163879598662,0.5896414342629482,0.5956175298804781,0.3486454652532391,False,False,0.5264784156865235,0.25,0.25,728,1004,0.6157820341864386,en,f1,,,0.3906655142610198,0.042020049007780724,0.250,toxicity,encoder_minilm,EXP-003
tt,source_global,0.6157820341864386,0.0,1,0.3497997329773031,0.0,0.48738379814077026,0.47808764940239046,0.26305220883534136,0.5219123505976095,0.4960159362549801,0.3497997329773031,False,False,0.5264784156865235,0.25,0.25,728,1004,0.6157820341864386,en,f1,0.3084956124534199,0.39257439877909694,0.3906655142610198,0.04086578128371671,0.250,toxicity,encoder_minilm,EXP-003
tt,quantile_match,0.8393733160340333,0.0,1,0.30078125,0.0,0.24435590969455512,0.6932270916334662,0.2950191570881226,0.30677290836653387,0.2599601593625498,0.30078125,False,False,0.5264784156865235,0.25,0.25,728,1004,0.6157820341864386,en,f1,,,0.3906655142610198,0.08988426426101981,0.250,toxicity,encoder_minilm,EXP-003
tt,sld_em,0.22254331845781145,0.0,1,0.3897058823529412,0.0,0.8300132802124834,0.1553784860557769,0.2532855436081243,0.8446215139442231,0.8336653386454184,0.3897058823529412,True,False,0.5264784156865235,0.25,0.25,728,1004,0.6157820341864386,en,f1,,,0.3906655142610198,0.0009596319080786286,0.250,toxicity,encoder_minilm,EXP-003
tt,bbse,0.3569764351363213,0.0,1,0.37512953367875645,0.0,0.7078353253652059,0.2788844621513944,0.2535014005602241,0.7211155378486056,0.7111553784860558,0.37512953367875645,False,False,0.5264784156865235,0.25,0.25,728,1004,0.6157820341864386,en,f1,,,0.3906655142610198,0.015535980582263353,0.250,toxicity,encoder_minilm,EXP-003
tt,few_label_8_strat,0.3891228334511204,0.21085578622876003,25,0.36859091096138163,0.023071897727637073,0.6809030544488712,0.3023107569721115,0.2573257957599791,0.6976892430278884,0.6850996015936256,0.36859091096138163,False,False,0.5264784156865235,0.25,0.25,728,1004,0.6157820341864386,en,f1,,,0.3906655142610198,0.022074603299638174,0.250,toxicity,encoder_minilm,EXP-003
tt,few_label_8_rand,0.506543418583492,0.2544455803543717,25,0.3505150327708254,0.03673130461143389,0.5734926958831342,0.4030278884462151,0.26369298952321707,0.5969721115537848,0.5793625498007969,0.3505150327708254,False,False,0.5264784156865235,0.25,0.25,728,1004,0.6157820341864386,en,f1,,,0.3906655142610198,0.0401504814901944,0.250,toxicity,encoder_minilm,EXP-003
tt,few_label_16_strat,0.2495489636426739,0.1329592156900981,25,0.38319247320722694,0.014451070317707544,0.809933598937583,0.18294820717131471,0.2517014427353046,0.8170517928286852,0.8117131474103586,0.38319247320722694,True,False,0.5264784156865235,0.25,0.25,728,1004,0.6157820341864386,en,f1,,,0.3906655142610198,0.007473041053792873,0.250,toxicity,encoder_minilm,EXP-003
tt,few_label_16_rand,0.48873870905124434,0.25543327922746245,25,0.35045524636773046,0.05538331127325598,0.5854448871181939,0.3880478087649402,0.26801436507441945,0.6119521912350597,0.5920717131474104,0.35045524636773046,False,False,0.5264784156865235,0.25,0.25,728,1004,0.6157820341864386,en,f1,,,0.3906655142610198,0.04021026789328935,0.250,toxicity,encoder_minilm,EXP-003
tt,few_label_32_strat,0.20107565211562428,0.11746055585690583,25,0.38721535165711557,0.013058917574434665,0.8545551128818062,0.14103585657370518,0.25100108091497836,0.8589641434262947,0.8556573705179283,0.38721535165711557,True,False,0.5264784156865235,0.25,0.25,728,1004,0.6157820341864386,en,f1,,,0.3906655142610198,0.003450162603904239,0.250,toxicity,encoder_minilm,EXP-003
tt,few_label_32_rand,0.40019032423025735,0.27374507241605955,25,0.3542001062616299,0.06367339834122547,0.6642762284196547,0.3195219123505976,0.2636116836436282,0.6804780876494024,0.6683266932270918,0.3542001062616299,False,False,0.5264784156865235,0.25,0.25,728,1004,0.6157820341864386,en,f1,,,0.3906655142610198,0.03646540799938991,0.250,toxicity,encoder_minilm,EXP-003
tt,few_label_64_strat,0.18010885184228362,0.11236716337520138,25,0.3894764286134172,0.011364635704402777,0.8746347941567066,0.12079681274900396,0.25108271343015176,0.879203187250996,0.8757768924302788,0.3894764286134172,True,False,0.5264784156865235,0.25,0.25,728,1004,0.6157820341864386,en,f1,,,0.3906655142610198,0.0011890856476026168,0.250,toxicity,encoder_minilm,EXP-003
tt,few_label_64_rand,0.4546479902217612,0.23785226637768983,25,0.35402740315689774,0.04987640262488746,0.6180610889774236,0.3630278884462152,0.25978496189312256,0.6369721115537849,0.6227888446215138,0.35402740315689774,False,False,0.5264784156865235,0.25,0.25,728,1004,0.6157820341864386,en,f1,,,0.3906655142610198,0.03663811110412207,0.250,toxicity,encoder_minilm,EXP-003
tt,few_label_128_strat,0.12944130237323193,0.06409083060310297,25,0.39238463852613487,0.007447978431369304,0.9223373173970784,0.0795219123505976,0.24961547554411936,0.9204780876494024,0.9218725099601593,0.39238463852613487,True,False,0.5264784156865235,0.25,0.25,728,1004,0.6157820341864386,en,f1,,,0.3906655142610198,-0.0017191242651150573,0.250,toxicity,encoder_minilm,EXP-003
tt,few_label_128_rand,0.26823864554316434,0.18449142989313944,25,0.3795000717471281,0.019274432690758615,0.7945816733067729,0.19984063745019917,0.2524717686549969,0.8001593625498008,0.7959760956175299,0.3795000717471281,False,False,0.5264784156865235,0.25,0.25,728,1004,0.6157820341864386,en,f1,,,0.3906655142610198,0.011165442513891732,0.250,toxicity,encoder_minilm,EXP-003
tt,few_label_256_strat,0.12120104156515599,0.03626357628207976,25,0.39419505101584684,0.005684077112931148,0.9311553784860558,0.06836653386454182,0.25006803004659184,0.9316334661354583,0.9312749003984065,0.39419505101584684,True,False,0.5264784156865235,0.25,0.25,728,1004,0.6157820341864386,en,f1,,,0.3906655142610198,-0.003529536754827034,0.250,toxicity,encoder_minilm,EXP-003
tt,few_label_256_rand,0.2736532076548871,0.12822189571169323,25,0.3799849827283442,0.014284732693682422,0.7881540504648075,0.20701195219123505,0.25123483718929085,0.7929880478087648,0.7893625498007968,0.3799849827283442,False,False,0.5264784156865235,0.25,0.25,728,1004,0.6157820341864386,en,f1,,,0.3906655142610198,0.010680531532675619,0.250,toxicity,encoder_minilm,EXP-003
tt,target_full,0.15206864884502536,0.0,1,0.3906655142610198,0.0,0.9030544488711819,0.099601593625498,0.24944812362030905,0.900398406374502,0.9023904382470119,0.3906655142610198,True,False,0.5264784156865235,0.25,0.25,728,1004,0.6157820341864386,en,f1,0.35560820597342924,0.4237804998323372,0.3906655142610198,0.0,0.250,toxicity,encoder_minilm,EXP-003
tt,test_oracle_unachievable,0.07641917613566471,0.0,1,0.40680713128038903,0.0,0.9721115537848606,0.0,0.25534079348931843,1.0,0.9790836653386454,0.40680713128038903,True,False,0.5264784156865235,0.25,0.25,728,1004,0.6157820341864386,en,f1,,,0.3906655142610198,-0.016141617019369225,0.250,toxicity,encoder_minilm,EXP-003
uk,fixed_half,0.5,0.0,1,0.5199362041467305,0.0,0.2776315789473684,0.3557312252964427,0.4358288770053476,0.6442687747035574,0.36920039486673245,0.5199362041467305,False,False,0.7576138964010818,0.24975320829220138,0.24925816023738873,674,1013,0.6157820341864386,en,f1,,,0.5195618153364632,-0.000374388810267301,0.250,toxicity,encoder_minilm,EXP-003
uk,source_global,0.6157820341864386,0.0,1,0.5137614678899082,0.0,0.2,0.44664031620553357,0.4794520547945205,0.5533596837944664,0.2882527147087858,0.5137614678899082,False,False,0.7576138964010818,0.24975320829220138,0.24925816023738873,674,1013,0.6157820341864386,en,f1,0.4606730514022826,0.56356408940414,0.5195618153364632,0.005800347446554999,0.250,toxicity,encoder_minilm,EXP-003
uk,quantile_match,0.6351093864134566,0.0,1,0.5141776937618149,0.0,0.18421052631578946,0.4624505928853755,0.4927536231884058,0.5375494071146245,0.2724580454096742,0.5141776937618149,False,False,0.7576138964010818,0.24975320829220138,0.24925816023738873,674,1013,0.6157820341864386,en,f1,,,0.5195618153364632,0.005384121574648293,0.250,toxicity,encoder_minilm,EXP-003
uk,sld_em,0.60348566926206,0.0,1,0.5134649910233393,0.0,0.2118421052631579,0.43478260869565216,0.47039473684210525,0.5652173913043478,0.30009871668311944,0.5134649910233393,False,False,0.7576138964010818,0.24975320829220138,0.24925816023738873,674,1013,0.6157820341864386,en,f1,,,0.5195618153364632,0.006096824313123861,0.250,toxicity,encoder_minilm,EXP-003
uk,bbse,0.6011671518166499,0.0,1,0.5125448028673835,0.0,0.2131578947368421,0.43478260869565216,0.46885245901639344,0.5652173913043478,0.3010858835143139,0.5125448028673835,False,False,0.7576138964010818,0.24975320829220138,0.24925816023738873,674,1013,0.6157820341864386,en,f1,,,0.5195618153364632,0.007017012469079709,0.250,toxicity,encoder_minilm,EXP-003
uk,few_label_8_strat,0.30860027287961367,0.1929904742427076,25,0.4900682382421268,0.03209814309436872,0.4916315789473684,0.2074308300395257,0.37295084656234484,0.7925691699604742,0.5667917077986179,0.4900682382421268,False,False,0.7576138964010818,0.24975320829220138,0.24925816023738873,674,1013,0.6157820341864386,en,f1,,,0.5195618153364632,0.029493577094336365,0.250,toxicity,encoder_minilm,EXP-003
uk,few_label_8_rand,0.47928317467491455,0.27362475409717146,25,0.46801247268487145,0.09273201657000257,0.3572631578947368,0.35731225296442687,0.4516489773712033,0.642687747035573,0.42854886475814413,0.46801247268487145,False,False,0.7576138964010818,0.24975320829220138,0.24925816023738873,674,1013,0.6157820341864386,en,f1,,,0.5195618153364632,0.05154934265159172,0.250,toxicity,encoder_minilm,EXP-003
uk,few_label_16_strat,0.30780381616238695,0.18275756983756675,25,0.49051466579502206,0.035698653114236686,0.4903157894736843,0.20758893280632407,0.37261206815027614,0.7924110671936758,0.5657650542941757,0.49051466579502206,False,False,0.7576138964010818,0.24975320829220138,0.24925816023738873,674,1013,0.6157820341864386,en,f1,,,0.5195618153364632,0.02904714954144111,0.250,toxicity,encoder_minilm,EXP-003
uk,few_label_16_rand,0.47692466875687467,0.2591953637331393,25,0.4787439263068521,0.05399219789987779,0.34510526315789475,0.3503557312252964,0.44422156516308264,0.6496442687747036,0.4211648568608095,0.4787439263068521,False,False,0.7576138964010818,0.24975320829220138,0.24925816023738873,674,1013,0.6157820341864386,en,f1,,,0.5195618153364632,0.04081788902961109,0.250,toxicity,encoder_minilm,EXP-003
uk,few_label_32_strat,0.2757484757195224,0.1680706671146921,25,0.4886273307907534,0.03681916794098845,0.5286842105263159,0.181501976284585,0.35983588286771345,0.818498023715415,0.60106614017769,0.4886273307907534,False,False,0.7576138964010818,0.24975320829220138,0.24925816023738873,674,1013,0.6157820341864386,en,f1,,,0.5195618153364632,0.030934484545709795,0.250,toxicity,encoder_minilm,EXP-003
uk,few_label_32_rand,0.49982876739768606,0.26763378886210365,25,0.47670009801944635,0.053081102431030605,0.3336315789473684,0.36932806324110673,0.4500453251694419,0.6306719367588932,0.4078183613030602,0.47670009801944635,False,False,0.7576138964010818,0.24975320829220138,0.24925816023738873,674,1013,0.6157820341864386,en,f1,,,0.5195618153364632,0.04286171731701682,0.250,toxicity,encoder_minilm,EXP-003
uk,few_label_64_strat,0.25535122007039684,0.13571627127868538,25,0.4899151561658828,0.030067053352873786,0.5361052631578948,0.16490118577075097,0.3537442522863554,0.835098814229249,0.6107798617966437,0.4899151561658828,False,False,0.7576138964010818,0.24975320829220138,0.24925816023738873,674,1013,0.6157820341864386,en,f1,,,0.5195618153364632,0.029646659170580347,0.250,toxicity,encoder_minilm,EXP-003
uk,few_label_64_rand,0.5223084564064082,0.14996924912152362,25,0.5113792779845191,0.02039083379516471,0.2759473684210526,0.3732806324110672,0.44991478961638515,0.6267193675889328,0.3635538005923001,0.5113792779845191,False,False,0.7576138964010818,0.24975320829220138,0.24925816023738873,674,1013,0.6157820341864386,en,f1,,,0.5195618153364632,0.008182537351944075,0.250,toxicity,encoder_minilm,EXP-003
uk,few_label_128_strat,0.25520408220315,0.12180514969714999,25,0.49002321571366414,0.030040103638977043,0.533578947368421,0.16679841897233202,0.35275803280018747,0.833201581027668,0.6084106614017769,0.49002321571366414,False,False,0.7576138964010818,0.24975320829220138,0.24925816023738873,674,1013,0.6157820341864386,en,f1,,,0.5195618153364632,0.029538599622799033,0.250,toxicity,encoder_minilm,EXP-003
uk,few_label_128_rand,0.46264968754777797,0.14761527661578555,25,0.5116160435768193,0.016184830498777766,0.32,0.3252173913043478,0.4273967781482261,0.6747826086956522,0.4086080947680158,0.5116160435768193,False,False,0.7576138964010818,0.24975320829220138,0.24925816023738873,674,1013,0.6157820341864386,en,f1,,,0.5195618153364632,0.007945771759643838,0.250,toxicity,encoder_minilm,EXP-003
uk,few_label_256_strat,0.2725282369423018,0.08422024740094727,25,0.49558086392131173,0.022854437279796122,0.5021052631578947,0.18007905138339922,0.35771922861708627,0.8199209486166009,0.5814807502467917,0.49558086392131173,False,False,0.7576138964010818,0.24975320829220138,0.24925816023738873,674,1013,0.6157820341864386,en,f1,,,0.5195618153364632,0.02398095141515144,0.250,toxicity,encoder_minilm,EXP-003
uk,few_label_256_rand,0.43315039750717516,0.10481214827719997,25,0.5190062277976736,0.009203799012688548,0.3372631578947369,0.29533596837944665,0.4178131032965948,0.7046640316205532,0.42902270483711746,0.5190062277976736,False,False,0.7576138964010818,0.24975320829220138,0.24925816023738873,674,1013,0.6157820341864386,en,f1,,,0.5195618153364632,0.0005555875387895925,0.250,toxicity,encoder_minilm,EXP-003
uk,target_full,0.48492286270707397,0.0,1,0.5195618153364632,0.0,0.2894736842105263,0.3438735177865613,0.43005181347150256,0.6561264822134387,0.3810463968410661,0.5195618153364632,False,False,0.7576138964010818,0.24975320829220138,0.24925816023738873,674,1013,0.6157820341864386,en,f1,0.471946267660474,0.5632267518614352,0.5195618153364632,0.0,0.250,toxicity,encoder_minilm,EXP-003
uk,test_oracle_unachievable,0.5421266167906542,0.0,1,0.5360134003350083,0.0,0.24210526315789474,0.3675889328063241,0.46511627906976744,0.6324110671936759,0.3395853899308983,0.5360134003350083,False,False,0.7576138964010818,0.24975320829220138,0.24925816023738873,674,1013,0.6157820341864386,en,f1,,,0.5195618153364632,-0.016451584998545155,0.250,toxicity,encoder_minilm,EXP-003
zh,fixed_half,0.5,0.0,1,0.40188383045525905,0.0,0.3421750663129973,0.4900398406374502,0.3316062176165803,0.5099601593625498,0.38407960199004976,0.40188383045525905,False,False,0.6217041647732676,0.24975124378109453,0.24962852897473997,673,1005,0.6157820341864386,en,f1,,,0.4169530355097366,0.015069205054477564,0.250,toxicity,encoder_minilm,EXP-003
zh,source_global,0.6157820341864386,0.0,1,0.40145985401459855,0.0,0.2480106100795756,0.5617529880478087,0.37037037037037035,0.43824701195219123,0.2955223880597015,0.40145985401459855,False,False,0.6217041647732676,0.24975124378109453,0.24962852897473997,673,1005,0.6157820341864386,en,f1,0.3518518518518519,0.45071284349453367,0.4169530355097366,0.015493181495138064,0.250,toxicity,encoder_minilm,EXP-003
zh,quantile_match,0.6634217074386508,0.0,1,0.3984526112185687,0.0,0.21618037135278514,0.5896414342629482,0.38721804511278196,0.4103585657370518,0.2646766169154229,0.3984526112185687,False,False,0.6217041647732676,0.24975124378109453,0.24962852897473997,673,1005,0.6157820341864386,en,f1,,,0.4169530355097366,0.01850042429116794,0.250,toxicity,encoder_minilm,EXP-003
zh,sld_em,0.5304862669613931,0.0,1,0.41050903119868637,0.0,0.3090185676392573,0.50199203187251,0.34916201117318435,0.49800796812749004,0.3562189054726368,0.41050903119868637,False,False,0.6217041647732676,0.24975124378109453,0.24962852897473997,673,1005,0.6157820341864386,en,f1,,,0.4169530355097366,0.006444004311050244,0.250,toxicity,encoder_minilm,EXP-003
zh,bbse,0.5570064323802169,0.0,1,0.39999999999999997,0.0,0.28779840848806365,0.5338645418326693,0.3502994011976048,0.46613545816733065,0.33233830845771145,0.39999999999999997,False,False,0.6217041647732676,0.24975124378109453,0.24962852897473997,673,1005,0.6157820341864386,en,f1,,,0.4169530355097366,0.016953035509736647,0.250,toxicity,encoder_minilm,EXP-003
zh,few_label_8_strat,0.27591517967386503,0.2578024359462372,25,0.3991536490052096,0.02564687804747811,0.6294960212201591,0.26772908366533865,0.29893068975619,0.7322709163346613,0.6551641791044777,0.3991536490052096,False,False,0.6217041647732676,0.24975124378109453,0.24962852897473997,673,1005,0.6157820341864386,en,f1,,,0.4169530355097366,0.017799386504527004,0.250,toxicity,encoder_minilm,EXP-003
zh,few_label_8_rand,0.4892451242369791,0.2949658282797248,25,0.35910147738704057,0.09983528234163436,0.3984615384615385,0.4717131474103586,0.3513246922744963,0.5282868525896414,0.4308855721393035,0.35910147738704057,False,False,0.6217041647732676,0.24975124378109453,0.24962852897473997,673,1005,0.6157820341864386,en,f1,,,0.4169530355097366,0.057851558122696045,0.250,toxicity,encoder_minilm,EXP-003
zh,few_label_16_strat,0.18442514149772848,0.15485542990210932,25,0.41116323315006303,0.006241018398122887,0.7154376657824933,0.1869322709163347,0.2820051574814072,0.8130677290836654,0.7398208955223881,0.41116323315006303,False,False,0.6217041647732676,0.24975124378109453,0.24962852897473997,673,1005,0.6157820341864386,en,f1,,,0.4169530355097366,0.005789802359673579,0.250,toxicity,encoder_minilm,EXP-003
zh,few_label_16_rand,0.4391213075365876,0.2992807124787164,25,0.36574183995507265,0.0925514780146436,0.4488063660477454,0.42820717131474095,0.3299673013090502,0.571792828685259,0.4795223880597015,0.36574183995507265,False,False,0.6217041647732676,0.24975124378109453,0.24962852897473997,673,1005,0.6157820341864386,en,f1,,,0.4169530355097366,0.05121119555466397,0.250,toxicity,encoder_minilm,EXP-003
zh,few_label_32_strat,0.13534006273179475,0.11645539983721458,25,0.40958745995130824,0.00649791018069381,0.7803713527851458,0.14071713147410356,0.27243617041895035,0.8592828685258965,0.8000796019900498,0.40958745995130824,True,False,0.6217041647732676,0.24975124378109453,0.24962852897473997,673,1005,0.6157820341864386,en,f1,,,0.4169530355097366,0.007365575558428372,0.250,toxicity,encoder_minilm,EXP-003
zh,few_label_32_rand,0.37238273829255597,0.27623303335362437,25,0.3877747711317485,0.055855146703533004,0.5179310344827587,0.3606374501992032,0.3186718339516985,0.6393625498007968,0.5482587064676617,0.3877747711317485,False,False,0.6217041647732676,0.24975124378109453,0.24962852897473997,673,1005,0.6157820341864386,en,f1,,,0.4169530355097366,0.029178264377988095,0.250,toxicity,encoder_minilm,EXP-003
zh,few_label_64_strat,0.10214032552391968,0.0827593778788833,25,0.4079789184704646,0.006246262995930161,0.830026525198939,0.10661354581673306,0.26604401894166296,0.8933864541832669,0.8458507462686569,0.4079789184704646,True,False,0.6217041647732676,0.24975124378109453,0.24962852897473997,673,1005,0.6157820341864386,en,f1,,,0.4169530355097366,0.008974117039272034,0.250,toxicity,encoder_minilm,EXP-003
zh,few_label_64_rand,0.43220183294867115,0.27128923033811886,25,0.38564545051621857,0.05060583185432177,0.4537931034482759,0.41450199203187243,0.3288113493015756,0.5854980079681276,0.48668656716417913,0.38564545051621857,False,False,0.6217041647732676,0.24975124378109453,0.24962852897473997,673,1005,0.6157820341864386,en,f1,,,0.4169530355097366,0.031307584993518045,0.250,toxicity,encoder_minilm,EXP-003
zh,few_label_128_strat,0.06788895342373494,0.03739162643217222,25,0.4065192204771348,0.004088002565963142,0.8841379310344827,0.06788844621513944,0.2602641769373821,0.9321115537848605,0.8961194029850746,0.4065192204771348,True,False,0.6217041647732676,0.24975124378109453,0.24962852897473997,673,1005,0.6157820341864386,en,f1,,,0.4169530355097366,0.010433815032601823,0.250,toxicity,encoder_minilm,EXP-003
zh,few_label_128_rand,0.20382322316755666,0.14308003926124566,25,0.4126674075861769,0.005224342928886529,0.6793633952254643,0.2108366533864542,0.2854141528745332,0.7891633466135458,0.7067860696517414,0.4126674075861769,False,False,0.6217041647732676,0.24975124378109453,0.24962852897473997,673,1005,0.6157820341864386,en,f1,,,0.4169530355097366,0.004285627923559687,0.250,toxicity,encoder_minilm,EXP-003
zh,few_label_256_strat,0.06014022466951143,0.015338684149406584,25,0.4054035919584063,0.002377277629178396,0.8974005305039787,0.060557768924302785,0.258526175427792,0.9394422310756974,0.9079004975124378,0.4054035919584063,True,False,0.6217041647732676,0.24975124378109453,0.24962852897473997,673,1005,0.6157820341864386,en,f1,,,0.4169530355097366,0.011549443551330307,0.250,toxicity,encoder_minilm,EXP-003
zh,few_label_256_rand,0.2455498957508359,0.20053000275086727,25,0.409132983685527,0.009137725973702375,0.646631299734748,0.24350597609561753,0.29347106173657284,0.7564940239043826,0.6740696517412934,0.409132983685527,False,False,0.6217041647732676,0.24975124378109453,0.24962852897473997,673,1005,0.6157820341864386,en,f1,,,0.4169530355097366,0.00782005182420964,0.250,toxicity,encoder_minilm,EXP-003
zh,target_full,0.24952547415567022,0.0,1,0.4169530355097366,0.0,0.583554376657825,0.2749003984063745,0.29260450160771706,0.7250996015936255,0.618905472636816,0.4169530355097366,False,False,0.6217041647732676,0.24975124378109453,0.24962852897473997,673,1005,0.6157820341864386,en,f1,0.3755831339712919,0.4584728488734785,0.4169530355097366,0.0,0.250,toxicity,encoder_minilm,EXP-003
zh,test_oracle_unachievable,0.442665950532635,0.0,1,0.42941176470588244,0.0,0.3753315649867374,0.41832669322709165,0.34032634032634035,0.5816733067729084,0.42686567164179107,0.42941176470588244,False,False,0.6217041647732676,0.24975124378109453,0.24962852897473997,673,1005,0.6157820341864386,en,f1,,,0.4169530355097366,-0.012458729196145824,0.250,toxicity,encoder_minilm,EXP-003
am,fixed_half,0.5,0.0,1,0.17351598173515984,0.0,0.1441326530612245,0.7816091954022989,0.14393939393939395,0.21839080459770116,0.1515499425947187,0.17351598173515984,False,False,0.5562543983110485,0.09988518943742825,0.09944751381215469,543,871,0.8519148040862272,en,f1,,,0.19174041297935104,0.018224431244191208,0.100,toxicity,encoder_minilm,EXP-003
am,source_global,0.8519148040862272,0.0,1,0.12844036697247707,0.0,0.01913265306122449,0.9195402298850575,0.3181818181818182,0.08045977011494253,0.02525832376578645,0.12844036697247707,False,False,0.5562543983110485,0.09988518943742825,0.09944751381215469,543,871,0.8519148040862272,en,f1,0.047058823529411764,0.2200084745762712,0.19174041297935104,0.06330004600687397,0.100,toxicity,encoder_minilm,EXP-003
am,quantile_match,0.6745977676239058,0.0,1,0.147239263803681,0.0,0.08163265306122448,0.8620689655172413,0.15789473684210525,0.13793103448275862,0.08725602755453502,0.147239263803681,False,False,0.5562543983110485,0.09988518943742825,0.09944751381215469,543,871,0.8519148040862272,en,f1,,,0.19174041297935104,0.04450114917567005,0.100,toxicity,encoder_minilm,EXP-003
am,sld_em,0.9999977803443344,0.0,1,0.0,0.0,0.0,1.0,0.0,0.0,0.0,0.0,True,False,0.5562543983110485,0.09988518943742825,0.09944751381215469,543,871,0.8519148040862272,en,f1,,,0.19174041297935104,0.19174041297935104,0.100,toxicity,encoder_minilm,EXP-003
am,bbse,0.9560053247730234,0.0,1,0.021739130434782608,0.0,0.00510204081632653,0.9885057471264368,0.2,0.011494252873563218,0.0057405281285878304,0.021739130434782608,True,False,0.5562543983110485,0.09988518943742825,0.09944751381215469,543,871,0.8519148040862272,en,f1,,,0.19174041297935104,0.17000128254456842,0.100,toxicity,encoder_minilm,EXP-003
am,few_label_8_strat,0.12137171301583825,0.04407553520972005,25,0.1909940971877072,0.0027055621849830344,0.7865816326530612,0.14712643678160917,0.10810358454417054,0.8528735632183908,0.793203214695752,0.1909940971877072,False,False,0.5562543983110485,0.09988518943742825,0.09944751381215469,543,871,0.8519148040862272,en,f1,,,0.19174041297935104,0.0007463157916438312,0.100,toxicity,encoder_minilm,EXP-003
am,few_label_8_rand,0.6181141069996449,0.3152358960462709,25,0.14621028268261177,0.027185717772299674,0.20755102040816328,0.7342528735632184,0.24225816117732152,0.2657471264367816,0.21336394948335247,0.14621028268261177,False,False,0.5562543983110485,0.09988518943742825,0.09944751381215469,543,871,0.8519148040862272,en,f1,,,0.19174041297935104,0.045530130296739274,0.100,toxicity,encoder_minilm,EXP-003
am,few_label_16_strat,0.10779371220414168,0.04850351645677563,25,0.18985694561216124,0.003900860252849142,0.8240306122448979,0.11724137931034483,0.10690621882199235,0.882758620689655,0.8298966704936853,0.18985694561216124,True,False,0.5562543983110485,0.09988518943742825,0.09944751381215469,543,871,0.8519148040862272,en,f1,,,0.19174041297935104,0.0018834673671898061,0.100,toxicity,encoder_minilm,EXP-003
am,few_label_16_rand,0.33661369312579886,0.27804628863970715,25,0.16955762745540862,0.025044743891476075,0.46265306122448985,0.4813793103448276,0.15181392744768987,0.5186206896551725,0.4682433983926522,0.16955762745540862,False,False,0.5562543983110485,0.09988518943742825,0.09944751381215469,543,871,0.8519148040862272,en,f1,,,0.19174041297935104,0.022182785523942428,0.100,toxicity,encoder_minilm,EXP-003
am,few_label_32_strat,0.09782091240410938,0.03881792463595794,25,0.190268578971536,0.003429170719578026,0.8584693877551021,0.08321839080459771,0.10638096332645616,0.9167816091954024,0.8642939150401837,0.190268578971536,True,False,0.5562543983110485,0.09988518943742825,0.09944751381215469,543,871,0.8519148040862272,en,f1,,,0.19174041297935104,0.0014718340078150316,0.100,toxicity,encoder_minilm,EXP-003
am,few_label_32_rand,0.2652018870181268,0.1400669114497768,25,0.17373352846903647,0.019525806432953218,0.44841836734693885,0.4988505747126436,0.11315628064905905,0.5011494252873564,0.4536854190585535,0.17373352846903647,False,False,0.5562543983110485,0.09988518943742825,0.09944751381215469,543,871,0.8519148040862272,en,f1,,,0.19174041297935104,0.01800688451031457,0.100,toxicity,encoder_minilm,EXP-003
am,few_label_64_strat,0.06677775135181414,0.020473986728159227,25,0.1875162866462842,0.0025655220273048127,0.9422959183673468,0.01839080459770115,0.10366733667292367,0.9816091954022989,0.9462227324913893,0.1875162866462842,True,False,0.5562543983110485,0.09988518943742825,0.09944751381215469,543,871,0.8519148040862272,en,f1,,,0.19174041297935104,0.004224126333066847,0.100,toxicity,encoder_minilm,EXP-003
am,few_label_64_rand,0.22944337438549434,0.14605752623391302,25,0.17718188499133836,0.021004900350282126,0.5133163265306123,0.43218390804597706,0.11666420279168033,0.5678160919540229,0.5187600459242251,0.17718188499133836,False,False,0.5562543983110485,0.09988518943742825,0.09944751381215469,543,871,0.8519148040862272,en,f1,,,0.19174041297935104,0.014558527988012687,0.100,toxicity,encoder_minilm,EXP-003
am,few_label_128_strat,0.06281815704286131,0.02590295387881533,25,0.18725635631573578,0.0029722795202346457,0.9460204081632654,0.01655172413793103,0.10349039304561333,0.9834482758620691,0.9497588978185992,0.18725635631573578,True,False,0.5562543983110485,0.09988518943742825,0.09944751381215469,543,871,0.8519148040862272,en,f1,,,0.19174041297935104,0.00448405666361526,0.100,toxicity,encoder_minilm,EXP-003
am,few_label_128_rand,0.18938249216229333,0.05685136767851994,25,0.18261148930636284,0.015429635763713612,0.5584693877551019,0.383448275862069,0.10885807199659253,0.6165517241379309,0.5642709529276694,0.18261148930636284,False,False,0.5562543983110485,0.09988518943742825,0.09944751381215469,543,871,0.8519148040862272,en,f1,,,0.19174041297935104,0.009128923672988204,0.100,toxicity,encoder_minilm,EXP-003
am,few_label_256_strat,0.09134951415094603,0.0231813644692658,25,0.19017087933005816,0.00126092295192307,0.8926530612244897,0.05011494252873563,0.1057863226164006,0.9498850574712645,0.898369690011481,0.19017087933005816,True,False,0.5562543983110485,0.09988518943742825,0.09944751381215469,543,871,0.8519148040862272,en,f1,,,0.19174041297935104,0.0015695336492928813,0.100,toxicity,encoder_minilm,EXP-003
am,few_label_256_rand,0.1492298506258262,0.0611747949889267,25,0.188078387769851,0.01050092420812985,0.6958163265306122,0.23908045977011494,0.10864855210614664,0.7609195402298851,0.7023191733639494,0.188078387769851,False,False,0.5562543983110485,0.09988518943742825,0.09944751381215469,543,871,0.8519148040862272,en,f1,,,0.19174041297935104,0.0036620252095000416,0.100,toxicity,encoder_minilm,EXP-003
am,target_full,0.15702795446971096,0.0,1,0.19174041297935104,0.0,0.6709183673469388,0.25287356321839083,0.10998307952622674,0.7471264367816092,0.6785304247990815,0.19174041297935104,False,False,0.5562543983110485,0.09988518943742825,0.09944751381215469,543,871,0.8519148040862272,en,f1,0.15052794730214086,0.2296536245162174,0.19174041297935104,0.0,0.100,toxicity,encoder_minilm,EXP-003
am,test_oracle_unachievable,0.1404455695327538,0.0,1,0.19918144611186905,0.0,0.7308673469387755,0.16091954022988506,0.1130030959752322,0.8390804597701149,0.7416762342135477,0.19918144611186905,False,False,0.5562543983110485,0.09988518943742825,0.09944751381215469,543,871,0.8519148040862272,en,f1,,,0.19174041297935104,-0.00744103313251801,0.100,toxicity,encoder_minilm,EXP-003
ar,fixed_half,0.5,0.0,1,0.21455938697318006,0.0,0.20053475935828877,0.6626506024096386,0.15730337078651685,0.3373493975903614,0.21419975932611313,0.21455938697318006,False,False,0.6306294697506604,0.09987966305655836,0.09963768115942029,552,831,0.8519148040862272,en,f1,,,0.22026431718061676,0.005704930207436704,0.100,toxicity,encoder_minilm,EXP-003
ar,source_global,0.8519148040862272,0.0,1,0.21582733812949642,0.0,0.05481283422459893,0.8192771084337349,0.26785714285714285,0.18072289156626506,0.06738868832731648,0.21582733812949642,False,False,0.6306294697506604,0.09987966305655836,0.09963768115942029,552,831,0.8519148040862272,en,f1,0.12598149881614445,0.30968742185546383,0.22026431718061676,0.004436979051120338,0.100,toxicity,encoder_minilm,EXP-003
ar,quantile_match,0.8210787467329311,0.0,1,0.20270270270270274,0.0,0.06684491978609626,0.8192771084337349,0.23076923076923078,0.18072289156626506,0.07821901323706378,0.20270270270270274,False,False,0.6306294697506604,0.09987966305655836,0.09963768115942029,552,831,0.8519148040862272,en,f1,,,0.22026431718061676,0.017561614477914017,0.100,toxicity,encoder_minilm,EXP-003
ar,sld_em,0.8696245742557549,0.0,1,0.208955223880597,0.0,0.04946524064171123,0.8313253012048193,0.27450980392156865,0.1686746987951807,0.061371841155234655,0.208955223880597,False,False,0.6306294697506604,0.09987966305655836,0.09963768115942029,552,831,0.8519148040862272,en,f1,,,0.22026431718061676,0.011309093300019751,0.100,toxicity,encoder_minilm,EXP-003
ar,bbse,0.8844595067534015,0.0,1,0.20634920634920637,0.0,0.040106951871657755,0.8433734939759037,0.3023255813953488,0.1566265060240964,0.05174488567990373,0.20634920634920637,False,False,0.6306294697506604,0.09987966305655836,0.09963768115942029,552,831,0.8519148040862272,en,f1,,,0.22026431718061676,0.013915110831410393,0.100,toxicity,encoder_minilm,EXP-003
ar,few_label_8_strat,0.2573323335582252,0.16933337346183175,25,0.21354467229359808,0.008045719530122435,0.4706417112299465,0.37975903614457834,0.13592580745706423,0.6202409638554216,0.48558363417569195,0.21354467229359808,False,False,0.6306294697506604,0.09987966305655836,0.09963768115942029,552,831,0.8519148040862272,en,f1,,,0.22026431718061676,0.006719644887018678,0.100,toxicity,encoder_minilm,EXP-003
ar,few_label_8_rand,0.5541902872268804,0.30792330424409,25,0.21108114587727786,0.009456679194004678,0.2670588235294118,0.6019277108433735,0.19586888889502707,0.39807228915662646,0.28014440433212995,0.21108114587727786,False,False,0.6306294697506604,0.09987966305655836,0.09963768115942029,552,831,0.8519148040862272,en,f1,,,0.22026431718061676,0.0091831713033389,0.100,toxicity,encoder_minilm,EXP-003
ar,few_label_16_strat,0.15671173850265546,0.07920478790668836,25,0.21223853889869365,0.007378263376253079,0.6152941176470588,0.2293975903614458,0.12505866277711475,0.7706024096385542,0.6308062575210589,0.21223853889869365,False,False,0.6306294697506604,0.09987966305655836,0.09963768115942029,552,831,0.8519148040862272,en,f1,,,0.22026431718061676,0.008025778281923107,0.100,toxicity,encoder_minilm,EXP-003
ar,few_label_16_rand,0.4097162739327614,0.30391262665951096,25,0.21225554406986738,0.00830231521386199,0.3953475935828877,0.46313253012048194,0.16800402135916442,0.5368674698795181,0.4094825511432009,0.21225554406986738,False,False,0.6306294697506604,0.09987966305655836,0.09963768115942029,552,831,0.8519148040862272,en,f1,,,0.22026431718061676,0.008008773110749379,0.100,toxicity,encoder_minilm,EXP-003
ar,few_label_32_strat,0.09271239409750454,0.01870458778810454,25,0.20580673177301445,0.0062488308608510314,0.787379679144385,0.07325301204819276,0.11586235594984723,0.9267469879518072,0.8012996389891697,0.20580673177301445,True,False,0.6306294697506604,0.09987966305655836,0.09963768115942029,552,831,0.8519148040862272,en,f1,,,0.22026431718061676,0.014457585407602308,0.100,toxicity,encoder_minilm,EXP-003
ar,few_label_32_rand,0.4070148862119968,0.2743578693348985,25,0.20399787592639007,0.03411841244082976,0.35144385026737973,0.512289156626506,0.15359982018765084,0.487710843373494,0.36505415162454874,0.20399787592639007,False,False,0.6306294697506604,0.09987966305655836,0.09963768115942029,552,831,0.8519148040862272,en,f1,,,0.22026431718061676,0.016266441254226688,0.100,toxicity,encoder_minilm,EXP-003
ar,few_label_64_strat,0.10204682950333209,0.035980687745475755,25,0.20679435167470625,0.006428653856768668,0.757860962566845,0.1002409638554217,0.11723713179973184,0.8997590361445783,0.7720336943441637,0.20679435167470625,False,False,0.6306294697506604,0.09987966305655836,0.09963768115942029,552,831,0.8519148040862272,en,f1,,,0.22026431718061676,0.013469965505910508,0.100,toxicity,encoder_minilm,EXP-003
ar,few_label_64_rand,0.5232831486473033,0.27611579408963893,25,0.20498894533855133,0.034768486157887676,0.27101604278074864,0.5966265060240964,0.17522508502198061,0.4033734939759036,0.2842358604091456,0.20498894533855133,False,False,0.6306294697506604,0.09987966305655836,0.09963768115942029,552,831,0.8519148040862272,en,f1,,,0.22026431718061676,0.015275371842065427,0.100,toxicity,encoder_minilm,EXP-003
ar,few_label_128_strat,0.10006728906023786,0.03024142946095173,25,0.20829023477830147,0.005393814115837359,0.7659893048128343,0.08337349397590361,0.11778503891737001,0.9166265060240965,0.781034897713598,0.20829023477830147,False,False,0.6306294697506604,0.09987966305655836,0.09963768115942029,552,831,0.8519148040862272,en,f1,,,0.22026431718061676,0.01197408240231529,0.100,toxicity,encoder_minilm,EXP-003
ar,few_label_128_rand,0.5529804097393446,0.25323529993970195,25,0.2033455561456096,0.030878603938640666,0.21946524064171125,0.6491566265060241,0.17882324369889724,0.35084337349397593,0.2325872442839952,0.2033455561456096,False,False,0.6306294697506604,0.09987966305655836,0.09963768115942029,552,831,0.8519148040862272,en,f1,,,0.22026431718061676,0.016918761035007168,0.100,toxicity,encoder_minilm,EXP-003
ar,few_label_256_strat,0.23752971690068353,0.0024487598147093907,25,0.2206228242885748,0.001239439526636672,0.3975401069518717,0.4318072289156627,0.13688905020352257,0.5681927710843374,0.4145848375451264,0.2206228242885748,False,False,0.6306294697506604,0.09987966305655836,0.09963768115942029,552,831,0.8519148040862272,en,f1,,,0.22026431718061676,-0.0003585071079580393,0.100,toxicity,encoder_minilm,EXP-003
ar,few_label_256_rand,0.5140997212025772,0.1980613706531997,25,0.2137555662442749,0.01804839992332403,0.22224598930481285,0.6346987951807229,0.17157749702311748,0.3653012048192771,0.23653429602888085,0.2137555662442749,False,False,0.6306294697506604,0.09987966305655836,0.09963768115942029,552,831,0.8519148040862272,en,f1,,,0.22026431718061676,0.006508750936341845,0.100,toxicity,encoder_minilm,EXP-003
ar,target_full,0.5746890687551505,0.0,1,0.22026431718061676,0.0,0.1590909090909091,0.6987951807228916,0.1736111111111111,0.30120481927710846,0.17328519855595667,0.22026431718061676,False,False,0.6306294697506604,0.09987966305655836,0.09963768115942029,552,831,0.8519148040862272,en,f1,0.14883720930232558,0.29090909090909084,0.22026431718061676,0.0,0.100,toxicity,encoder_minilm,EXP-003
ar,test_oracle_unachievable,0.4480622898605381,0.0,1,0.23859649122807017,0.0,0.22459893048128343,0.5903614457831325,0.16831683168316833,0.40963855421686746,0.2430806257521059,0.23859649122807017,False,False,0.6306294697506604,0.09987966305655836,0.09963768115942029,552,831,0.8519148040862272,en,f1,,,0.22026431718061676,-0.01833217404745341,0.100,toxicity,encoder_minilm,EXP-003
de,fixed_half,0.5,0.0,1,0.3707865168539326,0.0,0.2752659574468085,0.20481927710843373,0.24175824175824176,0.7951807228915663,0.3269461077844311,0.3707865168539326,False,False,0.837910151243271,0.09940119760479042,0.0989010989010989,546,835,0.8519148040862272,en,f1,,,0.4077669902912622,0.036980473437329575,0.100,toxicity,encoder_minilm,EXP-003
de,source_global,0.8519148040862272,0.0,1,0.3862068965517241,0.0,0.04521276595744681,0.6626506024096386,0.45161290322580644,0.3373493975903614,0.07425149700598803,0.3862068965517241,False,False,0.837910151243271,0.09940119760479042,0.0989010989010989,546,835,0.8519148040862272,en,f1,0.26865170790343584,0.48530462184873946,0.4077669902912622,0.0215600937395381,0.100,toxicity,encoder_minilm,EXP-003
de,quantile_match,0.8615864899462664,0.0,1,0.39436619718309857,0.0,0.041223404255319146,0.6626506024096386,0.4745762711864407,0.3373493975903614,0.07065868263473053,0.39436619718309857,False,False,0.837910151243271,0.09940119760479042,0.0989010989010989,546,835,0.8519148040862272,en,f1,,,0.4077669902912622,0.013400793108163611,0.100,toxicity,encoder_minilm,EXP-003
de,sld_em,0.7052006469640592,0.0,1,0.41441441441441446,0.0,0.12367021276595745,0.4457831325301205,0.33093525179856115,0.5542168674698795,0.1664670658682635,0.41441441441441446,False,False,0.837910151243271,0.09940119760479042,0.0989010989010989,546,835,0.8519148040862272,en,f1,,,0.4077669902912622,-0.006647424123152279,0.100,toxicity,encoder_minilm,EXP-003
de,bbse,0.8425044678448321,0.0,1,0.4054054054054055,0.0,0.04654255319148936,0.6385542168674698,0.46153846153846156,0.3614457831325301,0.07784431137724551,0.4054054054054055,False,False,0.837910151243271,0.09940119760479042,0.0989010989010989,546,835,0.8519148040862272,en,f1,,,0.4077669902912622,0.0023615848858566935,0.100,toxicity,encoder_minilm,EXP-003
de,few_label_8_strat,0.4330581386045468,0.14726488842276558,25,0.3436959675845712,0.043280016148575275,0.34132978723404256,0.18361445783132527,0.22559935267872852,0.8163855421686746,0.38855089820359284,0.3436959675845712,False,False,0.837910151243271,0.09940119760479042,0.0989010989010989,546,835,0.8519148040862272,en,f1,,,0.4077669902912622,0.06407102270669096,0.100,toxicity,encoder_minilm,EXP-003
de,few_label_8_rand,0.7167797033093255,0.21504376592136648,25,0.37412779506823873,0.040454723026207055,0.14287234042553193,0.5060240963855421,0.37418817927399606,0.4939759036144578,0.17777245508982037,0.37412779506823873,False,False,0.837910151243271,0.09940119760479042,0.0989010989010989,546,835,0.8519148040862272,en,f1,,,0.4077669902912622,0.033639195223023444,0.100,toxicity,encoder_minilm,EXP-003
de,few_label_16_strat,0.4524831658071883,0.15959486831928954,25,0.35073430541975076,0.04802967568661039,0.3251595744680851,0.2,0.23433304692000292,0.8,0.37235928143712577,0.35073430541975076,False,False,0.837910151243271,0.09940119760479042,0.0989010989010989,546,835,0.8519148040862272,en,f1,,,0.4077669902912622,0.05703268487151142,0.100,toxicity,encoder_minilm,EXP-003
de,few_label_16_rand,0.7067973484753,0.18154112423971625,25,0.37700797104924694,0.03995677381262169,0.14303191489361702,0.4819277108433735,0.3510400900078451,0.5180722891566265,0.180311377245509,0.37700797104924694,False,False,0.837910151243271,0.09940119760479042,0.0989010989010989,546,835,0.8519148040862272,en,f1,,,0.4077669902912622,0.03075901924201524,0.100,toxicity,encoder_minilm,EXP-003
de,few_label_32_strat,0.41868873102786125,0.15431199970326961,25,0.3396966195779996,0.044776880551474545,0.3550531914893618,0.1725301204819277,0.22194260192572732,0.8274698795180723,0.40201197604790423,0.3396966195779996,False,False,0.837910151243271,0.09940119760479042,0.0989010989010989,546,835,0.8519148040862272,en,f1,,,0.4077669902912622,0.06807037071326255,0.100,toxicity,encoder_minilm,EXP-003
de,few_label_32_rand,0.7026437677284234,0.20669850369242837,25,0.35791504742288055,0.0667889806569424,0.15340425531914895,0.4881927710843373,0.34839680266141765,0.5118072289156627,0.1890299401197605,0.35791504742288055,False,False,0.837910151243271,0.09940119760479042,0.0989010989010989,546,835,0.8519148040862272,en,f1,,,0.4077669902912622,0.04985194286838163,0.100,toxicity,encoder_minilm,EXP-003
de,few_label_64_strat,0.39525855288179323,0.09265589387404471,25,0.33628192459127554,0.029146403724851108,0.3659574468085106,0.1416867469879518,0.21173048379913006,0.8583132530120481,0.4148982035928143,0.33628192459127554,False,False,0.837910151243271,0.09940119760479042,0.0989010989010989,546,835,0.8519148040862272,en,f1,,,0.4077669902912622,0.07148506569998664,0.100,toxicity,encoder_minilm,EXP-003
de,few_label_64_rand,0.7824135734160979,0.11596042016604999,25,0.37841167595229275,0.061471186059168174,0.09180851063829788,0.56,0.3956398297975401,0.44,0.12641916167664669,0.37841167595229275,False,False,0.837910151243271,0.09940119760479042,0.0989010989010989,546,835,0.8519148040862272,en,f1,,,0.4077669902912622,0.02935531433896943,0.100,toxicity,encoder_minilm,EXP-003
de,few_label_128_strat,0.4170937736440905,0.04682634727364427,25,0.3433268682034241,0.014696717596102327,0.3431914893617021,0.15180722891566265,0.21571599345702264,0.8481927710843373,0.3933892215568862,0.3433268682034241,False,False,0.837910151243271,0.09940119760479042,0.0989010989010989,546,835,0.8519148040862272,en,f1,,,0.4077669902912622,0.06444012208783806,0.100,toxicity,encoder_minilm,EXP-003
de,few_label_128_rand,0.7615240833284767,0.10087424278046159,25,0.3944604862202643,0.020111250541912117,0.1027127659574468,0.5291566265060241,0.362775822388547,0.4708433734939759,0.13930538922155689,0.3944604862202643,False,False,0.837910151243271,0.09940119760479042,0.0989010989010989,546,835,0.8519148040862272,en,f1,,,0.4077669902912622,0.013306504070997871,0.100,toxicity,encoder_minilm,EXP-003
de,few_label_256_strat,0.7309000208134215,0.04888610176462784,25,0.40730830831289283,0.008848321141320893,0.11526595744680851,0.4790361445783132,0.3374922094918573,0.5209638554216867,0.1555928143712575,0.40730830831289283,False,False,0.837910151243271,0.09940119760479042,0.0989010989010989,546,835,0.8519148040862272,en,f1,,,0.4077669902912622,0.0004586819783693463,0.100,toxicity,encoder_minilm,EXP-003
de,few_label_256_rand,0.7799176779954524,0.04227576727087892,25,0.39505289884777695,0.027834008994295348,0.08962765957446807,0.5498795180722892,0.36371252865670006,0.4501204819277108,0.12546107784431137,0.39505289884777695,False,False,0.837910151243271,0.09940119760479042,0.0989010989010989,546,835,0.8519148040862272,en,f1,,,0.4077669902912622,0.012714091443485231,0.100,toxicity,encoder_minilm,EXP-003
de,target_full,0.7425066704978086,0.0,1,0.4077669902912622,0.0,0.1077127659574468,0.4939759036144578,0.34146341463414637,0.5060240963855421,0.1473053892215569,0.4077669902912622,False,False,0.837910151243271,0.09940119760479042,0.0989010989010989,546,835,0.8519148040862272,en,f1,0.31998122065727697,0.4851074362755424,0.4077669902912622,0.0,0.100,toxicity,encoder_minilm,EXP-003
de,test_oracle_unachievable,0.6865401981714712,0.0,1,0.4340425531914894,0.0,0.13430851063829788,0.3855421686746988,0.3355263157894737,0.6144578313253012,0.18203592814371258,0.4340425531914894,False,False,0.837910151243271,0.09940119760479042,0.0989010989010989,546,835,0.8519148040862272,en,f1,,,0.4077669902912622,-0.0262755629002272,0.100,toxicity,encoder_minilm,EXP-003
en,fixed_half,0.5,0.0,1,0.7777777777777777,0.0,0.048748353096179184,0.08333333333333333,0.6754385964912281,0.9166666666666666,0.13523131672597866,0.7777777777777777,False,True,0.9842995169082126,0.099644128113879,0.1,580,843,0.8519148040862272,en,f1,,,0.8211920529801325,0.04341427520235486,0.100,toxicity,encoder_minilm,EXP-003
en,source_global,0.8519148040862272,0.0,1,0.8211920529801325,0.0,0.006587615283267457,0.2619047619047619,0.9253731343283582,0.7380952380952381,0.07947805456702253,0.8211920529801325,False,True,0.9842995169082126,0.099644128113879,0.1,580,843,0.8519148040862272,en,f1,0.7538311688311689,0.883451142526896,0.8211920529801325,0.0,0.100,toxicity,encoder_minilm,EXP-003
en,quantile_match,0.851034452373972,0.0,1,0.8211920529801325,0.0,0.006587615283267457,0.2619047619047619,0.9253731343283582,0.7380952380952381,0.07947805456702253,0.8211920529801325,False,True,0.9842995169082126,0.099644128113879,0.1,580,843,0.8519148040862272,en,f1,,,0.8211920529801325,0.0,0.100,toxicity,encoder_minilm,EXP-003
en,sld_em,0.8519148040862272,0.0,1,0.8211920529801325,0.0,0.006587615283267457,0.2619047619047619,0.9253731343283582,0.7380952380952381,0.07947805456702253,0.8211920529801325,False,True,0.9842995169082126,0.099644128113879,0.1,580,843,0.8519148040862272,en,f1,,,0.8211920529801325,0.0,0.100,toxicity,encoder_minilm,EXP-003
en,bbse,0.8519148040862272,0.0,1,0.8211920529801325,0.0,0.006587615283267457,0.2619047619047619,0.9253731343283582,0.7380952380952381,0.07947805456702253,0.8211920529801325,False,True,0.9842995169082126,0.099644128113879,0.1,580,843,0.8519148040862272,en,f1,,,0.8211920529801325,0.0,0.100,toxicity,encoder_minilm,EXP-003
en,few_label_8_strat,0.4160612540068762,0.20438423203499034,25,0.679105124368159,0.11137113069501955,0.10034255599472991,0.07428571428571427,0.5657171062242051,0.9257142857142857,0.1825860023724792,0.679105124368159,False,True,0.9842995169082126,0.099644128113879,0.1,580,843,0.8519148040862272,en,f1,,,0.8211920529801325,0.14208692861197358,0.100,toxicity,encoder_minilm,EXP-003
en,few_label_8_rand,0.7685027694510518,0.15032699487580883,25,0.8045357495390845,0.0381728054322945,0.01844532279314888,0.21952380952380954,0.8575549649299018,0.7804761904761905,0.09437722419928823,0.8045357495390845,False,True,0.9842995169082126,0.099644128113879,0.1,580,843,0.8519148040862272,en,f1,,,0.8211920529801325,0.01665630344104807,0.100,toxicity,encoder_minilm,EXP-003
en,few_label_16_strat,0.42242404448642107,0.184941946767415,25,0.6916491558435517,0.10849571106103845,0.09438735177865613,0.07142857142857142,0.5751474523983512,0.9285714285714286,0.17750889679715304,0.6916491558435517,False,True,0.9842995169082126,0.099644128113879,0.1,580,843,0.8519148040862272,en,f1,,,0.8211920529801325,0.12954289713658085,0.100,toxicity,encoder_minilm,EXP-003
en,few_label_16_rand,0.6893565081462769,0.19318443813143152,25,0.787448173406068,0.06859059405532279,0.03267457180500659,0.17952380952380953,0.7949708410026145,0.8204761904761905,0.11117437722419928,0.787448173406068,False,True,0.9842995169082126,0.099644128113879,0.1,580,843,0.8519148040862272,en,f1,,,0.8211920529801325,0.03374387957406455,0.100,toxicity,encoder_minilm,EXP-003
en,few_label_32_strat,0.3072862705602695,0.15852079645615505,25,0.6160234852688764,0.10341915446719151,0.13928853754940712,0.04095238095238095,0.4730779826295408,0.9590476190476191,0.22097271648873076,0.6160234852688764,False,True,0.9842995169082126,0.099644128113879,0.1,580,843,0.8519148040862272,en,f1,,,0.8211920529801325,0.20516856771125613,0.100,toxicity,encoder_minilm,EXP-003
en,few_label_32_rand,0.6437756194491615,0.21033354831098122,25,0.7673991697031023,0.07826985651422892,0.0427931488801054,0.1652380952380952,0.752994302154531,0.8347619047619048,0.12170818505338078,0.7673991697031023,False,True,0.9842995169082126,0.099644128113879,0.1,580,843,0.8519148040862272,en,f1,,,0.8211920529801325,0.053792883277030246,0.100,toxicity,encoder_minilm,EXP-003
en,few_label_64_strat,0.3900084271693366,0.14369654323979011,25,0.6851846402805911,0.10795403834762969,0.10007905138339922,0.05714285714285714,0.5554645015706778,0.942857142857143,0.18405693950177937,0.6851846402805911,False,True,0.9842995169082126,0.099644128113879,0.1,580,843,0.8519148040862272,en,f1,,,0.8211920529801325,0.13600741269954142,0.100,toxicity,encoder_minilm,EXP-003
en,few_label_64_rand,0.7082928802429701,0.1667675517180081,25,0.7982730050881415,0.05376054746221602,0.02756258234519104,0.18238095238095234,0.8114947066777285,0.8176190476190476,0.10628706998813761,0.7982730050881415,False,True,0.9842995169082126,0.099644128113879,0.1,580,843,0.8519148040862272,en,f1,,,0.8211920529801325,0.022919047891991062,0.100,toxicity,encoder_minilm,EXP-003
en,few_label_128_strat,0.41426011405992436,0.09951709293783201,25,0.7136438825079141,0.075254545011005,0.08063241106719367,0.06523809523809523,0.5860377319176968,0.9347619047619048,0.1657413997627521,0.7136438825079141,False,True,0.9842995169082126,0.099644128113879,0.1,580,843,0.8519148040862272,en,f1,,,0.8211920529801325,0.10754817047221843,0.100,toxicity,encoder_minilm,EXP-003
en,few_label_128_rand,0.775951208803513,0.12737092365803995,25,0.8048267999392213,0.028729669591505136,0.016073781291172595,0.22904761904761906,0.8650824253010923,0.7709523809523811,0.0912930011862396,0.8048267999392213,False,True,0.9842995169082126,0.099644128113879,0.1,580,843,0.8519148040862272,en,f1,,,0.8211920529801325,0.016365253040911187,0.100,toxicity,encoder_minilm,EXP-003
en,few_label_256_strat,0.5516357191779471,0.06805803132584026,25,0.7895797633198223,0.028311856443805128,0.04421607378129117,0.08952380952380952,0.6987848598226905,0.9104761904761905,0.13053380782918148,0.7895797633198223,False,True,0.9842995169082126,0.099644128113879,0.1,580,843,0.8519148040862272,en,f1,,,0.8211920529801325,0.03161228966031027,0.100,toxicity,encoder_minilm,EXP-003
en,few_label_256_rand,0.7889652175350299,0.10715729495227845,25,0.8085878731272388,0.026550516017677456,0.014650856389986826,0.23047619047619047,0.8717825120632402,0.7695238095238096,0.08986951364175566,0.8085878731272388,False,True,0.9842995169082126,0.099644128113879,0.1,580,843,0.8519148040862272,en,f1,,,0.8211920529801325,0.012604179852893749,0.100,toxicity,encoder_minilm,EXP-003
en,target_full,0.8519148040862272,0.0,1,0.8211920529801325,0.0,0.006587615283267457,0.2619047619047619,0.9253731343283582,0.7380952380952381,0.07947805456702253,0.8211920529801325,False,True,0.9842995169082126,0.099644128113879,0.1,580,843,0.8519148040862272,en,f1,0.7540864813494892,0.8874172185430462,0.8211920529801325,0.0,0.100,toxicity,encoder_minilm,EXP-003
en,test_oracle_unachievable,0.8093801341067319,0.0,1,0.8461538461538461,0.0,0.007905138339920948,0.21428571428571427,0.9166666666666666,0.7857142857142857,0.08540925266903915,0.8461538461538461,False,True,0.9842995169082126,0.099644128113879,0.1,580,843,0.8519148040862272,en,f1,,,0.8211920529801325,-0.02496179317371361,0.100,toxicity,encoder_minilm,EXP-003
es,fixed_half,0.5,0.0,1,0.3774834437086092,0.0,0.19798234552332913,0.3522727272727273,0.26635514018691586,0.6477272727272727,0.24290578887627695,0.3774834437086092,False,False,0.8099134472085292,0.09988649262202043,0.0996309963099631,542,881,0.8519148040862272,en,f1,,,0.3846153846153846,0.00713194090677538,0.100,toxicity,encoder_minilm,EXP-003
es,source_global,0.8519148040862272,0.0,1,0.33576642335766427,0.0,0.03278688524590164,0.7386363636363636,0.46938775510204084,0.26136363636363635,0.05561861520998865,0.33576642335766427,False,False,0.8099134472085292,0.09988649262202043,0.0996309963099631,542,881,0.8519148040862272,en,f1,0.2343550410583942,0.4336295283663704,0.3846153846153846,0.048848961257720314,0.100,toxicity,encoder_minilm,EXP-003
es,quantile_match,0.8055763206650378,0.0,1,0.3576158940397351,0.0,0.04539722572509458,0.6931818181818182,0.42857142857142855,0.3068181818181818,0.07150964812712826,0.3576158940397351,False,False,0.8099134472085292,0.09988649262202043,0.0996309963099631,542,881,0.8519148040862272,en,f1,,,0.3846153846153846,0.026999490575649487,0.100,toxicity,encoder_minilm,EXP-003
es,sld_em,0.8945550030221366,0.0,1,0.2857142857142857,0.0,0.017654476670870115,0.8068181818181818,0.5483870967741935,0.19318181818181818,0.03518728717366629,0.2857142857142857,False,False,0.8099134472085292,0.09988649262202043,0.0996309963099631,542,881,0.8519148040862272,en,f1,,,0.3846153846153846,0.09890109890109888,0.100,toxicity,encoder_minilm,EXP-003
es,bbse,0.8859808466405459,0.0,1,0.3089430894308943,0.0,0.0201765447667087,0.7840909090909091,0.5428571428571428,0.2159090909090909,0.039727582292849034,0.3089430894308943,False,False,0.8099134472085292,0.09988649262202043,0.0996309963099631,542,881,0.8519148040862272,en,f1,,,0.3846153846153846,0.07567229518449026,0.100,toxicity,encoder_minilm,EXP-003
es,few_label_8_strat,0.26536419098735814,0.19922962641092537,25,0.30238653582805064,0.05454911677010376,0.4312736443883985,0.195,0.197929107249793,0.8049999999999998,0.46860385925085135,0.30238653582805064,False,False,0.8099134472085292,0.09988649262202043,0.0996309963099631,542,881,0.8519148040862272,en,f1,,,0.3846153846153846,0.08222884878733394,0.100,toxicity,encoder_minilm,EXP-003
es,few_label_8_rand,0.5963100795034777,0.22396897629570123,25,0.3535698205543578,0.03294984827532621,0.1659016393442623,0.47909090909090907,0.32751339699365944,0.520909090909091,0.20136208853575482,0.3535698205543578,False,False,0.8099134472085292,0.09988649262202043,0.0996309963099631,542,881,0.8519148040862272,en,f1,,,0.3846153846153846,0.031045564061026765,0.100,toxicity,encoder_minilm,EXP-003
es,few_label_16_strat,0.3482760376402782,0.16065345074830528,25,0.3329890691460222,0.04194743609121186,0.322875157629256,0.2545454545454545,0.2215918108024707,0.7454545454545455,0.3650851305334847,0.3329890691460222,False,False,0.8099134472085292,0.09988649262202043,0.0996309963099631,542,881,0.8519148040862272,en,f1,,,0.3846153846153846,0.05162631546936236,0.100,toxicity,encoder_minilm,EXP-003
es,few_label_16_rand,0.5642897689505404,0.26780843150759126,25,0.3443201322163757,0.04410127976659207,0.20322824716267338,0.45409090909090905,0.316892502843973,0.5459090909090909,0.23745743473325764,0.3443201322163757,False,False,0.8099134472085292,0.09988649262202043,0.0996309963099631,542,881,0.8519148040862272,en,f1,,,0.3846153846153846,0.040295252399008885,0.100,toxicity,encoder_minilm,EXP-003
es,few_label_32_strat,0.24500027279604145,0.1561868063286978,25,0.3077418102610319,0.045226971186940176,0.42481715006305165,0.16318181818181818,0.19420793901963698,0.8368181818181817,0.4659704880817253,0.3077418102610319,False,False,0.8099134472085292,0.09988649262202043,0.0996309963099631,542,881,0.8519148040862272,en,f1,,,0.3846153846153846,0.07687357435435266,0.100,toxicity,encoder_minilm,EXP-003
es,few_label_32_rand,0.6630414606515252,0.20542688684287497,25,0.34955721558379466,0.04542895790777771,0.12862547288776796,0.5445454545454546,0.3698393725571939,0.45545454545454545,0.16127128263337118,0.34955721558379466,False,False,0.8099134472085292,0.09988649262202043,0.0996309963099631,542,881,0.8519148040862272,en,f1,,,0.3846153846153846,0.035058169031589925,0.100,toxicity,encoder_minilm,EXP-003
es,few_label_64_strat,0.22872505397912624,0.12469488791964493,25,0.30338308696492805,0.0393735692547942,0.4318284993694829,0.15772727272727274,0.18859181533077404,0.8422727272727272,0.47282633371169125,0.30338308696492805,False,False,0.8099134472085292,0.09988649262202043,0.0996309963099631,542,881,0.8519148040862272,en,f1,,,0.3846153846153846,0.08123229765045653,0.100,toxicity,encoder_minilm,EXP-003
es,few_label_64_rand,0.6576614906983612,0.15596756173885268,25,0.3679564165190083,0.03967987392990742,0.12600252206809587,0.5236363636363637,0.3455517157641046,0.4763636363636363,0.1609988649262202,0.3679564165190083,False,False,0.8099134472085292,0.09988649262202043,0.0996309963099631,542,881,0.8519148040862272,en,f1,,,0.3846153846153846,0.016658968096376292,0.100,toxicity,encoder_minilm,EXP-003
es,few_label_128_strat,0.38134676308857623,0.11498725830042915,25,0.3462272284251805,0.026824361488341233,0.2759142496847415,0.2831818181818182,0.23224057939758513,0.7168181818181817,0.3199545970488082,0.3462272284251805,False,False,0.8099134472085292,0.09988649262202043,0.0996309963099631,542,881,0.8519148040862272,en,f1,,,0.3846153846153846,0.03838815619020408,0.100,toxicity,encoder_minilm,EXP-003
es,few_label_128_rand,0.671155709089666,0.08284782483409796,25,0.37938652018019153,0.012226804173757676,0.11066834804539721,0.5304545454545455,0.33708433568545376,0.46954545454545454,0.14651532349602722,0.37938652018019153,False,False,0.8099134472085292,0.09988649262202043,0.0996309963099631,542,881,0.8519148040862272,en,f1,,,0.3846153846153846,0.005228864435193048,0.100,toxicity,encoder_minilm,EXP-003
es,few_label_256_strat,0.6313801477611769,0.01783540481444111,25,0.3832983726308733,0.0028988531750640677,0.12993694829760402,0.4854545454545454,0.3057070055600294,0.5145454545454546,0.16835414301929624,0.3832983726308733,False,False,0.8099134472085292,0.09988649262202043,0.0996309963099631,542,881,0.8519148040862272,en,f1,,,0.3846153846153846,0.0013170119845112849,0.100,toxicity,encoder_minilm,EXP-003
es,few_label_256_rand,0.6564326802291554,0.039264425110442314,25,0.38348352580124595,0.007892190390664109,0.11722572509457754,0.5113636363636364,0.31967711865879495,0.4886363636363636,0.15432463110102157,0.38348352580124595,False,False,0.8099134472085292,0.09988649262202043,0.0996309963099631,542,881,0.8519148040862272,en,f1,,,0.3846153846153846,0.001131858814138631,0.100,toxicity,encoder_minilm,EXP-003
es,target_full,0.6371891080533271,0.0,1,0.3846153846153846,0.0,0.1273644388398487,0.48863636363636365,0.3082191780821918,0.5113636363636364,0.16572077185017026,0.3846153846153846,False,False,0.8099134472085292,0.09988649262202043,0.0996309963099631,542,881,0.8519148040862272,en,f1,0.30274651144861614,0.45814977973568277,0.3846153846153846,0.0,0.100,toxicity,encoder_minilm,EXP-003
es,test_oracle_unachievable,0.6869700648652277,0.0,1,0.3980582524271845,0.0,0.09709962168978563,0.5340909090909091,0.3474576271186441,0.4659090909090909,0.13393870601589103,0.3980582524271845,False,False,0.8099134472085292,0.09988649262202043,0.0996309963099631,542,881,0.8519148040862272,en,f1,,,0.3846153846153846,-0.01344286781179993,0.100,toxicity,encoder_minilm,EXP-003
fr,fixed_half,0.5,0.0,1,0.5159010600706714,0.0,0.15979381443298968,0.1511627906976744,0.37055837563451777,0.8488372093023255,0.228538283062645,0.5159010600706714,False,False,0.9263665787580916,0.09976798143851508,0.09888059701492537,536,862,0.8519148040862272,en,f1,,,0.5769230769230771,0.061022016852405714,0.100,toxicity,encoder_minilm,EXP-003
fr,source_global,0.8519148040862272,0.0,1,0.5714285714285715,0.0,0.030927835051546393,0.4883720930232558,0.6470588235294118,0.5116279069767442,0.07888631090487239,0.5714285714285715,False,False,0.9263665787580916,0.09976798143851508,0.09888059701492537,536,862,0.8519148040862272,en,f1,0.474760663909817,0.6625,0.5769230769230771,0.005494505494505586,0.100,toxicity,encoder_minilm,EXP-003
fr,quantile_match,0.8803290710120012,0.0,1,0.5555555555555556,0.0,0.023195876288659795,0.5348837209302325,0.6896551724137931,0.46511627906976744,0.06728538283062645,0.5555555555555556,False,False,0.9263665787580916,0.09976798143851508,0.09888059701492537,536,862,0.8519148040862272,en,f1,,,0.5769230769230771,0.021367521367521514,0.100,toxicity,encoder_minilm,EXP-003
fr,sld_em,0.795555352284684,0.0,1,0.6011560693641619,0.0,0.045103092783505154,0.3953488372093023,0.5977011494252874,0.6046511627906976,0.10092807424593968,0.6011560693641619,False,False,0.9263665787580916,0.09976798143851508,0.09888059701492537,536,862,0.8519148040862272,en,f1,,,0.5769230769230771,-0.02423299244108479,0.100,toxicity,encoder_minilm,EXP-003
fr,bbse,0.8321551378295676,0.0,1,0.569620253164557,0.0,0.03479381443298969,0.47674418604651164,0.625,0.5232558139534884,0.08352668213457076,0.569620253164557,False,False,0.9263665787580916,0.09976798143851508,0.09888059701492537,536,862,0.8519148040862272,en,f1,,,0.5769230769230771,0.007302823758520094,0.100,toxicity,encoder_minilm,EXP-003
fr,few_label_8_strat,0.3325067453555267,0.1717281391333878,25,0.4081700378655573,0.10657141811333169,0.3331443298969072,0.0758139534883721,0.2758651097859122,0.9241860465116278,0.3921113689095128,0.4081700378655573,False,False,0.9263665787580916,0.09976798143851508,0.09888059701492537,536,862,0.8519148040862272,en,f1,,,0.5769230769230771,0.16875303905751982,0.100,toxicity,encoder_minilm,EXP-003
fr,few_label_8_rand,0.8084710417904688,0.08667049339304198,25,0.5517611679637429,0.09164382695005184,0.04463917525773196,0.45023255813953483,0.6069782117727685,0.5497674418604652,0.09503480278422273,0.5517611679637429,False,False,0.9263665787580916,0.09976798143851508,0.09888059701492537,536,862,0.8519148040862272,en,f1,,,0.5769230769230771,0.025161908959334234,0.100,toxicity,encoder_minilm,EXP-003
fr,few_label_16_strat,0.47368659311805944,0.21407511118915756,25,0.4767776939428522,0.10317067224086116,0.2211340206185567,0.15953488372093022,0.36642150237202253,0.8404651162790696,0.28292343387471,0.4767776939428522,False,False,0.9263665787580916,0.09976798143851508,0.09888059701492537,536,862,0.8519148040862272,en,f1,,,0.5769230769230771,0.1001453829802249,0.100,toxicity,encoder_minilm,EXP-003
fr,few_label_16_rand,0.7426021396100271,0.17863011385784563,25,0.5451756670435927,0.06585695402911401,0.07824742268041236,0.39069767441860465,0.557484405142727,0.6093023255813954,0.1312296983758701,0.5451756670435927,False,False,0.9263665787580916,0.09976798143851508,0.09888059701492537,536,862,0.8519148040862272,en,f1,,,0.5769230769230771,0.031747409879484434,0.100,toxicity,encoder_minilm,EXP-003
fr,few_label_32_strat,0.46876892746472876,0.19348768717884698,25,0.4801972820260558,0.09881157460573543,0.21865979381443298,0.1511627906976744,0.3605473225990601,0.8488372093023255,0.2815313225058005,0.4801972820260558,False,False,0.9263665787580916,0.09976798143851508,0.09888059701492537,536,862,0.8519148040862272,en,f1,,,0.5769230769230771,0.09672579489702127,0.100,toxicity,encoder_minilm,EXP-003
fr,few_label_32_rand,0.765114456621951,0.20669005002594668,25,0.5124259779971405,0.0968778190902019,0.07731958762886598,0.44232558139534883,0.5813072760719434,0.5576744186046512,0.1252436194895592,0.5124259779971405,False,False,0.9263665787580916,0.09976798143851508,0.09888059701492537,536,862,0.8519148040862272,en,f1,,,0.5769230769230771,0.06449709892593658,0.100,toxicity,encoder_minilm,EXP-003
fr,few_label_64_strat,0.45732169129427724,0.170534173839924,25,0.47955697557769983,0.09180412222958648,0.21850515463917525,0.13906976744186048,0.35083847190582923,0.8609302325581396,0.2825986078886311,0.47955697557769983,False,False,0.9263665787580916,0.09976798143851508,0.09888059701492537,536,862,0.8519148040862272,en,f1,,,0.5769230769230771,0.09736610134537727,0.100,toxicity,encoder_minilm,EXP-003
fr,few_label_64_rand,0.8121900503470607,0.14386158269063262,25,0.5315047370640741,0.0778776276470743,0.05087628865979381,0.4781395348837209,0.6162578849251755,0.521860465116279,0.09786542923433875,0.5315047370640741,False,False,0.9263665787580916,0.09976798143851508,0.09888059701492537,536,862,0.8519148040862272,en,f1,,,0.5769230769230771,0.04541833985900301,0.100,toxicity,encoder_minilm,EXP-003
fr,few_label_128_strat,0.5512579988251614,0.07149387847028305,25,0.536094117962427,0.02558801733538455,0.13773195876288657,0.18465116279069768,0.40409553610898674,0.8153488372093024,0.20533642691415313,0.536094117962427,False,False,0.9263665787580916,0.09976798143851508,0.09888059701492537,536,862,0.8519148040862272,en,f1,,,0.5769230769230771,0.040828958960650086,0.100,toxicity,encoder_minilm,EXP-003
fr,few_label_128_rand,0.8256497427298791,0.07746729825733888,25,0.564623350308539,0.017827160849801998,0.03881443298969073,0.467906976744186,0.6280600201430265,0.532093023255814,0.08802784222737818,0.564623350308539,False,False,0.9263665787580916,0.09976798143851508,0.09888059701492537,536,862,0.8519148040862272,en,f1,,,0.5769230769230771,0.012299726614538042,0.100,toxicity,encoder_minilm,EXP-003
fr,few_label_256_strat,0.8125680337131302,0.049146923165350576,25,0.5774636753724807,0.012742174020954112,0.041030927835051544,0.4437209302325582,0.6098188298541397,0.5562790697674419,0.09243619489559166,0.5774636753724807,False,False,0.9263665787580916,0.09976798143851508,0.09888059701492537,536,862,0.8519148040862272,en,f1,,,0.5769230769230771,-0.0005405984494035732,0.100,toxicity,encoder_minilm,EXP-003
fr,few_label_256_rand,0.8505869118813927,0.02701614526784913,25,0.5626697235404832,0.022829531406088475,0.030051546391752573,0.5009302325581395,0.652100241760686,0.4990697674418605,0.07684454756380511,0.5626697235404832,False,False,0.9263665787580916,0.09976798143851508,0.09888059701492537,536,862,0.8519148040862272,en,f1,,,0.5769230769230771,0.014253353382593925,0.100,toxicity,encoder_minilm,EXP-003
fr,target_full,0.8345425729402685,0.0,1,0.5769230769230771,0.0,0.03221649484536082,0.47674418604651164,0.6428571428571429,0.5232558139534884,0.08120649651972157,0.5769230769230771,False,False,0.9263665787580916,0.09976798143851508,0.09888059701492537,536,862,0.8519148040862272,en,f1,0.47822487762741145,0.6707336009695501,0.5769230769230771,0.0,0.100,toxicity,encoder_minilm,EXP-003
fr,test_oracle_unachievable,0.7274613333023455,0.0,1,0.6224489795918368,0.0,0.06314432989690721,0.29069767441860467,0.5545454545454546,0.7093023255813954,0.12761020881670534,0.6224489795918368,False,False,0.9263665787580916,0.09976798143851508,0.09888059701492537,536,862,0.8519148040862272,en,f1,,,0.5769230769230771,-0.045525902668759666,0.100,toxicity,encoder_minilm,EXP-003
he,fixed_half,0.5,0.0,1,0.23478260869565215,0.0,0.43783783783783786,0.34146341463414637,0.14285714285714285,0.6585365853658537,0.45985401459854014,0.23478260869565215,False,False,0.6746209624258405,0.09975669099756691,0.09881422924901186,253,411,0.8519148040862272,en,f1,,,0.3170731707317073,0.08229056203605517,0.100,toxicity,encoder_minilm,EXP-003
he,source_global,0.8519148040862272,0.0,1,0.29999999999999993,0.0,0.16486486486486487,0.5609756097560976,0.22784810126582278,0.43902439024390244,0.1922141119221411,0.29999999999999993,False,False,0.6746209624258405,0.09975669099756691,0.09881422924901186,253,411,0.8519148040862272,en,f1,0.1912836438923395,0.39723404255319145,0.3170731707317073,0.017073170731707388,0.100,toxicity,encoder_minilm,EXP-003
he,quantile_match,0.9607185862163478,0.0,1,0.3055555555555556,0.0,0.05405405405405406,0.7317073170731707,0.3548387096774194,0.2682926829268293,0.07542579075425791,0.3055555555555556,False,False,0.6746209624258405,0.09975669099756691,0.09881422924901186,253,411,0.8519148040862272,en,f1,,,0.3170731707317073,0.011517615176151741,0.100,toxicity,encoder_minilm,EXP-003
he,sld_em,0.3084554919312206,0.0,1,0.20327868852459016,0.0,0.6297297297297297,0.24390243902439024,0.11742424242424243,0.7560975609756098,0.6423357664233577,0.20327868852459016,False,False,0.6746209624258405,0.09975669099756691,0.09881422924901186,253,411,0.8519148040862272,en,f1,,,0.3170731707317073,0.11379448220711716,0.100,toxicity,encoder_minilm,EXP-003
he,bbse,0.5900935756479693,0.0,1,0.24752475247524752,0.0,0.3675675675675676,0.3902439024390244,0.15527950310559005,0.6097560975609756,0.39172749391727496,0.24752475247524752,False,False,0.6746209624258405,0.09975669099756691,0.09881422924901186,253,411,0.8519148040862272,en,f1,,,0.3170731707317073,0.0695484182564598,0.100,toxicity,encoder_minilm,EXP-003
he,few_label_8_strat,0.46880928355512014,0.18596003779085954,25,0.2302194152906428,0.03527875146489017,0.49199999999999994,0.32195121951219513,0.14244502610464527,0.6780487804878049,0.5105596107055961,0.2302194152906428,False,False,0.6746209624258405,0.09975669099756691,0.09881422924901186,253,411,0.8519148040862272,en,f1,,,0.3170731707317073,0.08685375544106452,0.100,toxicity,encoder_minilm,EXP-003
he,few_label_8_rand,0.7092001306928134,0.20898764456957886,25,0.2717168377178247,0.039181087533749645,0.2850810810810811,0.4770731707317073,0.20424945983360637,0.5229268292682927,0.30880778588807783,0.2717168377178247,False,False,0.6746209624258405,0.09975669099756691,0.09881422924901186,253,411,0.8519148040862272,en,f1,,,0.3170731707317073,0.045356333013882644,0.100,toxicity,encoder_minilm,EXP-003
he,few_label_16_strat,0.42603979584932566,0.15249149222988392,25,0.2212256507264945,0.028441840712751156,0.5283243243243244,0.3014634146341464,0.13301621545730272,0.6985365853658537,0.5453041362530413,0.2212256507264945,False,False,0.6746209624258405,0.09975669099756691,0.09881422924901186,253,411,0.8519148040862272,en,f1,,,0.3170731707317073,0.09584752000521282,0.100,toxicity,encoder_minilm,EXP-003
he,few_label_16_rand,0.8109538551558217,0.14781042510100295,25,0.2603437826122266,0.06722777613821102,0.19329729729729728,0.5746341463414634,0.2517292792985552,0.42536585365853663,0.21644768856447688,0.2603437826122266,False,False,0.6746209624258405,0.09975669099756691,0.09881422924901186,253,411,0.8519148040862272,en,f1,,,0.3170731707317073,0.056729388119480695,0.100,toxicity,encoder_minilm,EXP-003
he,few_label_32_strat,0.3728222669879685,0.1132099719404214,25,0.2126318995934228,0.019335138739285482,0.5725405405405405,0.2760975609756098,0.12543006723817454,0.7239024390243904,0.5876399026763991,0.2126318995934228,False,False,0.6746209624258405,0.09975669099756691,0.09881422924901186,253,411,0.8519148040862272,en,f1,,,0.3170731707317073,0.10444127113828452,0.100,toxicity,encoder_minilm,EXP-003
he,few_label_32_rand,0.7789546550103779,0.20728296987085473,25,0.25680617283295987,0.06109987684242695,0.2195675675675676,0.568780487804878,0.2568680700209601,0.431219512195122,0.24068126520681266,0.25680617283295987,False,False,0.6746209624258405,0.09975669099756691,0.09881422924901186,253,411,0.8519148040862272,en,f1,,,0.3170731707317073,0.060266997898747454,0.100,toxicity,encoder_minilm,EXP-003
he,few_label_64_strat,0.34979287509369117,0.06418112450287781,25,0.2061709511438558,0.009070860988165598,0.5923243243243244,0.2731707317073171,0.12032648006535783,0.7268292682926831,0.6057420924574209,0.2061709511438558,False,False,0.6746209624258405,0.09975669099756691,0.09881422924901186,253,411,0.8519148040862272,en,f1,,,0.3170731707317073,0.11090221958785151,0.100,toxicity,encoder_minilm,EXP-003
he,few_label_64_rand,0.8537316575042864,0.16914111337428483,25,0.28300538360345195,0.03740178042276801,0.15048648648648646,0.6253658536585366,0.3002932091461292,0.37463414634146347,0.17284671532846715,0.28300538360345195,False,False,0.6746209624258405,0.09975669099756691,0.09881422924901186,253,411,0.8519148040862272,en,f1,,,0.3170731707317073,0.03406778712825537,0.100,toxicity,encoder_minilm,EXP-003
he,few_label_128_strat,0.6916913818893877,0.18383094285489787,25,0.2709815787058708,0.03459691132319206,0.29297297297297303,0.4595121951219513,0.20351552319600155,0.5404878048780488,0.31766423357664236,0.2709815787058708,False,False,0.6746209624258405,0.09975669099756691,0.09881422924901186,253,411,0.8519148040862272,en,f1,,,0.3170731707317073,0.046091592025836514,0.100,toxicity,encoder_minilm,EXP-003
he,few_label_128_rand,0.9225887008685676,0.10880354930699233,25,0.29581400681848474,0.03384834059395421,0.08237837837837839,0.7043902439024392,0.3461015141271784,0.295609756097561,0.10364963503649635,0.29581400681848474,False,False,0.6746209624258405,0.09975669099756691,0.09881422924901186,253,411,0.8519148040862272,en,f1,,,0.3170731707317073,0.02125916391322258,0.100,toxicity,encoder_minilm,EXP-003
he,few_label_256_strat,0.9306602025069117,0.0,25,0.3170731707317073,0.0,0.07567567567567568,0.6829268292682927,0.3170731707317073,0.3170731707317073,0.09975669099756691,0.3170731707317073,False,False,0.6746209624258405,0.09975669099756691,0.09881422924901186,253,411,0.8519148040862272,en,f1,,,0.3170731707317073,0.0,0.100,toxicity,encoder_minilm,EXP-003
he,few_label_256_rand,0.9306602025069117,0.0,25,0.3170731707317073,0.0,0.07567567567567568,0.6829268292682927,0.3170731707317073,0.3170731707317073,0.09975669099756691,0.3170731707317073,False,False,0.6746209624258405,0.09975669099756691,0.09881422924901186,253,411,0.8519148040862272,en,f1,,,0.3170731707317073,0.0,0.100,toxicity,encoder_minilm,EXP-003
he,target_full,0.9306602025069117,0.0,1,0.3170731707317073,0.0,0.07567567567567568,0.6829268292682927,0.3170731707317073,0.3170731707317073,0.09975669099756691,0.3170731707317073,False,False,0.6746209624258405,0.09975669099756691,0.09881422924901186,253,411,0.8519148040862272,en,f1,0.17647058823529413,0.4367816091954023,0.3170731707317073,0.0,0.100,toxicity,encoder_minilm,EXP-003
he,test_oracle_unachievable,0.9433292003731397,0.0,1,0.33766233766233766,0.0,0.062162162162162166,0.6829268292682927,0.3611111111111111,0.3170731707317073,0.08759124087591241,0.33766233766233766,False,False,0.6746209624258405,0.09975669099756691,0.09881422924901186,253,411,0.8519148040862272,en,f1,,,0.3170731707317073,-0.020589166930630343,0.100,toxicity,encoder_minilm,EXP-003
hi,fixed_half,0.5,0.0,1,0.40952380952380946,0.0,0.11214953271028037,0.4819277108433735,0.33858267716535434,0.5180722891566265,0.15264423076923078,0.40952380952380946,False,False,0.814258368587836,0.09975961538461539,0.09925093632958802,534,832,0.8519148040862272,en,f1,,,0.4166666666666667,0.0071428571428572285,0.100,toxicity,encoder_minilm,EXP-003
hi,source_global,0.8519148040862272,0.0,1,0.31683168316831684,0.0,0.0026702269692923898,0.8072289156626506,0.8888888888888888,0.1927710843373494,0.021634615384615384,0.31683168316831684,False,False,0.814258368587836,0.09975961538461539,0.09925093632958802,534,832,0.8519148040862272,en,f1,0.19143896976483762,0.4262295081967213,0.4166666666666667,0.09983498349834985,0.100,toxicity,encoder_minilm,EXP-003
hi,quantile_match,0.6936024536352781,0.0,1,0.4444444444444444,0.0,0.029372496662216287,0.6385542168674698,0.5769230769230769,0.3614457831325301,0.0625,0.4444444444444444,False,False,0.814258368587836,0.09975961538461539,0.09925093632958802,534,832,0.8519148040862272,en,f1,,,0.4166666666666667,-0.027777777777777735,0.100,toxicity,encoder_minilm,EXP-003
hi,sld_em,0.9789504021905681,0.0,1,0.047058823529411764,0.0,0.0,0.9759036144578314,1.0,0.024096385542168676,0.002403846153846154,0.047058823529411764,True,False,0.814258368587836,0.09975961538461539,0.09925093632958802,534,832,0.8519148040862272,en,f1,,,0.4166666666666667,0.3696078431372549,0.100,toxicity,encoder_minilm,EXP-003
hi,bbse,0.9550666184822939,0.0,1,0.1348314606741573,0.0,0.0,0.927710843373494,1.0,0.07228915662650602,0.007211538461538462,0.1348314606741573,True,False,0.814258368587836,0.09975961538461539,0.09925093632958802,534,832,0.8519148040862272,en,f1,,,0.4166666666666667,0.2818352059925094,0.100,toxicity,encoder_minilm,EXP-003
hi,few_label_8_strat,0.18435285604955087,0.16358017954668683,25,0.293817718381879,0.0700214924963412,0.4802136181575433,0.1696385542168675,0.19450125033990295,0.8303614457831325,0.5151442307692308,0.293817718381879,False,False,0.814258368587836,0.09975961538461539,0.09925093632958802,534,832,0.8519148040862272,en,f1,,,0.4166666666666667,0.1228489482847877,0.100,toxicity,encoder_minilm,EXP-003
hi,few_label_8_rand,0.5355297754860385,0.2884590493152263,25,0.3405368340998345,0.058668636799817014,0.17222963951935916,0.5074698795180723,0.503708132545546,0.49253012048192774,0.2041826923076923,0.3405368340998345,False,False,0.814258368587836,0.09975961538461539,0.09925093632958802,534,832,0.8519148040862272,en,f1,,,0.4166666666666667,0.0761298325668322,0.100,toxicity,encoder_minilm,EXP-003
hi,few_label_16_strat,0.1763044069554058,0.17186640428316505,25,0.2828378398908597,0.07565820254815105,0.5219225634178906,0.16867469879518077,0.18712092694149013,0.8313253012048192,0.5527884615384615,0.2828378398908597,False,False,0.814258368587836,0.09975961538461539,0.09925093632958802,534,832,0.8519148040862272,en,f1,,,0.4166666666666667,0.13382882677580699,0.100,toxicity,encoder_minilm,EXP-003
hi,few_label_16_rand,0.4612753957475584,0.27731922977900364,25,0.35474915810712304,0.05673118632047281,0.20886515353805074,0.4265060240963855,0.42354273210673826,0.5734939759036145,0.24524038461538464,0.35474915810712304,False,False,0.814258368587836,0.09975961538461539,0.09925093632958802,534,832,0.8519148040862272,en,f1,,,0.4166666666666667,0.061917508559543644,0.100,toxicity,encoder_minilm,EXP-003
hi,few_label_32_strat,0.2428661769412987,0.17677056535943858,25,0.31959918972590823,0.07446560691826525,0.40090787716955945,0.2269879518072289,0.22002867567848078,0.773012048192771,0.43802884615384613,0.31959918972590823,False,False,0.814258368587836,0.09975961538461539,0.09925093632958802,534,832,0.8519148040862272,en,f1,,,0.4166666666666667,0.09706747694075846,0.100,toxicity,encoder_minilm,EXP-003
hi,few_label_32_rand,0.6676566755825164,0.19086849932005628,25,0.389552215848955,0.06493738263506883,0.07049399198931909,0.6255421686746988,0.599022097581189,0.3744578313253012,0.1008173076923077,0.389552215848955,False,False,0.814258368587836,0.09975961538461539,0.09925093632958802,534,832,0.8519148040862272,en,f1,,,0.4166666666666667,0.02711445081771169,0.100,toxicity,encoder_minilm,EXP-003
hi,few_label_64_strat,0.11190020145677494,0.11918740360121388,25,0.25117316516089777,0.05186015331576467,0.6075300400534045,0.11855421686746989,0.15370661840011382,0.8814457831325301,0.6348557692307693,0.25117316516089777,False,False,0.814258368587836,0.09975961538461539,0.09925093632958802,534,832,0.8519148040862272,en,f1,,,0.4166666666666667,0.16549350150576891,0.100,toxicity,encoder_minilm,EXP-003
hi,few_label_64_rand,0.6201206911206782,0.17365898741405472,25,0.39514259189047424,0.08583032127438078,0.08288384512683576,0.5826506024096386,0.5086044912788705,0.41734939759036144,0.11625,0.39514259189047424,False,False,0.814258368587836,0.09975961538461539,0.09925093632958802,534,832,0.8519148040862272,en,f1,,,0.4166666666666667,0.021524074776192448,0.100,toxicity,encoder_minilm,EXP-003
hi,few_label_128_strat,0.23554889074204588,0.1344906929427718,25,0.3256907591777929,0.05781826449769156,0.37004005340453944,0.21831325301204818,0.2164896757570299,0.7816867469879518,0.41110576923076925,0.3256907591777929,False,False,0.814258368587836,0.09975961538461539,0.09925093632958802,534,832,0.8519148040862272,en,f1,,,0.4166666666666667,0.0909759074888738,0.100,toxicity,encoder_minilm,EXP-003
hi,few_label_128_rand,0.6413390916953188,0.10404014095530305,25,0.4153874199263511,0.054075210121152295,0.05447263017356476,0.603855421686747,0.5160988422976643,0.39614457831325306,0.0885576923076923,0.4153874199263511,False,False,0.814258368587836,0.09975961538461539,0.09925093632958802,534,832,0.8519148040862272,en,f1,,,0.4166666666666667,0.0012792467403155983,0.100,toxicity,encoder_minilm,EXP-003
hi,few_label_256_strat,0.5408627580467741,0.011842390509100442,25,0.41924332810047105,0.0011720471649722408,0.09436582109479305,0.5089156626506024,0.36621458317840416,0.49108433734939766,0.1339423076923077,0.41924332810047105,False,False,0.814258368587836,0.09975961538461539,0.09925093632958802,534,832,0.8519148040862272,en,f1,,,0.4166666666666667,-0.0025766614338043614,0.100,toxicity,encoder_minilm,EXP-003
hi,few_label_256_rand,0.5932639149531966,0.05824465326621349,25,0.4298234452434071,0.016609150511232847,0.07022696929238985,0.5551807228915662,0.43388835896766303,0.4448192771084338,0.10759615384615386,0.4298234452434071,False,False,0.814258368587836,0.09975961538461539,0.09925093632958802,534,832,0.8519148040862272,en,f1,,,0.4166666666666667,-0.013156778576740413,0.100,toxicity,encoder_minilm,EXP-003
hi,target_full,0.598485262922375,0.0,1,0.4166666666666667,0.0,0.06675567423230974,0.5783132530120482,0.4117647058823529,0.42168674698795183,0.10216346153846154,0.4166666666666667,False,False,0.814258368587836,0.09975961538461539,0.09925093632958802,534,832,0.8519148040862272,en,f1,0.3170731707317074,0.5055114638447973,0.4166666666666667,0.0,0.100,toxicity,encoder_minilm,EXP-003
hi,test_oracle_unachievable,0.6684309505608754,0.0,1,0.4714285714285714,0.0,0.03204272363150868,0.6024096385542169,0.5789473684210527,0.39759036144578314,0.06850961538461539,0.4714285714285714,False,False,0.814258368587836,0.09975961538461539,0.09925093632958802,534,832,0.8519148040862272,en,f1,,,0.4166666666666667,-0.054761904761904734,0.100,toxicity,encoder_minilm,EXP-003
hin,fixed_half,0.5,0.0,1,0.18285714285714286,0.0,0.13971742543171115,0.7714285714285715,0.1523809523809524,0.22857142857142856,0.1485148514851485,0.18285714285714286,False,False,0.5360282574568289,0.09900990099009901,0.09859154929577464,497,707,0.8519148040862272,en,f1,,,0.1867704280155642,0.003913285158421348,0.100,toxicity,encoder_minilm,EXP-003
hin,source_global,0.8519148040862272,0.0,1,0.11111111111111112,0.0,0.023547880690737835,0.9285714285714286,0.25,0.07142857142857142,0.028288543140028287,0.11111111111111112,False,False,0.5360282574568289,0.09900990099009901,0.09859154929577464,497,707,0.8519148040862272,en,f1,0.02380952380952381,0.2117647058823529,0.1867704280155642,0.07565931690445309,0.100,toxicity,encoder_minilm,EXP-003
hin,quantile_match,0.7709137048285143,0.0,1,0.16216216216216217,0.0,0.05023547880690738,0.8714285714285714,0.21951219512195122,0.12857142857142856,0.05799151343705799,0.16216216216216217,False,False,0.5360282574568289,0.09900990099009901,0.09859154929577464,497,707,0.8519148040862272,en,f1,,,0.1867704280155642,0.024608265853402034,0.100,toxicity,encoder_minilm,EXP-003
hin,sld_em,0.9587524950413818,0.0,1,0.027027027027027025,0.0,0.004709576138147566,0.9857142857142858,0.25,0.014285714285714285,0.005657708628005658,0.027027027027027025,True,False,0.5360282574568289,0.09900990099009901,0.09859154929577464,497,707,0.8519148040862272,en,f1,,,0.1867704280155642,0.15974340098853718,0.100,toxicity,encoder_minilm,EXP-003
hin,bbse,0.9124238189897298,0.0,1,0.025316455696202528,0.0,0.012558869701726845,0.9857142857142858,0.1111111111111111,0.014285714285714285,0.01272984441301273,0.025316455696202528,False,False,0.5360282574568289,0.09900990099009901,0.09859154929577464,497,707,0.8519148040862272,en,f1,,,0.1867704280155642,0.16145397231936168,0.100,toxicity,encoder_minilm,EXP-003
hin,few_label_8_strat,0.11328522412339648,0.07977477437247107,25,0.1767993909250466,0.007836241589569382,0.6623547880690738,0.316,0.10355094939662718,0.684,0.6644978783592645,0.1767993909250466,False,False,0.5360282574568289,0.09900990099009901,0.09859154929577464,497,707,0.8519148040862272,en,f1,,,0.1867704280155642,0.00997103709051761,0.100,toxicity,encoder_minilm,EXP-003
hin,few_label_8_rand,0.36285182439029257,0.32062117344396956,25,0.15699560519488348,0.03831942676494891,0.39102040816326533,0.5754285714285714,0.1423415030797187,0.42457142857142854,0.3943422913719943,0.15699560519488348,False,False,0.5360282574568289,0.09900990099009901,0.09859154929577464,497,707,0.8519148040862272,en,f1,,,0.1867704280155642,0.029774822820680724,0.100,toxicity,encoder_minilm,EXP-003
hin,few_label_16_strat,0.08429091507402062,0.046685280534842756,25,0.17725734920659758,0.008737286769262179,0.7402197802197802,0.24057142857142857,0.10105209413706298,0.7594285714285715,0.7421216407355021,0.17725734920659758,False,False,0.5360282574568289,0.09900990099009901,0.09859154929577464,497,707,0.8519148040862272,en,f1,,,0.1867704280155642,0.009513078808966624,0.100,toxicity,encoder_minilm,EXP-003
hin,few_label_16_rand,0.439094126430571,0.31365899415094073,25,0.15145039604473487,0.0511030804652748,0.3113971742543171,0.6462857142857144,0.1385663687519246,0.35371428571428576,0.31558698727015555,0.15145039604473487,False,False,0.5360282574568289,0.09900990099009901,0.09859154929577464,497,707,0.8519148040862272,en,f1,,,0.1867704280155642,0.035320031970829335,0.100,toxicity,encoder_minilm,EXP-003
hin,few_label_32_strat,0.07178767877590136,0.03304119765681965,25,0.17688500013664632,0.008724911877306061,0.7719309262166405,0.21600000000000003,0.10004475854889289,0.7839999999999999,0.7731258840169731,0.17688500013664632,False,False,0.5360282574568289,0.09900990099009901,0.09859154929577464,497,707,0.8519148040862272,en,f1,,,0.1867704280155642,0.009885427878917885,0.100,toxicity,encoder_minilm,EXP-003
hin,few_label_32_rand,0.4453572067904886,0.3089815657519879,25,0.14975415934708522,0.05350526789849478,0.28709576138147563,0.6674285714285715,0.14145448768558203,0.3325714285714286,0.2915983026874116,0.14975415934708522,False,False,0.5360282574568289,0.09900990099009901,0.09859154929577464,497,707,0.8519148040862272,en,f1,,,0.1867704280155642,0.037016268668478985,0.100,toxicity,encoder_minilm,EXP-003
hin,few_label_64_strat,0.06269917283131897,0.025800499877305483,25,0.1792812258239856,0.008381425986883642,0.8070957613814757,0.1742857142857143,0.10077447901333703,0.8257142857142857,0.8089391796322488,0.1792812258239856,True,False,0.5360282574568289,0.09900990099009901,0.09859154929577464,497,707,0.8519148040862272,en,f1,,,0.1867704280155642,0.0074892021915786144,0.100,toxicity,encoder_minilm,EXP-003
hin,few_label_64_rand,0.49908167480676985,0.31126423734589537,25,0.1349277341344549,0.06512369448185536,0.2318995290423862,0.7274285714285714,0.13875951455175162,0.2725714285714285,0.23592644978783592,0.1349277341344549,False,False,0.5360282574568289,0.09900990099009901,0.09859154929577464,497,707,0.8519148040862272,en,f1,,,0.1867704280155642,0.05184269388110929,0.100,toxicity,encoder_minilm,EXP-003
hin,few_label_128_strat,0.07008140152655877,0.014558493014296695,25,0.18068564560020778,0.004642116855495869,0.7790894819466249,0.1954285714285714,0.10183966018486483,0.8045714285714284,0.7816124469589815,0.18068564560020778,False,False,0.5360282574568289,0.09900990099009901,0.09859154929577464,497,707,0.8519148040862272,en,f1,,,0.1867704280155642,0.006084782415356427,0.100,toxicity,encoder_minilm,EXP-003
hin,few_label_128_rand,0.35989869706244887,0.3131223223717776,25,0.1481546457961837,0.05507514376215798,0.36828885400313977,0.6097142857142857,0.11991480485289323,0.39028571428571435,0.3704667609618105,0.1481546457961837,False,False,0.5360282574568289,0.09900990099009901,0.09859154929577464,497,707,0.8519148040862272,en,f1,,,0.1867704280155642,0.0386157822193805,0.100,toxicity,encoder_minilm,EXP-003
hin,few_label_256_strat,0.0932763565634232,0.01931560947038813,25,0.1701635728045503,0.009460450262357532,0.6771742543171115,0.3302857142857143,0.09764379266710577,0.6697142857142857,0.6764356435643565,0.1701635728045503,False,False,0.5360282574568289,0.09900990099009901,0.09859154929577464,497,707,0.8519148040862272,en,f1,,,0.1867704280155642,0.016606855211013904,0.100,toxicity,encoder_minilm,EXP-003
hin,few_label_256_rand,0.3581195086308518,0.2762542002551539,25,0.1579856726528165,0.050539985599749065,0.345243328100471,0.6125714285714285,0.12128484281643354,0.3874285714285714,0.3494200848656295,0.1579856726528165,False,False,0.5360282574568289,0.09900990099009901,0.09859154929577464,497,707,0.8519148040862272,en,f1,,,0.1867704280155642,0.028784755362747716,0.100,toxicity,encoder_minilm,EXP-003
hin,target_full,0.312113579858073,0.0,1,0.1867704280155642,0.0,0.25588697017268447,0.6571428571428571,0.12834224598930483,0.34285714285714286,0.26449787835926447,0.1867704280155642,False,False,0.5360282574568289,0.09900990099009901,0.09859154929577464,497,707,0.8519148040862272,en,f1,0.12954854809437386,0.2516605347068923,0.1867704280155642,0.0,0.100,toxicity,encoder_minilm,EXP-003
hin,test_oracle_unachievable,0.4742171175394324,0.0,1,0.20765027322404372,0.0,0.14756671899529042,0.7285714285714285,0.168141592920354,0.2714285714285714,0.15983026874115983,0.20765027322404372,False,False,0.5360282574568289,0.09900990099009901,0.09859154929577464,497,707,0.8519148040862272,en,f1,,,0.1867704280155642,-0.02087984520847952,0.100,toxicity,encoder_minilm,EXP-003
it,fixed_half,0.5,0.0,1,0.33608815426997246,0.0,0.2825520833333333,0.2823529411764706,0.21942446043165467,0.7176470588235294,0.32590855803048063,0.33608815426997246,False,False,0.7786151960784313,0.09964830011723329,0.0985663082437276,558,853,0.8519148040862272,en,f1,,,0.38679245283018865,0.05070429856021619,0.100,toxicity,encoder_minilm,EXP-003
it,source_global,0.8519148040862272,0.0,1,0.33121019108280253,0.0,0.059895833333333336,0.6941176470588235,0.3611111111111111,0.3058823529411765,0.08440797186400938,0.33121019108280253,False,False,0.7786151960784313,0.09964830011723329,0.0985663082437276,558,853,0.8519148040862272,en,f1,0.23255063765941483,0.43211500974658873,0.38679245283018865,0.05558226174738612,0.100,toxicity,encoder_minilm,EXP-003
it,quantile_match,0.8617379036271058,0.0,1,0.33986928104575165,0.0,0.0546875,0.6941176470588235,0.38235294117647056,0.3058823529411765,0.07971864009378664,0.33986928104575165,False,False,0.7786151960784313,0.09964830011723329,0.0985663082437276,558,853,0.8519148040862272,en,f1,,,0.38679245283018865,0.046923171784437,0.100,toxicity,encoder_minilm,EXP-003
it,sld_em,0.6859500989622414,0.0,1,0.35443037974683544,0.0,0.14322916666666666,0.5058823529411764,0.27631578947368424,0.49411764705882355,0.17819460726846426,0.35443037974683544,False,False,0.7786151960784313,0.09964830011723329,0.0985663082437276,558,853,0.8519148040862272,en,f1,,,0.38679245283018865,0.032362073083353204,0.100,toxicity,encoder_minilm,EXP-003
it,bbse,0.828236984536182,0.0,1,0.3493975903614458,0.0,0.06770833333333333,0.6588235294117647,0.35802469135802467,0.3411764705882353,0.09495896834701055,0.3493975903614458,False,False,0.7786151960784313,0.09964830011723329,0.0985663082437276,558,853,0.8519148040862272,en,f1,,,0.38679245283018865,0.03739486246874285,0.100,toxicity,encoder_minilm,EXP-003
it,few_label_8_strat,0.4200558292727285,0.2063339700934773,25,0.2978590224513271,0.05002750909234887,0.393125,0.264,0.19853768183758957,0.736,0.4272919109026963,0.2978590224513271,False,False,0.7786151960784313,0.09964830011723329,0.0985663082437276,558,853,0.8519148040862272,en,f1,,,0.38679245283018865,0.08893343037886153,0.100,toxicity,encoder_minilm,EXP-003
it,few_label_8_rand,0.6184050234344098,0.2995745839223189,25,0.30344223446332513,0.04614295933033568,0.2534375,0.472,0.284641506466771,0.528,0.28079718640093787,0.30344223446332513,False,False,0.7786151960784313,0.09964830011723329,0.0985663082437276,558,853,0.8519148040862272,en,f1,,,0.38679245283018865,0.08335021836686352,0.100,toxicity,encoder_minilm,EXP-003
it,few_label_16_strat,0.29717406755869097,0.2189861160423439,25,0.2681086373344089,0.0541613612749215,0.53546875,0.16941176470588235,0.1700273074507635,0.8305882352941176,0.5648769050410316,0.2681086373344089,False,False,0.7786151960784313,0.09964830011723329,0.0985663082437276,558,853,0.8519148040862272,en,f1,,,0.38679245283018865,0.11868381549577978,0.100,toxicity,encoder_minilm,EXP-003
it,few_label_16_rand,0.5646236410947837,0.2636937467538636,25,0.31038371391099906,0.05329367254131005,0.2796875,0.3976470588235294,0.2652820035704282,0.6023529411764705,0.3118405627198124,0.31038371391099906,False,False,0.7786151960784313,0.09964830011723329,0.0985663082437276,558,853,0.8519148040862272,en,f1,,,0.38679245283018865,0.07640873891918959,0.100,toxicity,encoder_minilm,EXP-003
it,few_label_32_strat,0.2630481147189543,0.18042262606277665,25,0.2621986341197056,0.04681935441371638,0.5597395833333334,0.13694117647058823,0.1617391217388354,0.8630588235294119,0.5899648300117234,0.2621986341197056,False,False,0.7786151960784313,0.09964830011723329,0.0985663082437276,558,853,0.8519148040862272,en,f1,,,0.38679245283018865,0.12459381871048303,0.100,toxicity,encoder_minilm,EXP-003
it,few_label_32_rand,0.7546208303953086,0.24013163463691317,25,0.30516716887724177,0.06652392633337599,0.1416666666666667,0.6080000000000001,0.3622673846482936,0.392,0.16661195779601407,0.30516716887724177,False,False,0.7786151960784313,0.09964830011723329,0.0985663082437276,558,853,0.8519148040862272,en,f1,,,0.38679245283018865,0.08162528395294688,0.100,toxicity,encoder_minilm,EXP-003
it,few_label_64_strat,0.23500842956906845,0.13877574631400552,25,0.2546930276072992,0.0367561893193923,0.583125,0.11670588235294119,0.1515589067907033,0.8832941176470588,0.6130363423212193,0.2546930276072992,False,False,0.7786151960784313,0.09964830011723329,0.0985663082437276,558,853,0.8519148040862272,en,f1,,,0.38679245283018865,0.13209942522288942,0.100,toxicity,encoder_minilm,EXP-003
it,few_label_64_rand,0.7684719850236824,0.1708381269417047,25,0.32422288244146036,0.0654222429255676,0.11296875000000002,0.6023529411764705,0.36127763814506814,0.3976470588235294,0.1413364595545135,0.32422288244146036,False,False,0.7786151960784313,0.09964830011723329,0.0985663082437276,558,853,0.8519148040862272,en,f1,,,0.38679245283018865,0.06256957038872829,0.100,toxicity,encoder_minilm,EXP-003
it,few_label_128_strat,0.22558860778873277,0.10438299896686012,25,0.2527309072862336,0.027080779260025646,0.58671875,0.10682352941176472,0.14839361962803865,0.8931764705882353,0.6172567409144197,0.2527309072862336,False,False,0.7786151960784313,0.09964830011723329,0.0985663082437276,558,853,0.8519148040862272,en,f1,,,0.38679245283018865,0.13406154554395505,0.100,toxicity,encoder_minilm,EXP-003
it,few_label_128_rand,0.7554596529660779,0.09833424525230006,25,0.346098438356896,0.07118511191486347,0.10697916666666667,0.5727058823529412,0.32948406934987884,0.4272941176470588,0.13889800703399766,0.346098438356896,False,False,0.7786151960784313,0.09964830011723329,0.0985663082437276,558,853,0.8519148040862272,en,f1,,,0.38679245283018865,0.04069401447329263,0.100,toxicity,encoder_minilm,EXP-003
it,few_label_256_strat,0.7232856466128821,0.011098313882090366,25,0.38035178983537804,0.010460566160676546,0.11687499999999998,0.5176470588235295,0.3142086924864299,0.4823529411764706,0.15329425556858148,0.38035178983537804,False,False,0.7786151960784313,0.09964830011723329,0.0985663082437276,558,853,0.8519148040862272,en,f1,,,0.38679245283018865,0.006440662994810609,0.100,toxicity,encoder_minilm,EXP-003
it,few_label_256_rand,0.734729580491642,0.042709865231097356,25,0.3737845963004904,0.024346097834431438,0.11270833333333334,0.5336470588235295,0.31917504554963316,0.4663529411764706,0.14794841735052752,0.3737845963004904,False,False,0.7786151960784313,0.09964830011723329,0.0985663082437276,558,853,0.8519148040862272,en,f1,,,0.38679245283018865,0.01300785652969827,0.100,toxicity,encoder_minilm,EXP-003
it,target_full,0.7305287566010856,0.0,1,0.38679245283018865,0.0,0.11197916666666667,0.5176470588235295,0.3228346456692913,0.4823529411764706,0.1488862837045721,0.38679245283018865,False,False,0.7786151960784313,0.09964830011723329,0.0985663082437276,558,853,0.8519148040862272,en,f1,0.3049284646594064,0.4679210556121871,0.38679245283018865,0.0,0.100,toxicity,encoder_minilm,EXP-003
it,test_oracle_unachievable,0.7484525361168983,0.0,1,0.3883495145631068,0.0,0.10546875,0.5294117647058824,0.3305785123966942,0.47058823529411764,0.141852286049238,0.3883495145631068,False,False,0.7786151960784313,0.09964830011723329,0.0985663082437276,558,853,0.8519148040862272,en,f1,,,0.38679245283018865,-0.0015570617329181413,0.100,toxicity,encoder_minilm,EXP-003
ja,fixed_half,0.5,0.0,1,0.23668639053254434,0.0,0.2812089356110381,0.5238095238095238,0.15748031496062992,0.47619047619047616,0.3005917159763314,0.23668639053254434,False,False,0.6717351855328202,0.09940828402366864,0.0989010989010989,546,845,0.8519148040862272,en,f1,,,0.2634146341463415,0.026728243613797137,0.100,toxicity,encoder_minilm,EXP-003
ja,source_global,0.8519148040862272,0.0,1,0.28571428571428575,0.0,0.05519053876478318,0.75,0.3333333333333333,0.25,0.07455621301775148,0.28571428571428575,False,False,0.6717351855328202,0.09940828402366864,0.0989010989010989,546,845,0.8519148040862272,en,f1,0.18976090579918387,0.38216560509554137,0.2634146341463415,-0.02229965156794428,0.100,toxicity,encoder_minilm,EXP-003
ja,quantile_match,0.8527866210521511,0.0,1,0.28571428571428575,0.0,0.05519053876478318,0.75,0.3333333333333333,0.25,0.07455621301775148,0.28571428571428575,False,False,0.6717351855328202,0.09940828402366864,0.0989010989010989,546,845,0.8519148040862272,en,f1,,,0.2634146341463415,-0.02229965156794428,0.100,toxicity,encoder_minilm,EXP-003
ja,sld_em,0.7291303986418695,0.0,1,0.2755102040816327,0.0,0.1116951379763469,0.6785714285714286,0.24107142857142858,0.32142857142857145,0.13254437869822486,0.2755102040816327,False,False,0.6717351855328202,0.09940828402366864,0.0989010989010989,546,845,0.8519148040862272,en,f1,,,0.2634146341463415,-0.012095569935291206,0.100,toxicity,encoder_minilm,EXP-003
ja,bbse,0.8497953579881339,0.0,1,0.28378378378378377,0.0,0.056504599211563734,0.75,0.328125,0.25,0.0757396449704142,0.28378378378378377,False,False,0.6717351855328202,0.09940828402366864,0.0989010989010989,546,845,0.8519148040862272,en,f1,,,0.2634146341463415,-0.020369149637442296,0.100,toxicity,encoder_minilm,EXP-003
ja,few_label_8_strat,0.30587032101979655,0.22856756247110294,25,0.2205078540576114,0.022668952371449252,0.5497503285151117,0.2914285714285715,0.14206297556341363,0.7085714285714286,0.5655384615384615,0.2205078540576114,False,False,0.6717351855328202,0.09940828402366864,0.0989010989010989,546,845,0.8519148040862272,en,f1,,,0.2634146341463415,0.042906780088730084,0.100,toxicity,encoder_minilm,EXP-003
ja,few_label_8_rand,0.61277995270224,0.2982823337332042,25,0.2566538439198712,0.03132280967126599,0.2627595269382391,0.5457142857142858,0.252671281153361,0.45428571428571424,0.28179881656804734,0.2566538439198712,False,False,0.6717351855328202,0.09940828402366864,0.0989010989010989,546,845,0.8519148040862272,en,f1,,,0.2634146341463415,0.006760790226470248,0.100,toxicity,encoder_minilm,EXP-003
ja,few_label_16_strat,0.2542461807757942,0.18943000957473574,25,0.22009518481727267,0.025282030576854138,0.6050985545335085,0.23142857142857143,0.13468845627540538,0.7685714285714285,0.6213491124260355,0.22009518481727267,False,False,0.6717351855328202,0.09940828402366864,0.0989010989010989,546,845,0.8519148040862272,en,f1,,,0.2634146341463415,0.04331944932906881,0.100,toxicity,encoder_minilm,EXP-003
ja,few_label_16_rand,0.582383980004979,0.31174297454401473,25,0.24552434708260587,0.04271634348449609,0.29445466491458605,0.5276190476190475,0.2516644980701188,0.4723809523809524,0.31214201183431955,0.24552434708260587,False,False,0.6717351855328202,0.09940828402366864,0.0989010989010989,546,845,0.8519148040862272,en,f1,,,0.2634146341463415,0.017890287063735605,0.100,toxicity,encoder_minilm,EXP-003
ja,few_label_32_strat,0.22356007914659198,0.1726855996550155,25,0.2136419520757865,0.021797279241736994,0.648725361366623,0.2052380952380952,0.12700292126626372,0.7947619047619048,0.6632426035502959,0.2136419520757865,False,False,0.6717351855328202,0.09940828402366864,0.0989010989010989,546,845,0.8519148040862272,en,f1,,,0.2634146341463415,0.04977268207055496,0.100,toxicity,encoder_minilm,EXP-003
ja,few_label_32_rand,0.4702730978820517,0.3275892873497185,25,0.2330272879911805,0.03642183728134238,0.41371879106438897,0.4376190476190476,0.20449026095258027,0.5623809523809524,0.4284970414201183,0.2330272879911805,False,False,0.6717351855328202,0.09940828402366864,0.0989010989010989,546,845,0.8519148040862272,en,f1,,,0.2634146341463415,0.030387346155160977,0.100,toxicity,encoder_minilm,EXP-003
ja,few_label_64_strat,0.17643833896634395,0.1201614754390573,25,0.2129080234037186,0.021091731421045763,0.7046517739816032,0.14238095238095239,0.12292214594908059,0.8576190476190476,0.7198579881656804,0.2129080234037186,False,False,0.6717351855328202,0.09940828402366864,0.0989010989010989,546,845,0.8519148040862272,en,f1,,,0.2634146341463415,0.05050661074262289,0.100,toxicity,encoder_minilm,EXP-003
ja,few_label_64_rand,0.7109388114700905,0.24265623337855208,25,0.2409146199659713,0.03420513787556139,0.16641261498028906,0.6642857142857143,0.31006801384226057,0.3357142857142857,0.18324260355029584,0.2409146199659713,False,False,0.6717351855328202,0.09940828402366864,0.0989010989010989,546,845,0.8519148040862272,en,f1,,,0.2634146341463415,0.022500014180370176,0.100,toxicity,encoder_minilm,EXP-003
ja,few_label_128_strat,0.25750493014314374,0.12823697962566002,25,0.22319558605347598,0.0162568996656087,0.5790801576872535,0.23142857142857146,0.13276049419221178,0.7685714285714286,0.5979171597633136,0.22319558605347598,False,False,0.6717351855328202,0.09940828402366864,0.0989010989010989,546,845,0.8519148040862272,en,f1,,,0.2634146341463415,0.0402190480928655,0.100,toxicity,encoder_minilm,EXP-003
ja,few_label_128_rand,0.694909987092331,0.1608860446633557,25,0.2579116733667935,0.022089012923170993,0.15027595269382393,0.6580952380952381,0.2521871976063087,0.3419047619047619,0.16932544378698228,0.2579116733667935,False,False,0.6717351855328202,0.09940828402366864,0.0989010989010989,546,845,0.8519148040862272,en,f1,,,0.2634146341463415,0.005502960779547983,0.100,toxicity,encoder_minilm,EXP-003
ja,few_label_256_strat,0.4172496598187809,0.029327321812029416,25,0.2406896776537427,0.005846479807252066,0.35253613666228645,0.4257142857142857,0.1524528295328226,0.5742857142857143,0.3745798816568048,0.2406896776537427,False,False,0.6717351855328202,0.09940828402366864,0.0989010989010989,546,845,0.8519148040862272,en,f1,,,0.2634146341463415,0.022724956492598786,0.100,toxicity,encoder_minilm,EXP-003
ja,few_label_256_rand,0.6866610681984539,0.18817377706416044,25,0.2564225062548269,0.018776175107657018,0.16220762155059135,0.6495238095238095,0.254423511674794,0.35047619047619044,0.1809230769230769,0.2564225062548269,False,False,0.6717351855328202,0.09940828402366864,0.0989010989010989,546,845,0.8519148040862272,en,f1,,,0.2634146341463415,0.006992127891514599,0.100,toxicity,encoder_minilm,EXP-003
ja,target_full,0.7124307255223862,0.0,1,0.2634146341463415,0.0,0.12352168199737187,0.6785714285714286,0.2231404958677686,0.32142857142857145,0.14319526627218934,0.2634146341463415,False,False,0.6717351855328202,0.09940828402366864,0.0989010989010989,546,845,0.8519148040862272,en,f1,0.17904675517440424,0.3412380071668015,0.2634146341463415,0.0,0.100,toxicity,encoder_minilm,EXP-003
ja,test_oracle_unachievable,0.7778697505538771,0.0,1,0.29714285714285715,0.0,0.08541392904073587,0.6904761904761905,0.2857142857142857,0.30952380952380953,0.1076923076923077,0.29714285714285715,False,False,0.6717351855328202,0.09940828402366864,0.0989010989010989,546,845,0.8519148040862272,en,f1,,,0.2634146341463415,-0.03372822299651568,0.100,toxicity,encoder_minilm,EXP-003
ru,fixed_half,0.5,0.0,1,0.445141065830721,0.0,0.21550591327201052,0.15476190476190477,0.3021276595744681,0.8452380952380952,0.2781065088757396,0.445141065830721,False,False,0.9147268631499906,0.09940828402366864,0.0989010989010989,546,845,0.8519148040862272,en,f1,,,0.5442176870748299,0.09907662124410888,0.100,toxicity,encoder_minilm,EXP-003
ru,source_global,0.8519148040862272,0.0,1,0.5952380952380952,0.0,0.04467805519053877,0.40476190476190477,0.5952380952380952,0.5952380952380952,0.09940828402366864,0.5952380952380952,False,False,0.9147268631499906,0.09940828402366864,0.0989010989010989,546,845,0.8519148040862272,en,f1,0.5032258064516129,0.677433023510115,0.5442176870748299,-0.05102040816326536,0.100,toxicity,encoder_minilm,EXP-003
ru,quantile_match,0.9036035008312708,0.0,1,0.5416666666666667,0.0,0.02759526938239159,0.5357142857142857,0.65,0.4642857142857143,0.07100591715976332,0.5416666666666667,False,False,0.9147268631499906,0.09940828402366864,0.0989010989010989,546,845,0.8519148040862272,en,f1,,,0.5442176870748299,0.0025510204081631294,0.100,toxicity,encoder_minilm,EXP-003
ru,sld_em,0.6303997349601465,0.0,1,0.521072796934866,0.0,0.14323258869908015,0.19047619047619047,0.384180790960452,0.8095238095238095,0.20946745562130178,0.521072796934866,False,False,0.9147268631499906,0.09940828402366864,0.0989010989010989,546,845,0.8519148040862272,en,f1,,,0.5442176870748299,0.023144890139963903,0.100,toxicity,encoder_minilm,EXP-003
ru,bbse,0.7649018574334875,0.0,1,0.6000000000000001,0.0,0.0735873850197109,0.2857142857142857,0.5172413793103449,0.7142857142857143,0.13727810650887573,0.6000000000000001,False,False,0.9147268631499906,0.09940828402366864,0.0989010989010989,546,845,0.8519148040862272,en,f1,,,0.5442176870748299,-0.05578231292517022,0.100,toxicity,encoder_minilm,EXP-003
ru,few_label_8_strat,0.47922763773779214,0.19780356844210023,25,0.43504746126377464,0.09629195921566716,0.2709067017082786,0.13714285714285712,0.3156178990971381,0.8628571428571429,0.3297514792899408,0.43504746126377464,False,False,0.9147268631499906,0.09940828402366864,0.0989010989010989,546,845,0.8519148040862272,en,f1,,,0.5442176870748299,0.10917022581105523,0.100,toxicity,encoder_minilm,EXP-003
ru,few_label_8_rand,0.7476915655759184,0.19787058086635656,25,0.5454969840320004,0.08863104912787333,0.11201051248357424,0.3342857142857143,0.515272451301384,0.6657142857142858,0.16705325443786984,0.5454969840320004,False,False,0.9147268631499906,0.09940828402366864,0.0989010989010989,546,845,0.8519148040862272,en,f1,,,0.5442176870748299,-0.0012792969571705504,0.100,toxicity,encoder_minilm,EXP-003
ru,few_label_16_strat,0.605228254337682,0.14277351576963462,25,0.5020870575480113,0.06996167114786567,0.16341655716162942,0.20666666666666667,0.38619278968494714,0.7933333333333333,0.22603550295857985,0.5020870575480113,False,False,0.9147268631499906,0.09940828402366864,0.0989010989010989,546,845,0.8519148040862272,en,f1,,,0.5442176870748299,0.042130629526818564,0.100,toxicity,encoder_minilm,EXP-003
ru,few_label_16_rand,0.7769337979960648,0.16646426059772085,25,0.5295166945302635,0.07666246553231063,0.0859921156373193,0.3757142857142858,0.5318776246984618,0.6242857142857143,0.13950295857988165,0.5295166945302635,False,False,0.9147268631499906,0.09940828402366864,0.0989010989010989,546,845,0.8519148040862272,en,f1,,,0.5442176870748299,0.01470099254456636,0.100,toxicity,encoder_minilm,EXP-003
ru,few_label_32_strat,0.5054122988143757,0.12773415822915316,25,0.45644248487877265,0.06534422038483823,0.22486202365308805,0.13666666666666666,0.3201064497224247,0.8633333333333333,0.28833136094674555,0.45644248487877265,False,False,0.9147268631499906,0.09940828402366864,0.0989010989010989,546,845,0.8519148040862272,en,f1,,,0.5442176870748299,0.08777520219605722,0.100,toxicity,encoder_minilm,EXP-003
ru,few_label_32_rand,0.8019747027868374,0.15368712444042756,25,0.5192405858582118,0.06594473761244536,0.07253613666228645,0.4223809523809524,0.5553618871988345,0.5776190476190476,0.12274556213017751,0.5192405858582118,False,False,0.9147268631499906,0.09940828402366864,0.0989010989010989,546,845,0.8519148040862272,en,f1,,,0.5442176870748299,0.024977101216618114,0.100,toxicity,encoder_minilm,EXP-003
ru,few_label_64_strat,0.5546204491516324,0.1287711132394182,25,0.4829254147684239,0.06574934912174506,0.19101182654402102,0.16476190476190475,0.35106462112626163,0.8352380952380953,0.25505325443786986,0.4829254147684239,False,False,0.9147268631499906,0.09940828402366864,0.0989010989010989,546,845,0.8519148040862272,en,f1,,,0.5442176870748299,0.06129227230640599,0.100,toxicity,encoder_minilm,EXP-003
ru,few_label_64_rand,0.8833876761162371,0.08008697558354673,25,0.5119037240885074,0.07745853486515679,0.03731931668856767,0.5257142857142858,0.6193765505382935,0.4742857142857143,0.08075739644970413,0.5119037240885074,False,False,0.9147268631499906,0.09940828402366864,0.0989010989010989,546,845,0.8519148040862272,en,f1,,,0.5442176870748299,0.0323139629863225,0.100,toxicity,encoder_minilm,EXP-003
ru,few_label_128_strat,0.5933658000582033,0.06810642720709471,25,0.5016318864961294,0.03588603035639196,0.1612089356110381,0.1847619047619048,0.3659116519313143,0.8152380952380953,0.22622485207100587,0.5016318864961294,False,False,0.9147268631499906,0.09940828402366864,0.0989010989010989,546,845,0.8519148040862272,en,f1,,,0.5442176870748299,0.04258580057870043,0.100,toxicity,encoder_minilm,EXP-003
ru,few_label_128_rand,0.9134729174455469,0.04036060471073145,25,0.49033051107485226,0.07705905135753964,0.026333771353482263,0.5876190476190477,0.6414699971962952,0.41238095238095235,0.06471005917159763,0.49033051107485226,False,False,0.9147268631499906,0.09940828402366864,0.0989010989010989,546,845,0.8519148040862272,en,f1,,,0.5442176870748299,0.05388717599997761,0.100,toxicity,encoder_minilm,EXP-003
ru,few_label_256_strat,0.8204438611187196,0.03761743354556967,25,0.5995310044994878,0.027669958080278355,0.05582128777923785,0.35142857142857137,0.5677927193495829,0.6485714285714285,0.1147455621301775,0.5995310044994878,False,False,0.9147268631499906,0.09940828402366864,0.0989010989010989,546,845,0.8519148040862272,en,f1,,,0.5442176870748299,-0.05531331742465795,0.100,toxicity,encoder_minilm,EXP-003
ru,few_label_256_rand,0.9155806402332994,0.034179424550064945,25,0.49653065774476646,0.06255016888590471,0.025703022339027597,0.5857142857142857,0.6473202070097724,0.41428571428571426,0.06433136094674556,0.49653065774476646,False,False,0.9147268631499906,0.09940828402366864,0.0989010989010989,546,845,0.8519148040862272,en,f1,,,0.5442176870748299,0.04768702933006341,0.100,toxicity,encoder_minilm,EXP-003
ru,target_full,0.8953907562187708,0.0,1,0.5442176870748299,0.0,0.030223390275952694,0.5238095238095238,0.6349206349206349,0.47619047619047616,0.07455621301775148,0.5442176870748299,False,False,0.9147268631499906,0.09940828402366864,0.0989010989010989,546,845,0.8519148040862272,en,f1,0.44274496308346895,0.6353077184631079,0.5442176870748299,0.0,0.100,toxicity,encoder_minilm,EXP-003
ru,test_oracle_unachievable,0.8378847238707368,0.0,1,0.6256983240223464,0.0,0.051248357424441525,0.3333333333333333,0.5894736842105263,0.6666666666666666,0.11242603550295859,0.6256983240223464,False,False,0.9147268631499906,0.09940828402366864,0.0989010989010989,546,845,0.8519148040862272,en,f1,,,0.5442176870748299,-0.0814806369475165,0.100,toxicity,encoder_minilm,EXP-003
tt,fixed_half,0.5,0.0,1,0.15570934256055363,0.0,0.5976095617529881,0.4578313253012048,0.09090909090909091,0.5421686746987951,0.5921052631578947,0.15570934256055363,False,False,0.4615433846941551,0.09928229665071771,0.09900990099009901,606,836,0.8519148040862272,en,f1,,,0.1638418079096045,0.008132465349050877,0.100,toxicity,encoder_minilm,EXP-003
tt,source_global,0.8519148040862272,0.0,1,0.10256410256410256,0.0,0.2337317397078353,0.8313253012048193,0.07368421052631578,0.1686746987951807,0.22727272727272727,0.10256410256410256,False,False,0.4615433846941551,0.09928229665071771,0.09900990099009901,606,836,0.8519148040862272,en,f1,0.05643892397924656,0.15498154981549814,0.1638418079096045,0.06127770534550195,0.100,toxicity,encoder_minilm,EXP-003
tt,quantile_match,0.9585334813443742,0.0,1,0.10294117647058823,0.0,0.06108897742363878,0.9156626506024096,0.1320754716981132,0.08433734939759036,0.06339712918660287,0.10294117647058823,False,False,0.4615433846941551,0.09928229665071771,0.09900990099009901,606,836,0.8519148040862272,en,f1,,,0.1638418079096045,0.06090063143901628,0.100,toxicity,encoder_minilm,EXP-003
tt,sld_em,0.23270874311740963,0.0,1,0.16753926701570682,0.0,0.8193891102257637,0.2289156626506024,0.09397944199706314,0.7710843373493976,0.8145933014354066,0.16753926701570682,True,False,0.4615433846941551,0.09928229665071771,0.09900990099009901,606,836,0.8519148040862272,en,f1,,,0.1638418079096045,-0.0036974591061023077,0.100,toxicity,encoder_minilm,EXP-003
tt,bbse,0.5458495987905716,0.0,1,0.14990859232175502,0.0,0.5617529880478087,0.5060240963855421,0.08836206896551724,0.4939759036144578,0.5550239234449761,0.14990859232175502,False,False,0.4615433846941551,0.09928229665071771,0.09900990099009901,606,836,0.8519148040862272,en,f1,,,0.1638418079096045,0.01393321558784949,0.100,toxicity,encoder_minilm,EXP-003
tt,few_label_8_strat,0.3100620708932043,0.15188949103660151,25,0.16165566753309765,0.006999841662802163,0.75468791500664,0.3050602409638554,0.09187575671852252,0.6949397590361446,0.748755980861244,0.16165566753309765,False,False,0.4615433846941551,0.09928229665071771,0.09900990099009901,606,836,0.8519148040862272,en,f1,,,0.1638418079096045,0.0021861403765068566,0.100,toxicity,encoder_minilm,EXP-003
tt,few_label_8_rand,0.6674273261992782,0.28298687782136267,25,0.12674477387631466,0.02938923889668784,0.4039309428950864,0.6433734939759036,0.08887706467532348,0.3566265060240964,0.39923444976076555,0.12674477387631466,False,False,0.4615433846941551,0.09928229665071771,0.09900990099009901,606,836,0.8519148040862272,en,f1,,,0.1638418079096045,0.037097034033289844,0.100,toxicity,encoder_minilm,EXP-003
tt,few_label_16_strat,0.22192690422167347,0.1668249915371558,25,0.16791204830240367,0.008863312315861726,0.8389907038512616,0.20385542168674697,0.0942657957812966,0.7961445783132529,0.8347368421052631,0.16791204830240367,True,False,0.4615433846941551,0.09928229665071771,0.09900990099009901,606,836,0.8519148040862272,en,f1,,,0.1638418079096045,-0.004070240392799157,0.100,toxicity,encoder_minilm,EXP-003
tt,few_label_16_rand,0.6949715543648272,0.2704746016119525,25,0.12779083487491072,0.02812764885688829,0.36887118193891105,0.6655421686746987,0.09479423842712675,0.33445783132530116,0.3654545454545455,0.12779083487491072,False,False,0.4615433846941551,0.09928229665071771,0.09900990099009901,606,836,0.8519148040862272,en,f1,,,0.1638418079096045,0.03605097303469379,0.100,toxicity,encoder_minilm,EXP-003
tt,few_label_32_strat,0.20029828139493286,0.10323539022096147,25,0.16774932753758884,0.006783066394914423,0.8543957503320052,0.19566265060240964,0.09378472060792811,0.8043373493975902,0.8494258373205742,0.16774932753758884,True,False,0.4615433846941551,0.09928229665071771,0.09900990099009901,606,836,0.8519148040862272,en,f1,,,0.1638418079096045,-0.003907519627984329,0.100,toxicity,encoder_minilm,EXP-003
tt,few_label_32_rand,0.5606104646908592,0.3054030517026486,25,0.13688828089993316,0.04100561759753332,0.500929614873838,0.5325301204819277,0.09362697735402253,0.4674698795180723,0.4976076555023923,0.13688828089993316,False,False,0.4615433846941551,0.09928229665071771,0.09900990099009901,606,836,0.8519148040862272,en,f1,,,0.1638418079096045,0.026953527009671352,0.100,toxicity,encoder_minilm,EXP-003
tt,few_label_64_strat,0.19266424136368973,0.10222940659989645,25,0.16723640528367414,0.005165892923624807,0.8615670650730413,0.19325301204819276,0.09343071815906065,0.8067469879518072,0.8561244019138756,0.16723640528367414,True,False,0.4615433846941551,0.09928229665071771,0.09900990099009901,606,836,0.8519148040862272,en,f1,,,0.1638418079096045,-0.0033945973740696356,0.100,toxicity,encoder_minilm,EXP-003
tt,few_label_64_rand,0.7125872891570012,0.28652340676775345,25,0.12252321787368299,0.040810003306128766,0.34618857901726424,0.6751807228915662,0.09653144497578171,0.3248192771084337,0.34406698564593297,0.12252321787368299,False,False,0.4615433846941551,0.09928229665071771,0.09900990099009901,606,836,0.8519148040862272,en,f1,,,0.1638418079096045,0.04131859003592152,0.100,toxicity,encoder_minilm,EXP-003
tt,few_label_128_strat,0.14257944219701785,0.054936570162234744,25,0.16963588687295,0.004474794551204521,0.9117131474103586,0.13975903614457832,0.09413221465334337,0.8602409638554217,0.9066028708133972,0.16963588687295,True,False,0.4615433846941551,0.09928229665071771,0.09900990099009901,606,836,0.8519148040862272,en,f1,,,0.1638418079096045,-0.005794078963345495,0.100,toxicity,encoder_minilm,EXP-003
tt,few_label_128_rand,0.6333593896897877,0.26840844185113016,25,0.14006782315294428,0.024549225576485513,0.43532536520584325,0.5932530120481928,0.09683933574141694,0.40674698795180725,0.432488038277512,0.14006782315294428,False,False,0.4615433846941551,0.09928229665071771,0.09900990099009901,606,836,0.8519148040862272,en,f1,,,0.1638418079096045,0.023773984756660232,0.100,toxicity,encoder_minilm,EXP-003
tt,few_label_256_strat,0.29120140686498897,0.05350904993535722,25,0.1637275019985972,0.0022896050759448065,0.7667463479415669,0.2901204819277109,0.0925765136439645,0.7098795180722892,0.7611004784688995,0.1637275019985972,False,False,0.4615433846941551,0.09928229665071771,0.09900990099009901,606,836,0.8519148040862272,en,f1,,,0.1638418079096045,0.00011430591100730636,0.100,toxicity,encoder_minilm,EXP-003
tt,few_label_256_rand,0.5963381997814424,0.2933574815079983,25,0.13106649906588236,0.045291597593481336,0.46146082337317396,0.5744578313253011,0.08843556780769334,0.42554216867469874,0.4578947368421053,0.13106649906588236,False,False,0.4615433846941551,0.09928229665071771,0.09900990099009901,606,836,0.8519148040862272,en,f1,,,0.1638418079096045,0.03277530884372215,0.100,toxicity,encoder_minilm,EXP-003
tt,target_full,0.30560730482781717,0.0,1,0.1638418079096045,0.0,0.7529880478087649,0.30120481927710846,0.0928,0.6987951807228916,0.7476076555023924,0.1638418079096045,False,False,0.4615433846941551,0.09928229665071771,0.09900990099009901,606,836,0.8519148040862272,en,f1,0.1285668432851029,0.20110192837465565,0.1638418079096045,0.0,0.100,toxicity,encoder_minilm,EXP-003
tt,test_oracle_unachievable,0.013691610303237397,0.0,1,0.18082788671023967,0.0,0.99867197875166,0.0,0.09940119760479042,1.0,0.9988038277511961,0.18082788671023967,True,False,0.4615433846941551,0.09928229665071771,0.09900990099009901,606,836,0.8519148040862272,en,f1,,,0.1638418079096045,-0.016986078800635157,0.100,toxicity,encoder_minilm,EXP-003
uk,fixed_half,0.5,0.0,1,0.35195530726256985,0.0,0.2776315789473684,0.25,0.22992700729927007,0.75,0.3246445497630332,0.35195530726256985,False,False,0.7992481203007519,0.0995260663507109,0.099644128113879,562,844,0.8519148040862272,en,f1,,,0.3779527559055118,0.025997448642941956,0.100,toxicity,encoder_minilm,EXP-003
uk,source_global,0.8519148040862272,0.0,1,0.40993788819875776,0.0,0.05789473684210526,0.6071428571428571,0.42857142857142855,0.39285714285714285,0.09123222748815166,0.40993788819875776,False,False,0.7992481203007519,0.0995260663507109,0.099644128113879,562,844,0.8519148040862272,en,f1,0.30983326429163216,0.49489658705257084,0.3779527559055118,-0.031985132293245955,0.100,toxicity,encoder_minilm,EXP-003
uk,quantile_match,0.8701796796253324,0.0,1,0.4,0.0,0.05263157894736842,0.6309523809523809,0.43661971830985913,0.36904761904761907,0.08412322274881516,0.4,False,False,0.7992481203007519,0.0995260663507109,0.099644128113879,562,844,0.8519148040862272,en,f1,,,0.3779527559055118,-0.022047244094488216,0.100,toxicity,encoder_minilm,EXP-003
uk,sld_em,0.7476727432774258,0.0,1,0.3946188340807175,0.0,0.125,0.47619047619047616,0.31654676258992803,0.5238095238095238,0.1646919431279621,0.3946188340807175,False,False,0.7992481203007519,0.0995260663507109,0.099644128113879,562,844,0.8519148040862272,en,f1,,,0.3779527559055118,-0.016666078175205712,0.100,toxicity,encoder_minilm,EXP-003
uk,bbse,0.8399970906740627,0.0,1,0.4161849710982659,0.0,0.06973684210526315,0.5714285714285714,0.4044943820224719,0.42857142857142855,0.10545023696682465,0.4161849710982659,False,False,0.7992481203007519,0.0995260663507109,0.099644128113879,562,844,0.8519148040862272,en,f1,,,0.3779527559055118,-0.038232215192754104,0.100,toxicity,encoder_minilm,EXP-003
uk,few_label_8_strat,0.31313339622684727,0.21366194358914636,25,0.28416602726260115,0.06154987676489075,0.48984210526315786,0.1733333333333333,0.18434184799467881,0.8266666666666667,0.5233649289099526,0.28416602726260115,False,False,0.7992481203007519,0.0995260663507109,0.099644128113879,562,844,0.8519148040862272,en,f1,,,0.3779527559055118,0.09378672864291066,0.100,toxicity,encoder_minilm,EXP-003
uk,few_label_8_rand,0.6557584705503865,0.27006349015444475,25,0.3669229732848033,0.06695006890152867,0.21194736842105263,0.4395238095238095,0.33006310897097907,0.5604761904761905,0.24663507109004737,0.3669229732848033,False,False,0.7992481203007519,0.0995260663507109,0.099644128113879,562,844,0.8519148040862272,en,f1,,,0.3779527559055118,0.011029782620708528,0.100,toxicity,encoder_minilm,EXP-003
uk,few_label_16_strat,0.19612082206883613,0.16180852527756245,25,0.2485889632212985,0.05095196521938173,0.629421052631579,0.10333333333333332,0.14845434995781645,0.8966666666666666,0.6560189573459715,0.2485889632212985,False,False,0.7992481203007519,0.0995260663507109,0.099644128113879,562,844,0.8519148040862272,en,f1,,,0.3779527559055118,0.1293637926842133,0.100,toxicity,encoder_minilm,EXP-003
uk,few_label_16_rand,0.5866446794575615,0.29174795309807483,25,0.34841063236853925,0.07263442230733803,0.26789473684210524,0.38333333333333336,0.3097756183467958,0.6166666666666667,0.30260663507109004,0.34841063236853925,False,False,0.7992481203007519,0.0995260663507109,0.099644128113879,562,844,0.8519148040862272,en,f1,,,0.3779527559055118,0.029542123536972553,0.100,toxicity,encoder_minilm,EXP-003
uk,few_label_32_strat,0.20206244548153177,0.13600787051433572,25,0.24761279216270618,0.04072648221024408,0.6140526315789474,0.11333333333333333,0.14650129644862622,0.8866666666666666,0.6411848341232228,0.24761279216270618,False,False,0.7992481203007519,0.0995260663507109,0.099644128113879,562,844,0.8519148040862272,en,f1,,,0.3779527559055118,0.13033996374280563,0.100,toxicity,encoder_minilm,EXP-003
uk,few_label_32_rand,0.692025638397028,0.25012718412351204,25,0.3346181437763598,0.09645403855944693,0.1860526315789474,0.48857142857142855,0.38890490286379026,0.5114285714285715,0.21843601895734596,0.3346181437763598,False,False,0.7992481203007519,0.0995260663507109,0.099644128113879,562,844,0.8519148040862272,en,f1,,,0.3779527559055118,0.04333461212915202,0.100,toxicity,encoder_minilm,EXP-003
uk,few_label_64_strat,0.15196452611808575,0.08237340787484047,25,0.23485978745906455,0.026988563177848545,0.6726315789473684,0.07523809523809524,0.13515838193717852,0.9247619047619047,0.6977251184834122,0.23485978745906455,False,False,0.7992481203007519,0.0995260663507109,0.099644128113879,562,844,0.8519148040862272,en,f1,,,0.3779527559055118,0.14309296844644726,0.100,toxicity,encoder_minilm,EXP-003
uk,few_label_64_rand,0.7503232291852524,0.1778600024510021,25,0.3762274596100456,0.04374700356155845,0.12910526315789472,0.5152380952380952,0.3851193904780938,0.48476190476190484,0.16450236966824644,0.3762274596100456,False,False,0.7992481203007519,0.0995260663507109,0.099644128113879,562,844,0.8519148040862272,en,f1,,,0.3779527559055118,0.0017252962954661943,0.100,toxicity,encoder_minilm,EXP-003
uk,few_label_128_strat,0.21561184250341,0.058171728769955904,25,0.25693013175362933,0.019349752550803637,0.5602631578947368,0.11523809523809524,0.15064742022146133,0.8847619047619046,0.5925592417061611,0.25693013175362933,False,False,0.7992481203007519,0.0995260663507109,0.099644128113879,562,844,0.8519148040862272,en,f1,,,0.3779527559055118,0.12102262415188247,0.100,toxicity,encoder_minilm,EXP-003
uk,few_label_128_rand,0.7274429001820967,0.1841014302606803,25,0.38548125307197745,0.04064022775136916,0.14521052631578948,0.4766666666666666,0.3561572913479557,0.5233333333333333,0.18284360189573456,0.38548125307197745,False,False,0.7992481203007519,0.0995260663507109,0.099644128113879,562,844,0.8519148040862272,en,f1,,,0.3779527559055118,-0.007528497166465642,0.100,toxicity,encoder_minilm,EXP-003
uk,few_label_256_strat,0.5527376872941179,0.1778000202367774,25,0.34570499586847153,0.0453960058033836,0.25915789473684214,0.34,0.2446774859965908,0.66,0.29905213270142184,0.34570499586847153,False,False,0.7992481203007519,0.0995260663507109,0.099644128113879,562,844,0.8519148040862272,en,f1,,,0.3779527559055118,0.032247760037040274,0.100,toxicity,encoder_minilm,EXP-003
uk,few_label_256_rand,0.7137937442727637,0.10668437519751721,25,0.388841708593678,0.02803853052888738,0.14400000000000002,0.4557142857142857,0.31662656044156323,0.5442857142857143,0.18383886255924176,0.388841708593678,False,False,0.7992481203007519,0.0995260663507109,0.099644128113879,562,844,0.8519148040862272,en,f1,,,0.3779527559055118,-0.010888952688166198,0.100,toxicity,encoder_minilm,EXP-003
uk,target_full,0.6756361052657975,0.0,1,0.3779527559055118,0.0,0.16052631578947368,0.42857142857142855,0.2823529411764706,0.5714285714285714,0.2014218009478673,0.3779527559055118,False,False,0.7992481203007519,0.0995260663507109,0.099644128113879,562,844,0.8519148040862272,en,f1,0.3,0.445302022532917,0.3779527559055118,0.0,0.100,toxicity,encoder_minilm,EXP-003
uk,test_oracle_unachievable,0.8435346233336193,0.0,1,0.42352941176470593,0.0,0.06578947368421052,0.5714285714285714,0.4186046511627907,0.42857142857142855,0.1018957345971564,0.42352941176470593,False,False,0.7992481203007519,0.0995260663507109,0.099644128113879,562,844,0.8519148040862272,en,f1,,,0.3779527559055118,-0.045576655859194126,0.100,toxicity,encoder_minilm,EXP-003
zh,fixed_half,0.5,0.0,1,0.21465968586387435,0.0,0.3421750663129973,0.5060240963855421,0.13712374581939799,0.4939759036144578,0.35722819593787336,0.21465968586387435,False,False,0.6059569844364194,0.0991636798088411,0.09982174688057041,561,837,0.8519148040862272,en,f1,,,0.14893617021276598,-0.06572351565110837,0.100,toxicity,encoder_minilm,EXP-003
zh,source_global,0.8519148040862272,0.0,1,0.15568862275449102,0.0,0.09416445623342175,0.8433734939759037,0.15476190476190477,0.1566265060240964,0.1003584229390681,0.15568862275449102,False,False,0.6059569844364194,0.0991636798088411,0.09982174688057041,561,837,0.8519148040862272,en,f1,0.07790950984499372,0.23257240690540731,0.14893617021276598,-0.006752452541725046,0.100,toxicity,encoder_minilm,EXP-003
zh,quantile_match,0.8980691403948784,0.0,1,0.1408450704225352,0.0,0.0649867374005305,0.8795180722891566,0.1694915254237288,0.12048192771084337,0.07048984468339307,0.1408450704225352,False,False,0.6059569844364194,0.0991636798088411,0.09982174688057041,561,837,0.8519148040862272,en,f1,,,0.14893617021276598,0.008091099790230788,0.100,toxicity,encoder_minilm,EXP-003
zh,sld_em,0.5779274368247886,0.0,1,0.21604938271604937,0.0,0.27320954907161804,0.5783132530120482,0.14522821576763487,0.42168674698795183,0.28793309438470727,0.21604938271604937,False,False,0.6059569844364194,0.0991636798088411,0.09982174688057041,561,837,0.8519148040862272,en,f1,,,0.14893617021276598,-0.06711321250328339,0.100,toxicity,encoder_minilm,EXP-003
zh,bbse,0.7743077947935172,0.0,1,0.1784037558685446,0.0,0.14721485411140584,0.7710843373493976,0.14615384615384616,0.2289156626506024,0.15531660692951016,0.1784037558685446,False,False,0.6059569844364194,0.0991636798088411,0.09982174688057041,561,837,0.8519148040862272,en,f1,,,0.14893617021276598,-0.029467585655778616,0.100,toxicity,encoder_minilm,EXP-003
zh,few_label_8_strat,0.22818824376874067,0.1878928430425288,25,0.19967965978089836,0.014851772478855215,0.6551724137931035,0.2250602409638554,0.11829717384522319,0.7749397590361445,0.6670489844683393,0.19967965978089836,False,False,0.6059569844364194,0.0991636798088411,0.09982174688057041,561,837,0.8519148040862272,en,f1,,,0.14893617021276598,-0.05074348956813238,0.100,toxicity,encoder_minilm,EXP-003
zh,few_label_8_rand,0.5807357845454575,0.3403425862555779,25,0.16474505602346323,0.04675997074333368,0.34281167108753324,0.580722891566265,0.13200806976147736,0.4192771084337349,0.35039426523297496,0.16474505602346323,False,False,0.6059569844364194,0.0991636798088411,0.09982174688057041,561,837,0.8519148040862272,en,f1,,,0.14893617021276598,-0.015808885810697254,0.100,toxicity,encoder_minilm,EXP-003
zh,few_label_16_strat,0.18877597489632778,0.14029949544077766,25,0.20162599992723076,0.011336518000042182,0.7031299734748011,0.18265060240963854,0.11635778687569034,0.8173493975903615,0.7144563918757467,0.20162599992723076,False,False,0.6059569844364194,0.0991636798088411,0.09982174688057041,561,837,0.8519148040862272,en,f1,,,0.14893617021276598,-0.052689829714464786,0.100,toxicity,encoder_minilm,EXP-003
zh,few_label_16_rand,0.5962466331933243,0.29406275615304445,25,0.17202229591268167,0.044783956405647016,0.30652519893899205,0.6014457831325302,0.1354000757876421,0.39855421686746995,0.31565113500597375,0.17202229591268167,False,False,0.6059569844364194,0.0991636798088411,0.09982174688057041,561,837,0.8519148040862272,en,f1,,,0.14893617021276598,-0.023086125699915694,0.100,toxicity,encoder_minilm,EXP-003
zh,few_label_32_strat,0.1451391729956595,0.09222922755902023,25,0.19757256422119443,0.009182940629730534,0.7556498673740053,0.1440963855421687,0.11220849768300832,0.8559036144578314,0.7655913978494623,0.19757256422119443,False,False,0.6059569844364194,0.0991636798088411,0.09982174688057041,561,837,0.8519148040862272,en,f1,,,0.14893617021276598,-0.04863639400842845,0.100,toxicity,encoder_minilm,EXP-003
zh,few_label_32_rand,0.48853496096241505,0.34233432178789397,25,0.1704877112564519,0.052578035133839005,0.4188328912466844,0.48867469879518066,0.13096552075464904,0.5113253012048193,0.4280047789725209,0.1704877112564519,False,False,0.6059569844364194,0.0991636798088411,0.09982174688057041,561,837,0.8519148040862272,en,f1,,,0.14893617021276598,-0.021551541043685923,0.100,toxicity,encoder_minilm,EXP-003
zh,few_label_64_strat,0.11479796905010714,0.058649423735544146,25,0.19611162923026831,0.008054543605558307,0.799946949602122,0.10554216867469882,0.11032771154064586,0.8944578313253012,0.8093189964157707,0.19611162923026831,True,False,0.6059569844364194,0.0991636798088411,0.09982174688057041,561,837,0.8519148040862272,en,f1,,,0.14893617021276598,-0.047175459017502336,0.100,toxicity,encoder_minilm,EXP-003
zh,few_label_64_rand,0.604179706746459,0.3366437589669945,25,0.1467331139424263,0.07155855207378051,0.3050928381962865,0.607710843373494,0.12697373204231088,0.392289156626506,0.3137395459976105,0.1467331139424263,False,False,0.6059569844364194,0.0991636798088411,0.09982174688057041,561,837,0.8519148040862272,en,f1,,,0.14893617021276598,0.002203056270339676,0.100,toxicity,encoder_minilm,EXP-003
zh,few_label_128_strat,0.08904830172939623,0.030415156333947566,25,0.19221447342953493,0.0032859446237184457,0.8439257294429708,0.07951807228915662,0.10735931264459517,0.9204819277108435,0.8515173237753882,0.19221447342953493,True,False,0.6059569844364194,0.0991636798088411,0.09982174688057041,561,837,0.8519148040862272,en,f1,,,0.14893617021276598,-0.043278303216768954,0.100,toxicity,encoder_minilm,EXP-003
zh,few_label_128_rand,0.7820287084089321,0.19297183540332663,25,0.14677094082246714,0.0468237288029493,0.14625994694960215,0.785542168674699,0.14706935184355258,0.21445783132530116,0.1530227001194743,0.14677094082246714,False,False,0.6059569844364194,0.0991636798088411,0.09982174688057041,561,837,0.8519148040862272,en,f1,,,0.14893617021276598,0.0021652293902988395,0.100,toxicity,encoder_minilm,EXP-003
zh,few_label_256_strat,0.22408228016952336,0.04561311121624956,25,0.21234168185039595,0.0071580710140752065,0.6240318302387268,0.21060240963855426,0.12281756905775705,0.7893975903614457,0.6404301075268818,0.21234168185039595,False,False,0.6059569844364194,0.0991636798088411,0.09982174688057041,561,837,0.8519148040862272,en,f1,,,0.14893617021276598,-0.06340551163762997,0.100,toxicity,encoder_minilm,EXP-003
zh,few_label_256_rand,0.6446409123000107,0.2811765652532652,25,0.17124466127795024,0.031216136171581463,0.2644562334217506,0.6453012048192771,0.1410250202898518,0.35469879518072295,0.27340501792114696,0.17124466127795024,False,False,0.6059569844364194,0.0991636798088411,0.09982174688057041,561,837,0.8519148040862272,en,f1,,,0.14893617021276598,-0.02230849106518426,0.100,toxicity,encoder_minilm,EXP-003
zh,target_full,0.8139572220237186,0.0,1,0.14893617021276598,0.0,0.1206896551724138,0.8313253012048193,0.13333333333333333,0.1686746987951807,0.12544802867383512,0.14893617021276598,False,False,0.6059569844364194,0.0991636798088411,0.09982174688057041,561,837,0.8519148040862272,en,f1,0.08162672045562411,0.22009788859136997,0.14893617021276598,0.0,0.100,toxicity,encoder_minilm,EXP-003
zh,test_oracle_unachievable,0.5373257823684827,0.0,1,0.2215909090909091,0.0,0.3050397877984085,0.5301204819277109,0.1449814126394052,0.46987951807228917,0.3213859020310633,0.2215909090909091,False,False,0.6059569844364194,0.0991636798088411,0.09982174688057041,561,837,0.8519148040862272,en,f1,,,0.14893617021276598,-0.07265473887814311,0.100,toxicity,encoder_minilm,EXP-003
am,fixed_half,0.5,0.0,1,0.08695652173913045,0.0,0.1441326530612245,0.8292682926829268,0.058333333333333334,0.17073170731707318,0.14545454545454545,0.08695652173913045,False,False,0.5481271777003485,0.0496969696969697,0.048638132295719845,514,825,0.8588850400166372,en,f1,,,0.09090909090909093,0.003952569169960479,0.050,toxicity,encoder_minilm,EXP-003
am,source_global,0.8588850400166372,0.0,1,0.03571428571428571,0.0,0.017857142857142856,0.975609756097561,0.06666666666666667,0.024390243902439025,0.01818181818181818,0.03571428571428571,False,False,0.5481271777003485,0.0496969696969697,0.048638132295719845,514,825,0.8588850400166372,en,f1,0.0,0.11331853496115418,0.09090909090909093,0.05519480519480521,0.050,toxicity,encoder_minilm,EXP-003
am,quantile_match,0.7966274692678487,0.0,1,0.05405405405405405,0.0,0.039540816326530615,0.9512195121951219,0.06060606060606061,0.04878048780487805,0.04,0.05405405405405405,False,False,0.5481271777003485,0.0496969696969697,0.048638132295719845,514,825,0.8588850400166372,en,f1,,,0.09090909090909093,0.036855036855036875,0.050,toxicity,encoder_minilm,EXP-003
am,sld_em,0.9997521825645213,0.0,1,0.0,0.0,0.0,1.0,0.0,0.0,0.0,0.0,True,False,0.5481271777003485,0.0496969696969697,0.048638132295719845,514,825,0.8588850400166372,en,f1,,,0.09090909090909093,0.09090909090909093,0.050,toxicity,encoder_minilm,EXP-003
am,bbse,0.9340274718443882,0.0,1,0.0,0.0,0.008928571428571428,1.0,0.0,0.0,0.008484848484848486,0.0,True,False,0.5481271777003485,0.0496969696969697,0.048638132295719845,514,825,0.8588850400166372,en,f1,,,0.09090909090909093,0.09090909090909093,0.050,toxicity,encoder_minilm,EXP-003
am,few_label_8_strat,0.18878954800996492,0.10953320344412226,25,0.10034477760803709,0.0061939120531754625,0.6139795918367347,0.3209756097560976,0.05526419527667505,0.6790243902439024,0.6172121212121212,0.10034477760803709,False,False,0.5481271777003485,0.0496969696969697,0.048638132295719845,514,825,0.8588850400166372,en,f1,,,0.09090909090909093,-0.009435686698946164,0.050,toxicity,encoder_minilm,EXP-003
am,few_label_8_rand,0.6871987138590611,0.27596566842086107,25,0.054672673452657625,0.02802985490998176,0.1456122448979592,0.835121951219512,0.06381493734206785,0.1648780487804878,0.14656969696969696,0.054672673452657625,False,False,0.5481271777003485,0.0496969696969697,0.048638132295719845,514,825,0.8588850400166372,en,f1,,,0.09090909090909093,0.0362364174564333,0.050,toxicity,encoder_minilm,EXP-003
am,few_label_16_strat,0.1559476878677732,0.043233960003800025,25,0.10010348895439196,0.003208092911110675,0.6692857142857143,0.27414634146341466,0.05399010679171546,0.7258536585365855,0.6720969696969696,0.10010348895439196,False,False,0.5481271777003485,0.0496969696969697,0.048638132295719845,514,825,0.8588850400166372,en,f1,,,0.09090909090909093,-0.009194398045301033,0.050,toxicity,encoder_minilm,EXP-003
am,few_label_16_rand,0.6152036148851215,0.2726319692096857,25,0.06424444877600317,0.028447509205163937,0.15709183673469387,0.820487804878049,0.06205824383682303,0.1795121951219512,0.15820606060606057,0.06424444877600317,False,False,0.5481271777003485,0.0496969696969697,0.048638132295719845,514,825,0.8588850400166372,en,f1,,,0.09090909090909093,0.02666464213308775,0.050,toxicity,encoder_minilm,EXP-003
am,few_label_32_strat,0.14169854872036583,0.033752459678289375,25,0.09982533919409971,0.0018498319849844583,0.7188265306122449,0.22536585365853656,0.05344805327522094,0.7746341463414634,0.7216000000000001,0.09982533919409971,False,False,0.5481271777003485,0.0496969696969697,0.048638132295719845,514,825,0.8588850400166372,en,f1,,,0.09090909090909093,-0.008916248285008782,0.050,toxicity,encoder_minilm,EXP-003
am,few_label_32_rand,0.4740654528889215,0.27994260651231545,25,0.0778665553818691,0.02914855836245388,0.2622448979591837,0.7053658536585365,0.0570401106133881,0.29463414634146345,0.26385454545454545,0.0778665553818691,False,False,0.5481271777003485,0.0496969696969697,0.048638132295719845,514,825,0.8588850400166372,en,f1,,,0.09090909090909093,0.01304253552722183,0.050,toxicity,encoder_minilm,EXP-003
am,few_label_64_strat,0.15080868003097636,0.027077229219147212,25,0.09966293500620729,0.0019265378598061669,0.6924489795918367,0.25365853658536586,0.05345421540478463,0.7463414634146343,0.6951272727272727,0.09966293500620729,False,False,0.5481271777003485,0.0496969696969697,0.048638132295719845,514,825,0.8588850400166372,en,f1,,,0.09090909090909093,-0.008753844097116367,0.050,toxicity,encoder_minilm,EXP-003
am,few_label_64_rand,0.5091879421261122,0.2604853775923985,25,0.07910362626426751,0.027934718648854138,0.2297448979591837,0.7385365853658538,0.05566586787668265,0.2614634146341464,0.2313212121212121,0.07910362626426751,False,False,0.5481271777003485,0.0496969696969697,0.048638132295719845,514,825,0.8588850400166372,en,f1,,,0.09090909090909093,0.011805464644823419,0.050,toxicity,encoder_minilm,EXP-003
am,few_label_128_strat,0.16671575732077307,0.006939460842171151,25,0.09857684478545316,0.0011310316991345968,0.6335204081632653,0.32,0.05314971426651556,0.68,0.6358303030303031,0.09857684478545316,False,False,0.5481271777003485,0.0496969696969697,0.048638132295719845,514,825,0.8588850400166372,en,f1,,,0.09090909090909093,-0.007667753876362232,0.050,toxicity,encoder_minilm,EXP-003
am,few_label_128_rand,0.4409018546389597,0.28370897345933555,25,0.08110781105929155,0.03135550635991726,0.3128061224489796,0.6536585365853658,0.051333792069699194,0.34634146341463407,0.31447272727272724,0.08110781105929155,False,False,0.5481271777003485,0.0496969696969697,0.048638132295719845,514,825,0.8588850400166372,en,f1,,,0.09090909090909093,0.00980127984979938,0.050,toxicity,encoder_minilm,EXP-003
am,few_label_256_strat,0.18915298294526536,0.09746667222165671,25,0.09848329880952407,0.0016799781389367995,0.6001530612244899,0.3521951219512195,0.05410463415724588,0.6478048780487805,0.6025212121212121,0.09848329880952407,False,False,0.5481271777003485,0.0496969696969697,0.048638132295719845,514,825,0.8588850400166372,en,f1,,,0.09090909090909093,-0.007574207900433144,0.050,toxicity,encoder_minilm,EXP-003
am,few_label_256_rand,0.4865427755507559,0.2719197268993582,25,0.08664835085616734,0.02594257454249873,0.2752551020408163,0.6848780487804877,0.05852251288652863,0.31512195121951214,0.2772363636363636,0.08664835085616734,False,False,0.5481271777003485,0.0496969696969697,0.048638132295719845,514,825,0.8588850400166372,en,f1,,,0.09090909090909093,0.004260740052923581,0.050,toxicity,encoder_minilm,EXP-003
am,target_full,0.6702517501814385,0.0,1,0.09090909090909093,0.0,0.08163265306122448,0.8780487804878049,0.07246376811594203,0.12195121951219512,0.08363636363636363,0.09090909090909093,False,False,0.5481271777003485,0.0496969696969697,0.048638132295719845,514,825,0.8588850400166372,en,f1,0.020827963917525776,0.16949952030700352,0.09090909090909093,0.0,0.050,toxicity,encoder_minilm,EXP-003
am,test_oracle_unachievable,0.21420915552005484,0.0,1,0.11274509803921567,0.0,0.4387755102040816,0.43902439024390244,0.06267029972752043,0.5609756097560976,0.4448484848484848,0.11274509803921567,False,False,0.5481271777003485,0.0496969696969697,0.048638132295719845,514,825,0.8588850400166372,en,f1,,,0.09090909090909093,-0.02183600713012475,0.050,toxicity,encoder_minilm,EXP-003
ar,fixed_half,0.5,0.0,1,0.12871287128712872,0.0,0.20053475935828877,0.6666666666666666,0.07975460122699386,0.3333333333333333,0.2071156289707751,0.12871287128712872,False,False,0.6442821883998354,0.04955527318932656,0.0497131931166348,523,787,0.8588850400166372,en,f1,,,0.12568306010928962,-0.003029811177839098,0.050,toxicity,encoder_minilm,EXP-003
ar,source_global,0.8588850400166372,0.0,1,0.09523809523809523,0.0,0.05481283422459893,0.8974358974358975,0.08888888888888889,0.10256410256410256,0.05717916137229987,0.09523809523809523,False,False,0.6442821883998354,0.04955527318932656,0.0497131931166348,523,787,0.8588850400166372,en,f1,0.02101175268267757,0.18823529411764706,0.12568306010928962,0.030444964871194385,0.050,toxicity,encoder_minilm,EXP-003
ar,quantile_match,0.8693235529123468,0.0,1,0.0759493670886076,0.0,0.04946524064171123,0.9230769230769231,0.075,0.07692307692307693,0.05082592121982211,0.0759493670886076,False,False,0.6442821883998354,0.04955527318932656,0.0497131931166348,523,787,0.8588850400166372,en,f1,,,0.12568306010928962,0.04973369302068202,0.050,toxicity,encoder_minilm,EXP-003
ar,sld_em,0.8123057158925859,0.0,1,0.12244897959183673,0.0,0.07085561497326204,0.8461538461538461,0.1016949152542373,0.15384615384615385,0.07496823379923762,0.12244897959183673,False,False,0.6442821883998354,0.04955527318932656,0.0497131931166348,523,787,0.8588850400166372,en,f1,,,0.12568306010928962,0.0032340805174528864,0.050,toxicity,encoder_minilm,EXP-003
ar,bbse,0.8516724630063475,0.0,1,0.11764705882352941,0.0,0.05481283422459893,0.8717948717948718,0.10869565217391304,0.1282051282051282,0.05844980940279543,0.11764705882352941,False,False,0.6442821883998354,0.04955527318932656,0.0497131931166348,523,787,0.8588850400166372,en,f1,,,0.12568306010928962,0.008036001285760208,0.050,toxicity,encoder_minilm,EXP-003
ar,few_label_8_strat,0.15120017147584666,0.08641604436512026,25,0.11872232228441718,0.01102047794565436,0.6317112299465241,0.19384615384615383,0.06470847223603031,0.8061538461538462,0.6403557814485388,0.11872232228441718,False,False,0.6442821883998354,0.04955527318932656,0.0497131931166348,523,787,0.8588850400166372,en,f1,,,0.12568306010928962,0.006960737824872443,0.050,toxicity,encoder_minilm,EXP-003
ar,few_label_8_rand,0.6377380159900583,0.3073422566608051,25,0.10597300357467476,0.01460240940365135,0.1906951871657754,0.7117948717948717,0.08239694924297308,0.28820512820512817,0.19552731893265565,0.10597300357467476,False,False,0.6442821883998354,0.04955527318932656,0.0497131931166348,523,787,0.8588850400166372,en,f1,,,0.12568306010928962,0.019710056534614856,0.050,toxicity,encoder_minilm,EXP-003
ar,few_label_16_strat,0.11481670316616245,0.04704717962783978,25,0.1129779200776394,0.008107971610392726,0.71048128342246,0.13743589743589746,0.06068094647161639,0.8625641025641027,0.718017789072427,0.1129779200776394,False,False,0.6442821883998354,0.04955527318932656,0.0497131931166348,523,787,0.8588850400166372,en,f1,,,0.12568306010928962,0.012705140031650214,0.050,toxicity,encoder_minilm,EXP-003
ar,few_label_16_rand,0.571454552246564,0.32198454489936423,25,0.10714643524128656,0.013269994185438696,0.27090909090909093,0.6348717948717949,0.07827241092586264,0.3651282051282051,0.2755781448538755,0.10714643524128656,False,False,0.6442821883998354,0.04955527318932656,0.0497131931166348,523,787,0.8588850400166372,en,f1,,,0.12568306010928962,0.01853662486800306,0.050,toxicity,encoder_minilm,EXP-003
ar,few_label_32_strat,0.11294649295712428,0.048232876847838314,25,0.11348944751918376,0.007959401869270393,0.7220320855614972,0.12,0.06089781931478177,0.88,0.7298602287166455,0.11348944751918376,False,False,0.6442821883998354,0.04955527318932656,0.0497131931166348,523,787,0.8588850400166372,en,f1,,,0.12568306010928962,0.01219361259010586,0.050,toxicity,encoder_minilm,EXP-003
ar,few_label_32_rand,0.46090815566631366,0.29859576494476914,25,0.11248865973648942,0.01410990107066832,0.3156149732620321,0.561025641025641,0.07435427349235145,0.4389743589743589,0.32172808132147396,0.11248865973648942,False,False,0.6442821883998354,0.04955527318932656,0.0497131931166348,523,787,0.8588850400166372,en,f1,,,0.12568306010928962,0.013194400372800202,0.050,toxicity,encoder_minilm,EXP-003
ar,few_label_64_strat,0.09922268770250309,0.04216705569079699,25,0.11077842158695224,0.007615125173683922,0.7654010695187164,0.0923076923076923,0.059172877756896766,0.9076923076923077,0.7724523506988564,0.11077842158695224,False,False,0.6442821883998354,0.04955527318932656,0.0497131931166348,523,787,0.8588850400166372,en,f1,,,0.12568306010928962,0.01490463852233738,0.050,toxicity,encoder_minilm,EXP-003
ar,few_label_64_rand,0.4298524875166329,0.30021632216268473,25,0.11226375524616229,0.011673199460014884,0.36219251336898395,0.5148717948717949,0.07188774153458204,0.4851282051282051,0.36828462515883104,0.11226375524616229,False,False,0.6442821883998354,0.04955527318932656,0.0497131931166348,523,787,0.8588850400166372,en,f1,,,0.12568306010928962,0.013419304863127327,0.050,toxicity,encoder_minilm,EXP-003
ar,few_label_128_strat,0.16946179365787428,0.047998100301857125,25,0.12124921849465224,0.007020223505002115,0.539144385026738,0.27692307692307694,0.06643540529724351,0.7230769230769231,0.5482592121982212,0.12124921849465224,False,False,0.6442821883998354,0.04955527318932656,0.0497131931166348,523,787,0.8588850400166372,en,f1,,,0.12568306010928962,0.004433841614637377,0.050,toxicity,encoder_minilm,EXP-003
ar,few_label_128_rand,0.3994159574869069,0.24774962300994327,25,0.11761971371448973,0.010910138607094392,0.3381283422459893,0.5241025641025641,0.07211202324725483,0.47589743589743594,0.34495552731893264,0.11761971371448973,False,False,0.6442821883998354,0.04955527318932656,0.0497131931166348,523,787,0.8588850400166372,en,f1,,,0.12568306010928962,0.008063346394799886,0.050,toxicity,encoder_minilm,EXP-003
ar,few_label_256_strat,0.220869616691962,0.012275630861561242,25,0.12763260766967197,0.002719470073673078,0.41818181818181815,0.3846153846153846,0.07121193295832505,0.6153846153846154,0.42795425667090214,0.12763260766967197,False,False,0.6442821883998354,0.04955527318932656,0.0497131931166348,523,787,0.8588850400166372,en,f1,,,0.12568306010928962,-0.0019495475603823476,0.050,toxicity,encoder_minilm,EXP-003
ar,few_label_256_rand,0.29980357685362596,0.1454197151078705,25,0.12487471462243242,0.007733137943565247,0.3725668449197861,0.4564102564102564,0.07186554280758249,0.5435897435897435,0.3810419313850064,0.12487471462243242,False,False,0.6442821883998354,0.04955527318932656,0.0497131931166348,523,787,0.8588850400166372,en,f1,,,0.12568306010928962,0.0008083454868571954,0.050,toxicity,encoder_minilm,EXP-003
ar,target_full,0.22961741015741338,0.0,1,0.12568306010928962,0.0,0.40641711229946526,0.41025641025641024,0.07033639143730887,0.5897435897435898,0.4155019059720457,0.12568306010928962,False,False,0.6442821883998354,0.04955527318932656,0.0497131931166348,523,787,0.8588850400166372,en,f1,0.08021779769630771,0.16986643835616438,0.12568306010928962,0.0,0.050,toxicity,encoder_minilm,EXP-003
ar,test_oracle_unachievable,0.33093685956383,0.0,1,0.15602836879432624,0.0,0.29545454545454547,0.4358974358974359,0.09053497942386832,0.5641025641025641,0.3087674714104193,0.15602836879432624,False,False,0.6442821883998354,0.04955527318932656,0.0497131931166348,523,787,0.8588850400166372,en,f1,,,0.12568306010928962,-0.030345308685036626,0.050,toxicity,encoder_minilm,EXP-003
de,fixed_half,0.5,0.0,1,0.2238267148014441,0.0,0.2752659574468085,0.20512820512820512,0.13025210084033614,0.7948717948717948,0.3008849557522124,0.2238267148014441,False,False,0.8163188761593017,0.0493046776232617,0.048355899419729204,517,791,0.8588850400166372,en,f1,,,0.2549019607843137,0.03107524598286962,0.050,toxicity,encoder_minilm,EXP-003
de,source_global,0.8588850400166372,0.0,1,0.2716049382716049,0.0,0.041223404255319146,0.717948717948718,0.2619047619047619,0.28205128205128205,0.05309734513274336,0.2716049382716049,False,False,0.8163188761593017,0.0493046776232617,0.048355899419729204,517,791,0.8588850400166372,en,f1,0.14492753623188406,0.39999999999999997,0.2549019607843137,-0.016702977487291215,0.050,toxicity,encoder_minilm,EXP-003
de,quantile_match,0.8778290204596612,0.0,1,0.24324324324324323,0.0,0.034574468085106384,0.7692307692307693,0.2571428571428571,0.23076923076923078,0.04424778761061947,0.24324324324324323,False,False,0.8163188761593017,0.0493046776232617,0.048355899419729204,517,791,0.8588850400166372,en,f1,,,0.2549019607843137,0.011658717541070479,0.050,toxicity,encoder_minilm,EXP-003
de,sld_em,0.5900812228898358,0.0,1,0.26666666666666666,0.0,0.2074468085106383,0.23076923076923078,0.16129032258064516,0.7692307692307693,0.23514538558786346,0.26666666666666666,False,False,0.8163188761593017,0.0493046776232617,0.048355899419729204,517,791,0.8588850400166372,en,f1,,,0.2549019607843137,-0.011764705882352955,0.050,toxicity,encoder_minilm,EXP-003
de,bbse,0.8142416438334633,0.0,1,0.26785714285714285,0.0,0.07712765957446809,0.6153846153846154,0.2054794520547945,0.38461538461538464,0.0922882427307206,0.26785714285714285,False,False,0.8163188761593017,0.0493046776232617,0.048355899419729204,517,791,0.8588850400166372,en,f1,,,0.2549019607843137,-0.012955182072829141,0.050,toxicity,encoder_minilm,EXP-003
de,few_label_8_strat,0.49256805613266175,0.14422700292590115,25,0.22343130882325532,0.04475565633468556,0.288404255319149,0.23076923076923075,0.1349646709445581,0.7692307692307692,0.31211125158027814,0.22343130882325532,False,False,0.8163188761593017,0.0493046776232617,0.048355899419729204,517,791,0.8588850400166372,en,f1,,,0.2549019607843137,0.03147065196105839,0.050,toxicity,encoder_minilm,EXP-003
de,few_label_8_rand,0.7874889267193571,0.13448626029713837,25,0.26767712960761564,0.022924472140277295,0.08712765957446807,0.602051282051282,0.2327750063030224,0.39794871794871794,0.10245259165613146,0.26767712960761564,False,False,0.8163188761593017,0.0493046776232617,0.048355899419729204,517,791,0.8588850400166372,en,f1,,,0.2549019607843137,-0.01277516882330193,0.050,toxicity,encoder_minilm,EXP-003
de,few_label_16_strat,0.4812269845625302,0.12908116131444047,25,0.21888433380279282,0.03607581052969314,0.29494680851063826,0.21846153846153846,0.13047447171960058,0.7815384615384615,0.31893805309734513,0.21888433380279282,False,False,0.8163188761593017,0.0493046776232617,0.048355899419729204,517,791,0.8588850400166372,en,f1,,,0.2549019607843137,0.03601762698152089,0.050,toxicity,encoder_minilm,EXP-003
de,few_label_16_rand,0.7608479997746815,0.13457868795433323,25,0.2636603280388689,0.018306300351048074,0.10313829787234041,0.5599999999999999,0.21784919606423117,0.44000000000000006,0.11974715549936792,0.2636603280388689,False,False,0.8163188761593017,0.0493046776232617,0.048355899419729204,517,791,0.8588850400166372,en,f1,,,0.2549019607843137,-0.0087583672545552,0.050,toxicity,encoder_minilm,EXP-003
de,few_label_32_strat,0.4265579363650998,0.08632243647060753,25,0.20466723805482712,0.029145833723373527,0.3375,0.1682051282051282,0.1173572153435951,0.8317948717948718,0.3618710493046776,0.20466723805482712,False,False,0.8163188761593017,0.0493046776232617,0.048355899419729204,517,791,0.8588850400166372,en,f1,,,0.2549019607843137,0.05023472272948659,0.050,toxicity,encoder_minilm,EXP-003
de,few_label_32_rand,0.7806259820209399,0.10766727395599673,25,0.2688766106263752,0.021122258945477645,0.08946808510638299,0.5784615384615385,0.22239846560682253,0.42153846153846153,0.10584070796460177,0.2688766106263752,False,False,0.8163188761593017,0.0493046776232617,0.048355899419729204,517,791,0.8588850400166372,en,f1,,,0.2549019607843137,-0.013974649842061482,0.050,toxicity,encoder_minilm,EXP-003
de,few_label_64_strat,0.48716372138669084,0.061815250543245,25,0.21764035641328486,0.014022700462661216,0.2843617021276596,0.2153846153846154,0.1271382534559211,0.7846153846153847,0.30902654867256635,0.21764035641328486,False,False,0.8163188761593017,0.0493046776232617,0.048355899419729204,517,791,0.8588850400166372,en,f1,,,0.2549019607843137,0.03726160437102885,0.050,toxicity,encoder_minilm,EXP-003
de,few_label_64_rand,0.7744842888804118,0.11500135725853206,25,0.25769097837169813,0.03258133510933868,0.09707446808510638,0.5764102564102564,0.20721571151162008,0.42358974358974355,0.113173198482933,0.25769097837169813,False,False,0.8163188761593017,0.0493046776232617,0.048355899419729204,517,791,0.8588850400166372,en,f1,,,0.2549019607843137,-0.0027890175873844236,0.050,toxicity,encoder_minilm,EXP-003
de,few_label_128_strat,0.7598781826393541,0.09192015639900457,25,0.2672573152521266,0.018493103530752456,0.1054787234042553,0.5405128205128205,0.19577604119588066,0.4594871794871795,0.1229329962073325,0.2672573152521266,False,False,0.8163188761593017,0.0493046776232617,0.048355899419729204,517,791,0.8588850400166372,en,f1,,,0.2549019607843137,-0.012355354467812885,0.050,toxicity,encoder_minilm,EXP-003
de,few_label_128_rand,0.8364274706637836,0.04410380967318677,25,0.2550515009615544,0.041962822935931406,0.0600531914893617,0.6758974358974359,0.22423719881034745,0.3241025641025641,0.07307206068268016,0.2550515009615544,False,False,0.8163188761593017,0.0493046776232617,0.048355899419729204,517,791,0.8588850400166372,en,f1,,,0.2549019607843137,-0.00014954017724067015,0.050,toxicity,encoder_minilm,EXP-003
de,few_label_256_strat,0.8192322278599904,0.007444303699862578,25,0.26254824947310523,0.008171839807493178,0.06909574468085106,0.6471794871794873,0.20939141357198815,0.3528205128205128,0.08308470290771176,0.26254824947310523,False,False,0.8163188761593017,0.0493046776232617,0.048355899419729204,517,791,0.8588850400166372,en,f1,,,0.2549019607843137,-0.007646288688791525,0.050,toxicity,encoder_minilm,EXP-003
de,few_label_256_rand,0.8134539907063375,0.02526180607370082,25,0.26555286795979255,0.014053706756801211,0.07122340425531914,0.6358974358974359,0.21157332771274462,0.3641025641025641,0.0856637168141593,0.26555286795979255,False,False,0.8163188761593017,0.0493046776232617,0.048355899419729204,517,791,0.8588850400166372,en,f1,,,0.2549019607843137,-0.010650907175478841,0.050,toxicity,encoder_minilm,EXP-003
de,target_full,0.8227476609589438,0.0,1,0.2549019607843137,0.0,0.06648936170212766,0.6666666666666666,0.20634920634920634,0.3333333333333333,0.07964601769911504,0.2549019607843137,False,False,0.8163188761593017,0.0493046776232617,0.048355899419729204,517,791,0.8588850400166372,en,f1,0.14282106782106782,0.35557755775577554,0.2549019607843137,0.0,0.050,toxicity,encoder_minilm,EXP-003
de,test_oracle_unachievable,0.6870336665939032,0.0,1,0.3132530120481928,0.0,0.13430851063829788,0.3333333333333333,0.2047244094488189,0.6666666666666666,0.16055625790139064,0.3132530120481928,False,False,0.8163188761593017,0.0493046776232617,0.048355899419729204,517,791,0.8588850400166372,en,f1,,,0.2549019607843137,-0.05835105126387907,0.050,toxicity,encoder_minilm,EXP-003
en,fixed_half,0.5,0.0,1,0.6666666666666667,0.0,0.048748353096179184,0.02564102564102564,0.5066666666666667,0.9743589743589743,0.09398496240601503,0.6666666666666667,False,True,0.9945947772034729,0.04887218045112782,0.04918032786885246,549,798,0.8588850400166372,en,f1,,,0.8108108108108107,0.144144144144144,0.050,toxicity,encoder_minilm,EXP-003
en,source_global,0.8588850400166372,0.0,1,0.8108108108108107,0.0,0.006587615283267457,0.23076923076923078,0.8571428571428571,0.7692307692307693,0.043859649122807015,0.8108108108108107,False,True,0.9945947772034729,0.04887218045112782,0.04918032786885246,549,798,0.8588850400166372,en,f1,0.6885245901639345,0.8941331269349846,0.8108108108108107,0.0,0.050,toxicity,encoder_minilm,EXP-003
en,quantile_match,0.8516063215952512,0.0,1,0.8108108108108107,0.0,0.006587615283267457,0.23076923076923078,0.8571428571428571,0.7692307692307693,0.043859649122807015,0.8108108108108107,False,True,0.9945947772034729,0.04887218045112782,0.04918032786885246,549,798,0.8588850400166372,en,f1,,,0.8108108108108107,0.0,0.050,toxicity,encoder_minilm,EXP-003
en,sld_em,0.8588850400166372,0.0,1,0.8108108108108107,0.0,0.006587615283267457,0.23076923076923078,0.8571428571428571,0.7692307692307693,0.043859649122807015,0.8108108108108107,False,True,0.9945947772034729,0.04887218045112782,0.04918032786885246,549,798,0.8588850400166372,en,f1,,,0.8108108108108107,0.0,0.050,toxicity,encoder_minilm,EXP-003
en,bbse,0.8588850400166371,0.0,1,0.8108108108108107,0.0,0.006587615283267457,0.23076923076923078,0.8571428571428571,0.7692307692307693,0.043859649122807015,0.8108108108108107,False,True,0.9945947772034729,0.04887218045112782,0.04918032786885246,549,798,0.8588850400166372,en,f1,,,0.8108108108108107,0.0,0.050,toxicity,encoder_minilm,EXP-003
en,few_label_8_strat,0.5589586565213995,0.1610503282781902,25,0.6742494842001838,0.08932359910038618,0.04774703557312253,0.055384615384615386,0.5506483462650712,0.9446153846153845,0.09157894736842104,0.6742494842001838,False,True,0.9945947772034729,0.04887218045112782,0.04918032786885246,549,798,0.8588850400166372,en,f1,,,0.8108108108108107,0.13656132661062692,0.050,toxicity,encoder_minilm,EXP-003
en,few_label_8_rand,0.8100107253895851,0.11467827322414349,25,0.7914069271362348,0.046643796086663344,0.012595520421607378,0.19794871794871796,0.8055631548589294,0.8020512820512822,0.05117794486215538,0.7914069271362348,False,True,0.9945947772034729,0.04887218045112782,0.04918032786885246,549,798,0.8588850400166372,en,f1,,,0.8108108108108107,0.019403883674575906,0.050,toxicity,encoder_minilm,EXP-003
en,few_label_16_strat,0.4745643084328934,0.11611523925507769,25,0.6309393708347396,0.07611444881762548,0.05981554677206852,0.026666666666666665,0.4767989808734523,0.9733333333333333,0.1044611528822055,0.6309393708347396,False,True,0.9945947772034729,0.04887218045112782,0.04918032786885246,549,798,0.8588850400166372,en,f1,,,0.8108108108108107,0.17987143997607113,0.050,toxicity,encoder_minilm,EXP-003
en,few_label_16_rand,0.7961908765646417,0.11700052393212111,25,0.7922703592290872,0.04847482950836643,0.014229249011857707,0.1753846153846154,0.7898445710355118,0.8246153846153846,0.05383458646616541,0.7922703592290872,False,True,0.9945947772034729,0.04887218045112782,0.04918032786885246,549,798,0.8588850400166372,en,f1,,,0.8108108108108107,0.01854045158172357,0.050,toxicity,encoder_minilm,EXP-003
en,few_label_32_strat,0.5042301175463727,0.11448949626338836,25,0.647994518548212,0.07793918977864835,0.05549407114624506,0.029743589743589746,0.4965847998395832,0.9702564102564104,0.10020050125313283,0.647994518548212,False,True,0.9945947772034729,0.04887218045112782,0.04918032786885246,549,798,0.8588850400166372,en,f1,,,0.8108108108108107,0.16281629226259875,0.050,toxicity,encoder_minilm,EXP-003
en,few_label_32_rand,0.796604803440865,0.11092250118967965,25,0.7916103969199223,0.03984646632789569,0.014387351778656125,0.1712820512820513,0.7871605019573766,0.8287179487179488,0.05418546365914787,0.7916103969199223,False,True,0.9945947772034729,0.04887218045112782,0.04918032786885246,549,798,0.8588850400166372,en,f1,,,0.8108108108108107,0.019200413890888446,0.050,toxicity,encoder_minilm,EXP-003
en,few_label_64_strat,0.5111082936215067,0.05610929898063044,25,0.6643218243296468,0.0370959363159995,0.04974967061923583,0.025641025641025644,0.5052059971839022,0.9743589743589743,0.094937343358396,0.6643218243296468,False,True,0.9945947772034729,0.04887218045112782,0.04918032786885246,549,798,0.8588850400166372,en,f1,,,0.8108108108108107,0.14648898648116393,0.050,toxicity,encoder_minilm,EXP-003
en,few_label_64_rand,0.8091197206010059,0.1102570261492871,25,0.7951973356182275,0.05144081087755672,0.012542819499341239,0.18564102564102566,0.8085708511751407,0.8143589743589744,0.051729323308270674,0.7951973356182275,False,True,0.9945947772034729,0.04887218045112782,0.04918032786885246,549,798,0.8588850400166372,en,f1,,,0.8108108108108107,0.01561347519258327,0.050,toxicity,encoder_minilm,EXP-003
en,few_label_128_strat,0.5870830924750121,0.10910252979555474,25,0.7070904440660521,0.05453275097021883,0.03936758893280632,0.04717948717948718,0.5751823703673519,0.9528205128205127,0.08401002506265662,0.7070904440660521,False,True,0.9945947772034729,0.04887218045112782,0.04918032786885246,549,798,0.8588850400166372,en,f1,,,0.8108108108108107,0.1037203667447586,0.050,toxicity,encoder_minilm,EXP-003
en,few_label_128_rand,0.8510004041113289,0.08271719777696832,25,0.8003362828945068,0.041694103727146145,0.00790513833992095,0.23384615384615387,0.8544444381546724,0.7661538461538463,0.04496240601503759,0.8003362828945068,False,True,0.9945947772034729,0.04887218045112782,0.04918032786885246,549,798,0.8588850400166372,en,f1,,,0.8108108108108107,0.010474527916303988,0.050,toxicity,encoder_minilm,EXP-003
en,few_label_256_strat,0.856504164742682,0.005074716389685264,25,0.8127135135135135,0.005152543276453818,0.006587615283267457,0.2276923076923077,0.8576190476190476,0.7723076923076924,0.04401002506265664,0.8127135135135135,False,True,0.9945947772034729,0.04887218045112782,0.04918032786885246,549,798,0.8588850400166372,en,f1,,,0.8108108108108107,-0.0019027027027027632,0.050,toxicity,encoder_minilm,EXP-003
en,few_label_256_rand,0.8645075278702393,0.034404386618117025,25,0.8079612989033462,0.014054274112976241,0.006376811594202898,0.23794871794871797,0.8668566248547274,0.762051282051282,0.043308270676691726,0.8079612989033462,False,True,0.9945947772034729,0.04887218045112782,0.04918032786885246,549,798,0.8588850400166372,en,f1,,,0.8108108108108107,0.002849511907464519,0.050,toxicity,encoder_minilm,EXP-003
en,target_full,0.8588850400166372,0.0,1,0.8108108108108107,0.0,0.006587615283267457,0.23076923076923078,0.8571428571428571,0.7692307692307693,0.043859649122807015,0.8108108108108107,False,True,0.9945947772034729,0.04887218045112782,0.04918032786885246,549,798,0.8588850400166372,en,f1,0.7017543859649122,0.9014342150463758,0.8108108108108107,0.0,0.050,toxicity,encoder_minilm,EXP-003
en,test_oracle_unachievable,0.8093017045379952,0.0,1,0.8607594936708861,0.0,0.007905138339920948,0.1282051282051282,0.85,0.8717948717948718,0.05012531328320802,0.8607594936708861,False,True,0.9945947772034729,0.04887218045112782,0.04918032786885246,549,798,0.8588850400166372,en,f1,,,0.8108108108108107,-0.049948682860075366,0.050,toxicity,encoder_minilm,EXP-003
es,fixed_half,0.5,0.0,1,0.2555066079295154,0.0,0.19798234552332913,0.2926829268292683,0.15591397849462366,0.7073170731707317,0.22302158273381295,0.2555066079295154,False,False,0.8618091225048442,0.049160671462829736,0.04873294346978557,513,834,0.8588850400166372,en,f1,,,0.3768115942028986,0.12130498627338321,0.050,toxicity,encoder_minilm,EXP-003
es,source_global,0.8588850400166372,0.0,1,0.4,0.0,0.029003783102143757,0.6097560975609756,0.41025641025641024,0.3902439024390244,0.046762589928057555,0.4,False,False,0.8618091225048442,0.049160671462829736,0.04873294346978557,513,834,0.8588850400166372,en,f1,0.25396825396825395,0.5227432030586234,0.3768115942028986,-0.023188405797101408,0.050,toxicity,encoder_minilm,EXP-003
es,quantile_match,0.8665518870684844,0.0,1,0.4102564102564103,0.0,0.02648171500630517,0.6097560975609756,0.43243243243243246,0.3902439024390244,0.04436450839328537,0.4102564102564103,False,False,0.8618091225048442,0.049160671462829736,0.04873294346978557,513,834,0.8588850400166372,en,f1,,,0.3768115942028986,-0.03344481605351168,0.050,toxicity,encoder_minilm,EXP-003
es,sld_em,0.8557636824032323,0.0,1,0.3855421686746988,0.0,0.03278688524590164,0.6097560975609756,0.38095238095238093,0.3902439024390244,0.050359712230215826,0.3855421686746988,False,False,0.8618091225048442,0.049160671462829736,0.04873294346978557,513,834,0.8588850400166372,en,f1,,,0.3768115942028986,-0.008730574471800201,0.050,toxicity,encoder_minilm,EXP-003
es,bbse,0.8426064645224434,0.0,1,0.39534883720930236,0.0,0.03530895334174023,0.5853658536585366,0.37777777777777777,0.4146341463414634,0.0539568345323741,0.39534883720930236,False,False,0.8618091225048442,0.049160671462829736,0.04873294346978557,513,834,0.8588850400166372,en,f1,,,0.3768115942028986,-0.018537243006403747,0.050,toxicity,encoder_minilm,EXP-003
es,few_label_8_strat,0.319697349054668,0.17050762771635683,25,0.21055116791856177,0.046540129365699595,0.3505674653215637,0.1678048780487805,0.12371619609097763,0.8321951219512195,0.3742446043165468,0.21055116791856177,False,False,0.8618091225048442,0.049160671462829736,0.04873294346978557,513,834,0.8588850400166372,en,f1,,,0.3768115942028986,0.16626042628433685,0.050,toxicity,encoder_minilm,EXP-003
es,few_label_8_rand,0.7998017315385436,0.1352945938607454,25,0.37702537610581854,0.051547901243868724,0.05604035308953341,0.5580487804878049,0.3669511435251346,0.4419512195121951,0.07501199040767387,0.37702537610581854,False,False,0.8618091225048442,0.049160671462829736,0.04873294346978557,513,834,0.8588850400166372,en,f1,,,0.3768115942028986,-0.0002137819029199295,0.050,toxicity,encoder_minilm,EXP-003
es,few_label_16_strat,0.33722968157887967,0.16735489077130852,25,0.21734880124289732,0.04853922628310849,0.3324085750315258,0.17756097560975612,0.1286399846662964,0.822439024390244,0.3564988009592326,0.21734880124289732,False,False,0.8618091225048442,0.049160671462829736,0.04873294346978557,513,834,0.8588850400166372,en,f1,,,0.3768115942028986,0.1594627929600013,0.050,toxicity,encoder_minilm,EXP-003
es,few_label_16_rand,0.7394037033677553,0.14706826337302084,25,0.33678204962939323,0.06586293976652531,0.08277427490542247,0.5180487804878048,0.3099997401806446,0.4819512195121952,0.10239808153477219,0.33678204962939323,False,False,0.8618091225048442,0.049160671462829736,0.04873294346978557,513,834,0.8588850400166372,en,f1,,,0.3768115942028986,0.04002954457350538,0.050,toxicity,encoder_minilm,EXP-003
es,few_label_32_strat,0.3974725700038191,0.09625992591846852,25,0.23660363111961552,0.022879086619474024,0.2586128625472888,0.21463414634146344,0.1404367816312322,0.7853658536585368,0.2845083932853717,0.23660363111961552,False,False,0.8618091225048442,0.049160671462829736,0.04873294346978557,513,834,0.8588850400166372,en,f1,,,0.3768115942028986,0.1402079630832831,0.050,toxicity,encoder_minilm,EXP-003
es,few_label_32_rand,0.7184490518228658,0.2544664855619277,25,0.32376521327170715,0.08134830269891327,0.11838587641866331,0.5160975609756098,0.33365153232855155,0.48390243902439023,0.13635491606714628,0.32376521327170715,False,False,0.8618091225048442,0.049160671462829736,0.04873294346978557,513,834,0.8588850400166372,en,f1,,,0.3768115942028986,0.05304638093119146,0.050,toxicity,encoder_minilm,EXP-003
es,few_label_64_strat,0.43277974447993656,0.05009525735977199,25,0.2414470740564056,0.005559939010968632,0.23288776796973515,0.24585365853658536,0.14398292883320737,0.7541463414634147,0.25851318944844126,0.2414470740564056,False,False,0.8618091225048442,0.049160671462829736,0.04873294346978557,513,834,0.8588850400166372,en,f1,,,0.3768115942028986,0.13536452014649303,0.050,toxicity,encoder_minilm,EXP-003
es,few_label_64_rand,0.7559393097727645,0.16482911569776515,25,0.3246608030649814,0.058353032804148976,0.07793190416141237,0.5482926829268293,0.3327406467148344,0.4517073170731707,0.09630695443645082,0.3246608030649814,False,False,0.8618091225048442,0.049160671462829736,0.04873294346978557,513,834,0.8588850400166372,en,f1,,,0.3768115942028986,0.05215079113791721,0.050,toxicity,encoder_minilm,EXP-003
es,few_label_128_strat,0.5349617736743864,0.0825225088509812,25,0.2609115970368525,0.018913377543048455,0.17831021437578812,0.342439024390244,0.16459489919977496,0.6575609756097562,0.2018705035971223,0.2609115970368525,False,False,0.8618091225048442,0.049160671462829736,0.04873294346978557,513,834,0.8588850400166372,en,f1,,,0.3768115942028986,0.1158999971660461,0.050,toxicity,encoder_minilm,EXP-003
es,few_label_128_rand,0.8157742655678824,0.1559551144261825,25,0.30483524936731476,0.06184245520566929,0.05558638083228248,0.6331707317073171,0.4416901089188262,0.3668292682926829,0.07088729016786571,0.30483524936731476,False,False,0.8618091225048442,0.049160671462829736,0.04873294346978557,513,834,0.8588850400166372,en,f1,,,0.3768115942028986,0.07197634483558385,0.050,toxicity,encoder_minilm,EXP-003
es,few_label_256_strat,0.6640649969795568,0.05745331342125536,25,0.29800995226603894,0.02910404769163843,0.11283732660781841,0.4517073170731708,0.21152354132425938,0.5482926829268293,0.13424460431654675,0.29800995226603894,False,False,0.8618091225048442,0.049160671462829736,0.04873294346978557,513,834,0.8588850400166372,en,f1,,,0.3768115942028986,0.07880164193685968,0.050,toxicity,encoder_minilm,EXP-003
es,few_label_256_rand,0.8183454711753886,0.1205779819060592,25,0.33568909603112856,0.0454416485144511,0.050945775535939465,0.6165853658536586,0.3852414147659156,0.38341463414634147,0.06729016786570742,0.33568909603112856,False,False,0.8618091225048442,0.049160671462829736,0.04873294346978557,513,834,0.8588850400166372,en,f1,,,0.3768115942028986,0.04112249817177005,0.050,toxicity,encoder_minilm,EXP-003
es,target_full,0.8929421030618351,0.0,1,0.3768115942028986,0.0,0.018915510718789406,0.6829268292682927,0.4642857142857143,0.3170731707317073,0.03357314148681055,0.3768115942028986,False,False,0.8618091225048442,0.049160671462829736,0.04873294346978557,513,834,0.8588850400166372,en,f1,0.21818181818181817,0.5172413793103449,0.3768115942028986,0.0,0.050,toxicity,encoder_minilm,EXP-003
es,test_oracle_unachievable,0.8714608490785831,0.0,1,0.4266666666666667,0.0,0.02269861286254729,0.6097560975609756,0.47058823529411764,0.3902439024390244,0.0407673860911271,0.4266666666666667,False,False,0.8618091225048442,0.049160671462829736,0.04873294346978557,513,834,0.8588850400166372,en,f1,,,0.3768115942028986,-0.04985507246376808,0.050,toxicity,encoder_minilm,EXP-003
fr,fixed_half,0.5,0.0,1,0.317948717948718,0.0,0.15979381443298968,0.225,0.2,0.775,0.18995098039215685,0.317948717948718,False,False,0.887854381443299,0.049019607843137254,0.04921259842519685,508,816,0.8588850400166372,en,f1,,,0.2758620689655173,-0.04208664898320069,0.050,toxicity,encoder_minilm,EXP-003
fr,source_global,0.8588850400166372,0.0,1,0.4444444444444445,0.0,0.029639175257731958,0.55,0.43902439024390244,0.45,0.05024509803921569,0.4444444444444445,False,False,0.887854381443299,0.049019607843137254,0.04921259842519685,508,816,0.8588850400166372,en,f1,0.29505785920925753,0.5686974789915966,0.2758620689655173,-0.16858237547892718,0.050,toxicity,encoder_minilm,EXP-003
fr,quantile_match,0.8909293201072306,0.0,1,0.38888888888888884,0.0,0.023195876288659795,0.65,0.4375,0.35,0.0392156862745098,0.38888888888888884,False,False,0.887854381443299,0.049019607843137254,0.04921259842519685,508,816,0.8588850400166372,en,f1,,,0.2758620689655173,-0.11302681992337155,0.050,toxicity,encoder_minilm,EXP-003
fr,sld_em,0.7565877241898511,0.0,1,0.49090909090909096,0.0,0.055412371134020616,0.325,0.38571428571428573,0.675,0.0857843137254902,0.49090909090909096,False,False,0.887854381443299,0.049019607843137254,0.04921259842519685,508,816,0.8588850400166372,en,f1,,,0.2758620689655173,-0.21504702194357367,0.050,toxicity,encoder_minilm,EXP-003
fr,bbse,0.8349415458991781,0.0,1,0.5227272727272727,0.0,0.03221649484536082,0.425,0.4791666666666667,0.575,0.058823529411764705,0.5227272727272727,False,False,0.887854381443299,0.049019607843137254,0.04921259842519685,508,816,0.8588850400166372,en,f1,,,0.2758620689655173,-0.24686520376175541,0.050,toxicity,encoder_minilm,EXP-003
fr,few_label_8_strat,0.33407202072887515,0.18946349941556007,25,0.23533138953597826,0.08229867141078429,0.3375773195876289,0.145,0.14979487971267302,0.855,0.36294117647058827,0.23533138953597826,False,False,0.887854381443299,0.049019607843137254,0.04921259842519685,508,816,0.8588850400166372,en,f1,,,0.2758620689655173,0.04053067942953903,0.050,toxicity,encoder_minilm,EXP-003
fr,few_label_8_rand,0.7834439448474493,0.1841905241220323,25,0.4032283586969438,0.08332975692699658,0.07510309278350516,0.49400000000000005,0.3942436872985283,0.5059999999999999,0.09622549019607844,0.4032283586969438,False,False,0.887854381443299,0.049019607843137254,0.04921259842519685,508,816,0.8588850400166372,en,f1,,,0.2758620689655173,-0.1273662897314265,0.050,toxicity,encoder_minilm,EXP-003
fr,few_label_16_strat,0.352519408578396,0.12941995633857067,25,0.24882333825136574,0.0668064182382081,0.2932474226804124,0.147,0.1493472685237744,0.853,0.3206862745098039,0.24882333825136574,False,False,0.887854381443299,0.049019607843137254,0.04921259842519685,508,816,0.8588850400166372,en,f1,,,0.2758620689655173,0.027038730714151554,0.050,toxicity,encoder_minilm,EXP-003
fr,few_label_16_rand,0.7929691720736801,0.12907017691824402,25,0.4130505852598676,0.06784532291298186,0.05206185567010309,0.486,0.3899063743676406,0.514,0.07470588235294118,0.4130505852598676,False,False,0.887854381443299,0.049019607843137254,0.04921259842519685,508,816,0.8588850400166372,en,f1,,,0.2758620689655173,-0.1371885162943503,0.050,toxicity,encoder_minilm,EXP-003
fr,few_label_32_strat,0.33291619357128555,0.14310462389514805,25,0.24029445523363216,0.07817680842743083,0.31876288659793817,0.13899999999999998,0.1453908356889592,0.8610000000000001,0.345343137254902,0.24029445523363216,False,False,0.887854381443299,0.049019607843137254,0.04921259842519685,508,816,0.8588850400166372,en,f1,,,0.2758620689655173,0.035567613731885134,0.050,toxicity,encoder_minilm,EXP-003
fr,few_label_32_rand,0.6865316286394009,0.25112768604368085,25,0.3469346948273078,0.11334196903847985,0.1156701030927835,0.42700000000000005,0.3383209719834408,0.573,0.13808823529411765,0.3469346948273078,False,False,0.887854381443299,0.049019607843137254,0.04921259842519685,508,816,0.8588850400166372,en,f1,,,0.2758620689655173,-0.07107262586179053,0.050,toxicity,encoder_minilm,EXP-003
fr,few_label_64_strat,0.352794695947617,0.09141360503628368,25,0.24542965211634343,0.05070576353220776,0.27355670103092783,0.156,0.1457816821913715,0.8440000000000001,0.3015196078431373,0.24542965211634343,False,False,0.887854381443299,0.049019607843137254,0.04921259842519685,508,816,0.8588850400166372,en,f1,,,0.2758620689655173,0.03043241684917386,0.050,toxicity,encoder_minilm,EXP-003
fr,few_label_64_rand,0.772826252303342,0.19652171632777873,25,0.3725986063920498,0.11620719672157688,0.06953608247422681,0.5000000000000001,0.3873357348767035,0.49999999999999994,0.09063725490196077,0.3725986063920498,False,False,0.887854381443299,0.049019607843137254,0.04921259842519685,508,816,0.8588850400166372,en,f1,,,0.2758620689655173,-0.09673653742653249,0.050,toxicity,encoder_minilm,EXP-003
fr,few_label_128_strat,0.7341377141341049,0.09972981132366707,25,0.4617537685580394,0.058174022107977875,0.065,0.33899999999999997,0.3731056565002223,0.6609999999999999,0.09421568627450981,0.4617537685580394,False,False,0.887854381443299,0.049019607843137254,0.04921259842519685,508,816,0.8588850400166372,en,f1,,,0.2758620689655173,-0.1858916995925221,0.050,toxicity,encoder_minilm,EXP-003
fr,few_label_128_rand,0.9118067183545141,0.04694476426472376,25,0.32023634927614375,0.10355272735723824,0.017422680412371133,0.7260000000000001,0.4475992698124505,0.27399999999999997,0.03,0.32023634927614375,False,False,0.887854381443299,0.049019607843137254,0.04921259842519685,508,816,0.8588850400166372,en,f1,,,0.2758620689655173,-0.04437428031062646,0.050,toxicity,encoder_minilm,EXP-003
fr,few_label_256_strat,0.9032383235666285,0.02579083470943217,25,0.3948611329010418,0.055632393585989225,0.019278350515463918,0.6560000000000001,0.4818070358760014,0.3439999999999999,0.03519607843137255,0.3948611329010418,False,False,0.887854381443299,0.049019607843137254,0.04921259842519685,508,816,0.8588850400166372,en,f1,,,0.2758620689655173,-0.11899906393552451,0.050,toxicity,encoder_minilm,EXP-003
fr,few_label_256_rand,0.915380450634117,0.0390145444308693,25,0.32643884056880595,0.07267050476293904,0.016546391752577317,0.7319999999999999,0.45719702436142456,0.26799999999999996,0.028872549019607844,0.32643884056880595,False,False,0.887854381443299,0.049019607843137254,0.04921259842519685,508,816,0.8588850400166372,en,f1,,,0.2758620689655173,-0.05057677160328866,0.050,toxicity,encoder_minilm,EXP-003
fr,target_full,0.92995199203095,0.0,1,0.2758620689655173,0.0,0.01288659793814433,0.8,0.4444444444444444,0.2,0.022058823529411766,0.2758620689655173,False,False,0.887854381443299,0.049019607843137254,0.04921259842519685,508,816,0.8588850400166372,en,f1,0.11759049773755656,0.4309090909090908,0.2758620689655173,0.0,0.050,toxicity,encoder_minilm,EXP-003
fr,test_oracle_unachievable,0.8362305664390145,0.0,1,0.5227272727272727,0.0,0.03221649484536082,0.425,0.4791666666666667,0.575,0.058823529411764705,0.5227272727272727,False,False,0.887854381443299,0.049019607843137254,0.04921259842519685,508,816,0.8588850400166372,en,f1,,,0.2758620689655173,-0.24686520376175541,0.050,toxicity,encoder_minilm,EXP-003
he,fixed_half,0.5,0.0,1,0.15306122448979592,0.0,0.43783783783783786,0.21052631578947367,0.0847457627118644,0.7894736842105263,0.455012853470437,0.15306122448979592,False,False,0.7157894736842105,0.04884318766066838,0.05,240,389,0.8588850400166372,en,f1,,,0.2222222222222222,0.06916099773242629,0.050,toxicity,encoder_minilm,EXP-003
he,source_global,0.8588850400166372,0.0,1,0.2117647058823529,0.0,0.15405405405405406,0.5263157894736842,0.13636363636363635,0.47368421052631576,0.16966580976863754,0.2117647058823529,False,False,0.7157894736842105,0.04884318766066838,0.05,240,389,0.8588850400166372,en,f1,0.09990963855421686,0.3250382653061224,0.2222222222222222,0.0104575163398693,0.050,toxicity,encoder_minilm,EXP-003
he,quantile_match,0.9720863944816502,0.0,1,0.17647058823529413,0.0,0.032432432432432434,0.8421052631578947,0.2,0.15789473684210525,0.038560411311053984,0.17647058823529413,False,False,0.7157894736842105,0.04884318766066838,0.05,240,389,0.8588850400166372,en,f1,,,0.2222222222222222,0.04575163398692808,0.050,toxicity,encoder_minilm,EXP-003
he,sld_em,0.17780731916640866,0.0,1,0.10591900311526481,0.0,0.7702702702702703,0.10526315789473684,0.056291390728476824,0.8947368421052632,0.7763496143958869,0.10591900311526481,False,False,0.7157894736842105,0.04884318766066838,0.05,240,389,0.8588850400166372,en,f1,,,0.2222222222222222,0.1163032191069574,0.050,toxicity,encoder_minilm,EXP-003
he,bbse,0.506206468592836,0.0,1,0.15463917525773194,0.0,0.43243243243243246,0.21052631578947367,0.08571428571428572,0.7894736842105263,0.4498714652956298,0.15463917525773194,False,False,0.7157894736842105,0.04884318766066838,0.05,240,389,0.8588850400166372,en,f1,,,0.2222222222222222,0.06758304696449027,0.050,toxicity,encoder_minilm,EXP-003
he,few_label_8_strat,0.34428868192454254,0.12554184019393358,25,0.12308851132839033,0.01721500223693933,0.6016216216216216,0.18736842105263155,0.06683109368805333,0.8126315789473685,0.6119280205655526,0.12308851132839033,False,False,0.7157894736842105,0.04884318766066838,0.05,240,389,0.8588850400166372,en,f1,,,0.2222222222222222,0.09913371089383188,0.050,toxicity,encoder_minilm,EXP-003
he,few_label_8_rand,0.7878479345135981,0.17759767594963996,25,0.1946074743378314,0.03038456722064089,0.2127567567567568,0.4905263157894737,0.1259030945623559,0.5094736842105263,0.22724935732647814,0.1946074743378314,False,False,0.7157894736842105,0.04884318766066838,0.05,240,389,0.8588850400166372,en,f1,,,0.2222222222222222,0.027614747884390806,0.050,toxicity,encoder_minilm,EXP-003
he,few_label_16_strat,0.27853742868059705,0.0680767998946034,25,0.11316105021494145,0.008362735641173319,0.6672432432432431,0.16631578947368417,0.06075701598954517,0.8336842105263158,0.6753727506426734,0.11316105021494145,False,False,0.7157894736842105,0.04884318766066838,0.05,240,389,0.8588850400166372,en,f1,,,0.2222222222222222,0.10906117200728076,0.050,toxicity,encoder_minilm,EXP-003
he,few_label_16_rand,0.7174056975087372,0.2143468114781575,25,0.17475635044066773,0.03932205075628214,0.2723243243243243,0.4505263157894737,0.11907371678124713,0.5494736842105263,0.2858611825192802,0.17475635044066773,False,False,0.7157894736842105,0.04884318766066838,0.05,240,389,0.8588850400166372,en,f1,,,0.2222222222222222,0.04746587178155448,0.050,toxicity,encoder_minilm,EXP-003
he,few_label_32_strat,0.29739828916906635,0.016579601030321363,25,0.11582333947319935,0.002814269679793506,0.6417297297297297,0.17052631578947366,0.06226130081300944,0.8294736842105263,0.6508997429305913,0.11582333947319935,False,False,0.7157894736842105,0.04884318766066838,0.05,240,389,0.8588850400166372,en,f1,,,0.2222222222222222,0.10639888274902286,0.050,toxicity,encoder_minilm,EXP-003
he,few_label_32_rand,0.7121980951107861,0.2511724085646446,25,0.16648815396073868,0.04949303663642962,0.27340540540540537,0.4842105263157894,0.11742342420194264,0.5157894736842106,0.28524421593830335,0.16648815396073868,False,False,0.7157894736842105,0.04884318766066838,0.05,240,389,0.8588850400166372,en,f1,,,0.2222222222222222,0.05573406826148353,0.050,toxicity,encoder_minilm,EXP-003
he,few_label_64_strat,0.3372944239864682,0.07052135384802521,25,0.12039785179236683,0.011675562239180644,0.6014054054054053,0.19368421052631576,0.06514799425732125,0.8063157894736842,0.611413881748072,0.12039785179236683,False,False,0.7157894736842105,0.04884318766066838,0.05,240,389,0.8588850400166372,en,f1,,,0.2222222222222222,0.10182437042985538,0.050,toxicity,encoder_minilm,EXP-003
he,few_label_64_rand,0.7307054583165855,0.26038310418066535,25,0.13110428526761475,0.06939045859429685,0.2534054054054054,0.5536842105263158,0.10361623888397119,0.44631578947368417,0.262827763496144,0.13110428526761475,False,False,0.7157894736842105,0.04884318766066838,0.05,240,389,0.8588850400166372,en,f1,,,0.2222222222222222,0.09111793695460746,0.050,toxicity,encoder_minilm,EXP-003
he,few_label_128_strat,0.9685485678762242,0.00295494058511196,25,0.21373245875571456,0.010257594041998762,0.03924324324324325,0.7894736842105263,0.21805042016806722,0.21052631578947367,0.04760925449871466,0.21373245875571456,False,False,0.7157894736842105,0.04884318766066838,0.05,240,389,0.8588850400166372,en,f1,,,0.2222222222222222,0.00848976346650765,0.050,toxicity,encoder_minilm,EXP-003
he,few_label_128_rand,0.7370259055797118,0.29603408752488236,25,0.15900650824575016,0.06473723591296869,0.24475675675675673,0.5831578947368421,0.14234431797208005,0.4168421052631579,0.25316195372750644,0.15900650824575016,False,False,0.7157894736842105,0.04884318766066838,0.05,240,389,0.8588850400166372,en,f1,,,0.2222222222222222,0.06321571397647205,0.050,toxicity,encoder_minilm,EXP-003
he,few_label_256_strat,0.9709159380997928,0.0,25,0.2222222222222222,0.0,0.03513513513513514,0.7894736842105263,0.2352941176470588,0.21052631578947367,0.04370179948586119,0.2222222222222222,False,False,0.7157894736842105,0.04884318766066838,0.05,240,389,0.8588850400166372,en,f1,,,0.2222222222222222,0.0,0.050,toxicity,encoder_minilm,EXP-003
he,few_label_256_rand,0.9709159380997928,0.0,25,0.2222222222222222,0.0,0.03513513513513514,0.7894736842105263,0.2352941176470588,0.21052631578947367,0.04370179948586119,0.2222222222222222,False,False,0.7157894736842105,0.04884318766066838,0.05,240,389,0.8588850400166372,en,f1,,,0.2222222222222222,0.0,0.050,toxicity,encoder_minilm,EXP-003
he,target_full,0.9709159380997928,0.0,1,0.2222222222222222,0.0,0.03513513513513514,0.7894736842105263,0.23529411764705882,0.21052631578947367,0.043701799485861184,0.2222222222222222,False,False,0.7157894736842105,0.04884318766066838,0.05,240,389,0.8588850400166372,en,f1,0.0453488372093024,0.4091200466200466,0.2222222222222222,0.0,0.050,toxicity,encoder_minilm,EXP-003
he,test_oracle_unachievable,0.8795661638648016,0.0,1,0.2278481012658228,0.0,0.13783783783783785,0.5263157894736842,0.15,0.47368421052631576,0.15424164524421594,0.2278481012658228,False,False,0.7157894736842105,0.04884318766066838,0.05,240,389,0.8588850400166372,en,f1,,,0.2222222222222222,-0.005625879043600596,0.050,toxicity,encoder_minilm,EXP-003
hi,fixed_half,0.5,0.0,1,0.25531914893617025,0.0,0.11214953271028037,0.5384615384615384,0.17647058823529413,0.46153846153846156,0.12944162436548223,0.25531914893617025,False,False,0.7873403854712266,0.04949238578680203,0.04940711462450593,506,788,0.8588850400166372,en,f1,,,0.3714285714285714,0.11610942249240114,0.050,toxicity,encoder_minilm,EXP-003
hi,source_global,0.8588850400166372,0.0,1,0.25531914893617025,0.0,0.0026702269692923898,0.8461538461538461,0.75,0.15384615384615385,0.01015228426395939,0.25531914893617025,False,False,0.7873403854712266,0.04949238578680203,0.04940711462450593,506,788,0.8588850400166372,en,f1,0.07678571428571429,0.4166666666666667,0.3714285714285714,0.11610942249240114,0.050,toxicity,encoder_minilm,EXP-003
hi,quantile_match,0.7465206392883076,0.0,1,0.380952380952381,0.0,0.01602136181575434,0.6923076923076923,0.5,0.3076923076923077,0.030456852791878174,0.380952380952381,False,False,0.7873403854712266,0.04949238578680203,0.04940711462450593,506,788,0.8588850400166372,en,f1,,,0.3714285714285714,-0.009523809523809601,0.050,toxicity,encoder_minilm,EXP-003
hi,sld_em,0.9999944886653547,0.0,1,0.0,0.0,0.0,1.0,0.0,0.0,0.0,0.0,True,False,0.7873403854712266,0.04949238578680203,0.04940711462450593,506,788,0.8588850400166372,en,f1,,,0.3714285714285714,0.3714285714285714,0.050,toxicity,encoder_minilm,EXP-003
hi,bbse,0.9763973103531787,0.0,1,0.09756097560975609,0.0,0.0,0.9487179487179487,1.0,0.05128205128205128,0.0025380710659898475,0.09756097560975609,True,False,0.7873403854712266,0.04949238578680203,0.04940711462450593,506,788,0.8588850400166372,en,f1,,,0.3714285714285714,0.2738675958188153,0.050,toxicity,encoder_minilm,EXP-003
hi,few_label_8_strat,0.2071635110322615,0.15520849364220554,25,0.17584190193606936,0.04995308774566771,0.4052336448598131,0.23589743589743586,0.11600370816548108,0.764102564102564,0.42299492385786797,0.17584190193606936,False,False,0.7873403854712266,0.04949238578680203,0.04940711462450593,506,788,0.8588850400166372,en,f1,,,0.3714285714285714,0.19558666949250203,0.050,toxicity,encoder_minilm,EXP-003
hi,few_label_8_rand,0.6473413668292668,0.27748812770530495,25,0.24217037647016335,0.048728813202237424,0.10461949265687583,0.6584615384615384,0.5019323491071215,0.3415384615384615,0.11634517766497461,0.24217037647016335,False,False,0.7873403854712266,0.04949238578680203,0.04940711462450593,506,788,0.8588850400166372,en,f1,,,0.3714285714285714,0.12925819495840804,0.050,toxicity,encoder_minilm,EXP-003
hi,few_label_16_strat,0.16867063843888008,0.07164820717858439,25,0.1621566503999124,0.023377186866816977,0.4325233644859814,0.21128205128205124,0.09130299667764799,0.7887179487179488,0.4501522842639594,0.1621566503999124,False,False,0.7873403854712266,0.04949238578680203,0.04940711462450593,506,788,0.8588850400166372,en,f1,,,0.3714285714285714,0.209271921028659,0.050,toxicity,encoder_minilm,EXP-003
hi,few_label_16_rand,0.6128758201838286,0.275879804232002,25,0.23913992366990366,0.043796701366389836,0.12411214953271027,0.6194871794871795,0.449437793725064,0.38051282051282054,0.1368020304568528,0.23913992366990366,False,False,0.7873403854712266,0.04949238578680203,0.04940711462450593,506,788,0.8588850400166372,en,f1,,,0.3714285714285714,0.13228864775866772,0.050,toxicity,encoder_minilm,EXP-003
hi,few_label_32_strat,0.1272598740918495,0.041219660358146885,25,0.14930108462917396,0.011564006215384557,0.507343124165554,0.14358974358974358,0.08203503742256102,0.8564102564102564,0.5246192893401015,0.14930108462917396,False,False,0.7873403854712266,0.04949238578680203,0.04940711462450593,506,788,0.8588850400166372,en,f1,,,0.3714285714285714,0.22212748679939742,0.050,toxicity,encoder_minilm,EXP-003
hi,few_label_32_rand,0.5789320186731067,0.26403105339183014,25,0.2625822307025352,0.07066285336510449,0.1326568758344459,0.5825641025641025,0.376878260768184,0.41743589743589743,0.146751269035533,0.2625822307025352,False,False,0.7873403854712266,0.04949238578680203,0.04940711462450593,506,788,0.8588850400166372,en,f1,,,0.3714285714285714,0.10884634072603616,0.050,toxicity,encoder_minilm,EXP-003
hi,few_label_64_strat,0.1462549905826523,0.05303080842065904,25,0.15496782401754752,0.015225417000681214,0.4696395193591455,0.17538461538461536,0.08596548384976456,0.8246153846153846,0.4872081218274112,0.15496782401754752,False,False,0.7873403854712266,0.04949238578680203,0.04940711462450593,506,788,0.8588850400166372,en,f1,,,0.3714285714285714,0.21646074741102386,0.050,toxicity,encoder_minilm,EXP-003
hi,few_label_64_rand,0.6463077573615605,0.20622538604094648,25,0.2969475900597435,0.06451476474993832,0.07823765020026702,0.6307692307692307,0.4251030578082655,0.3692307692307692,0.09263959390862944,0.2969475900597435,False,False,0.7873403854712266,0.04949238578680203,0.04940711462450593,506,788,0.8588850400166372,en,f1,,,0.3714285714285714,0.07448098136882786,0.050,toxicity,encoder_minilm,EXP-003
hi,few_label_128_strat,0.3067468613116937,0.0638011136801344,25,0.2019742585437387,0.025330660323787123,0.242456608811749,0.38051282051282054,0.12178267493023757,0.6194871794871795,0.26111675126903555,0.2019742585437387,False,False,0.7873403854712266,0.04949238578680203,0.04940711462450593,506,788,0.8588850400166372,en,f1,,,0.3714285714285714,0.16945431288483268,0.050,toxicity,encoder_minilm,EXP-003
hi,few_label_128_rand,0.6802880247487384,0.14785042091516407,25,0.3165695471147492,0.05679841812980551,0.049826435246995995,0.6594871794871796,0.4156585756261037,0.3405128205128205,0.06421319796954314,0.3165695471147492,False,False,0.7873403854712266,0.04949238578680203,0.04940711462450593,506,788,0.8588850400166372,en,f1,,,0.3714285714285714,0.05485902431382217,0.050,toxicity,encoder_minilm,EXP-003
hi,few_label_256_strat,0.5907320487993865,0.041234552139079075,25,0.29431427111684383,0.028810724435712684,0.07428571428571429,0.5876923076923076,0.2382857082022941,0.4123076923076923,0.09101522842639592,0.29431427111684383,False,False,0.7873403854712266,0.04949238578680203,0.04940711462450593,506,788,0.8588850400166372,en,f1,,,0.3714285714285714,0.07711430031172756,0.050,toxicity,encoder_minilm,EXP-003
hi,few_label_256_rand,0.6644752215703741,0.10488150210539124,25,0.33206941525497524,0.04904052059888159,0.046622162883845124,0.6399999999999999,0.37525306613920345,0.36,0.06213197969543147,0.33206941525497524,False,False,0.7873403854712266,0.04949238578680203,0.04940711462450593,506,788,0.8588850400166372,en,f1,,,0.3714285714285714,0.039359156173596144,0.050,toxicity,encoder_minilm,EXP-003
hi,target_full,0.7016939703021607,0.0,1,0.3714285714285714,0.0,0.02403204272363151,0.6666666666666666,0.41935483870967744,0.3333333333333333,0.03934010152284264,0.3714285714285714,False,False,0.7873403854712266,0.04949238578680203,0.04940711462450593,506,788,0.8588850400166372,en,f1,0.21950384229869696,0.4999999999999999,0.3714285714285714,0.0,0.050,toxicity,encoder_minilm,EXP-003
hi,test_oracle_unachievable,0.7202373278632326,0.0,1,0.3880597014925373,0.0,0.020026702269692925,0.6666666666666666,0.4642857142857143,0.3333333333333333,0.03553299492385787,0.3880597014925373,False,False,0.7873403854712266,0.04949238578680203,0.04940711462450593,506,788,0.8588850400166372,en,f1,,,0.3714285714285714,-0.016631130063965938,0.050,toxicity,encoder_minilm,EXP-003
hin,fixed_half,0.5,0.0,1,0.16541353383458648,0.0,0.13971742543171115,0.6666666666666666,0.11,0.3333333333333333,0.14925373134328357,0.16541353383458648,False,False,0.6033966033966034,0.049253731343283584,0.04883227176220807,471,670,0.8588850400166372,en,f1,,,0.12000000000000001,-0.045413533834586475,0.050,toxicity,encoder_minilm,EXP-003
hin,source_global,0.8588850400166372,0.0,1,0.11764705882352942,0.0,0.023547880690737835,0.9090909090909091,0.16666666666666666,0.09090909090909091,0.026865671641791045,0.11764705882352942,False,False,0.6033966033966034,0.049253731343283584,0.04883227176220807,471,670,0.8588850400166372,en,f1,0.0,0.24,0.12000000000000001,0.0023529411764705854,0.050,toxicity,encoder_minilm,EXP-003
hin,quantile_match,0.8409160239879861,0.0,1,0.11538461538461539,0.0,0.02511773940345369,0.9090909090909091,0.15789473684210525,0.09090909090909091,0.028358208955223882,0.11538461538461539,False,False,0.6033966033966034,0.049253731343283584,0.04883227176220807,471,670,0.8588850400166372,en,f1,,,0.12000000000000001,0.004615384615384618,0.050,toxicity,encoder_minilm,EXP-003
hin,sld_em,0.9117204189214934,0.0,1,0.0930232558139535,0.0,0.012558869701726845,0.9393939393939394,0.2,0.06060606060606061,0.014925373134328358,0.0930232558139535,False,False,0.6033966033966034,0.049253731343283584,0.04883227176220807,471,670,0.8588850400166372,en,f1,,,0.12000000000000001,0.02697674418604651,0.050,toxicity,encoder_minilm,EXP-003
hin,bbse,0.875749010899858,0.0,1,0.08333333333333333,0.0,0.02040816326530612,0.9393939393939394,0.13333333333333333,0.06060606060606061,0.022388059701492536,0.08333333333333333,False,False,0.6033966033966034,0.049253731343283584,0.04883227176220807,471,670,0.8588850400166372,en,f1,,,0.12000000000000001,0.03666666666666668,0.050,toxicity,encoder_minilm,EXP-003
hin,few_label_8_strat,0.11337614627144582,0.06120311309375261,25,0.10687593907958769,0.011445086665355745,0.6413186813186813,0.24727272727272726,0.05796052307605755,0.7527272727272728,0.6468059701492537,0.10687593907958769,False,False,0.6033966033966034,0.049253731343283584,0.04883227176220807,471,670,0.8588850400166372,en,f1,,,0.12000000000000001,0.013124060920412323,0.050,toxicity,encoder_minilm,EXP-003
hin,few_label_8_rand,0.7270864970784188,0.26591783354934234,25,0.11763876164027595,0.008319019956796203,0.11893249607535322,0.8036363636363636,0.14453869949096196,0.19636363636363638,0.12274626865671641,0.11763876164027595,False,False,0.6033966033966034,0.049253731343283584,0.04883227176220807,471,670,0.8588850400166372,en,f1,,,0.12000000000000001,0.0023612383597240577,0.050,toxicity,encoder_minilm,EXP-003
hin,few_label_16_strat,0.0764393194953187,0.030831477211857545,25,0.10394782596623321,0.008703437439350158,0.7566718995290423,0.1393939393939394,0.055407065746682756,0.8606060606060606,0.7617910447761195,0.10394782596623321,False,False,0.6033966033966034,0.049253731343283584,0.04883227176220807,471,670,0.8588850400166372,en,f1,,,0.12000000000000001,0.016052174033766797,0.050,toxicity,encoder_minilm,EXP-003
hin,few_label_16_rand,0.5026909306620321,0.3451841832222211,25,0.11719820019253799,0.016655127480200357,0.28690737833594976,0.616969696969697,0.11183978273350047,0.38303030303030305,0.29164179104477617,0.11719820019253799,False,False,0.6033966033966034,0.049253731343283584,0.04883227176220807,471,670,0.8588850400166372,en,f1,,,0.12000000000000001,0.0028017998074620215,0.050,toxicity,encoder_minilm,EXP-003
hin,few_label_32_strat,0.06979011085203894,0.01537285682821676,25,0.10864165263300177,0.0031662045988914284,0.7814128728414442,0.07757575757575758,0.05774446965930353,0.9224242424242425,0.7883582089552239,0.10864165263300177,False,False,0.6033966033966034,0.049253731343283584,0.04883227176220807,471,670,0.8588850400166372,en,f1,,,0.12000000000000001,0.011358347366998242,0.050,toxicity,encoder_minilm,EXP-003
hin,few_label_32_rand,0.4633772411223243,0.359248518402625,25,0.11346457658680356,0.021066985273802755,0.3326844583987441,0.5793939393939395,0.1268983846533397,0.42060606060606054,0.3370149253731343,0.11346457658680356,False,False,0.6033966033966034,0.049253731343283584,0.04883227176220807,471,670,0.8588850400166372,en,f1,,,0.12000000000000001,0.006535423413196448,0.050,toxicity,encoder_minilm,EXP-003
hin,few_label_64_strat,0.07495468030579215,0.010124924259789028,25,0.10898645791860773,0.004801999813773326,0.7606279434850863,0.09575757575757575,0.05800065771078294,0.9042424242424242,0.7677014925373135,0.10898645791860773,False,False,0.6033966033966034,0.049253731343283584,0.04883227176220807,471,670,0.8588850400166372,en,f1,,,0.12000000000000001,0.011013542081392283,0.050,toxicity,encoder_minilm,EXP-003
hin,few_label_64_rand,0.5281259711190982,0.3574346230795955,25,0.11162427061634654,0.022107417671155902,0.27014128728414444,0.6606060606060608,0.14734316975162956,0.33939393939393947,0.2735522388059702,0.11162427061634654,False,False,0.6033966033966034,0.049253731343283584,0.04883227176220807,471,670,0.8588850400166372,en,f1,,,0.12000000000000001,0.008375729383653469,0.050,toxicity,encoder_minilm,EXP-003
hin,few_label_128_strat,0.08856236049380078,0.024715064535014528,25,0.10795991290130218,0.007612327107873834,0.7071271585557299,0.15999999999999998,0.05775357822837264,0.8400000000000002,0.7136716417910448,0.10795991290130218,False,False,0.6033966033966034,0.049253731343283584,0.04883227176220807,471,670,0.8588850400166372,en,f1,,,0.12000000000000001,0.012040087098697833,0.050,toxicity,encoder_minilm,EXP-003
hin,few_label_128_rand,0.49731860272906664,0.34888109430694897,25,0.11913240526432739,0.021002494971621457,0.3007849293563579,0.5963636363636364,0.14144714616000179,0.40363636363636357,0.3058507462686567,0.11913240526432739,False,False,0.6033966033966034,0.049253731343283584,0.04883227176220807,471,670,0.8588850400166372,en,f1,,,0.12000000000000001,0.0008675947356726194,0.050,toxicity,encoder_minilm,EXP-003
hin,few_label_256_strat,0.0915594193438055,0.029369757744229542,25,0.10873550653023586,0.0056058067516906365,0.6979591836734694,0.16363636363636364,0.05823785307945003,0.8363636363636364,0.7047761194029851,0.10873550653023586,False,False,0.6033966033966034,0.049253731343283584,0.04883227176220807,471,670,0.8588850400166372,en,f1,,,0.12000000000000001,0.011264493469764145,0.050,toxicity,encoder_minilm,EXP-003
hin,few_label_256_rand,0.7381236087338482,0.3065654038075042,25,0.11239086087311302,0.012548754323807624,0.11792778649921506,0.8109090909090909,0.22816088680870636,0.18909090909090906,0.12143283582089552,0.11239086087311302,False,False,0.6033966033966034,0.049253731343283584,0.04883227176220807,471,670,0.8588850400166372,en,f1,,,0.12000000000000001,0.007609139126886988,0.050,toxicity,encoder_minilm,EXP-003
hin,target_full,0.8640276000985738,0.0,1,0.12000000000000001,0.0,0.02197802197802198,0.9090909090909091,0.17647058823529413,0.09090909090909091,0.025373134328358207,0.12000000000000001,False,False,0.6033966033966034,0.049253731343283584,0.04883227176220807,471,670,0.8588850400166372,en,f1,0.0,0.2642138364779873,0.12000000000000001,0.0,0.050,toxicity,encoder_minilm,EXP-003
hin,test_oracle_unachievable,0.46055851094916445,0.0,1,0.1793103448275862,0.0,0.1554160125588697,0.6060606060606061,0.11607142857142858,0.3939393939393939,0.16716417910447762,0.1793103448275862,False,False,0.6033966033966034,0.049253731343283584,0.04883227176220807,471,670,0.8588850400166372,en,f1,,,0.12000000000000001,-0.059310344827586195,0.050,toxicity,encoder_minilm,EXP-003
it,fixed_half,0.5,0.0,1,0.17730496453900713,0.0,0.2825520833333333,0.375,0.10330578512396695,0.625,0.2995049504950495,0.17730496453900713,False,False,0.6818033854166666,0.04950495049504951,0.04914933837429111,529,808,0.8588850400166372,en,f1,,,0.24242424242424246,0.06511927788523533,0.050,toxicity,encoder_minilm,EXP-003
it,source_global,0.8588850400166372,0.0,1,0.23157894736842108,0.0,0.057291666666666664,0.725,0.2,0.275,0.06806930693069307,0.23157894736842108,False,False,0.6818033854166666,0.04950495049504951,0.04914933837429111,529,808,0.8588850400166372,en,f1,0.11997619047619047,0.3334269662921348,0.24242424242424246,0.01084529505582138,0.050,toxicity,encoder_minilm,EXP-003
it,quantile_match,0.8888736737745421,0.0,1,0.24390243902439024,0.0,0.041666666666666664,0.75,0.23809523809523808,0.25,0.05198019801980198,0.24390243902439024,False,False,0.6818033854166666,0.04950495049504951,0.04914933837429111,529,808,0.8588850400166372,en,f1,,,0.24242424242424246,-0.0014781966001477798,0.050,toxicity,encoder_minilm,EXP-003
it,sld_em,0.5764774851570775,0.0,1,0.17467248908296942,0.0,0.22005208333333334,0.5,0.10582010582010581,0.5,0.23391089108910892,0.17467248908296942,False,False,0.6818033854166666,0.04950495049504951,0.04914933837429111,529,808,0.8588850400166372,en,f1,,,0.24242424242424246,0.06775175334127304,0.050,toxicity,encoder_minilm,EXP-003
it,bbse,0.7959642892224146,0.0,1,0.2479338842975207,0.0,0.0859375,0.625,0.18518518518518517,0.375,0.10024752475247525,0.2479338842975207,False,False,0.6818033854166666,0.04950495049504951,0.04914933837429111,529,808,0.8588850400166372,en,f1,,,0.24242424242424246,-0.005509641873278237,0.050,toxicity,encoder_minilm,EXP-003
it,few_label_8_strat,0.3101846593332531,0.20414061703867944,25,0.13302433725211185,0.03665475304321173,0.5134895833333333,0.305,0.07693593523563796,0.695,0.5224752475247525,0.13302433725211185,False,False,0.6818033854166666,0.04950495049504951,0.04914933837429111,529,808,0.8588850400166372,en,f1,,,0.24242424242424246,0.10939990517213061,0.050,toxicity,encoder_minilm,EXP-003
it,few_label_8_rand,0.7633620206557142,0.19895615223792415,25,0.21345751640335758,0.03751719205206647,0.12729166666666666,0.652,0.17603874227545707,0.34800000000000003,0.13821782178217823,0.21345751640335758,False,False,0.6818033854166666,0.04950495049504951,0.04914933837429111,529,808,0.8588850400166372,en,f1,,,0.24242424242424246,0.028966726020884875,0.050,toxicity,encoder_minilm,EXP-003
it,few_label_16_strat,0.25755438653240026,0.15919248118807286,25,0.12363680187355831,0.025057035000768516,0.5698958333333334,0.26,0.06883338228193474,0.7399999999999999,0.5783168316831684,0.12363680187355831,False,False,0.6818033854166666,0.04950495049504951,0.04914933837429111,529,808,0.8588850400166372,en,f1,,,0.24242424242424246,0.11878744055068415,0.050,toxicity,encoder_minilm,EXP-003
it,few_label_16_rand,0.711573396935387,0.22871435724764144,25,0.20644154177551588,0.04196430058547221,0.16453125,0.603,0.1675491074968256,0.397,0.17603960396039603,0.20644154177551588,False,False,0.6818033854166666,0.04950495049504951,0.04914933837429111,529,808,0.8588850400166372,en,f1,,,0.24242424242424246,0.03598270064872658,0.050,toxicity,encoder_minilm,EXP-003
it,few_label_32_strat,0.12892632397011852,0.08906021893813029,25,0.10756836361942422,0.008891950969979088,0.7511979166666667,0.13699999999999998,0.05753784002201626,0.863,0.7567326732673267,0.10756836361942422,False,False,0.6818033854166666,0.04950495049504951,0.04914933837429111,529,808,0.8588850400166372,en,f1,,,0.24242424242424246,0.13485587880481825,0.050,toxicity,encoder_minilm,EXP-003
it,few_label_32_rand,0.6192814029477905,0.27824408790028893,25,0.19007312113872885,0.05050709019571682,0.24833333333333332,0.528,0.15198136709120477,0.472,0.2594059405940594,0.19007312113872885,False,False,0.6818033854166666,0.04950495049504951,0.04914933837429111,529,808,0.8588850400166372,en,f1,,,0.24242424242424246,0.05235112128551361,0.050,toxicity,encoder_minilm,EXP-003
it,few_label_64_strat,0.1947806187650429,0.06568981459328838,25,0.11527677119916946,0.007399078451789406,0.6285937500000001,0.20900000000000002,0.06227581254717001,0.791,0.6366336633663366,0.11527677119916946,False,False,0.6818033854166666,0.04950495049504951,0.04914933837429111,529,808,0.8588850400166372,en,f1,,,0.24242424242424246,0.127147471225073,0.050,toxicity,encoder_minilm,EXP-003
it,few_label_64_rand,0.6859418656341323,0.24933166360194894,25,0.20371743327939854,0.04346123125358553,0.19046875,0.578,0.16912406724343804,0.42200000000000004,0.20193069306930692,0.20371743327939854,False,False,0.6818033854166666,0.04950495049504951,0.04914933837429111,529,808,0.8588850400166372,en,f1,,,0.24242424242424246,0.03870680914484392,0.050,toxicity,encoder_minilm,EXP-003
it,few_label_128_strat,0.5974769826979327,0.1615621456705823,25,0.19370260317417196,0.039641051228911095,0.22161458333333336,0.49199999999999994,0.126295501970003,0.508,0.23579207920792078,0.19370260317417196,False,False,0.6818033854166666,0.04950495049504951,0.04914933837429111,529,808,0.8588850400166372,en,f1,,,0.24242424242424246,0.0487216392500705,0.050,toxicity,encoder_minilm,EXP-003
it,few_label_128_rand,0.790540363515549,0.16689941071857928,25,0.22068391656052383,0.02945501877961626,0.10192708333333332,0.665,0.22144015999142713,0.335,0.11346534653465348,0.22068391656052383,False,False,0.6818033854166666,0.04950495049504951,0.04914933837429111,529,808,0.8588850400166372,en,f1,,,0.24242424242424246,0.02174032586371863,0.050,toxicity,encoder_minilm,EXP-003
it,few_label_256_strat,0.7506718224710636,0.00145202067648157,25,0.23344220973586097,0.0006585825491282835,0.10557291666666668,0.6,0.164815161928564,0.4000000000000001,0.12014851485148513,0.23344220973586097,False,False,0.6818033854166666,0.04950495049504951,0.04914933837429111,529,808,0.8588850400166372,en,f1,,,0.24242424242424246,0.008982032688381492,0.050,toxicity,encoder_minilm,EXP-003
it,few_label_256_rand,0.7970778087133513,0.18323180689255164,25,0.2208486448966348,0.030460744442145804,0.10171875,0.6730000000000002,0.23271372996646203,0.327,0.11287128712871286,0.2208486448966348,False,False,0.6818033854166666,0.04950495049504951,0.04914933837429111,529,808,0.8588850400166372,en,f1,,,0.24242424242424246,0.021575597527607654,0.050,toxicity,encoder_minilm,EXP-003
it,target_full,0.8500524095293867,0.0,1,0.24242424242424246,0.0,0.061197916666666664,0.7,0.2033898305084746,0.3,0.07301980198019802,0.24242424242424246,False,False,0.6818033854166666,0.04950495049504951,0.04914933837429111,529,808,0.8588850400166372,en,f1,0.13333333333333333,0.3577278562259307,0.24242424242424246,0.0,0.050,toxicity,encoder_minilm,EXP-003
it,test_oracle_unachievable,0.8463295822129968,0.0,1,0.25999999999999995,0.0,0.061197916666666664,0.675,0.21666666666666667,0.325,0.07425742574257425,0.25999999999999995,False,False,0.6818033854166666,0.04950495049504951,0.04914933837429111,529,808,0.8588850400166372,en,f1,,,0.24242424242424246,-0.017575757575757495,0.050,toxicity,encoder_minilm,EXP-003
ja,fixed_half,0.5,0.0,1,0.1391941391941392,0.0,0.2812089356110381,0.525,0.0815450643776824,0.475,0.2908863920099875,0.1391941391941392,False,False,0.6772503285151117,0.049937578027465665,0.048355899419729204,517,801,0.8588850400166372,en,f1,,,0.14785992217898833,0.00866578298484913,0.050,toxicity,encoder_minilm,EXP-003
ja,source_global,0.8588850400166372,0.0,1,0.20224719101123595,0.0,0.052562417871222074,0.775,0.1836734693877551,0.225,0.06117353308364544,0.20224719101123595,False,False,0.6772503285151117,0.049937578027465665,0.048355899419729204,517,801,0.8588850400166372,en,f1,0.09406355645706559,0.3076923076923077,0.14785992217898833,-0.05438726883224762,0.050,toxicity,encoder_minilm,EXP-003
ja,quantile_match,0.8833306051210934,0.0,1,0.22222222222222224,0.0,0.04204993429697766,0.775,0.21951219512195122,0.225,0.05118601747815231,0.22222222222222224,False,False,0.6772503285151117,0.049937578027465665,0.048355899419729204,517,801,0.8588850400166372,en,f1,,,0.14785992217898833,-0.07436230004323391,0.050,toxicity,encoder_minilm,EXP-003
ja,sld_em,0.6007493567557874,0.0,1,0.15763546798029557,0.0,0.19316688567674112,0.6,0.09815950920245399,0.4,0.2034956304619226,0.15763546798029557,False,False,0.6772503285151117,0.049937578027465665,0.048355899419729204,517,801,0.8588850400166372,en,f1,,,0.14785992217898833,-0.00977554580130724,0.050,toxicity,encoder_minilm,EXP-003
ja,bbse,0.8259154542619096,0.0,1,0.18556701030927833,0.0,0.06307490144546649,0.775,0.15789473684210525,0.225,0.07116104868913857,0.18556701030927833,False,False,0.6772503285151117,0.049937578027465665,0.048355899419729204,517,801,0.8588850400166372,en,f1,,,0.14785992217898833,-0.03770708813029,0.050,toxicity,encoder_minilm,EXP-003
ja,few_label_8_strat,0.3091152167588252,0.18664462470321877,25,0.13205486063705565,0.02317662836544987,0.5243626806833115,0.275,0.07628157035712835,0.7250000000000001,0.53438202247191,0.13205486063705565,False,False,0.6772503285151117,0.049937578027465665,0.048355899419729204,517,801,0.8588850400166372,en,f1,,,0.14785992217898833,0.015805061541932675,0.050,toxicity,encoder_minilm,EXP-003
ja,few_label_8_rand,0.6957232271978877,0.22589684454117184,25,0.17912703083996395,0.029832872018009056,0.17014454664914586,0.638,0.14448318239955527,0.36199999999999993,0.17972534332084894,0.17912703083996395,False,False,0.6772503285151117,0.049937578027465665,0.048355899419729204,517,801,0.8588850400166372,en,f1,,,0.14785992217898833,-0.03126710866097562,0.050,toxicity,encoder_minilm,EXP-003
ja,few_label_16_strat,0.2288433268495564,0.13252533988730675,25,0.12306215671534121,0.01624881721156594,0.6199211563731931,0.193,0.06724939151268494,0.807,0.6292634207240948,0.12306215671534121,False,False,0.6772503285151117,0.049937578027465665,0.048355899419729204,517,801,0.8588850400166372,en,f1,,,0.14785992217898833,0.02479776546364712,0.050,toxicity,encoder_minilm,EXP-003
ja,few_label_16_rand,0.6847238392523977,0.23907713234398809,25,0.1767215364294017,0.03226515691967006,0.18522996057818658,0.6300000000000001,0.14206382102650864,0.36999999999999994,0.1944569288389513,0.1767215364294017,False,False,0.6772503285151117,0.049937578027465665,0.048355899419729204,517,801,0.8588850400166372,en,f1,,,0.14785992217898833,-0.028861614250413364,0.050,toxicity,encoder_minilm,EXP-003
ja,few_label_32_strat,0.23420923374095223,0.10549976160737218,25,0.12556566787312362,0.016556931344662636,0.6003153745072273,0.19700000000000004,0.06849805900756495,0.8030000000000002,0.6104369538077403,0.12556566787312362,False,False,0.6772503285151117,0.049937578027465665,0.048355899419729204,517,801,0.8588850400166372,en,f1,,,0.14785992217898833,0.022294254305864708,0.050,toxicity,encoder_minilm,EXP-003
ja,few_label_32_rand,0.565052468245137,0.27306545439061747,25,0.14652423447356935,0.028270585952580776,0.28683311432325886,0.541,0.11501447423463483,0.45899999999999996,0.29543071161048684,0.14652423447356935,False,False,0.6772503285151117,0.049937578027465665,0.048355899419729204,517,801,0.8588850400166372,en,f1,,,0.14785992217898833,0.0013356877054189753,0.050,toxicity,encoder_minilm,EXP-003
ja,few_label_64_strat,0.3178203452321446,0.07475704639476335,25,0.13898378007640833,0.009208879700587314,0.46659658344283833,0.273,0.07707338393294359,0.727,0.4796004993757802,0.13898378007640833,False,False,0.6772503285151117,0.049937578027465665,0.048355899419729204,517,801,0.8588850400166372,en,f1,,,0.14785992217898833,0.008876142102580004,0.050,toxicity,encoder_minilm,EXP-003
ja,few_label_64_rand,0.658011222409036,0.24932525239676953,25,0.1511182147336985,0.03467762389719235,0.20194480946123522,0.628,0.13423580543593708,0.37199999999999994,0.21043695380774033,0.1511182147336985,False,False,0.6772503285151117,0.049937578027465665,0.048355899419729204,517,801,0.8588850400166372,en,f1,,,0.14785992217898833,-0.0032582925547101627,0.050,toxicity,encoder_minilm,EXP-003
ja,few_label_128_strat,0.43518182492623336,0.07722333757316406,25,0.14484347799847716,0.0032018730456395933,0.3423915900131406,0.415,0.08308705480477771,0.585,0.35450686641697876,0.14484347799847716,False,False,0.6772503285151117,0.049937578027465665,0.048355899419729204,517,801,0.8588850400166372,en,f1,,,0.14785992217898833,0.0030164441805111686,0.050,toxicity,encoder_minilm,EXP-003
ja,few_label_128_rand,0.6916440858869366,0.24505765229593204,25,0.14263937427726947,0.025636664088199538,0.17561103810775294,0.669,0.15591553621193197,0.33099999999999996,0.18337078651685393,0.14263937427726947,False,False,0.6772503285151117,0.049937578027465665,0.048355899419729204,517,801,0.8588850400166372,en,f1,,,0.14785992217898833,0.005220547901718858,0.050,toxicity,encoder_minilm,EXP-003
ja,few_label_256_strat,0.5185592028746411,0.02479091148201589,25,0.1466298549696897,0.001868483475528041,0.2670696452036794,0.519,0.08656059019608213,0.4809999999999999,0.27775280898876403,0.1466298549696897,False,False,0.6772503285151117,0.049937578027465665,0.048355899419729204,517,801,0.8588850400166372,en,f1,,,0.14785992217898833,0.0012300672092986353,0.050,toxicity,encoder_minilm,EXP-003
ja,few_label_256_rand,0.6442151126921145,0.17634496022033205,25,0.15216759988874873,0.022579507315475183,0.18822601839684627,0.636,0.12957785381167045,0.364,0.19700374531835202,0.15216759988874873,False,False,0.6772503285151117,0.049937578027465665,0.048355899419729204,517,801,0.8588850400166372,en,f1,,,0.14785992217898833,-0.004307677709760399,0.050,toxicity,encoder_minilm,EXP-003
ja,target_full,0.5264523803304126,0.0,1,0.14785992217898833,0.0,0.26018396846254926,0.525,0.08755760368663594,0.475,0.27091136079900124,0.14785992217898833,False,False,0.6772503285151117,0.049937578027465665,0.048355899419729204,517,801,0.8588850400166372,en,f1,0.09193654123508589,0.20747929029283602,0.14785992217898833,0.0,0.050,toxicity,encoder_minilm,EXP-003
ja,test_oracle_unachievable,0.8884773795112224,0.0,1,0.23376623376623376,0.0,0.03679369250985545,0.775,0.24324324324324326,0.225,0.046192259675405745,0.23376623376623376,False,False,0.6772503285151117,0.049937578027465665,0.048355899419729204,517,801,0.8588850400166372,en,f1,,,0.14785992217898833,-0.08590631158724543,0.050,toxicity,encoder_minilm,EXP-003
ru,fixed_half,0.5,0.0,1,0.3,0.0,0.21550591327201052,0.1,0.18,0.9,0.24968789013732834,0.3,False,False,0.9125492772667543,0.049937578027465665,0.048355899419729204,517,801,0.8588850400166372,en,f1,,,0.48571428571428565,0.18571428571428567,0.050,toxicity,encoder_minilm,EXP-003
ru,source_global,0.8588850400166372,0.0,1,0.5154639175257731,0.0,0.04204993429697766,0.375,0.43859649122807015,0.625,0.07116104868913857,0.5154639175257731,False,False,0.9125492772667543,0.049937578027465665,0.048355899419729204,517,801,0.8588850400166372,en,f1,0.38202247191011235,0.6306811913954771,0.48571428571428565,-0.029749631811487487,0.050,toxicity,encoder_minilm,EXP-003
ru,quantile_match,0.9297006582568511,0.0,1,0.48648648648648646,0.0,0.02102496714848883,0.55,0.5294117647058824,0.45,0.04244694132334582,0.48648648648648646,False,False,0.9125492772667543,0.049937578027465665,0.048355899419729204,517,801,0.8588850400166372,en,f1,,,0.48571428571428565,-0.000772200772200804,0.050,toxicity,encoder_minilm,EXP-003
ru,sld_em,0.5163448431581072,0.0,1,0.3171806167400881,0.0,0.19842312746386334,0.1,0.1925133689839572,0.9,0.23345817727840198,0.3171806167400881,False,False,0.9125492772667543,0.049937578027465665,0.048355899419729204,517,801,0.8588850400166372,en,f1,,,0.48571428571428565,0.16853366897419758,0.050,toxicity,encoder_minilm,EXP-003
ru,bbse,0.7381073026779147,0.0,1,0.40875912408759124,0.0,0.09067017082785808,0.3,0.28865979381443296,0.7,0.12109862671660425,0.40875912408759124,False,False,0.9125492772667543,0.049937578027465665,0.048355899419729204,517,801,0.8588850400166372,en,f1,,,0.48571428571428565,0.07695516162669441,0.050,toxicity,encoder_minilm,EXP-003
ru,few_label_8_strat,0.5269669337872465,0.2527355579996321,25,0.3224340838799713,0.12534835316623813,0.2588699080157687,0.174,0.22504913810787103,0.826,0.2871910112359551,0.3224340838799713,False,False,0.9125492772667543,0.049937578027465665,0.048355899419729204,517,801,0.8588850400166372,en,f1,,,0.48571428571428565,0.16328020183431435,0.050,toxicity,encoder_minilm,EXP-003
ru,few_label_8_rand,0.8552905899475272,0.06050379926617222,25,0.49981190712527124,0.03650289151496614,0.04462549277266754,0.38900000000000007,0.44412651727357605,0.611,0.07290886392009986,0.49981190712527124,False,False,0.9125492772667543,0.049937578027465665,0.048355899419729204,517,801,0.8588850400166372,en,f1,,,0.48571428571428565,-0.014097621410985584,0.050,toxicity,encoder_minilm,EXP-003
ru,few_label_16_strat,0.5737409263472317,0.2051305316353975,25,0.34600420029342144,0.10474496005887876,0.20683311432325888,0.17600000000000002,0.23310796204470743,0.8240000000000001,0.2376529338327091,0.34600420029342144,False,False,0.9125492772667543,0.049937578027465665,0.048355899419729204,517,801,0.8588850400166372,en,f1,,,0.48571428571428565,0.13971008542086422,0.050,toxicity,encoder_minilm,EXP-003
ru,few_label_16_rand,0.8199164168351001,0.1710486984348382,25,0.4641981792180453,0.10312666215044938,0.07348226018396846,0.39,0.4436150179298827,0.61,0.10027465667915106,0.4641981792180453,False,False,0.9125492772667543,0.049937578027465665,0.048355899419729204,517,801,0.8588850400166372,en,f1,,,0.48571428571428565,0.02151610649624036,0.050,toxicity,encoder_minilm,EXP-003
ru,few_label_32_strat,0.6171892884993446,0.15002873540276443,25,0.36141112286662086,0.07429606587844731,0.16609724047306176,0.18899999999999997,0.2440639272967086,0.8109999999999999,0.19830212234706615,0.36141112286662086,False,False,0.9125492772667543,0.049937578027465665,0.048355899419729204,517,801,0.8588850400166372,en,f1,,,0.48571428571428565,0.1243031628476648,0.050,toxicity,encoder_minilm,EXP-003
ru,few_label_32_rand,0.8473747172507131,0.09693373181969281,25,0.4803630132061478,0.0448443512423495,0.050617608409986865,0.39799999999999996,0.44362767400936315,0.602,0.07815230961298378,0.4803630132061478,False,False,0.9125492772667543,0.049937578027465665,0.048355899419729204,517,801,0.8588850400166372,en,f1,,,0.48571428571428565,0.005351272508137828,0.050,toxicity,encoder_minilm,EXP-003
ru,few_label_64_strat,0.6630662077844385,0.055794355497805544,25,0.3864843957213565,0.03661237246012431,0.12551905387647833,0.201,0.2576998265329986,0.799,0.15915106117353306,0.3864843957213565,False,False,0.9125492772667543,0.049937578027465665,0.048355899419729204,517,801,0.8588850400166372,en,f1,,,0.48571428571428565,0.09922988999292914,0.050,toxicity,encoder_minilm,EXP-003
ru,few_label_64_rand,0.8615205559007226,0.1563294136389272,25,0.4503631752426276,0.09274150114925105,0.053613666228646516,0.474,0.5045732561938796,0.526,0.07720349563046193,0.4503631752426276,False,False,0.9125492772667543,0.049937578027465665,0.048355899419729204,517,801,0.8588850400166372,en,f1,,,0.48571428571428565,0.035351110471658065,0.050,toxicity,encoder_minilm,EXP-003
ru,few_label_128_strat,0.8691674184598293,0.07406930671891668,25,0.4838037725213068,0.02432258781909101,0.04115637319316689,0.43700000000000006,0.45856888218697867,0.563,0.0672159800249688,0.4838037725213068,False,False,0.9125492772667543,0.049937578027465665,0.048355899419729204,517,801,0.8588850400166372,en,f1,,,0.48571428571428565,0.0019105131929788577,0.050,toxicity,encoder_minilm,EXP-003
ru,few_label_128_rand,0.9389052395431403,0.058640328515263754,25,0.47907870678372044,0.04452243227505058,0.0197634691195795,0.5680000000000001,0.5986702762241429,0.43199999999999994,0.04034956304619225,0.47907870678372044,False,False,0.9125492772667543,0.049937578027465665,0.048355899419729204,517,801,0.8588850400166372,en,f1,,,0.48571428571428565,0.006635578930565211,0.050,toxicity,encoder_minilm,EXP-003
ru,few_label_256_strat,0.9451212027682169,0.011531274185947208,25,0.4891573412567316,0.011372019648949655,0.017871222076215505,0.566,0.5626146206919203,0.434,0.03865168539325843,0.4891573412567316,False,False,0.9125492772667543,0.049937578027465665,0.048355899419729204,517,801,0.8588850400166372,en,f1,,,0.48571428571428565,-0.0034430555424459497,0.050,toxicity,encoder_minilm,EXP-003
ru,few_label_256_rand,0.9509049683932885,0.017413641402870474,25,0.49210012728517916,0.020377611024184516,0.015611038107752957,0.5760000000000001,0.5966578619142286,0.424,0.03600499375780274,0.49210012728517916,False,False,0.9125492772667543,0.049937578027465665,0.048355899419729204,517,801,0.8588850400166372,en,f1,,,0.48571428571428565,-0.006385841570893502,0.050,toxicity,encoder_minilm,EXP-003
ru,target_full,0.9491162462540423,0.0,1,0.48571428571428565,0.0,0.017082785808147174,0.575,0.5666666666666667,0.425,0.03745318352059925,0.48571428571428565,False,False,0.9125492772667543,0.049937578027465665,0.048355899419729204,517,801,0.8588850400166372,en,f1,0.3333333333333333,0.6197253521126761,0.48571428571428565,0.0,0.050,toxicity,encoder_minilm,EXP-003
ru,test_oracle_unachievable,0.8944286601274862,0.0,1,0.5348837209302325,0.0,0.030223390275952694,0.425,0.5,0.575,0.05742821473158552,0.5348837209302325,False,False,0.9125492772667543,0.049937578027465665,0.048355899419729204,517,801,0.8588850400166372,en,f1,,,0.48571428571428565,-0.049169435215946855,0.050,toxicity,encoder_minilm,EXP-003
tt,fixed_half,0.5,0.0,1,0.10465116279069768,0.0,0.5976095617529881,0.3076923076923077,0.05660377358490566,0.6923076923076923,0.6022727272727273,0.10465116279069768,False,False,0.5543637416147377,0.04924242424242424,0.04878048780487805,574,792,0.8588850400166372,en,f1,,,0.10035842293906809,-0.00429273985162959,0.050,toxicity,encoder_minilm,EXP-003
tt,source_global,0.8588850400166372,0.0,1,0.10091743119266054,0.0,0.22310756972111553,0.717948717948718,0.061452513966480445,0.28205128205128205,0.22601010101010102,0.10091743119266054,False,False,0.5543637416147377,0.04924242424242424,0.04878048780487805,574,792,0.8588850400166372,en,f1,0.04693743858499837,0.16033755274261605,0.10035842293906809,-0.0005590082535924523,0.050,toxicity,encoder_minilm,EXP-003
tt,quantile_match,0.9672052945910972,0.0,1,0.14634146341463414,0.0,0.049136786188579015,0.8461538461538461,0.13953488372093023,0.15384615384615385,0.054292929292929296,0.14634146341463414,False,False,0.5543637416147377,0.04924242424242424,0.04878048780487805,574,792,0.8588850400166372,en,f1,,,0.10035842293906809,-0.04598304047556605,0.050,toxicity,encoder_minilm,EXP-003
tt,sld_em,0.11957843339721284,0.0,1,0.09731113956466068,0.0,0.9349269588313412,0.02564102564102564,0.05121293800539083,0.9743589743589743,0.9368686868686869,0.09731113956466068,True,False,0.5543637416147377,0.04924242424242424,0.04878048780487805,574,792,0.8588850400166372,en,f1,,,0.10035842293906809,0.0030472833744074057,0.050,toxicity,encoder_minilm,EXP-003
tt,bbse,0.4429856718856373,0.0,1,0.10313075506445672,0.0,0.6321381142098274,0.28205128205128205,0.05555555555555555,0.717948717948718,0.6363636363636364,0.10313075506445672,False,False,0.5543637416147377,0.04924242424242424,0.04878048780487805,574,792,0.8588850400166372,en,f1,,,0.10035842293906809,-0.0027723321253886324,0.050,toxicity,encoder_minilm,EXP-003
tt,few_label_8_strat,0.25729505908777683,0.1987779999492996,25,0.09889485613127084,0.004636487138249187,0.8011686586985391,0.14358974358974358,0.05276590652982059,0.8564102564102564,0.8038888888888889,0.09889485613127084,True,False,0.5543637416147377,0.04924242424242424,0.04878048780487805,574,792,0.8588850400166372,en,f1,,,0.10035842293906809,0.0014635668077972452,0.050,toxicity,encoder_minilm,EXP-003
tt,few_label_8_rand,0.5946435166638515,0.272056708426018,25,0.10155194195758507,0.0025280619721512413,0.4798937583001328,0.4502564102564103,0.057931253471809496,0.5497435897435897,0.4833333333333333,0.10155194195758507,False,False,0.5543637416147377,0.04924242424242424,0.04878048780487805,574,792,0.8588850400166372,en,f1,,,0.10035842293906809,-0.0011935190185169836,0.050,toxicity,encoder_minilm,EXP-003
tt,few_label_16_strat,0.21541524477963847,0.17265030361871386,25,0.0976660027767446,0.004087585090104001,0.842124833997344,0.11384615384615385,0.051829228159983094,0.8861538461538462,0.8442929292929294,0.0976660027767446,True,False,0.5543637416147377,0.04924242424242424,0.04878048780487805,574,792,0.8588850400166372,en,f1,,,0.10035842293906809,0.002692420162323489,0.050,toxicity,encoder_minilm,EXP-003
tt,few_label_16_rand,0.5540889674502092,0.3232657550045042,25,0.09961549490501918,0.0027917713906593076,0.5164940239043825,0.42666666666666664,0.05675612860285413,0.5733333333333334,0.5192929292929293,0.09961549490501918,False,False,0.5543637416147377,0.04924242424242424,0.04878048780487805,574,792,0.8588850400166372,en,f1,,,0.10035842293906809,0.0007429280340489064,0.050,toxicity,encoder_minilm,EXP-003
tt,few_label_32_strat,0.10756819333996948,0.06214646282300948,25,0.09595536103619556,0.003032822844327251,0.9418326693227093,0.03487179487179487,0.05049848356380199,0.9651282051282051,0.942979797979798,0.09595536103619556,True,False,0.5543637416147377,0.04924242424242424,0.04878048780487805,574,792,0.8588850400166372,en,f1,,,0.10035842293906809,0.0044030619028725265,0.050,toxicity,encoder_minilm,EXP-003
tt,few_label_32_rand,0.5530870036085872,0.2772818331697658,25,0.09923667099044638,0.005855575575758164,0.5218061088977425,0.4205128205128205,0.0560732718710755,0.5794871794871795,0.5246464646464646,0.09923667099044638,False,False,0.5543637416147377,0.04924242424242424,0.04878048780487805,574,792,0.8588850400166372,en,f1,,,0.10035842293906809,0.0011217519486217131,0.050,toxicity,encoder_minilm,EXP-003
tt,few_label_64_strat,0.08870481572408079,0.023200831504879352,25,0.09514173500584056,0.0016143622650634758,0.9588844621513943,0.025641025641025644,0.050013397018054205,0.9743589743589743,0.9596464646464646,0.09514173500584056,True,False,0.5543637416147377,0.04924242424242424,0.04878048780487805,574,792,0.8588850400166372,en,f1,,,0.10035842293906809,0.0052166879332275345,0.050,toxicity,encoder_minilm,EXP-003
tt,few_label_64_rand,0.43082466095391203,0.2984862920262912,25,0.09709384962486071,0.006786540765216894,0.6417529880478088,0.3117948717948718,0.05337396819399772,0.6882051282051281,0.644040404040404,0.09709384962486071,False,False,0.5543637416147377,0.04924242424242424,0.04878048780487805,574,792,0.8588850400166372,en,f1,,,0.10035842293906809,0.003264573314207375,0.050,toxicity,encoder_minilm,EXP-003
tt,few_label_128_strat,0.1354952838277501,0.09283465761735915,25,0.09671432659461653,0.0022379193229431645,0.9169189907038513,0.05128205128205128,0.05098654331419754,0.9487179487179486,0.9184848484848485,0.09671432659461653,True,False,0.5543637416147377,0.04924242424242424,0.04878048780487805,574,792,0.8588850400166372,en,f1,,,0.10035842293906809,0.003644096344451564,0.050,toxicity,encoder_minilm,EXP-003
tt,few_label_128_rand,0.47939421158537515,0.25196124702999334,25,0.09876702822189676,0.006243181657429528,0.5952722443559096,0.3446153846153846,0.054333122987589445,0.6553846153846153,0.5982323232323232,0.09876702822189676,False,False,0.5543637416147377,0.04924242424242424,0.04878048780487805,574,792,0.8588850400166372,en,f1,,,0.10035842293906809,0.0015913947171713322,0.050,toxicity,encoder_minilm,EXP-003
tt,few_label_256_strat,0.1978813124301397,0.13808603481163487,25,0.09861096385159239,0.0034843782178890213,0.8591235059760958,0.09230769230769231,0.05221601644185972,0.9076923076923076,0.8615151515151515,0.09861096385159239,True,False,0.5543637416147377,0.04924242424242424,0.04878048780487805,574,792,0.8588850400166372,en,f1,,,0.10035842293906809,0.0017474590874757001,0.050,toxicity,encoder_minilm,EXP-003
tt,few_label_256_rand,0.5020529542697265,0.2830883031623809,25,0.0940892121003177,0.0072399300973358845,0.5775830013280212,0.38666666666666666,0.05185343069233329,0.6133333333333334,0.5793434343434344,0.0940892121003177,False,False,0.5543637416147377,0.04924242424242424,0.04878048780487805,574,792,0.8588850400166372,en,f1,,,0.10035842293906809,0.006269210838750386,0.050,toxicity,encoder_minilm,EXP-003
tt,target_full,0.4133377519135215,0.0,1,0.10035842293906809,0.0,0.6520584329349269,0.28205128205128205,0.05394990366088632,0.717948717948718,0.6553030303030303,0.10035842293906809,False,False,0.5543637416147377,0.04924242424242424,0.04878048780487805,574,792,0.8588850400166372,en,f1,0.06846232228637973,0.13756613756613756,0.10035842293906809,0.0,0.050,toxicity,encoder_minilm,EXP-003
tt,test_oracle_unachievable,0.9783809570573001,0.0,1,0.16393442622950816,0.0,0.02257636122177955,0.8717948717948718,0.22727272727272727,0.1282051282051282,0.027777777777777776,0.16393442622950816,False,False,0.5543637416147377,0.04924242424242424,0.04878048780487805,574,792,0.8588850400166372,en,f1,,,0.10035842293906809,-0.06357600329044007,0.050,toxicity,encoder_minilm,EXP-003
uk,fixed_half,0.5,0.0,1,0.2007168458781362,0.0,0.2776315789473684,0.3,0.11715481171548117,0.7,0.29875,0.2007168458781362,False,False,0.8005921052631579,0.05,0.04887218045112782,532,800,0.8588850400166372,en,f1,,,0.24615384615384614,0.04543700027570993,0.050,toxicity,encoder_minilm,EXP-003
uk,source_global,0.8588850400166372,0.0,1,0.23655913978494625,0.0,0.05526315789473684,0.725,0.20754716981132076,0.275,0.06625,0.23655913978494625,False,False,0.8005921052631579,0.05,0.04887218045112782,532,800,0.8588850400166372,en,f1,0.11490987460815047,0.34346917450365727,0.24615384615384614,0.009594706368899891,0.050,toxicity,encoder_minilm,EXP-003
uk,quantile_match,0.9137719522423623,0.0,1,0.24,0.0,0.034210526315789476,0.775,0.2571428571428571,0.225,0.04375,0.24,False,False,0.8005921052631579,0.05,0.04887218045112782,532,800,0.8588850400166372,en,f1,,,0.24615384615384614,0.006153846153846149,0.050,toxicity,encoder_minilm,EXP-003
uk,sld_em,0.564544273723284,0.0,1,0.23236514522821577,0.0,0.22763157894736843,0.3,0.13930348258706468,0.7,0.25125,0.23236514522821577,False,False,0.8005921052631579,0.05,0.04887218045112782,532,800,0.8588850400166372,en,f1,,,0.24615384615384614,0.013788700925630365,0.050,toxicity,encoder_minilm,EXP-003
uk,bbse,0.7598907709482176,0.0,1,0.23448275862068962,0.0,0.11578947368421053,0.575,0.1619047619047619,0.425,0.13125,0.23448275862068962,False,False,0.8005921052631579,0.05,0.04887218045112782,532,800,0.8588850400166372,en,f1,,,0.24615384615384614,0.011671087533156516,0.050,toxicity,encoder_minilm,EXP-003
uk,few_label_8_strat,0.4216260249317215,0.21296901573218172,25,0.18737788725911936,0.03586246823764432,0.3746842105263158,0.23,0.11143807296071757,0.7700000000000001,0.39445,0.18737788725911936,False,False,0.8005921052631579,0.05,0.04887218045112782,532,800,0.8588850400166372,en,f1,,,0.24615384615384614,0.05877595889472678,0.050,toxicity,encoder_minilm,EXP-003
uk,few_label_8_rand,0.7401797395292243,0.23919059977356785,25,0.21966145114457056,0.03465153096197035,0.15352631578947368,0.601,0.18076531533875645,0.3990000000000001,0.16580000000000003,0.21966145114457056,False,False,0.8005921052631579,0.05,0.04887218045112782,532,800,0.8588850400166372,en,f1,,,0.24615384615384614,0.026492395009275582,0.050,toxicity,encoder_minilm,EXP-003
uk,few_label_16_strat,0.44316598746183944,0.24735909181304705,25,0.18604742201906507,0.044296561639525694,0.376,0.278,0.11267877128990471,0.722,0.39330000000000004,0.18604742201906507,False,False,0.8005921052631579,0.05,0.04887218045112782,532,800,0.8588850400166372,en,f1,,,0.24615384615384614,0.06010642413478107,0.050,toxicity,encoder_minilm,EXP-003
uk,few_label_16_rand,0.7313070802890933,0.24949476583980765,25,0.21854326892021028,0.03700760805248407,0.16705263157894737,0.587,0.18100842418432425,0.41300000000000003,0.17934999999999998,0.21854326892021028,False,False,0.8005921052631579,0.05,0.04887218045112782,532,800,0.8588850400166372,en,f1,,,0.24615384615384614,0.027610577233635858,0.050,toxicity,encoder_minilm,EXP-003
uk,few_label_32_strat,0.3188955627492347,0.22384227367605206,25,0.16391170392795196,0.039321044653631114,0.4824736842105263,0.18,0.0950393308005302,0.8200000000000002,0.49935,0.16391170392795196,False,False,0.8005921052631579,0.05,0.04887218045112782,532,800,0.8588850400166372,en,f1,,,0.24615384615384614,0.08224214222589418,0.050,toxicity,encoder_minilm,EXP-003
uk,few_label_32_rand,0.7838030928095572,0.14842218953694908,25,0.22644242390087613,0.01796092178821459,0.10642105263157894,0.633,0.1840516550825428,0.36700000000000005,0.11945,0.22644242390087613,False,False,0.8005921052631579,0.05,0.04887218045112782,532,800,0.8588850400166372,en,f1,,,0.24615384615384614,0.019711422252970012,0.050,toxicity,encoder_minilm,EXP-003
uk,few_label_64_strat,0.5148488216038308,0.19684159638188506,25,0.20419533742716858,0.035356320693662374,0.29378947368421054,0.319,0.12431534690594784,0.6809999999999999,0.31315,0.20419533742716858,False,False,0.8005921052631579,0.05,0.04887218045112782,532,800,0.8588850400166372,en,f1,,,0.24615384615384614,0.04195850872667756,0.050,toxicity,encoder_minilm,EXP-003
uk,few_label_64_rand,0.7934558483956079,0.1298571376584484,25,0.2311934025461407,0.012571086284263544,0.0996842105263158,0.6309999999999999,0.20033608934544403,0.36899999999999994,0.11315,0.2311934025461407,False,False,0.8005921052631579,0.05,0.04887218045112782,532,800,0.8588850400166372,en,f1,,,0.24615384615384614,0.014960443607705431,0.050,toxicity,encoder_minilm,EXP-003
uk,few_label_128_strat,0.7303823173757742,0.05643189203660351,25,0.23317536811757444,0.005935961479463926,0.13347368421052633,0.535,0.15724167579028306,0.465,0.15005000000000002,0.23317536811757444,False,False,0.8005921052631579,0.05,0.04887218045112782,532,800,0.8588850400166372,en,f1,,,0.24615384615384614,0.012978478036271696,0.050,toxicity,encoder_minilm,EXP-003
uk,few_label_128_rand,0.8020772664385712,0.12971578822555224,25,0.22521413654986572,0.03284328484380826,0.09663157894736843,0.642,0.24032227875110074,0.35800000000000004,0.1097,0.22521413654986572,False,False,0.8005921052631579,0.05,0.04887218045112782,532,800,0.8588850400166372,en,f1,,,0.24615384615384614,0.020939709603980422,0.050,toxicity,encoder_minilm,EXP-003
uk,few_label_256_strat,0.7696367879694983,0.008942753104587859,25,0.23892156829383104,0.0034466818058017774,0.1111578947368421,0.5779999999999998,0.16673049847426785,0.42200000000000004,0.1267,0.23892156829383104,False,False,0.8005921052631579,0.05,0.04887218045112782,532,800,0.8588850400166372,en,f1,,,0.24615384615384614,0.007232277860015096,0.050,toxicity,encoder_minilm,EXP-003
uk,few_label_256_rand,0.8236244342212347,0.05795906449388081,25,0.235250615355704,0.010567998627803237,0.08100000000000002,0.66,0.19633457682798788,0.34,0.09394999999999999,0.235250615355704,False,False,0.8005921052631579,0.05,0.04887218045112782,532,800,0.8588850400166372,en,f1,,,0.24615384615384614,0.01090323079814215,0.050,toxicity,encoder_minilm,EXP-003
uk,target_full,0.792599247224895,0.0,1,0.24615384615384614,0.0,0.09736842105263158,0.6,0.17777777777777778,0.4,0.1125,0.24615384615384614,False,False,0.8005921052631579,0.05,0.04887218045112782,532,800,0.8588850400166372,en,f1,0.15035485911039279,0.3333941605839416,0.24615384615384614,0.0,0.050,toxicity,encoder_minilm,EXP-003
uk,test_oracle_unachievable,0.9349611008201728,0.0,1,0.25806451612903225,0.0,0.018421052631578946,0.8,0.36363636363636365,0.2,0.0275,0.25806451612903225,False,False,0.8005921052631579,0.05,0.04887218045112782,532,800,0.8588850400166372,en,f1,,,0.24615384615384614,-0.011910669975186111,0.050,toxicity,encoder_minilm,EXP-003
zh,fixed_half,0.5,0.0,1,0.09003215434083602,0.0,0.3421750663129973,0.6410256410256411,0.051470588235294115,0.358974358974359,0.34300126103404793,0.09003215434083602,False,False,0.5158471060327824,0.04918032786885246,0.04896421845574388,531,793,0.8588850400166372,en,f1,,,0.11267605633802817,0.022643901997192156,0.050,toxicity,encoder_minilm,EXP-003
zh,source_global,0.8588850400166372,0.0,1,0.0900900900900901,0.0,0.08885941644562334,0.8717948717948718,0.06944444444444445,0.1282051282051282,0.09079445145018916,0.0900900900900901,False,False,0.5158471060327824,0.04918032786885246,0.04896421845574388,531,793,0.8588850400166372,en,f1,0.01978769992383854,0.17241999503845198,0.11267605633802817,0.022585966247938072,0.050,toxicity,encoder_minilm,EXP-003
zh,quantile_match,0.9373032805086656,0.0,1,0.1111111111111111,0.0,0.038461538461538464,0.8974358974358975,0.12121212121212122,0.10256410256410256,0.0416141235813367,0.1111111111111111,False,False,0.5158471060327824,0.04918032786885246,0.04896421845574388,531,793,0.8588850400166372,en,f1,,,0.11267605633802817,0.0015649452269170666,0.050,toxicity,encoder_minilm,EXP-003
zh,sld_em,0.3743550817845808,0.0,1,0.09207161125319693,0.0,0.44297082228116713,0.5384615384615384,0.05113636363636364,0.46153846153846156,0.44388398486759145,0.09207161125319693,False,False,0.5158471060327824,0.04918032786885246,0.04896421845574388,531,793,0.8588850400166372,en,f1,,,0.11267605633802817,0.02060444508483124,0.050,toxicity,encoder_minilm,EXP-003
zh,bbse,0.7005828490276952,0.0,1,0.10204081632653061,0.0,0.19496021220159152,0.7435897435897436,0.06369426751592357,0.2564102564102564,0.19798234552332913,0.10204081632653061,False,False,0.5158471060327824,0.04918032786885246,0.04896421845574388,531,793,0.8588850400166372,en,f1,,,0.11267605633802817,0.010635240011497557,0.050,toxicity,encoder_minilm,EXP-003
zh,few_label_8_strat,0.27003994565175166,0.2023637308491233,25,0.0923537215144891,0.0024032178813061236,0.6060477453580901,0.3825641025641025,0.05148939703910545,0.6174358974358973,0.6066078184110971,0.0923537215144891,False,False,0.5158471060327824,0.04918032786885246,0.04896421845574388,531,793,0.8588850400166372,en,f1,,,0.11267605633802817,0.020322334823539068,0.050,toxicity,encoder_minilm,EXP-003
zh,few_label_8_rand,0.6788942013941869,0.2827682573199694,25,0.09176126416462678,0.004910698247980041,0.24859416445623342,0.718974358974359,0.06462857569491004,0.28102564102564104,0.2501891551071879,0.09176126416462678,False,False,0.5158471060327824,0.04918032786885246,0.04896421845574388,531,793,0.8588850400166372,en,f1,,,0.11267605633802817,0.020914792173401392,0.050,toxicity,encoder_minilm,EXP-003
zh,few_label_16_strat,0.1612083097581773,0.14421028712635056,25,0.09193794067287551,0.002151108586432189,0.7480106100795756,0.25641025641025644,0.049325882002516135,0.7435897435897436,0.7477931904161411,0.09193794067287551,False,False,0.5158471060327824,0.04918032786885246,0.04896421845574388,531,793,0.8588850400166372,en,f1,,,0.11267605633802817,0.020738115665152657,0.050,toxicity,encoder_minilm,EXP-003
zh,few_label_16_rand,0.5954902353959871,0.3182225424515396,25,0.09212359892957134,0.006035269093469648,0.3210610079575597,0.6523076923076923,0.06332331427064691,0.3476923076923077,0.32237074401008825,0.09212359892957134,False,False,0.5158471060327824,0.04918032786885246,0.04896421845574388,531,793,0.8588850400166372,en,f1,,,0.11267605633802817,0.020552457408456834,0.050,toxicity,encoder_minilm,EXP-003
zh,few_label_32_strat,0.14747220563640995,0.1321070109729052,25,0.09101205118398573,0.0018271894186246446,0.7675862068965515,0.24615384615384617,0.0486942132877867,0.7538461538461538,0.7669104665825978,0.09101205118398573,False,False,0.5158471060327824,0.04918032786885246,0.04896421845574388,531,793,0.8588850400166372,en,f1,,,0.11267605633802817,0.021664005154042446,0.050,toxicity,encoder_minilm,EXP-003
zh,few_label_32_rand,0.4850323755921388,0.32095273325091245,25,0.09234977647337798,0.0038351756227539063,0.4167108753315649,0.56,0.05984844888317957,0.44,0.4178562421185372,0.09234977647337798,False,False,0.5158471060327824,0.04918032786885246,0.04896421845574388,531,793,0.8588850400166372,en,f1,,,0.11267605633802817,0.020326279864650187,0.050,toxicity,encoder_minilm,EXP-003
zh,few_label_64_strat,0.1270047329485182,0.130024644809353,25,0.091623142063519,0.00241749947634919,0.8014854111405836,0.21025641025641026,0.04888341689826979,0.7897435897435898,0.800907944514502,0.091623142063519,True,False,0.5158471060327824,0.04918032786885246,0.04896421845574388,531,793,0.8588850400166372,en,f1,,,0.11267605633802817,0.02105291427450917,0.050,toxicity,encoder_minilm,EXP-003
zh,few_label_64_rand,0.644595371713457,0.28991306117590426,25,0.08632953354641408,0.021954711157605496,0.2663660477453581,0.7097435897435898,0.06928711340258246,0.29025641025641025,0.26754098360655737,0.08632953354641408,False,False,0.5158471060327824,0.04918032786885246,0.04896421845574388,531,793,0.8588850400166372,en,f1,,,0.11267605633802817,0.02634652279161409,0.050,toxicity,encoder_minilm,EXP-003
zh,few_label_128_strat,0.4585824438054098,0.08282018186601321,25,0.09201225509150275,0.0047615242682518735,0.3798938992042441,0.597948717948718,0.05215768852070148,0.40205128205128204,0.38098360655737706,0.09201225509150275,False,False,0.5158471060327824,0.04918032786885246,0.04896421845574388,531,793,0.8588850400166372,en,f1,,,0.11267605633802817,0.02066380124652542,0.050,toxicity,encoder_minilm,EXP-003
zh,few_label_128_rand,0.7647962474357068,0.2583367881616737,25,0.08136219883037149,0.03332648322358949,0.16970822281167108,0.8020512820512822,0.07613223576352915,0.19794871794871796,0.17109709962168979,0.08136219883037149,False,False,0.5158471060327824,0.04918032786885246,0.04896421845574388,531,793,0.8588850400166372,en,f1,,,0.11267605633802817,0.03131385750765668,0.050,toxicity,encoder_minilm,EXP-003
zh,few_label_256_strat,0.592834756604396,0.17645273896799785,25,0.08986944604869676,0.005441543118197211,0.2749602122015915,0.7025641025641026,0.05824578391807903,0.29743589743589743,0.2760655737704918,0.08986944604869676,False,False,0.5158471060327824,0.04918032786885246,0.04896421845574388,531,793,0.8588850400166372,en,f1,,,0.11267605633802817,0.02280661028933141,0.050,toxicity,encoder_minilm,EXP-003
zh,few_label_256_rand,0.8076612129695533,0.21990625961183574,25,0.09203767995192516,0.021409573024942154,0.1359681697612732,0.8256410256410257,0.08560745518373664,0.17435897435897435,0.13785624211853723,0.09203767995192516,False,False,0.5158471060327824,0.04918032786885246,0.04896421845574388,531,793,0.8588850400166372,en,f1,,,0.11267605633802817,0.02063837638610301,0.050,toxicity,encoder_minilm,EXP-003
zh,target_full,0.9401537316045618,0.0,1,0.11267605633802817,0.0,0.03713527851458886,0.8974358974358975,0.125,0.10256410256410256,0.0403530895334174,0.11267605633802817,False,False,0.5158471060327824,0.04918032786885246,0.04896421845574388,531,793,0.8588850400166372,en,f1,0.024970238095238097,0.21877575549450548,0.11267605633802817,0.0,0.050,toxicity,encoder_minilm,EXP-003
zh,test_oracle_unachievable,0.9435090166233201,0.0,1,0.1142857142857143,0.0,0.03580901856763926,0.8974358974358975,0.12903225806451613,0.10256410256410256,0.03909205548549811,0.1142857142857143,False,False,0.5158471060327824,0.04918032786885246,0.04896421845574388,531,793,0.8588850400166372,en,f1,,,0.11267605633802817,-0.0016096579476861245,0.050,toxicity,encoder_minilm,EXP-003
